"DESCRIPTION","DURATION IN MS","NAME","PARENT SUITE","START TIME","STATUS","STOP TIME","SUB SUITE","SUITE","TEST CLASS","TEST METHOD"
"","0","[API] Create user should return 400_BAD_REQUEST when send create user request with invalid data. Case: 'address2' length = min - 1","tests.api.user","2026-07-27","skipped","2026-07-27","TestCreateUserApi","test_create_user","",""
"","177","[API] Update user should return 200_OK when send update user request with valid data. Case: 'first_name' length = max","tests.api.user","2026-07-27","passed","2026-07-27","TestUpdateUserApi","test_update_user","",""
"","4753","[WEB] Sign up with valid data. Case: 'address1' length = max - 1","tests.web.component.auth","2026-07-27","passed","2026-07-27","TestSignUpWeb","test_signup_component","",""
"","0","[API] Create user should return 400_BAD_REQUEST when send create user request with invalid data. Case: 'address1' is absent","tests.api.user","2026-07-27","skipped","2026-07-27","TestCreateUserApi","test_create_user","",""
"","10573","[WEB Component] Category filter group should be collapsed after expand another group","tests.web.component.filter","2026-07-27","passed","2026-07-27","TestCategoryFilter","test_category_filter","",""
"","115","[API] Create user should return 200_OK when send create user request with valid data. Case: 'company' length = min + 1","tests.api.user","2026-07-27","passed","2026-07-27","TestCreateUserApi","test_create_user","",""
"","0","[WEB] Should not add product review with invalid data. Case: 'name' length = max + 1","tests.web.component.review","2026-07-27","skipped","2026-07-27","TestReviewComponent","test_review_component","",""
"","0","[WEB] Sign up with invalid data. Case: 'first_name' length = min + 1","tests.web.component.auth","2026-07-27","skipped","2026-07-27","TestSignUpWeb","test_signup_component","",""
"","0","[WEB] Sign up with invalid data. Case: 'mobile_number' length = max - 1","tests.web.component.auth","2026-07-27","skipped","2026-07-27","TestSignUpWeb","test_signup_component","",""
"","0","[API] Update user should return 400_BAD_REQUEST when send update user request with invalid data. Case: 'city' is absent","tests.api.user","2026-07-27","skipped","2026-07-27","TestUpdateUserApi","test_update_user","",""
"","250","Should return user not found when user password invalid","tests.api.user","2026-07-27","passed","2026-07-27","TestVerifyLoginApi","test_verify_login","",""
"","179","[API] Update user should return 200_OK when send update user request with valid data. Case: 'company' length = min","tests.api.user","2026-07-27","passed","2026-07-27","TestUpdateUserApi","test_update_user","",""
"","1431","[WEB Component] Category filter should have expected screenshot when collapsed","tests.web.component.filter","2026-07-27","passed","2026-07-27","TestCategoryFilter","test_category_filter","",""
"","0","[WEB Component] Pay with invalid card should show error message. Case: name length = min - 1","tests.web.component.payment","2026-07-27","skipped","2026-07-27","TestPaymentComponent","test_payment_component","",""
"","4583","[WEB] Sign up with valid data. Case: 'address1' length = min + 1","tests.web.component.auth","2026-07-27","passed","2026-07-27","TestSignUpWeb","test_signup_component","",""
"","993","[WEB] Should add product review with valid data. Case: 'email' contains subdomain","tests.web.component.review","2026-07-27","passed","2026-07-27","TestReviewComponent","test_review_component","",""
"","131","[WEB Component] Should visible user name when authorized","tests.web.component.base","2026-07-27","passed","2026-07-27","TestHeaderComponent","test_header_component","",""
"","3534","[WEB] Sign up with valid data. Case: 'state' length = max","tests.web.component.auth","2026-07-27","passed","2026-07-27","TestSignUpWeb","test_signup_component","",""
"","113","[API] Update user should return 404_BAD_REQUEST when send update user request with not existing email","tests.api.user","2026-07-27","passed","2026-07-27","TestUpdateUserApi","test_update_user","",""
"","9765","Purchase products with sign up before checkout","tests.web.e2e","2026-07-27","passed","2026-07-27","TestPlaceOrder","test_place_order","",""
"","267","[API] Update user should return 200_OK when send update user request with valid data. Case: 'mobile_number' length = min + 1","tests.api.user","2026-07-27","passed","2026-07-27","TestUpdateUserApi","test_update_user","",""
"","3321","[WEB] Sign up with valid data. Case: 'birth_month' = 12","tests.web.component.auth","2026-07-27","passed","2026-07-27","TestSignUpWeb","test_signup_component","",""
"","0","[API] Update user should return 400_BAD_REQUEST when send update user request with invalid data. Case: 'email' contains text before username","tests.api.user","2026-07-27","skipped","2026-07-27","TestUpdateUserApi","test_update_user","",""
"","2297","[WEB Component] Products Carousel should last products when scroll left on first slide","tests.web.component.carousel","2026-07-27","passed","2026-07-27","TestProductCarousel","test_product_carousel","",""
"","0","[WEB Component] Pay with invalid card should show error message. Case: name contains non latin characters","tests.web.component.payment","2026-07-27","skipped","2026-07-27","TestPaymentComponent","test_payment_component","",""
"","516","[WEB Component] Pay with valid card should show success status message. Case: valid: future year","tests.web.component.payment","2026-07-27","passed","2026-07-27","TestPaymentComponent","test_payment_component","",""
"","1797","[WEB Component] Should navigate to main page by click on header logo","tests.web.component.base","2026-07-27","passed","2026-07-27","TestHeaderComponent","test_header_component","",""
"","0","[API] Update user should return 400_BAD_REQUEST when send update user request with invalid data. Case: 'state' length = max + 1","tests.api.user","2026-07-27","skipped","2026-07-27","TestUpdateUserApi","test_update_user","",""
"","0","[API] Update user should return 400_BAD_REQUEST when send update user request with invalid data. Case: 'name' is empty","tests.api.user","2026-07-27","skipped","2026-07-27","TestUpdateUserApi","test_update_user","",""
"","0","[WEB] Sign up with invalid data. Case: 'address2' length = max - 1","tests.web.component.auth","2026-07-27","skipped","2026-07-27","TestSignUpWeb","test_signup_component","",""
"","140","[API] Create user should return 200_OK when send create user request with valid data. Case: 'address1' length = min + 1","tests.api.user","2026-07-27","passed","2026-07-27","TestCreateUserApi","test_create_user","",""
"","0","[API] Create user should return 400_BAD_REQUEST when send create user request with invalid data. Case: 'city' is absent","tests.api.user","2026-07-27","skipped","2026-07-27","TestCreateUserApi","test_create_user","",""
"","0","[WEB] Should not add product review with invalid data. Case: 'email' not contains '@' symbol","tests.web.component.review","2026-07-27","skipped","2026-07-27","TestReviewComponent","test_review_component","",""
"","0","[WEB] Sign up with invalid data. Case: 'birth_month' = 12","tests.web.component.auth","2026-07-27","skipped","2026-07-27","TestSignUpWeb","test_signup_component","",""
"","529","[WEB] Should add product review with valid data. Case: 'message' length = min","tests.web.component.review","2026-07-27","passed","2026-07-27","TestReviewComponent","test_review_component","",""
"","222","[API] Create user should return 200_OK when send create user request with valid data. Case: 'first_name' length = max","tests.api.user","2026-07-27","passed","2026-07-27","TestCreateUserApi","test_create_user","",""
"","540","[WEB Component] Should navigate to cart page by click 'Cart' button","tests.web.component.base","2026-07-27","passed","2026-07-27","TestHeaderComponent","test_header_component","",""
"","0","[WEB] Should not add product review with invalid data. Case: 'email' not contains username","tests.web.component.review","2026-07-27","skipped","2026-07-27","TestReviewComponent","test_review_component","",""
"","0","[API] Create user should return 400_BAD_REQUEST when send create user request with invalid data. Case: 'name' length = min - 1","tests.api.user","2026-07-27","skipped","2026-07-27","TestCreateUserApi","test_create_user","",""
"","3480","[WEB] Sign up with valid data. Case: 'first_name' length = max - 1","tests.web.component.auth","2026-07-27","passed","2026-07-27","TestSignUpWeb","test_signup_component","",""
"","749","[WEB Component] Animated product card should have expected data","tests.web.component.product","2026-07-27","passed","2026-07-27","TestAnimatedProductCard","test_animated_product_card_component","",""
"","156","[API] Update user should return 200_OK when send update user request with valid data. Case: 'first_name' length = max - 1","tests.api.user","2026-07-27","passed","2026-07-27","TestUpdateUserApi","test_update_user","",""
"","671","[WEB] Should add product review with valid data. Case: 'email' domain length = 2","tests.web.component.review","2026-07-27","passed","2026-07-27","TestReviewComponent","test_review_component","",""
"","0","[API] Update user should return 400_BAD_REQUEST when send update user request with invalid data. Case: 'address1' is empty","tests.api.user","2026-07-27","skipped","2026-07-27","TestUpdateUserApi","test_update_user","",""
"","0","[WEB] Sign up with invalid data. Case: 'address1' length = min + 1","tests.web.component.auth","2026-07-27","skipped","2026-07-27","TestSignUpWeb","test_signup_component","",""
"","0","[API] Create user should return 400_BAD_REQUEST when send create user request with invalid data. Case: 'birth_day' is negative","tests.api.user","2026-07-27","skipped","2026-07-27","TestCreateUserApi","test_create_user","",""
"","0","[API] Create user should return 400_BAD_REQUEST when send create user request with invalid data. Case: 'last_name' length = max + 1","tests.api.user","2026-07-27","skipped","2026-07-27","TestCreateUserApi","test_create_user","",""
"","0","[API] Update user should return 400_BAD_REQUEST when send update user request with invalid data. Case: 'birth_day' is zero","tests.api.user","2026-07-27","skipped","2026-07-27","TestUpdateUserApi","test_update_user","",""
"","0","[API] Create user should return 400_BAD_REQUEST when send create user request with invalid data. Case: 'city' is empty","tests.api.user","2026-07-27","skipped","2026-07-27","TestCreateUserApi","test_create_user","",""
"","0","[WEB Component] Pay with invalid card should show error message. Case: expiry year contains letters","tests.web.component.payment","2026-07-27","skipped","2026-07-27","TestPaymentComponent","test_payment_component","",""
"","0","[API] Update user should return 400_BAD_REQUEST when send update user request with invalid data. Case: 'name' length = min - 1","tests.api.user","2026-07-27","skipped","2026-07-27","TestUpdateUserApi","test_update_user","",""
"","0","[WEB] Sign up with invalid data. Case: 'zipcode' length = min","tests.web.component.auth","2026-07-27","skipped","2026-07-27","TestSignUpWeb","test_signup_component","",""
"","0","[API] Create user should return 400_BAD_REQUEST when send create user request with invalid data. Case: 'mobile_number' is empty","tests.api.user","2026-07-27","skipped","2026-07-27","TestCreateUserApi","test_create_user","",""
"","0","[API] Update user should return 400_BAD_REQUEST when send update user request with invalid data. Case: 'birth_month' is zero","tests.api.user","2026-07-27","skipped","2026-07-27","TestUpdateUserApi","test_update_user","",""
"","0","[WEB Component] Pay with invalid card should show error message. Case: name contains digits","tests.web.component.payment","2026-07-27","skipped","2026-07-27","TestPaymentComponent","test_payment_component","",""
"","3314","[WEB] Sign up with valid data. Case: 'city' length = min","tests.web.component.auth","2026-07-27","passed","2026-07-27","TestSignUpWeb","test_signup_component","",""
"","437","[WEB Component] Should delete user name by click on 'Delete Account' button","tests.web.component.base","2026-07-27","passed","2026-07-27","TestHeaderComponent","test_header_component","",""
"","0","[API] Update user should return 400_BAD_REQUEST when send update user request with invalid data. Case: 'email' contains text after domain","tests.api.user","2026-07-27","skipped","2026-07-27","TestUpdateUserApi","test_update_user","",""
"","321","[WEB Component] Product item should navigate to product page when click on item title","tests.web.component.product","2026-07-27","passed","2026-07-27","TestProductItem","test_product_item","",""
"","2313","[WEB Component] Category filter should have expected screenshot when fully expanded","tests.web.component.filter","2026-07-27","passed","2026-07-27","TestCategoryFilter","test_category_filter","",""
"","111","Should return user exists when user exists with email and password","tests.api.user","2026-07-27","passed","2026-07-27","TestVerifyLoginApi","test_verify_login","",""
"","0","[API] Create user should return 400_BAD_REQUEST when send create user request with invalid data. Case: 'last_name' length = min - 1","tests.api.user","2026-07-27","skipped","2026-07-27","TestCreateUserApi","test_create_user","",""
"","0","[API] Update user should return 400_BAD_REQUEST when send update user request with invalid data. Case: 'first_name' is absent","tests.api.user","2026-07-27","skipped","2026-07-27","TestUpdateUserApi","test_update_user","",""
"","126","[API] Create user should return 200_OK when send create user request with valid data. Case: 'address2' length = min + 1","tests.api.user","2026-07-27","passed","2026-07-27","TestCreateUserApi","test_create_user","",""
"","0","[WEB] Sign up with invalid data. Case: 'zipcode' length = max - 1","tests.web.component.auth","2026-07-27","skipped","2026-07-27","TestSignUpWeb","test_signup_component","",""
"","0","[API] Create user should return 400_BAD_REQUEST when send create user request with invalid data. Case: 'birth_year' is zero","tests.api.user","2026-07-27","skipped","2026-07-27","TestCreateUserApi","test_create_user","",""
"","3370","[WEB] Sign up with valid data. Case: 'city' length = min + 1","tests.web.component.auth","2026-07-27","passed","2026-07-27","TestSignUpWeb","test_signup_component","",""
"","114","[API] Create user should return 200_OK when send create user request with valid data. Case: 'name' length = min + 1","tests.api.user","2026-07-27","passed","2026-07-27","TestCreateUserApi","test_create_user","",""
"","193","[API] Update user should return 200_OK when send update user request with valid data. Case: 'name' length = max - 1","tests.api.user","2026-07-27","passed","2026-07-27","TestUpdateUserApi","test_update_user","",""
"","186","[API] Update user should return 200_OK when send update user request with valid data. Case: 'zipcode' length = min + 1","tests.api.user","2026-07-27","passed","2026-07-27","TestUpdateUserApi","test_update_user","",""
"","0","[API] Update user should return 400_BAD_REQUEST when send update user request with invalid data. Case: 'name' is absent","tests.api.user","2026-07-27","skipped","2026-07-27","TestUpdateUserApi","test_update_user","",""
"","119","[API] Create user should return 200_OK when send create user request with valid data. Case: 'address2' length = min","tests.api.user","2026-07-27","passed","2026-07-27","TestCreateUserApi","test_create_user","",""
"","118","[API] Create user should return 200_OK when send create user request with valid data. Case: 'zipcode' length = max - 1","tests.api.user","2026-07-27","passed","2026-07-27","TestCreateUserApi","test_create_user","",""
"","0","[API] Update user should return 400_BAD_REQUEST when send update user request with invalid data. Case: 'zipcode' length = max + 1","tests.api.user","2026-07-27","skipped","2026-07-27","TestUpdateUserApi","test_update_user","",""
"","370","[API] Update user should return 200_OK when send update user request with valid data. Case: 'address1' length = min + 1","tests.api.user","2026-07-27","passed","2026-07-27","TestUpdateUserApi","test_update_user","",""
"","1049","[WEB Component] Should open product page when click on view product button","tests.web.component.product","2026-07-27","passed","2026-07-27","TestAnimatedProductCard","test_animated_product_card_component","",""
"","0","[WEB] Sign up with invalid data. Case: 'address1' length = max","tests.web.component.auth","2026-07-27","skipped","2026-07-27","TestSignUpWeb","test_signup_component","",""
"","0","[WEB Component] Pay with invalid card should show error message. Case: name only spaces","tests.web.component.payment","2026-07-27","skipped","2026-07-27","TestPaymentComponent","test_payment_component","",""
"","0","[WEB] Sign up with invalid data. Case: 'address2' length = min","tests.web.component.auth","2026-07-27","skipped","2026-07-27","TestSignUpWeb","test_signup_component","",""
"","0","[WEB] Sign up with invalid data. Case: 'first_name' length = max - 1","tests.web.component.auth","2026-07-27","skipped","2026-07-27","TestSignUpWeb","test_signup_component","",""
"","211","[API] Update user should return 200_OK when send update user request with valid data. Case: 'company' length = max - 1","tests.api.user","2026-07-27","passed","2026-07-27","TestUpdateUserApi","test_update_user","",""
"","0","[WEB Component] Pay with invalid card should show error message. Case: name contains special characters","tests.web.component.payment","2026-07-27","skipped","2026-07-27","TestPaymentComponent","test_payment_component","",""
"","0","[API] Update user should return 400_BAD_REQUEST when send update user request with invalid data. Case: 'mobile_number' has invalid format","tests.api.user","2026-07-27","skipped","2026-07-27","TestUpdateUserApi","test_update_user","",""
"","0","[WEB] Should not add product review with invalid data. Case: 'email' is word","tests.web.component.review","2026-07-27","skipped","2026-07-27","TestReviewComponent","test_review_component","",""
"","0","[WEB] Sign up with invalid data. Case: 'company' length = max","tests.web.component.auth","2026-07-27","skipped","2026-07-27","TestSignUpWeb","test_signup_component","",""
"","108","[API] Create user should return 200_OK when send create user request with valid data. Case: 'address1' length = max","tests.api.user","2026-07-27","passed","2026-07-27","TestCreateUserApi","test_create_user","",""
"","0","[WEB Component] Pay with invalid card should show error message. Case: name is empty","tests.web.component.payment","2026-07-27","skipped","2026-07-27","TestPaymentComponent","test_payment_component","",""
"","582","[WEB Component] Should navigate to products page by click 'Products' button","tests.web.component.base","2026-07-27","passed","2026-07-27","TestHeaderComponent","test_header_component","",""
"","0","[WEB Component] Pay with invalid card should show error message. Case: expiry year too short","tests.web.component.payment","2026-07-27","skipped","2026-07-27","TestPaymentComponent","test_payment_component","",""
"","177","[API] Update user should return 200_OK when send update user request with valid data. Case: 'city' length = max - 1","tests.api.user","2026-07-27","passed","2026-07-27","TestUpdateUserApi","test_update_user","",""
"","161","[API] Update user should return 200_OK when send update user request with valid data. Case: 'first_name' length = min","tests.api.user","2026-07-27","passed","2026-07-27","TestUpdateUserApi","test_update_user","",""
"","0","[API] Create user should return 400_BAD_REQUEST when send create user request with invalid data. Case: 'mobile_number' length = min - 1","tests.api.user","2026-07-27","skipped","2026-07-27","TestCreateUserApi","test_create_user","",""
"","100","test_search_products_returns_empty_array","tests.api.product","2026-07-27","passed","2026-07-27","TestProductApi","test_product","",""
"","7580","Purchase products with sign up while checkout","tests.web.e2e","2026-07-27","passed","2026-07-27","TestPlaceOrder","test_place_order","",""
"","104","Get brands should return 200_OK when send get brands request","tests.api.brand","2026-07-27","passed","2026-07-27","TestBrandApi","test_brand","",""
"","3192","[WEB] Sign up with valid data. Case: 'address2' length = min","tests.web.component.auth","2026-07-27","passed","2026-07-27","TestSignUpWeb","test_signup_component","",""
"","3978","[WEB] Sign up with valid data. Case: 'last_name' length = max","tests.web.component.auth","2026-07-27","passed","2026-07-27","TestSignUpWeb","test_signup_component","",""
"","122","[API] Create user should return 200_OK when send create user request with valid data. Case: 'zipcode' length = min","tests.api.user","2026-07-27","passed","2026-07-27","TestCreateUserApi","test_create_user","",""
"","0","[API] Update user should return 400_BAD_REQUEST when send update user request with invalid data. Case: 'email' is word","tests.api.user","2026-07-27","skipped","2026-07-27","TestUpdateUserApi","test_update_user","",""
"","156","[API] Update user should return 200_OK when send update user request with valid data. Case: 'city' length = min + 1","tests.api.user","2026-07-27","passed","2026-07-27","TestUpdateUserApi","test_update_user","",""
"","4622","[WEB] Sign up with valid data. Case: 'company' length = max","tests.web.component.auth","2026-07-27","passed","2026-07-27","TestSignUpWeb","test_signup_component","",""
"","202","[API] Update user should return 200_OK when send update user request with valid data. Case: 'state' length = min","tests.api.user","2026-07-27","passed","2026-07-27","TestUpdateUserApi","test_update_user","",""
"","0","[WEB] Sign up with invalid data. Case: 'city' length = max - 1","tests.web.component.auth","2026-07-27","skipped","2026-07-27","TestSignUpWeb","test_signup_component","",""
"","1214","[WEB Component] Should add product to cart when click on add to cart button multiple times","tests.web.component.product","2026-07-27","passed","2026-07-27","TestProductCard","test_product_details_component","",""
"","0","[API] Update user should return 400_BAD_REQUEST when send update user request with invalid data. Case: 'email' not contains username","tests.api.user","2026-07-27","skipped","2026-07-27","TestUpdateUserApi","test_update_user","",""
"","0","[API] Create user should return 400_BAD_REQUEST when send create user request with invalid data. Case: 'address1' is empty","tests.api.user","2026-07-27","skipped","2026-07-27","TestCreateUserApi","test_create_user","",""
"","1375","[WEB] Should add product review with valid data. Case: 'email' has not exists email service","tests.web.component.review","2026-07-27","passed","2026-07-27","TestReviewComponent","test_review_component","",""
"","122","[API] Create user should return 200_OK when send create user request with valid data. Case: 'first_name' length = min","tests.api.user","2026-07-27","passed","2026-07-27","TestCreateUserApi","test_create_user","",""
"","0","[WEB] Should not add product review with invalid data. Case: 'email' not contains domain","tests.web.component.review","2026-07-27","skipped","2026-07-27","TestReviewComponent","test_review_component","",""
"","109","[API] Create user should return 200_OK when send create user request with valid data. Case: 'state' length = min + 1","tests.api.user","2026-07-27","passed","2026-07-27","TestCreateUserApi","test_create_user","",""
"","381","[WEB Component] Should navigate to login page by click 'Signup / Login' button","tests.web.component.base","2026-07-27","passed","2026-07-27","TestHeaderComponent","test_header_component","",""
"","0","[API] Create user should return 400_BAD_REQUEST when send create user request with invalid data. Case: 'birth_day' is absent","tests.api.user","2026-07-27","skipped","2026-07-27","TestCreateUserApi","test_create_user","",""
"","0","[WEB Component] Pay with invalid card should show error message. Case: expiry month one digit","tests.web.component.payment","2026-07-27","skipped","2026-07-27","TestPaymentComponent","test_payment_component","",""
"","114","[API] Create user should return 200_OK when send create user request with valid data. Case: 'name' length = min","tests.api.user","2026-07-27","passed","2026-07-27","TestCreateUserApi","test_create_user","",""
"","0","[WEB] Sign up with invalid data. Case: 'zipcode' length = min + 1","tests.web.component.auth","2026-07-27","skipped","2026-07-27","TestSignUpWeb","test_signup_component","",""
"","0","[WEB] Sign up with invalid data. Case: 'last_name' length = min","tests.web.component.auth","2026-07-27","skipped","2026-07-27","TestSignUpWeb","test_signup_component","",""
"","4193","[WEB] Sign up with valid data. Case: 'name' length = max","tests.web.component.auth","2026-07-27","passed","2026-07-27","TestSignUpWeb","test_signup_component","",""
"","0","[WEB] Sign up with invalid data. Case: 'first_name' length = min","tests.web.component.auth","2026-07-27","skipped","2026-07-27","TestSignUpWeb","test_signup_component","",""
"","171","[API] Update user should return 200_OK when send update user request with valid data. Case: 'last_name' length = min + 1","tests.api.user","2026-07-27","passed","2026-07-27","TestUpdateUserApi","test_update_user","",""
"","0","[API] Update user should return 400_BAD_REQUEST when send update user request with invalid data. Case: 'address2' length = max + 1","tests.api.user","2026-07-27","skipped","2026-07-27","TestUpdateUserApi","test_update_user","",""
"","0","[WEB Component] Pay with invalid card should show error message. Case: card number contains letters","tests.web.component.payment","2026-07-27","skipped","2026-07-27","TestPaymentComponent","test_payment_component","",""
"","0","[API] Update user should return 400_BAD_REQUEST when send update user request with invalid data. Case: 'address2' is empty","tests.api.user","2026-07-27","skipped","2026-07-27","TestUpdateUserApi","test_update_user","",""
"","575","[WEB] Should add product review with valid data. Case: 'name' length = min + 1","tests.web.component.review","2026-07-27","passed","2026-07-27","TestReviewComponent","test_review_component","",""
"","0","[WEB Component] Pay with invalid card should show error message. Case: card number too long","tests.web.component.payment","2026-07-27","skipped","2026-07-27","TestPaymentComponent","test_payment_component","",""
"","0","[WEB Component] Pay with invalid card should show error message. Case: expiry month = 13","tests.web.component.payment","2026-07-27","skipped","2026-07-27","TestPaymentComponent","test_payment_component","",""
"","0","[API] Update user should return 400_BAD_REQUEST when send update user request with invalid data. Case: 'last_name' is empty","tests.api.user","2026-07-27","skipped","2026-07-27","TestUpdateUserApi","test_update_user","",""
"","0","[API] Create user should return 400_BAD_REQUEST when send create user request with invalid data. Case: 'address1' length = min - 1","tests.api.user","2026-07-27","skipped","2026-07-27","TestCreateUserApi","test_create_user","",""
"","0","[API] Create user should return 400_BAD_REQUEST when send create user request with invalid data. Case: 'email' is word","tests.api.user","2026-07-27","skipped","2026-07-27","TestCreateUserApi","test_create_user","",""
"","4726","[WEB] Sign up with valid data. Case: 'state' length = min","tests.web.component.auth","2026-07-27","passed","2026-07-27","TestSignUpWeb","test_signup_component","",""
"","0","[API] Create user should return 400_BAD_REQUEST when send create user request with invalid data. Case: 'name' is empty","tests.api.user","2026-07-27","skipped","2026-07-27","TestCreateUserApi","test_create_user","",""
"","0","[API] Create user should return 400_BAD_REQUEST when send create user request with invalid data. Case: 'zipcode' is empty","tests.api.user","2026-07-27","skipped","2026-07-27","TestCreateUserApi","test_create_user","",""
"","0","[API] Create user should return 400_BAD_REQUEST when send create user request with invalid data. Case: 'mobile_number' is absent","tests.api.user","2026-07-27","skipped","2026-07-27","TestCreateUserApi","test_create_user","",""
"","172","[API] Update user should return 200_OK when send update user request with valid data. Case: 'mobile_number' length = min","tests.api.user","2026-07-27","passed","2026-07-27","TestUpdateUserApi","test_update_user","",""
"","0","[WEB] Should not add product review with invalid data. Case: 'email' contains text after domain","tests.web.component.review","2026-07-27","skipped","2026-07-27","TestReviewComponent","test_review_component","",""
"","0","[API] Update user should return 400_BAD_REQUEST when send update user request with invalid data. Case: 'company' length = max + 1","tests.api.user","2026-07-27","skipped","2026-07-27","TestUpdateUserApi","test_update_user","",""
"","1160","[WEB Component] Should not add negative products count to cart when click on add to cart button","tests.web.component.product","2026-07-27","passed","2026-07-27","TestProductCard","test_product_details_component","",""
"","106","[API] Create user should return 200_OK when send create user request with valid data. Case: 'company' length = max","tests.api.user","2026-07-27","passed","2026-07-27","TestCreateUserApi","test_create_user","",""
"","194","[API] Update user should return 200_OK when send update user request with valid data. Case: 'name' length = min + 1","tests.api.user","2026-07-27","passed","2026-07-27","TestUpdateUserApi","test_update_user","",""
"","508","[WEB Component] Pay with valid card should show success status message. Case: valid: expiry month max","tests.web.component.payment","2026-07-27","passed","2026-07-27","TestPaymentComponent","test_payment_component","",""
"","0","[API] Update user should return 400_BAD_REQUEST when send update user request with invalid data. Case: 'email' contains username hieroglyphs instead of username","tests.api.user","2026-07-27","skipped","2026-07-27","TestUpdateUserApi","test_update_user","",""
"","0","[API] Create user should return 400_BAD_REQUEST when send create user request with invalid data. Case: 'address1' length = max + 1","tests.api.user","2026-07-27","skipped","2026-07-27","TestCreateUserApi","test_create_user","",""
"","3873","[WEB Component] Invoice should have expected price","tests.web.component.payment","2026-07-27","passed","2026-07-27","TestPaymentComponent","test_invoice_file","",""
"","449","[WEB] Should add product review with valid data. Case: 'message' length = min + 1","tests.web.component.review","2026-07-27","passed","2026-07-27","TestReviewComponent","test_review_component","",""
"","0","[API] Create user should return 400_BAD_REQUEST when send create user request with invalid data. Case: 'email' contains username hieroglyphs instead of username","tests.api.user","2026-07-27","skipped","2026-07-27","TestCreateUserApi","test_create_user","",""
"","0","[API] Update user should return 400_BAD_REQUEST when send update user request with invalid data. Case: 'email' not contains '@' symbol","tests.api.user","2026-07-27","skipped","2026-07-27","TestUpdateUserApi","test_update_user","",""
"","0","[WEB] Should not add product review with invalid data. Case: 'email' contains '-' after '@'","tests.web.component.review","2026-07-27","skipped","2026-07-27","TestReviewComponent","test_review_component","",""
"","1402","[WEB Component] Search filter should filter products by query","tests.web.component.filter","2026-07-27","passed","2026-07-27","TestSearchFilter","test_search_filter","",""
"","3201","[WEB] Sign up with valid data. Case: 'last_name' length = min","tests.web.component.auth","2026-07-27","passed","2026-07-27","TestSignUpWeb","test_signup_component","",""
"","0","[WEB] Sign up with invalid data. Case: 'state' length = max","tests.web.component.auth","2026-07-27","skipped","2026-07-27","TestSignUpWeb","test_signup_component","",""
"","0","[API] Update user should return 400_BAD_REQUEST when send update user request with invalid data. Case: 'mobile_number' is empty","tests.api.user","2026-07-27","skipped","2026-07-27","TestUpdateUserApi","test_update_user","",""
"","113","[API] Create user should return 200_OK when send create user request with valid data. Case: 'mobile_number' length = min + 1","tests.api.user","2026-07-27","passed","2026-07-27","TestCreateUserApi","test_create_user","",""
"","0","[API] Create user should return 400_BAD_REQUEST when send create user request with invalid data. Case: 'city' length = min - 1","tests.api.user","2026-07-27","skipped","2026-07-27","TestCreateUserApi","test_create_user","",""
"","1844","[WEB Component] Pay with valid card should show success status message. Case: valid: boundary valid number","tests.web.component.payment","2026-07-27","passed","2026-07-27","TestPaymentComponent","test_payment_component","",""
"","112","[API] Create user should return 200_OK when send create user request with valid data. Case: 'last_name' length = min","tests.api.user","2026-07-27","passed","2026-07-27","TestCreateUserApi","test_create_user","",""
"","0","[API] Create user should return 400_BAD_REQUEST when send create user request with invalid data. Case: 'company' length = min - 1","tests.api.user","2026-07-27","skipped","2026-07-27","TestCreateUserApi","test_create_user","",""
"","1670","[WEB Component] Pay with valid card should show success status message. Case: valid: expiry month min","tests.web.component.payment","2026-07-27","passed","2026-07-27","TestPaymentComponent","test_payment_component","",""
"","0","[WEB] Sign up with invalid data. Case: 'name' length = max - 1","tests.web.component.auth","2026-07-27","skipped","2026-07-27","TestSignUpWeb","test_signup_component","",""
"","0","[WEB] Should not add product review with invalid data. Case: 'email' is empty","tests.web.component.review","2026-07-27","skipped","2026-07-27","TestReviewComponent","test_review_component","",""
"","614","[WEB] Should add product review with valid data. Case: 'email' username contains '-'","tests.web.component.review","2026-07-27","passed","2026-07-27","TestReviewComponent","test_review_component","",""
"","411","[WEB Component] Should remove product from cart","tests.web.component.product","2026-07-27","passed","2026-07-27","TestProductItem","test_product_item","",""
"","190","[API] Update user should return 200_OK when send update user request with valid data. Case: 'mobile_number' length = max","tests.api.user","2026-07-27","passed","2026-07-27","TestUpdateUserApi","test_update_user","",""
"","217","[API] Update user should return 200_OK when send update user request with valid data. Case: 'city' length = min","tests.api.user","2026-07-27","passed","2026-07-27","TestUpdateUserApi","test_update_user","",""
"","0","[WEB Component] Pay with invalid card should show error message. Case: expiry year only spaces","tests.web.component.payment","2026-07-27","skipped","2026-07-27","TestPaymentComponent","test_payment_component","",""
"","115","[API] Create user should return 200_OK when send create user request with valid data. Case: 'address1' length = max - 1","tests.api.user","2026-07-27","passed","2026-07-27","TestCreateUserApi","test_create_user","",""
"","533","[WEB] Should add product review with valid data. Case: 'email' username contains only underscore '-'","tests.web.component.review","2026-07-27","passed","2026-07-27","TestReviewComponent","test_review_component","",""
"","0","[API] Update user should return 400_BAD_REQUEST when send update user request with invalid data. Case: 'city' is empty","tests.api.user","2026-07-27","skipped","2026-07-27","TestUpdateUserApi","test_update_user","",""
"","3573","[WEB] Sign up with valid data. Case: 'first_name' length = max","tests.web.component.auth","2026-07-27","passed","2026-07-27","TestSignUpWeb","test_signup_component","",""
"","661","[WEB] Should add product review with valid data. Case: 'email' domain contains '-'","tests.web.component.review","2026-07-27","passed","2026-07-27","TestReviewComponent","test_review_component","",""
"","435","[WEB Component] Header has expected screenshot when authorized","tests.web.component.base","2026-07-27","passed","2026-07-27","TestHeaderComponent","test_header_component","",""
"","2073","[WEB Component] Search filter should return all products when filter by empty query","tests.web.component.filter","2026-07-27","passed","2026-07-27","TestSearchFilter","test_search_filter","",""
"","0","[WEB] Sign up with invalid data. Case: 'company' length = min","tests.web.component.auth","2026-07-27","skipped","2026-07-27","TestSignUpWeb","test_signup_component","",""
"","0","[WEB] Sign up with invalid data. Case: 'birth_day' length = 31","tests.web.component.auth","2026-07-27","skipped","2026-07-27","TestSignUpWeb","test_signup_component","",""
"","142","[API] Create user should return 200_OK when send create user request with valid data. Case: 'state' length = max - 1","tests.api.user","2026-07-27","passed","2026-07-27","TestCreateUserApi","test_create_user","",""
"","0","[API] Update user should return 400_BAD_REQUEST when send update user request with invalid data. Case: 'state' is absent","tests.api.user","2026-07-27","skipped","2026-07-27","TestUpdateUserApi","test_update_user","",""
"","0","[API] Update user should return 400_BAD_REQUEST when send update user request with invalid data. Case: 'first_name' is empty","tests.api.user","2026-07-27","skipped","2026-07-27","TestUpdateUserApi","test_update_user","",""
"","0","[WEB] Sign up with invalid data. Case: 'name' length = min + 1","tests.web.component.auth","2026-07-27","skipped","2026-07-27","TestSignUpWeb","test_signup_component","",""
"","600","[WEB] Should add product review with valid data. Case: 'name' length = max","tests.web.component.review","2026-07-27","passed","2026-07-27","TestReviewComponent","test_review_component","",""
"","135","[API] Create user should return 200_OK when send create user request with valid data. Case: 'last_name' length = max - 1","tests.api.user","2026-07-27","passed","2026-07-27","TestCreateUserApi","test_create_user","",""
"","1250","[WEB Component] Product item should have expected data","tests.web.component.product","2026-07-27","passed","2026-07-27","TestProductItem","test_product_item","",""
"","0","[API] Create user should return 400_BAD_REQUEST when send create user request with invalid data. Case: 'birth_year' is invalid positive","tests.api.user","2026-07-27","skipped","2026-07-27","TestCreateUserApi","test_create_user","",""
"","651","[WEB] Should add product review with valid data. Case: 'email' username contains '.'","tests.web.component.review","2026-07-27","passed","2026-07-27","TestReviewComponent","test_review_component","",""
"","2471","[WEB Component] Image Carousel should show previous image when scroll left","tests.web.component.carousel","2026-07-27","passed","2026-07-27","TestImageCarousel","test_image_carousel","",""
"","0","[WEB] Sign up with invalid data. Case: 'last_name' length = max","tests.web.component.auth","2026-07-27","skipped","2026-07-27","TestSignUpWeb","test_signup_component","",""
"","4848","[WEB] Sign up with valid data. Case: 'zipcode' length = min","tests.web.component.auth","2026-07-27","passed","2026-07-27","TestSignUpWeb","test_signup_component","",""
"","187","[API] Update user should return 200_OK when send update user request with valid data. Case: 'city' length = max","tests.api.user","2026-07-27","passed","2026-07-27","TestUpdateUserApi","test_update_user","",""
"","0","[API] Update user should return 400_BAD_REQUEST when send update user request with invalid data. Case: 'birth_day' is absent","tests.api.user","2026-07-27","skipped","2026-07-27","TestUpdateUserApi","test_update_user","",""
"","0","[API] Update user should return 400_BAD_REQUEST when send update user request with invalid data. Case: 'email' contains '-' after '@'","tests.api.user","2026-07-27","skipped","2026-07-27","TestUpdateUserApi","test_update_user","",""
"","1224","[WEB Component] Product details should have expected data","tests.web.component.product","2026-07-27","passed","2026-07-27","TestProductCard","test_product_details_component","",""
"","0","[API] Create user should return 400_BAD_REQUEST when send create user request with invalid data. Case: 'birth_year' is negative","tests.api.user","2026-07-27","skipped","2026-07-27","TestCreateUserApi","test_create_user","",""
"","120","[API] Create user should return 200_OK when send create user request with valid data. Case: 'birth_month' = 1","tests.api.user","2026-07-27","passed","2026-07-27","TestCreateUserApi","test_create_user","",""
"","440","[WEB Component] Billing address has expected data","tests.web.component.address","2026-07-27","passed","2026-07-27","TestAddressComponent","test_address_component","",""
"","0","[API] Create user should return 400_BAD_REQUEST when send create user request with invalid data. Case: 'email' contains only special symbols","tests.api.user","2026-07-27","skipped","2026-07-27","TestCreateUserApi","test_create_user","",""
"","121","[API] Create user should return 200_OK when send create user request with valid data. Case: 'birth_year' = 10000","tests.api.user","2026-07-27","passed","2026-07-27","TestCreateUserApi","test_create_user","",""
"","117","[API] Create user should return 200_OK when send create user request with valid data. Case: 'name' length = max","tests.api.user","2026-07-27","passed","2026-07-27","TestCreateUserApi","test_create_user","",""
"","171","[API] Create user should return 200_OK when send create user request with valid data. Case: 'zipcode' length = max","tests.api.user","2026-07-27","passed","2026-07-27","TestCreateUserApi","test_create_user","",""
"","113","[API] Create user should return 200_OK when send create user request with valid data. Case: 'birth_day' = 1","tests.api.user","2026-07-27","passed","2026-07-27","TestCreateUserApi","test_create_user","",""
"","172","[API] Update user should return 200_OK when send update user request with valid data. Case: 'birth_day' = 1","tests.api.user","2026-07-27","passed","2026-07-27","TestUpdateUserApi","test_update_user","",""
"","0","[API] Update user should return 400_BAD_REQUEST when send update user request with invalid data. Case: 'birth_month' is negative","tests.api.user","2026-07-27","skipped","2026-07-27","TestUpdateUserApi","test_update_user","",""
"","0","[API] Create user should return 400_BAD_REQUEST when send create user request with invalid data. Case: 'mobile_number' length = max + 1","tests.api.user","2026-07-27","skipped","2026-07-27","TestCreateUserApi","test_create_user","",""
"","199","[API] Update user should return 200_OK when send update user request with valid data. Case: 'birth_year' = 10000","tests.api.user","2026-07-27","passed","2026-07-27","TestUpdateUserApi","test_update_user","",""
"","1422","[WEB Component] Brand filter should filters products by brand","tests.web.component.filter","2026-07-27","passed","2026-07-27","TestBrandFilter","test_brand_filter","",""
"","0","[WEB] Sign up with invalid data. Case: 'state' length = min + 1","tests.web.component.auth","2026-07-27","skipped","2026-07-27","TestSignUpWeb","test_signup_component","",""
"","0","[WEB] Sign up with invalid data. Case: 'city' length = min","tests.web.component.auth","2026-07-27","skipped","2026-07-27","TestSignUpWeb","test_signup_component","",""
"","0","[WEB] Should not add product review with invalid data. Case: 'message' length = max - 1","tests.web.component.review","2026-07-27","skipped","2026-07-27","TestReviewComponent","test_review_component","",""
"","0","[API] Create user should return 400_BAD_REQUEST when send create user request with invalid data. Case: 'first_name' is empty","tests.api.user","2026-07-27","skipped","2026-07-27","TestCreateUserApi","test_create_user","",""
"","187","[API] Update user should return 200_OK when send update user request with valid data. Case: 'name' length = min","tests.api.user","2026-07-27","passed","2026-07-27","TestUpdateUserApi","test_update_user","",""
"","0","[API] Update user should return 400_BAD_REQUEST when send update user request with invalid data. Case: 'state' is empty","tests.api.user","2026-07-27","skipped","2026-07-27","TestUpdateUserApi","test_update_user","",""
"","560","[WEB Component] Should add product to cart when click on add to cart button","tests.web.component.product","2026-07-27","passed","2026-07-27","TestProductCard","test_product_card_component","",""
"","0","[API] Create user should return 400_BAD_REQUEST when send create user request with invalid data. Case: 'zipcode' has invalid format","tests.api.user","2026-07-27","skipped","2026-07-27","TestCreateUserApi","test_create_user","",""
"","0","[WEB] Should not add product review with invalid data. Case: 'message' length = max","tests.web.component.review","2026-07-27","skipped","2026-07-27","TestReviewComponent","test_review_component","",""
"","0","[WEB] Sign up with invalid data. Case: 'zipcode' length = max","tests.web.component.auth","2026-07-27","skipped","2026-07-27","TestSignUpWeb","test_signup_component","",""
"","0","[WEB Component] Pay with invalid card should show error message. Case: card number contains spaces","tests.web.component.payment","2026-07-27","skipped","2026-07-27","TestPaymentComponent","test_payment_component","",""
"","0","[WEB] Should not add product review with invalid data. Case: 'name' is empty","tests.web.component.review","2026-07-27","skipped","2026-07-27","TestReviewComponent","test_review_component","",""
"","0","[WEB Component] Pay with invalid card should show error message. Case: name contains emoji","tests.web.component.payment","2026-07-27","skipped","2026-07-27","TestPaymentComponent","test_payment_component","",""
"","0","[WEB Component] Pay with invalid card should show error message. Case: name length = max + 1","tests.web.component.payment","2026-07-27","skipped","2026-07-27","TestPaymentComponent","test_payment_component","",""
"","4577","[WEB] Sign up with valid data. Case: 'address1' length = min","tests.web.component.auth","2026-07-27","passed","2026-07-27","TestSignUpWeb","test_signup_component","",""
"","1443","[WEB Component] Search filter should have expected screenshot","tests.web.component.filter","2026-07-27","passed","2026-07-27","TestSearchFilter","test_search_filter","",""
"","1366","[WEB Component] Product card should have expected data","tests.web.component.product","2026-07-27","skipped","2026-07-27","TestProductCard","test_product_card_component","",""
"","0","[WEB Component] Pay with invalid card should show error message. Case: name contains trailing spaces","tests.web.component.payment","2026-07-27","skipped","2026-07-27","TestPaymentComponent","test_payment_component","",""
"","1350","[WEB Component] Image Carousel should show last image when scroll left on first image","tests.web.component.carousel","2026-07-27","passed","2026-07-27","TestImageCarousel","test_image_carousel","",""
"","2617","[WEB Component] Image Carousel should show next image when scroll right","tests.web.component.carousel","2026-07-27","passed","2026-07-27","TestImageCarousel","test_image_carousel","",""
"","0","[API] Update user should return 400_BAD_REQUEST when send update user request with invalid data. Case: 'state' length = min - 1","tests.api.user","2026-07-27","skipped","2026-07-27","TestUpdateUserApi","test_update_user","",""
"","0","[WEB] Sign up with invalid data. Case: 'last_name' length = max - 1","tests.web.component.auth","2026-07-27","skipped","2026-07-27","TestSignUpWeb","test_signup_component","",""
"","202","[API] Create user should return 200_OK when send create user request with valid data. Case: 'address1' length = min","tests.api.user","2026-07-27","passed","2026-07-27","TestCreateUserApi","test_create_user","",""
"","0","[WEB Component] Pay with invalid card should show error message. Case: card number is empty","tests.web.component.payment","2026-07-27","skipped","2026-07-27","TestPaymentComponent","test_payment_component","",""
"","7132","[WEB] Sign up with valid data. Case: 'zipcode' length = max - 1","tests.web.component.auth","2026-07-27","passed","2026-07-27","TestSignUpWeb","test_signup_component","",""
"","226","[API] Update user should return 200_OK when send update user request with valid data. Case: 'address2' length = max - 1","tests.api.user","2026-07-27","passed","2026-07-27","TestUpdateUserApi","test_update_user","",""
"","153","[API] Create user should return 200_OK when send create user request with valid data. Case: 'city' length = max","tests.api.user","2026-07-27","passed","2026-07-27","TestCreateUserApi","test_create_user","",""
"","0","[API] Update user should return 400_BAD_REQUEST when send update user request with invalid data. Case: 'email' not contains domain","tests.api.user","2026-07-27","skipped","2026-07-27","TestUpdateUserApi","test_update_user","",""
"","3593","[WEB] Sign up with valid data. Case: 'mobile_number' length = min","tests.web.component.auth","2026-07-27","passed","2026-07-27","TestSignUpWeb","test_signup_component","",""
"","3193","[WEB Component] Animated product card overlay should have expected data","tests.web.component.product","2026-07-27","passed","2026-07-27","TestAnimatedProductCard","test_animated_product_card_component","",""
"","269","[API] Update user should return 200_OK when send update user request with valid data. Case: 'address2' length = min","tests.api.user","2026-07-27","passed","2026-07-27","TestUpdateUserApi","test_update_user","",""
"","0","[API] Update user should return 400_BAD_REQUEST when send update user request with invalid data. Case: 'email' contains mail server as ip and port","tests.api.user","2026-07-27","skipped","2026-07-27","TestUpdateUserApi","test_update_user","",""
"","411","[WEB Component] Should add product to cart when click on add to cart button","tests.web.component.product","2026-07-27","passed","2026-07-27","TestAnimatedProductCard","test_animated_product_card_component","",""
"","112","[API] Create user should return 200_OK when send create user request with valid data. Case: 'address2' length = max - 1","tests.api.user","2026-07-27","passed","2026-07-27","TestCreateUserApi","test_create_user","",""
"","222","[API] Update user should return 200_OK when send update user request with valid data. Case: 'zipcode' length = min","tests.api.user","2026-07-27","passed","2026-07-27","TestUpdateUserApi","test_update_user","",""
"","177","[API] Update user should return 200_OK when send update user request with valid data. Case: 'address1' length = max","tests.api.user","2026-07-27","passed","2026-07-27","TestUpdateUserApi","test_update_user","",""
"","641","[WEB] Should add product review with valid data. Case: 'email' username contains '+'","tests.web.component.review","2026-07-27","passed","2026-07-27","TestReviewComponent","test_review_component","",""
"","0","[API] Create user should return 400_BAD_REQUEST when send create user request with invalid data. Case: 'email' is empty","tests.api.user","2026-07-27","skipped","2026-07-27","TestCreateUserApi","test_create_user","",""
"","290","[API] Update user should return 200_OK when send update user request with valid data. Case: 'birth_year' = 1","tests.api.user","2026-07-27","passed","2026-07-27","TestUpdateUserApi","test_update_user","",""
"","4837","[WEB] Sign up with valid data. Case: 'city' length = max","tests.web.component.auth","2026-07-27","passed","2026-07-27","TestSignUpWeb","test_signup_component","",""
"","10085","[WEB] Sign in with valid data","tests.web.component.auth","2026-07-27","passed","2026-07-27","TestLoginWeb","test_login_component","",""
"","1092","[WEB Component] Add product notification should be closed when click on close button","tests.web.component.base","2026-07-27","passed","2026-07-27","TestNotificationComponent","test_notification_component","",""
"","958","[WEB Component] Subscription component should have expected screenshot","tests.web.component.base","2026-07-27","passed","2026-07-27","TestSubscriptionComponent","test_subscription_component","",""
"","125","[API] Get user should return 404_NOT_FOUND when send get user request and user not exists","tests.api.user","2026-07-27","passed","2026-07-27","TestGetUserApi","test_get_user","",""
"","236","[API] Create user should return 200_OK when send create user request with valid data. Case: 'state' length = max","tests.api.user","2026-07-27","passed","2026-07-27","TestCreateUserApi","test_create_user","",""
"","0","[WEB Component] Pay with invalid card should show error message. Case: name contains newline","tests.web.component.payment","2026-07-27","skipped","2026-07-27","TestPaymentComponent","test_payment_component","",""
"","0","[API] Update user should return 400_BAD_REQUEST when send update user request with invalid data. Case: 'city' length = min - 1","tests.api.user","2026-07-27","skipped","2026-07-27","TestUpdateUserApi","test_update_user","",""
"","0","[API] Update user should return 400_BAD_REQUEST when send update user request with invalid data. Case: 'zipcode' length = min - 1","tests.api.user","2026-07-27","skipped","2026-07-27","TestUpdateUserApi","test_update_user","",""
"","0","[API] Create user should return 400_BAD_REQUEST when send create user request with invalid data. Case: 'first_name' length = min - 1","tests.api.user","2026-07-27","skipped","2026-07-27","TestCreateUserApi","test_create_user","",""
"","0","[API] Update user should return 400_BAD_REQUEST when send update user request with invalid data. Case: 'first_name' length = max + 1","tests.api.user","2026-07-27","skipped","2026-07-27","TestUpdateUserApi","test_update_user","",""
"","0","[API] Create user should return 400_BAD_REQUEST when send create user request with invalid data. Case: 'email' contains domain with one letter","tests.api.user","2026-07-27","skipped","2026-07-27","TestCreateUserApi","test_create_user","",""
"","0","[WEB] Should not add product review with invalid data. Case: 'name' is absent","tests.web.component.review","2026-07-27","skipped","2026-07-27","TestReviewComponent","test_review_component","",""
"","0","[API] Create user should return 400_BAD_REQUEST when send create user request with invalid data. Case: 'state' is absent","tests.api.user","2026-07-27","skipped","2026-07-27","TestCreateUserApi","test_create_user","",""
"","0","[API] Create user should return 400_BAD_REQUEST when send create user request with invalid data. Case: 'mobile_number' has invalid format","tests.api.user","2026-07-27","skipped","2026-07-27","TestCreateUserApi","test_create_user","",""
"","0","[API] Update user should return 400_BAD_REQUEST when send update user request with invalid data. Case: 'zipcode' has invalid format","tests.api.user","2026-07-27","skipped","2026-07-27","TestUpdateUserApi","test_update_user","",""
"","2415","[WEB] Should add product review with valid data. Case: 'message' length = max","tests.web.component.review","2026-07-27","passed","2026-07-27","TestReviewComponent","test_review_component","",""
"","0","[API] Update user should return 400_BAD_REQUEST when send update user request with invalid data. Case: 'mobile_number' is absent","tests.api.user","2026-07-27","skipped","2026-07-27","TestUpdateUserApi","test_update_user","",""
"","0","[API] Update user should return 400_BAD_REQUEST when send update user request with invalid data. Case: 'company' length = min - 1","tests.api.user","2026-07-27","skipped","2026-07-27","TestUpdateUserApi","test_update_user","",""
"","106","[API] Get user should return 200_OK when send get user request and user exists","tests.api.user","2026-07-27","passed","2026-07-27","TestGetUserApi","test_get_user","",""
"","0","[WEB Component] Pay with invalid card should show error message. Case: cvc contains letters","tests.web.component.payment","2026-07-27","skipped","2026-07-27","TestPaymentComponent","test_payment_component","",""
"","71","[API] Get csrf should return 200_OK when send get csrf request and contains csrf cookie","tests.api.auth","2026-07-27","passed","2026-07-27","TestAuthApi","test_auth","",""
"","0","[WEB Component] Pay with invalid card should show error message. Case: expiry month contains letters","tests.web.component.payment","2026-07-27","skipped","2026-07-27","TestPaymentComponent","test_payment_component","",""
"","118","[API] Create user should return 200_OK when send create user request with valid data. Case: 'city' length = max - 1","tests.api.user","2026-07-27","passed","2026-07-27","TestCreateUserApi","test_create_user","",""
"","0","[API] Update user should return 400_BAD_REQUEST when send update user request with invalid data. Case: 'birth_year' is invalid positive","tests.api.user","2026-07-27","skipped","2026-07-27","TestUpdateUserApi","test_update_user","",""
"","437","[WEB Component] Should decrease all products total price","tests.web.component.product","2026-07-27","passed","2026-07-27","TestProductItem","test_product_item","",""
"","0","[API] Update user should return 400_BAD_REQUEST when send update user request with invalid data. Case: 'birth_month' is absent","tests.api.user","2026-07-27","skipped","2026-07-27","TestUpdateUserApi","test_update_user","",""
"","213","[API] Create user should return 200_OK when send create user request with valid data. Case: 'mobile_number' length = max","tests.api.user","2026-07-27","passed","2026-07-27","TestCreateUserApi","test_create_user","",""
"","0","[API] Update user should return 400_BAD_REQUEST when send update user request with invalid data. Case: 'company' is empty","tests.api.user","2026-07-27","skipped","2026-07-27","TestUpdateUserApi","test_update_user","",""
"","0","[API] Create user should return 400_BAD_REQUEST when send create user request with invalid data. Case: 'address2' length = max + 1","tests.api.user","2026-07-27","skipped","2026-07-27","TestCreateUserApi","test_create_user","",""
"","0","[WEB] Sign up with invalid data. Case: 'birth_month' = 1","tests.web.component.auth","2026-07-27","skipped","2026-07-27","TestSignUpWeb","test_signup_component","",""
"","0","[WEB] Sign up with invalid data. Case: 'mobile_number' length = max","tests.web.component.auth","2026-07-27","skipped","2026-07-27","TestSignUpWeb","test_signup_component","",""
"","0","[WEB] Should not add product review with invalid data. Case: 'message' length = min + 1","tests.web.component.review","2026-07-27","skipped","2026-07-27","TestReviewComponent","test_review_component","",""
"","3285","[WEB] Sign up with valid data. Case: 'birth_day' = 1","tests.web.component.auth","2026-07-27","passed","2026-07-27","TestSignUpWeb","test_signup_component","",""
"","0","[API] Update user should return 400_BAD_REQUEST when send update user request with invalid data. Case: 'birth_day' is invalid positive","tests.api.user","2026-07-27","skipped","2026-07-27","TestUpdateUserApi","test_update_user","",""
"","0","[API] Create user should return 400_BAD_REQUEST when send create user request with invalid data. Case: 'zipcode' is absent","tests.api.user","2026-07-27","skipped","2026-07-27","TestCreateUserApi","test_create_user","",""
"","0","[WEB] Sign up with invalid data. Case: 'birth_day' = 1","tests.web.component.auth","2026-07-27","skipped","2026-07-27","TestSignUpWeb","test_signup_component","",""
"","0","[API] Create user should return 400_BAD_REQUEST when send create user request with invalid data. Case: 'email' contains mail server as ip and port","tests.api.user","2026-07-27","skipped","2026-07-27","TestCreateUserApi","test_create_user","",""
"","0","[WEB] Should not add product review with invalid data. Case: 'email' contains domain with one letter","tests.web.component.review","2026-07-27","skipped","2026-07-27","TestReviewComponent","test_review_component","",""
"","0","[WEB] Sign up with invalid data. Case: 'company' length = max - 1","tests.web.component.auth","2026-07-27","skipped","2026-07-27","TestSignUpWeb","test_signup_component","",""
"","0","[WEB] Should not add product review with invalid data. Case: 'email' contains username hieroglyphs instead of username","tests.web.component.review","2026-07-27","skipped","2026-07-27","TestReviewComponent","test_review_component","",""
"","0","[WEB Component] Pay with invalid card should show error message. Case: expiry year too long","tests.web.component.payment","2026-07-27","skipped","2026-07-27","TestPaymentComponent","test_payment_component","",""
"","138","[API] Create user should return 200_OK when send create user request with valid data. Case: 'company' length = max - 1","tests.api.user","2026-07-27","passed","2026-07-27","TestCreateUserApi","test_create_user","",""
"","187","[API] Update user should return 200_OK when send update user request with valid data. Case: 'name' length = max","tests.api.user","2026-07-27","passed","2026-07-27","TestUpdateUserApi","test_update_user","",""
"","1691","[WEB Component] Pay with valid card should show success status message. Case: valid: common latin name","tests.web.component.payment","2026-07-27","passed","2026-07-27","TestPaymentComponent","test_payment_component","",""
"","2709","[WEB Component] Order placed page should have expected screenshot","tests.web.component.payment","2026-07-27","passed","2026-07-27","TestPaymentComponent","test_invoice_file","",""
"","139","[API] Create user should return 200_OK when send create user request with valid data. Case: 'zipcode' length = min + 1","tests.api.user","2026-07-27","passed","2026-07-27","TestCreateUserApi","test_create_user","",""
"","3632","[WEB] Sign up with valid data. Case: 'state' length = max - 1","tests.web.component.auth","2026-07-27","passed","2026-07-27","TestSignUpWeb","test_signup_component","",""
"","107","[API] Delete user should return 404_NOT_FOUND when send delete user request and user not exists","tests.api.user","2026-07-27","passed","2026-07-27","TestDeleteUserApi","test_delete_user","",""
"","0","[API] Update user should return 400_BAD_REQUEST when send update user request with invalid data. Case: 'last_name' length = max + 1","tests.api.user","2026-07-27","skipped","2026-07-27","TestUpdateUserApi","test_update_user","",""
"","0","[API] Update user should return 400_BAD_REQUEST when send update user request with invalid data. Case: 'email' contains invalid top level domain web","tests.api.user","2026-07-27","skipped","2026-07-27","TestUpdateUserApi","test_update_user","",""
"","0","[WEB Component] Pay with invalid card should show error message. Case: expiry month is empty","tests.web.component.payment","2026-07-27","skipped","2026-07-27","TestPaymentComponent","test_payment_component","",""
"","195","[API] Update user should return 200_OK when send update user request with valid data. Case: 'birth_month' = 12","tests.api.user","2026-07-27","passed","2026-07-27","TestUpdateUserApi","test_update_user","",""
"","4466","[WEB Component] Search filter should return empty products catalog","tests.web.component.filter","2026-07-27","passed","2026-07-27","TestSearchFilter","test_search_filter","",""
"","2076","[WEB Component] Page scroller scroll page to top","tests.web.component.base","2026-07-27","passed","2026-07-27","TestPageScrollerComponent","test_page_scroller_component","",""
"","503","[WEB Component] Payment component should have expected screenshot","tests.web.component.payment","2026-07-27","passed","2026-07-27","TestPaymentComponent","test_payment_component","",""
"","113","[API] Create user should return 200_OK when send create user request with valid data. Case: 'first_name' length = min + 1","tests.api.user","2026-07-27","passed","2026-07-27","TestCreateUserApi","test_create_user","",""
"","189","[API] Update user should return 200_OK when send update user request with valid data. Case: 'state' length = max","tests.api.user","2026-07-27","passed","2026-07-27","TestUpdateUserApi","test_update_user","",""
"","0","[WEB Component] Pay with invalid card should show error message. Case: expiry month only spaces","tests.web.component.payment","2026-07-27","skipped","2026-07-27","TestPaymentComponent","test_payment_component","",""
"","5109","[WEB] Sign up with valid data. Case: 'last_name' length = max - 1","tests.web.component.auth","2026-07-27","passed","2026-07-27","TestSignUpWeb","test_signup_component","",""
"","3365","[WEB] Sign up with valid data. Case: 'company' length = min + 1","tests.web.component.auth","2026-07-27","passed","2026-07-27","TestSignUpWeb","test_signup_component","",""
"","353","[API] Update user should return 200_OK when send update user request with valid data. Case: 'zipcode' length = max","tests.api.user","2026-07-27","passed","2026-07-27","TestUpdateUserApi","test_update_user","",""
"","150","[API] Get products should return 200_OK and contains expected product title","tests.api.product","2026-07-27","passed","2026-07-27","TestProductApi","test_product","",""
"","0","[API] Create user should return 400_BAD_REQUEST when send create user request with invalid data. Case: 'city' length = max + 1","tests.api.user","2026-07-27","skipped","2026-07-27","TestCreateUserApi","test_create_user","",""
"","5433","[WEB] Sign up with valid data. Case: 'first_name' length = min","tests.web.component.auth","2026-07-27","passed","2026-07-27","TestSignUpWeb","test_signup_component","",""
"","0","[API] Update user should return 400_BAD_REQUEST when send update user request with invalid data. Case: 'address1' length = min - 1","tests.api.user","2026-07-27","skipped","2026-07-27","TestUpdateUserApi","test_update_user","",""
"","0","[API] Update user should return 400_BAD_REQUEST when send update user request with invalid data. Case: 'address1' length = max + 1","tests.api.user","2026-07-27","skipped","2026-07-27","TestUpdateUserApi","test_update_user","",""
"","757","[WEB] Should add product review with valid data. Case: 'name' length = max - 1","tests.web.component.review","2026-07-27","passed","2026-07-27","TestReviewComponent","test_review_component","",""
"","207","[API] Create user should return 400_BAD_REQUEST when send create user request with existing email","tests.api.user","2026-07-27","passed","2026-07-27","TestCreateUserApi","test_create_user","",""
"","3326","[WEB] Sign up with valid data. Case: 'birth_day' length = 31","tests.web.component.auth","2026-07-27","passed","2026-07-27","TestSignUpWeb","test_signup_component","",""
"","811","[WEB] Should add product review with valid data. Case: 'email' username is numerical","tests.web.component.review","2026-07-27","passed","2026-07-27","TestReviewComponent","test_review_component","",""
"","389","[API] Login should return 200_OK when send login request with valid data and contains csrf cookie","tests.api.auth","2026-07-27","passed","2026-07-27","TestAuthApi","test_auth","",""
"","0","[WEB] Should not add product review with invalid data. Case: 'email' contains text before username","tests.web.component.review","2026-07-27","skipped","2026-07-27","TestReviewComponent","test_review_component","",""
"","4797","[WEB] Sign up with valid data. Case: 'address2' length = max","tests.web.component.auth","2026-07-27","passed","2026-07-27","TestSignUpWeb","test_signup_component","",""
"","114","[API] Create user should return 200_OK when send create user request with valid data. Case: 'state' length = min","tests.api.user","2026-07-27","passed","2026-07-27","TestCreateUserApi","test_create_user","",""
"","0","[API] Update user should return 400_BAD_REQUEST when send update user request with invalid data. Case: 'city' length = max + 1","tests.api.user","2026-07-27","skipped","2026-07-27","TestUpdateUserApi","test_update_user","",""
"","0","[API] Create user should return 400_BAD_REQUEST when send create user request with invalid data. Case: 'birth_day' is invalid positive","tests.api.user","2026-07-27","skipped","2026-07-27","TestCreateUserApi","test_create_user","",""
"","75","[WEB Component] Should have all products expected total price","tests.web.component.product","2026-07-27","passed","2026-07-27","TestProductItem","test_product_item","",""
"","0","[API] Update user should return 400_BAD_REQUEST when send update user request with invalid data. Case: 'email' contains multiple '@' symbols","tests.api.user","2026-07-27","skipped","2026-07-27","TestUpdateUserApi","test_update_user","",""
"","117","[API] Create user should return 200_OK when send create user request with valid data. Case: 'address2' length = max","tests.api.user","2026-07-27","passed","2026-07-27","TestCreateUserApi","test_create_user","",""
"","0","[API] Update user should return 400_BAD_REQUEST when send update user request with invalid data. Case: 'last_name' length = min - 1","tests.api.user","2026-07-27","skipped","2026-07-27","TestUpdateUserApi","test_update_user","",""
"","0","[WEB Component] Pay with invalid card should show error message. Case: cvc all zeros","tests.web.component.payment","2026-07-27","skipped","2026-07-27","TestPaymentComponent","test_payment_component","",""
"","113","[API] Create user should return 200_OK when send create user request with valid data. Case: 'company' length = min","tests.api.user","2026-07-27","passed","2026-07-27","TestCreateUserApi","test_create_user","",""
"","199","[API] Update user should return 200_OK when send update user request with valid data. Case: 'mobile_number' length = max - 1","tests.api.user","2026-07-27","passed","2026-07-27","TestUpdateUserApi","test_update_user","",""
"","173","[API] Update user should return 200_OK when send update user request with valid data. Case: 'last_name' length = max","tests.api.user","2026-07-27","passed","2026-07-27","TestUpdateUserApi","test_update_user","",""
"","4699","[WEB] Sign up with valid data. Case: 'first_name' length = min + 1","tests.web.component.auth","2026-07-27","passed","2026-07-27","TestSignUpWeb","test_signup_component","",""
"","0","[API] Update user should return 400_BAD_REQUEST when send update user request with invalid data. Case: 'zipcode' is empty","tests.api.user","2026-07-27","skipped","2026-07-27","TestUpdateUserApi","test_update_user","",""
"","0","[API] Update user should return 400_BAD_REQUEST when send update user request with invalid data. Case: 'birth_year' is negative","tests.api.user","2026-07-27","skipped","2026-07-27","TestUpdateUserApi","test_update_user","",""
"","3224","[WEB] Sign up with valid data. Case: 'mobile_number' length = max - 1","tests.web.component.auth","2026-07-27","passed","2026-07-27","TestSignUpWeb","test_signup_component","",""
"","112","[API] Create user should return 200_OK when send create user request with valid data. Case: 'birth_year' = 1","tests.api.user","2026-07-27","passed","2026-07-27","TestCreateUserApi","test_create_user","",""
"","0","[API] Create user should return 400_BAD_REQUEST when send create user request with invalid data. Case: 'email' not contains '@' symbol","tests.api.user","2026-07-27","skipped","2026-07-27","TestCreateUserApi","test_create_user","",""
"","369","[WEB] Should have expected screenshot when not send review","tests.web.component.review","2026-07-27","passed","2026-07-27","TestReviewComponent","test_review_component","",""
"","114","[API] Create user should return 200_OK when send create user request with valid data. Case: 'name' length = max - 1","tests.api.user","2026-07-27","passed","2026-07-27","TestCreateUserApi","test_create_user","",""
"","0","[API] Create user should return 400_BAD_REQUEST when send create user request with invalid data. Case: 'company' length = max + 1","tests.api.user","2026-07-27","skipped","2026-07-27","TestCreateUserApi","test_create_user","",""
"","547","[WEB Component] Should navigate to contact us page by click on 'Contact us' button","tests.web.component.base","2026-07-27","passed","2026-07-27","TestHeaderComponent","test_header_component","",""
"","1664","[WEB Component] Pay with valid card should show success status message. Case: valid: name min length","tests.web.component.payment","2026-07-27","passed","2026-07-27","TestPaymentComponent","test_payment_component","",""
"","0","[API] Create user should return 400_BAD_REQUEST when send create user request with invalid data. Case: 'last_name' is absent","tests.api.user","2026-07-27","skipped","2026-07-27","TestCreateUserApi","test_create_user","",""
"","0","[API] Update user should return 400_BAD_REQUEST when send update user request with invalid data. Case: 'mobile_number' length = min - 1","tests.api.user","2026-07-27","skipped","2026-07-27","TestUpdateUserApi","test_update_user","",""
"","4941","[WEB Component] Place order without authorization notification proceed to checkout button should navigate to login page","tests.web.component.base","2026-07-27","passed","2026-07-27","TestNotificationComponent","test_notification_component","",""
"","0","[WEB Component] Pay with invalid card should show error message. Case: card number only spaces","tests.web.component.payment","2026-07-27","skipped","2026-07-27","TestPaymentComponent","test_payment_component","",""
"","0","[API] Update user should return 400_BAD_REQUEST when send update user request with invalid data. Case: 'zipcode' is absent","tests.api.user","2026-07-27","skipped","2026-07-27","TestUpdateUserApi","test_update_user","",""
"","0","[API] Create user should return 400_BAD_REQUEST when send create user request with invalid data. Case: 'name' is absent","tests.api.user","2026-07-27","skipped","2026-07-27","TestCreateUserApi","test_create_user","",""
"","0","[API] Create user should return 400_BAD_REQUEST when send create user request with invalid data. Case: 'birth_month' is invalid positive","tests.api.user","2026-07-27","skipped","2026-07-27","TestCreateUserApi","test_create_user","",""
"","0","[API] Create user should return 400_BAD_REQUEST when send create user request with invalid data. Case: 'name' length = max + 1","tests.api.user","2026-07-27","skipped","2026-07-27","TestCreateUserApi","test_create_user","",""
"","477","[WEB Component] Pay with valid card should show success status message. Case: valid: cvc typical","tests.web.component.payment","2026-07-27","passed","2026-07-27","TestPaymentComponent","test_payment_component","",""
"","3718","[WEB] Sign up with valid data. Case: 'address2' length = max - 1","tests.web.component.auth","2026-07-27","passed","2026-07-27","TestSignUpWeb","test_signup_component","",""
"","0","[API] Update user should return 400_BAD_REQUEST when send update user request with invalid data. Case: 'birth_month' is invalid positive","tests.api.user","2026-07-27","skipped","2026-07-27","TestUpdateUserApi","test_update_user","",""
"","3437","[WEB] Sign up with valid data. Case: 'company' length = min","tests.web.component.auth","2026-07-27","passed","2026-07-27","TestSignUpWeb","test_signup_component","",""
"","2340","[WEB] Should add product review with valid data. Case: 'message' length = max - 1","tests.web.component.review","2026-07-27","passed","2026-07-27","TestReviewComponent","test_review_component","",""
"","2304","[WEB Component] Products Carousel should show next products when scroll right","tests.web.component.carousel","2026-07-27","passed","2026-07-27","TestProductCarousel","test_product_carousel","",""
"","5129","Purchase products with login while checkout","tests.web.e2e","2026-07-27","passed","2026-07-27","TestPlaceOrder","test_place_order","",""
"","118","[API] Create user should return 200_OK when send create user request with valid data. Case: 'city' length = min","tests.api.user","2026-07-27","passed","2026-07-27","TestCreateUserApi","test_create_user","",""
"","1099","[WEB Component] Products Carousel should show previous image when scroll left","tests.web.component.carousel","2026-07-27","passed","2026-07-27","TestProductCarousel","test_product_carousel","",""
"","387","[WEB Component] Should navigate to main page by click on header logo","tests.web.component.base","2026-07-27","passed","2026-07-27","TestHeaderComponent","test_header_component","",""
"","123","[API] Create user should return 200_OK when send create user request with valid data. Case: 'birth_day' length = 31","tests.api.user","2026-07-27","passed","2026-07-27","TestCreateUserApi","test_create_user","",""
"","0","[API] Update user should return 400_BAD_REQUEST when send update user request with invalid data. Case: 'address1' is absent","tests.api.user","2026-07-27","skipped","2026-07-27","TestUpdateUserApi","test_update_user","",""
"","0","[WEB Component] Pay with invalid card should show error message. Case: card number too short","tests.web.component.payment","2026-07-27","skipped","2026-07-27","TestPaymentComponent","test_payment_component","",""
"","0","[API] Create user should return 400_BAD_REQUEST when send create user request with invalid data. Case: 'address2' is empty","tests.api.user","2026-07-27","skipped","2026-07-27","TestCreateUserApi","test_create_user","",""
"","0","[WEB] Should not add product review with invalid data. Case: 'email' contains invalid top level domain web","tests.web.component.review","2026-07-27","skipped","2026-07-27","TestReviewComponent","test_review_component","",""
"","4118","[WEB Component] Can download invoice multiple times","tests.web.component.payment","2026-07-27","passed","2026-07-27","TestPaymentComponent","test_invoice_file","",""
"","0","[WEB Component] Pay with invalid card should show error message. Case: card number contains special characters","tests.web.component.payment","2026-07-27","skipped","2026-07-27","TestPaymentComponent","test_payment_component","",""
"","0","[WEB Component] Pay with invalid card should show error message. Case: cvc only spaces","tests.web.component.payment","2026-07-27","skipped","2026-07-27","TestPaymentComponent","test_payment_component","",""
"","0","[WEB] Sign up with invalid data. Case: 'mobile_number' length = min + 1","tests.web.component.auth","2026-07-27","skipped","2026-07-27","TestSignUpWeb","test_signup_component","",""
"","0","[API] Create user should return 400_BAD_REQUEST when send create user request with invalid data. Case: 'email' contains '-' after '@'","tests.api.user","2026-07-27","skipped","2026-07-27","TestCreateUserApi","test_create_user","",""
"","0","[API] Create user should return 400_BAD_REQUEST when send create user request with invalid data. Case: 'zipcode' length = max + 1","tests.api.user","2026-07-27","skipped","2026-07-27","TestCreateUserApi","test_create_user","",""
"","0","[WEB Component] Pay with invalid card should show error message. Case: cvc contains special characters","tests.web.component.payment","2026-07-27","skipped","2026-07-27","TestPaymentComponent","test_payment_component","",""
"","0","[WEB] Sign up with invalid data. Case: 'address2' length = min + 1","tests.web.component.auth","2026-07-27","skipped","2026-07-27","TestSignUpWeb","test_signup_component","",""
"","217","[API] Update user should return 200_OK when send update user request with valid data. Case: 'address2' length = max","tests.api.user","2026-07-27","passed","2026-07-27","TestUpdateUserApi","test_update_user","",""
"","117","[API] Create user should return 200_OK when send create user request with valid data. Case: 'mobile_number' length = max - 1","tests.api.user","2026-07-27","passed","2026-07-27","TestCreateUserApi","test_create_user","",""
"","0","[API] Update user should return 400_BAD_REQUEST when send update user request with invalid data. Case: 'email' contains only special symbols","tests.api.user","2026-07-27","skipped","2026-07-27","TestUpdateUserApi","test_update_user","",""
"","0","[WEB] Sign up with invalid data. Case: 'name' length = min","tests.web.component.auth","2026-07-27","skipped","2026-07-27","TestSignUpWeb","test_signup_component","",""
"","190","[API] Update user should return 200_OK when send update user request with valid data. Case: 'birth_day' length = 31","tests.api.user","2026-07-27","passed","2026-07-27","TestUpdateUserApi","test_update_user","",""
"","0","[WEB] Should not add product review with invalid data. Case: 'email' contains mail server as ip and port","tests.web.component.review","2026-07-27","skipped","2026-07-27","TestReviewComponent","test_review_component","",""
"","0","[WEB Component] Pay with invalid card should show error message. Case: cvc too short","tests.web.component.payment","2026-07-27","skipped","2026-07-27","TestPaymentComponent","test_payment_component","",""
"","0","[API] Update user should return 400_BAD_REQUEST when send update user request with invalid data. Case: 'name' length = max + 1","tests.api.user","2026-07-27","skipped","2026-07-27","TestUpdateUserApi","test_update_user","",""
"","5838","Purchase products with login before checkout","tests.web.e2e","2026-07-27","failed","2026-07-27","TestPlaceOrder","test_place_order","",""
"","629","[WEB Component] Header has expected screenshot","tests.web.component.base","2026-07-27","passed","2026-07-27","TestHeaderComponent","test_header_component","",""
"","0","[WEB] Sign up with invalid data. Case: 'mobile_number' length = min","tests.web.component.auth","2026-07-27","skipped","2026-07-27","TestSignUpWeb","test_signup_component","",""
"","167","[API] Update user should return 200_OK when send update user request with valid data. Case: 'state' length = min + 1","tests.api.user","2026-07-27","passed","2026-07-27","TestUpdateUserApi","test_update_user","",""
"","0","[WEB Component] Pay with invalid card should show error message. Case: expiry month = 00","tests.web.component.payment","2026-07-27","skipped","2026-07-27","TestPaymentComponent","test_payment_component","",""
"","1794","[WEB Component] Place order without authorization notification should have expected data and screenshot","tests.web.component.base","2026-07-27","passed","2026-07-27","TestNotificationComponent","test_notification_component","",""
"","0","[API] Create user should return 400_BAD_REQUEST when send create user request with invalid data. Case: 'email' contains text after domain","tests.api.user","2026-07-27","skipped","2026-07-27","TestCreateUserApi","test_create_user","",""
"","507","[WEB] Should add product review with valid data. Case: 'name' length = min","tests.web.component.review","2026-07-27","passed","2026-07-27","TestReviewComponent","test_review_component","",""
"","1839","[WEB Component] Should increase product item quantity","tests.web.component.product","2026-07-27","passed","2026-07-27","TestProductItem","test_product_item","",""
"","892","[WEB Component] Brand filter should have expected screenshot","tests.web.component.filter","2026-07-27","passed","2026-07-27","TestBrandFilter","test_brand_filter","",""
"","0","[API] Create user should return 400_BAD_REQUEST when send create user request with invalid data. Case: 'email' not contains username","tests.api.user","2026-07-27","skipped","2026-07-27","TestCreateUserApi","test_create_user","",""
"","342","[API] Update user should return 200_OK when send update user request with valid data. Case: 'birth_month' = 1","tests.api.user","2026-07-27","passed","2026-07-27","TestUpdateUserApi","test_update_user","",""
"","0","[WEB] Sign up with invalid data. Case: 'last_name' length = min + 1","tests.web.component.auth","2026-07-27","skipped","2026-07-27","TestSignUpWeb","test_signup_component","",""
"","0","[API] Update user should return 400_BAD_REQUEST when send update user request with invalid data. Case: 'email' is empty","tests.api.user","2026-07-27","skipped","2026-07-27","TestUpdateUserApi","test_update_user","",""
"","4898","[WEB Component] Should subscribe with valid email","tests.web.component.base","2026-07-27","failed","2026-07-27","TestSubscriptionComponent","test_subscription_component","",""
"","0","[API] Create user should return 400_BAD_REQUEST when send create user request with invalid data. Case: 'state' is empty","tests.api.user","2026-07-27","skipped","2026-07-27","TestCreateUserApi","test_create_user","",""
"","120","[API] Create user should return 200_OK when send create user request with valid data. Case: 'first_name' length = max - 1","tests.api.user","2026-07-27","passed","2026-07-27","TestCreateUserApi","test_create_user","",""
"","0","[WEB] Sign up with invalid data. Case: 'company' length = min + 1","tests.web.component.auth","2026-07-27","skipped","2026-07-27","TestSignUpWeb","test_signup_component","",""
"","320","[API] Update user should return 200_OK when send update user request with valid data. Case: 'last_name' length = min","tests.api.user","2026-07-27","passed","2026-07-27","TestUpdateUserApi","test_update_user","",""
"","274","[API] Update user should return 200_OK when send update user request with valid data. Case: 'company' length = min + 1","tests.api.user","2026-07-27","passed","2026-07-27","TestUpdateUserApi","test_update_user","",""
"","0","[WEB Component] Pay with invalid card should show error message. Case: expiry year in the past","tests.web.component.payment","2026-07-27","skipped","2026-07-27","TestPaymentComponent","test_payment_component","",""
"","0","[WEB] Should not add product review with invalid data. Case: 'email' contains only special symbols","tests.web.component.review","2026-07-27","skipped","2026-07-27","TestReviewComponent","test_review_component","",""
"","0","[WEB] Should not add product review with invalid data. Case: 'message' length = min","tests.web.component.review","2026-07-27","skipped","2026-07-27","TestReviewComponent","test_review_component","",""
"","216","[API] Update user should return 200_OK when send update user request with valid data. Case: 'zipcode' length = max - 1","tests.api.user","2026-07-27","passed","2026-07-27","TestUpdateUserApi","test_update_user","",""
"","0","[API] Create user should return 400_BAD_REQUEST when send create user request with invalid data. Case: 'last_name' is empty","tests.api.user","2026-07-27","skipped","2026-07-27","TestCreateUserApi","test_create_user","",""
"","226","[API] Delete user should return 200_OK when send delete user request and user exists","tests.api.user","2026-07-27","passed","2026-07-27","TestDeleteUserApi","test_delete_user","",""
"","1169","[WEB Component] Products Carousel should first products when scroll right on last image","tests.web.component.carousel","2026-07-27","passed","2026-07-27","TestProductCarousel","test_product_carousel","",""
"","756","[WEB] Should add product review with valid data. Case: 'email' domain name length = 2","tests.web.component.review","2026-07-27","passed","2026-07-27","TestReviewComponent","test_review_component","",""
"","0","[API] Create user should return 400_BAD_REQUEST when send create user request with invalid data. Case: 'company' is empty","tests.api.user","2026-07-27","skipped","2026-07-27","TestCreateUserApi","test_create_user","",""
"","0","[API] Create user should return 400_BAD_REQUEST when send create user request with invalid data. Case: 'email' not contains domain","tests.api.user","2026-07-27","skipped","2026-07-27","TestCreateUserApi","test_create_user","",""
"","0","[API] Update user should return 400_BAD_REQUEST when send update user request with invalid data. Case: 'birth_day' is negative","tests.api.user","2026-07-27","skipped","2026-07-27","TestUpdateUserApi","test_update_user","",""
"","3523","[WEB] Sign up with valid data. Case: 'name' length = min + 1","tests.web.component.auth","2026-07-27","passed","2026-07-27","TestSignUpWeb","test_signup_component","",""
"","0","[WEB] Sign up with invalid data. Case: 'state' length = max - 1","tests.web.component.auth","2026-07-27","skipped","2026-07-27","TestSignUpWeb","test_signup_component","",""
"","0","[API] Update user should return 400_BAD_REQUEST when send update user request with invalid data. Case: 'last_name' is absent","tests.api.user","2026-07-27","skipped","2026-07-27","TestUpdateUserApi","test_update_user","",""
"","1925","[WEB Component] Product carousel should have expected product","tests.web.component.carousel","2026-07-27","failed","2026-07-27","TestProductCarousel","test_product_carousel","",""
"","3362","[WEB] Sign up with valid data. Case: 'address1' length = max","tests.web.component.auth","2026-07-27","passed","2026-07-27","TestSignUpWeb","test_signup_component","",""
"","0","[WEB] Sign up with invalid data. Case: 'address2' length = max","tests.web.component.auth","2026-07-27","skipped","2026-07-27","TestSignUpWeb","test_signup_component","",""
"","0","[WEB Component] Pay with invalid card should show error message. Case: cvc is empty","tests.web.component.payment","2026-07-27","skipped","2026-07-27","TestPaymentComponent","test_payment_component","",""
"","0","[WEB] Sign up with invalid data. Case: 'city' length = max","tests.web.component.auth","2026-07-27","skipped","2026-07-27","TestSignUpWeb","test_signup_component","",""
"","125","[API] Create user should return 200_OK when send create user request with valid data. Case: 'mobile_number' length = min","tests.api.user","2026-07-27","passed","2026-07-27","TestCreateUserApi","test_create_user","",""
"","0","[WEB] Sign up with invalid data. Case: 'birth_year' = 1","tests.web.component.auth","2026-07-27","skipped","2026-07-27","TestSignUpWeb","test_signup_component","",""
"","4769","[WEB Component] Should increase all products total price","tests.web.component.product","2026-07-27","failed","2026-07-27","TestProductItem","test_product_item","",""
"","0","[API] Update user should return 400_BAD_REQUEST when send update user request with invalid data. Case: 'mobile_number' length = max + 1","tests.api.user","2026-07-27","skipped","2026-07-27","TestUpdateUserApi","test_update_user","",""
"","0","[API] Create user should return 400_BAD_REQUEST when send create user request with invalid data. Case: 'state' length = max + 1","tests.api.user","2026-07-27","skipped","2026-07-27","TestCreateUserApi","test_create_user","",""
"","0","[API] Create user should return 400_BAD_REQUEST when send create user request with invalid data. Case: 'email' contains '.' before dog symbol","tests.api.user","2026-07-27","skipped","2026-07-27","TestCreateUserApi","test_create_user","",""
"","110","[API] Create user should return 200_OK when send create user request with valid data. Case: 'last_name' length = min + 1","tests.api.user","2026-07-27","passed","2026-07-27","TestCreateUserApi","test_create_user","",""
"","3243","[WEB] Sign up with valid data. Case: 'birth_year' = 1","tests.web.component.auth","2026-07-27","passed","2026-07-27","TestSignUpWeb","test_signup_component","",""
"","0","[API] Create user should return 400_BAD_REQUEST when send create user request with invalid data. Case: 'birth_month' is absent","tests.api.user","2026-07-27","skipped","2026-07-27","TestCreateUserApi","test_create_user","",""
"","0","[WEB Component] Pay with invalid card should show error message. Case: card number fails luhn check","tests.web.component.payment","2026-07-27","skipped","2026-07-27","TestPaymentComponent","test_payment_component","",""
"","0","[WEB Component] Pay with invalid card should show error message. Case: name contains leading spaces","tests.web.component.payment","2026-07-27","skipped","2026-07-27","TestPaymentComponent","test_payment_component","",""
"","0","[API] Update user should return 400_BAD_REQUEST when send update user request with invalid data. Case: 'first_name' length = min - 1","tests.api.user","2026-07-27","skipped","2026-07-27","TestUpdateUserApi","test_update_user","",""
"","0","[API] Update user should return 400_BAD_REQUEST when send update user request with invalid data. Case: 'birth_year' is absent","tests.api.user","2026-07-27","skipped","2026-07-27","TestUpdateUserApi","test_update_user","",""
"","4555","[WEB] Sign up with valid data. Case: 'zipcode' length = max","tests.web.component.auth","2026-07-27","passed","2026-07-27","TestSignUpWeb","test_signup_component","",""
"","3624","[WEB] Sign up with valid data. Case: 'state' length = min + 1","tests.web.component.auth","2026-07-27","passed","2026-07-27","TestSignUpWeb","test_signup_component","",""
"","4045","[WEB Component] Image Carousel should show first image when scroll right on last image","tests.web.component.carousel","2026-07-27","passed","2026-07-27","TestImageCarousel","test_image_carousel","",""
"","3296","[WEB] Sign up with valid data. Case: 'zipcode' length = min + 1","tests.web.component.auth","2026-07-27","passed","2026-07-27","TestSignUpWeb","test_signup_component","",""
"","258","[API] Update user should return 200_OK when send update user request with valid data. Case: 'address1' length = max - 1","tests.api.user","2026-07-27","passed","2026-07-27","TestUpdateUserApi","test_update_user","",""
"","0","[API] Update user should return 400_BAD_REQUEST when send update user request with invalid data. Case: 'email' contains domain with one letter","tests.api.user","2026-07-27","skipped","2026-07-27","TestUpdateUserApi","test_update_user","",""
"","186","test_get_all_products","tests.api.product","2026-07-27","passed","2026-07-27","TestProductApi","test_product","",""
"","1681","[WEB Component] Pay with valid card should show success status message. Case: valid: 16 digits number","tests.web.component.payment","2026-07-27","passed","2026-07-27","TestPaymentComponent","test_payment_component","",""
"","0","[API] Create user should return 400_BAD_REQUEST when send create user request with invalid data. Case: 'birth_month' is zero","tests.api.user","2026-07-27","skipped","2026-07-27","TestCreateUserApi","test_create_user","",""
"","455","[WEB Component] Pay with valid card should show success status message. Case: valid name contains multiple spaces","tests.web.component.payment","2026-07-27","passed","2026-07-27","TestPaymentComponent","test_payment_component","",""
"","0","[API] Update user should return 400_BAD_REQUEST when send update user request with invalid data. Case: 'birth_year' is zero","tests.api.user","2026-07-27","skipped","2026-07-27","TestUpdateUserApi","test_update_user","",""
"","0","[WEB] Should not add product review with invalid data. Case: 'email' contains multiple '@' symbols","tests.web.component.review","2026-07-27","skipped","2026-07-27","TestReviewComponent","test_review_component","",""
"","199","[API] Create user should return 200_OK when send create user request with valid data. Case: 'birth_month' = 12","tests.api.user","2026-07-27","passed","2026-07-27","TestCreateUserApi","test_create_user","",""
"","3762","[WEB] Sign up with valid data. Case: 'birth_month' = 1","tests.web.component.auth","2026-07-27","passed","2026-07-27","TestSignUpWeb","test_signup_component","",""
"","3602","[WEB] Sign up with valid data. Case: 'name' length = max - 1","tests.web.component.auth","2026-07-27","passed","2026-07-27","TestSignUpWeb","test_signup_component","",""
"","1628","[WEB Component] Add product notification should have expected data and screenshot","tests.web.component.base","2026-07-27","passed","2026-07-27","TestNotificationComponent","test_notification_component","",""
"","124","[API] Create user should return 200_OK when send create user request with valid data. Case: 'city' length = min + 1","tests.api.user","2026-07-27","passed","2026-07-27","TestCreateUserApi","test_create_user","",""
"","0","[API] Create user should return 400_BAD_REQUEST when send create user request with invalid data. Case: 'email' contains multiple '@' symbols","tests.api.user","2026-07-27","skipped","2026-07-27","TestCreateUserApi","test_create_user","",""
"","191","[API] Update user should return 200_OK when send update user request with valid data. Case: 'state' length = max - 1","tests.api.user","2026-07-27","passed","2026-07-27","TestUpdateUserApi","test_update_user","",""
"","463","[WEB] Sign in with invalid credentials. Case: {case_title}","tests.web.component.auth","2026-07-27","passed","2026-07-27","TestLoginWeb","test_login_component","",""
"","171","[API] Update user should return 200_OK when send update user request with valid data. Case: 'address2' length = min + 1","tests.api.user","2026-07-27","passed","2026-07-27","TestUpdateUserApi","test_update_user","",""
"","3305","[WEB] Sign up with valid data. Case: 'mobile_number' length = min + 1","tests.web.component.auth","2026-07-27","passed","2026-07-27","TestSignUpWeb","test_signup_component","",""
"","0","[WEB] Sign up with invalid data. Case: 'address1' length = min","tests.web.component.auth","2026-07-27","skipped","2026-07-27","TestSignUpWeb","test_signup_component","",""
"","0","[WEB] Sign up with invalid data. Case: 'first_name' length = max","tests.web.component.auth","2026-07-27","skipped","2026-07-27","TestSignUpWeb","test_signup_component","",""
"","161","[API] Update user should return 200_OK when send update user request with valid data. Case: 'first_name' length = min + 1","tests.api.user","2026-07-27","passed","2026-07-27","TestUpdateUserApi","test_update_user","",""
"","3237","[WEB] Sign up with valid data. Case: 'address2' length = min + 1","tests.web.component.auth","2026-07-27","passed","2026-07-27","TestSignUpWeb","test_signup_component","",""
"","179","[API] Update user should return 200_OK when send update user request with valid data. Case: 'company' length = max","tests.api.user","2026-07-27","passed","2026-07-27","TestUpdateUserApi","test_update_user","",""
"","3220","[WEB] Sign up with valid data. Case: 'mobile_number' length = max","tests.web.component.auth","2026-07-27","passed","2026-07-27","TestSignUpWeb","test_signup_component","",""
"","302","[API] Update user should return 200_OK when send update user request with valid data. Case: 'address1' length = min","tests.api.user","2026-07-27","passed","2026-07-27","TestUpdateUserApi","test_update_user","",""
"","3569","[WEB] Sign up with valid data. Case: 'name' length = min","tests.web.component.auth","2026-07-27","passed","2026-07-27","TestSignUpWeb","test_signup_component","",""
"","208","[API] Update user should return 200_OK when send update user request with valid data. Case: 'last_name' length = max - 1","tests.api.user","2026-07-27","passed","2026-07-27","TestUpdateUserApi","test_update_user","",""
"","2542","[WEB Component] Add product to cart from product carousel","tests.web.component.carousel","2026-07-27","passed","2026-07-27","TestProductCarousel","test_product_carousel","",""
"","926","[WEB] Should have expected screenshot when send review","tests.web.component.review","2026-07-27","passed","2026-07-27","TestReviewComponent","test_review_component","",""
"","3718","[WEB] Sign up with valid data. Case: 'last_name' length = min + 1","tests.web.component.auth","2026-07-27","passed","2026-07-27","TestSignUpWeb","test_signup_component","",""
"","0","[WEB Component] Pay with invalid card should show error message. Case: cvc too long","tests.web.component.payment","2026-07-27","skipped","2026-07-27","TestPaymentComponent","test_payment_component","",""
"","0","[WEB] Sign up with invalid data. Case: 'name' length = max","tests.web.component.auth","2026-07-27","skipped","2026-07-27","TestSignUpWeb","test_signup_component","",""
"","0","[API] Create user should return 400_BAD_REQUEST when send create user request with invalid data. Case: 'birth_month' is negative","tests.api.user","2026-07-27","skipped","2026-07-27","TestCreateUserApi","test_create_user","",""
"","0","[WEB] Sign up with invalid data. Case: 'birth_year' = 10000","tests.web.component.auth","2026-07-27","skipped","2026-07-27","TestSignUpWeb","test_signup_component","",""
"","0","[WEB] Sign up with invalid data. Case: 'state' length = min","tests.web.component.auth","2026-07-27","skipped","2026-07-27","TestSignUpWeb","test_signup_component","",""
"","0","[API] Update user should return 400_BAD_REQUEST when send update user request with invalid data. Case: 'address2' length = min - 1","tests.api.user","2026-07-27","skipped","2026-07-27","TestUpdateUserApi","test_update_user","",""
"","0","[WEB] Should not add product review with invalid data. Case: 'email' contains '.' before dog symbol","tests.web.component.review","2026-07-27","skipped","2026-07-27","TestReviewComponent","test_review_component","",""
"","0","[WEB Component] Pay with invalid card should show error message. Case: expiry year is empty","tests.web.component.payment","2026-07-27","skipped","2026-07-27","TestPaymentComponent","test_payment_component","",""
"","0","[API] Create user should return 400_BAD_REQUEST when send create user request with invalid data. Case: 'birth_day' is zero","tests.api.user","2026-07-27","skipped","2026-07-27","TestCreateUserApi","test_create_user","",""
"","0","[WEB] Sign up with invalid data. Case: 'address1' length = max - 1","tests.web.component.auth","2026-07-27","skipped","2026-07-27","TestSignUpWeb","test_signup_component","",""
"","0","[WEB Component] Should not subscribe with invalid email","tests.web.component.base","2026-07-27","skipped","2026-07-27","TestSubscriptionComponent","test_subscription_component","",""
"","1834","[WEB Component] Pay with valid card should show success status message. Case: valid: name max length","tests.web.component.payment","2026-07-27","passed","2026-07-27","TestPaymentComponent","test_payment_component","",""
"","1069","[WEB Component] Should add product to cart when click on add to cart button","tests.web.component.product","2026-07-27","passed","2026-07-27","TestProductCard","test_product_details_component","",""
"","0","[API] Create user should return 400_BAD_REQUEST when send create user request with invalid data. Case: 'zipcode' length = min - 1","tests.api.user","2026-07-27","skipped","2026-07-27","TestCreateUserApi","test_create_user","",""
"","1199","[WEB Component] Should have expected success status message after sending contact info","tests.web.component.base","2026-07-27","passed","2026-07-27","TestSubscriptionComponent","test_subscription_component","",""
"","0","[WEB] Sign up with invalid data. Case: 'city' length = min + 1","tests.web.component.auth","2026-07-27","skipped","2026-07-27","TestSignUpWeb","test_signup_component","",""
"","1244","[WEB Component] Should add product to cart when click on add to cart button from overlay","tests.web.component.product","2026-07-27","passed","2026-07-27","TestAnimatedProductCard","test_animated_product_card_component","",""
"","0","[WEB Component] Pay with invalid card should show error message. Case: card number all zeros","tests.web.component.payment","2026-07-27","skipped","2026-07-27","TestPaymentComponent","test_payment_component","",""
"","0","[API] Create user should return 400_BAD_REQUEST when send create user request with invalid data. Case: 'email' contains text before username","tests.api.user","2026-07-27","skipped","2026-07-27","TestCreateUserApi","test_create_user","",""
"","0","[API] Create user should return 400_BAD_REQUEST when send create user request with invalid data. Case: 'birth_year' is absent","tests.api.user","2026-07-27","skipped","2026-07-27","TestCreateUserApi","test_create_user","",""
"","0","[API] Create user should return 400_BAD_REQUEST when send create user request with invalid data. Case: 'first_name' is absent","tests.api.user","2026-07-27","skipped","2026-07-27","TestCreateUserApi","test_create_user","",""
"","0","[API] Create user should return 400_BAD_REQUEST when send create user request with invalid data. Case: 'email' contains invalid top level domain web","tests.api.user","2026-07-27","skipped","2026-07-27","TestCreateUserApi","test_create_user","",""
"","4418","[WEB] Sign up with valid data. Case: 'city' length = max - 1","tests.web.component.auth","2026-07-27","passed","2026-07-27","TestSignUpWeb","test_signup_component","",""
"","0","[WEB] Should not add product review with invalid data. Case: 'name' length = min - 1","tests.web.component.review","2026-07-27","skipped","2026-07-27","TestReviewComponent","test_review_component","",""
"","5777","[WEB Component] Category filter group should be collapsed after collapse expanded group","tests.web.component.filter","2026-07-27","passed","2026-07-27","TestCategoryFilter","test_category_filter","",""
"","0","[API] Update user should return 400_BAD_REQUEST when send update user request with invalid data. Case: 'email' contains '.' before dog symbol","tests.api.user","2026-07-27","skipped","2026-07-27","TestUpdateUserApi","test_update_user","",""
"","439","[WEB Component] Delivery address has expected data","tests.web.component.address","2026-07-27","passed","2026-07-27","TestAddressComponent","test_address_component","",""
"","0","[API] Create user should return 400_BAD_REQUEST when send create user request with invalid data. Case: 'first_name' length = max + 1","tests.api.user","2026-07-27","skipped","2026-07-27","TestCreateUserApi","test_create_user","",""
"","5704","[WEB Component] Category filter should have expected screenshot when group expanded","tests.web.component.filter","2026-07-27","passed","2026-07-27","TestCategoryFilter","test_category_filter","",""
"","0","[WEB Component] Pay with invalid card should show error message. Case: card number contains dashes","tests.web.component.payment","2026-07-27","skipped","2026-07-27","TestPaymentComponent","test_payment_component","",""
"","0","[API] Create user should return 400_BAD_REQUEST when send create user request with invalid data. Case: 'state' length = min - 1","tests.api.user","2026-07-27","skipped","2026-07-27","TestCreateUserApi","test_create_user","",""
"","3232","[WEB] Sign up with valid data. Case: 'birth_year' = 10000","tests.web.component.auth","2026-07-27","passed","2026-07-27","TestSignUpWeb","test_signup_component","",""
"","115","[API] Create user should return 200_OK when send create user request with valid data. Case: 'last_name' length = max","tests.api.user","2026-07-27","passed","2026-07-27","TestCreateUserApi","test_create_user","",""
"","4037","[WEB] Sign up with valid data. Case: 'company' length = max - 1","tests.web.component.auth","2026-07-27","passed","2026-07-27","TestSignUpWeb","test_signup_component","",""
