"DESCRIPTION","DURATION IN MS","NAME","PARENT SUITE","START TIME","STATUS","STOP TIME","SUB SUITE","SUITE","TEST CLASS","TEST METHOD"
"","649","[WEB] Should add product review with valid data. Case: 'email' has not exists email service","tests.web.component.review","2026-06-15","passed","2026-06-15","TestReviewComponent","test_review_component","",""
"","0","[WEB] Should not add product review with invalid data. Case: 'email' not contains '@' symbol","tests.web.component.review","2026-06-15","skipped","2026-06-15","TestReviewComponent","test_review_component","",""
"","630","[API] Update user should return 200_OK when send update user request with valid data. Case: 'zipcode' length = max - 1","tests.api.user","2026-06-15","passed","2026-06-15","TestUpdateUserApi","test_update_user","",""
"","0","[API] Update user should return 400_BAD_REQUEST when send update user request with invalid data. Case: 'address2' is empty","tests.api.user","2026-06-15","skipped","2026-06-15","TestUpdateUserApi","test_update_user","",""
"","0","[API] Update user should return 400_BAD_REQUEST when send update user request with invalid data. Case: 'email' contains '-' after '@'","tests.api.user","2026-06-15","skipped","2026-06-15","TestUpdateUserApi","test_update_user","",""
"","0","[API] Create user should return 400_BAD_REQUEST when send create user request with invalid data. Case: 'first_name' is absent","tests.api.user","2026-06-15","skipped","2026-06-15","TestCreateUserApi","test_create_user","",""
"","0","[API] Create user should return 400_BAD_REQUEST when send create user request with invalid data. Case: 'birth_day' is zero","tests.api.user","2026-06-15","skipped","2026-06-15","TestCreateUserApi","test_create_user","",""
"","343","[API] Create user should return 200_OK when send create user request with valid data. Case: 'zipcode' length = max","tests.api.user","2026-06-15","passed","2026-06-15","TestCreateUserApi","test_create_user","",""
"","0","[WEB] Should not add product review with invalid data. Case: 'name' length = max + 1","tests.web.component.review","2026-06-15","skipped","2026-06-15","TestReviewComponent","test_review_component","",""
"","5641","[WEB] Sign up with valid data. Case: 'birth_day' = 1","tests.web.component.auth","2026-06-15","passed","2026-06-15","TestSignUpWeb","test_signup_component","",""
"","847","[WEB] Sign in with invalid credentials. Case: {case_title}","tests.web.component.auth","2026-06-15","passed","2026-06-15","TestLoginWeb","test_login_component","",""
"","0","[API] Create user should return 400_BAD_REQUEST when send create user request with invalid data. Case: 'email' contains '-' after '@'","tests.api.user","2026-06-15","skipped","2026-06-15","TestCreateUserApi","test_create_user","",""
"","0","[WEB Component] Pay with invalid card should show error message. Case: expiry month = 00","tests.web.component.payment","2026-06-15","skipped","2026-06-15","TestPaymentComponent","test_payment_component","",""
"","0","[WEB] Sign up with invalid data. Case: 'address2' length = min + 1","tests.web.component.auth","2026-06-15","skipped","2026-06-15","TestSignUpWeb","test_signup_component","",""
"","0","[WEB] Should not add product review with invalid data. Case: 'message' length = max - 1","tests.web.component.review","2026-06-15","skipped","2026-06-15","TestReviewComponent","test_review_component","",""
"","1382","[WEB Component] Page scroller scroll page to top","tests.web.component.base","2026-06-15","passed","2026-06-15","TestPageScrollerComponent","test_page_scroller_component","",""
"","1792","[WEB Component] Should add product to cart when click on add to cart button","tests.web.component.product","2026-06-15","passed","2026-06-15","TestProductCard","test_product_details_component","",""
"","0","[API] Create user should return 400_BAD_REQUEST when send create user request with invalid data. Case: 'city' length = min - 1","tests.api.user","2026-06-15","skipped","2026-06-15","TestCreateUserApi","test_create_user","",""
"","0","[API] Create user should return 400_BAD_REQUEST when send create user request with invalid data. Case: 'address1' length = min - 1","tests.api.user","2026-06-15","skipped","2026-06-15","TestCreateUserApi","test_create_user","",""
"","3483","[WEB Component] Should increase product item quantity","tests.web.component.product","2026-06-15","passed","2026-06-15","TestProductItem","test_product_item","",""
"","0","[API] Update user should return 400_BAD_REQUEST when send update user request with invalid data. Case: 'email' contains only special symbols","tests.api.user","2026-06-15","skipped","2026-06-15","TestUpdateUserApi","test_update_user","",""
"","3290","[WEB] Sign up with valid data. Case: 'last_name' length = min + 1","tests.web.component.auth","2026-06-15","passed","2026-06-15","TestSignUpWeb","test_signup_component","",""
"","239","[API] Update user should return 200_OK when send update user request with valid data. Case: 'name' length = min + 1","tests.api.user","2026-06-15","passed","2026-06-15","TestUpdateUserApi","test_update_user","",""
"","3997","[WEB] Sign up with valid data. Case: 'address1' length = min + 1","tests.web.component.auth","2026-06-15","passed","2026-06-15","TestSignUpWeb","test_signup_component","",""
"","5447","[WEB] Sign up with valid data. Case: 'state' length = max","tests.web.component.auth","2026-06-15","passed","2026-06-15","TestSignUpWeb","test_signup_component","",""
"","1188","[WEB Component] Should navigate to main page by click on header logo","tests.web.component.base","2026-06-15","passed","2026-06-15","TestHeaderComponent","test_header_component","",""
"","426","[API] Create user should return 200_OK when send create user request with valid data. Case: 'state' length = max","tests.api.user","2026-06-15","passed","2026-06-15","TestCreateUserApi","test_create_user","",""
"","2329","[WEB Component] Products Carousel should show next products when scroll right","tests.web.component.carousel","2026-06-15","passed","2026-06-15","TestProductCarousel","test_product_carousel","",""
"","9671","[WEB] Sign up with valid data. Case: 'name' length = max - 1","tests.web.component.auth","2026-06-15","passed","2026-06-15","TestSignUpWeb","test_signup_component","",""
"","0","[API] Update user should return 400_BAD_REQUEST when send update user request with invalid data. Case: 'email' contains username hieroglyphs instead of username","tests.api.user","2026-06-15","skipped","2026-06-15","TestUpdateUserApi","test_update_user","",""
"","5834","[WEB Component] Category filter should have expected screenshot when group expanded","tests.web.component.filter","2026-06-15","failed","2026-06-15","TestCategoryFilter","test_category_filter","",""
"","5912","[WEB] Sign up with valid data. Case: 'zipcode' length = max","tests.web.component.auth","2026-06-15","passed","2026-06-15","TestSignUpWeb","test_signup_component","",""
"","0","[API] Update user should return 400_BAD_REQUEST when send update user request with invalid data. Case: 'state' is absent","tests.api.user","2026-06-15","skipped","2026-06-15","TestUpdateUserApi","test_update_user","",""
"","0","[WEB] Should not add product review with invalid data. Case: 'name' length = min - 1","tests.web.component.review","2026-06-15","skipped","2026-06-15","TestReviewComponent","test_review_component","",""
"","0","[API] Update user should return 400_BAD_REQUEST when send update user request with invalid data. Case: 'zipcode' is empty","tests.api.user","2026-06-15","skipped","2026-06-15","TestUpdateUserApi","test_update_user","",""
"","0","[API] Update user should return 400_BAD_REQUEST when send update user request with invalid data. Case: 'email' contains multiple '@' symbols","tests.api.user","2026-06-15","skipped","2026-06-15","TestUpdateUserApi","test_update_user","",""
"","0","[WEB] Should not add product review with invalid data. Case: 'message' length = min","tests.web.component.review","2026-06-15","skipped","2026-06-15","TestReviewComponent","test_review_component","",""
"","0","[API] Update user should return 400_BAD_REQUEST when send update user request with invalid data. Case: 'email' not contains username","tests.api.user","2026-06-15","skipped","2026-06-15","TestUpdateUserApi","test_update_user","",""
"","0","[WEB] Sign up with invalid data. Case: 'city' length = max - 1","tests.web.component.auth","2026-06-15","skipped","2026-06-15","TestSignUpWeb","test_signup_component","",""
"","423","[API] Update user should return 200_OK when send update user request with valid data. Case: 'zipcode' length = min","tests.api.user","2026-06-15","passed","2026-06-15","TestUpdateUserApi","test_update_user","",""
"","4786","[WEB] Sign up with valid data. Case: 'mobile_number' length = min","tests.web.component.auth","2026-06-15","passed","2026-06-15","TestSignUpWeb","test_signup_component","",""
"","0","[WEB] Sign up with invalid data. Case: 'last_name' length = max","tests.web.component.auth","2026-06-15","skipped","2026-06-15","TestSignUpWeb","test_signup_component","",""
"","0","[API] Create user should return 400_BAD_REQUEST when send create user request with invalid data. Case: 'email' is empty","tests.api.user","2026-06-15","skipped","2026-06-15","TestCreateUserApi","test_create_user","",""
"","1121","[WEB Component] Brand filter should have expected screenshot","tests.web.component.filter","2026-06-15","passed","2026-06-15","TestBrandFilter","test_brand_filter","",""
"","2372","[WEB Component] Image Carousel should show previous image when scroll left","tests.web.component.carousel","2026-06-15","passed","2026-06-15","TestImageCarousel","test_image_carousel","",""
"","0","[API] Update user should return 400_BAD_REQUEST when send update user request with invalid data. Case: 'email' contains invalid top level domain web","tests.api.user","2026-06-15","skipped","2026-06-15","TestUpdateUserApi","test_update_user","",""
"","0","[API] Create user should return 400_BAD_REQUEST when send create user request with invalid data. Case: 'zipcode' is absent","tests.api.user","2026-06-15","skipped","2026-06-15","TestCreateUserApi","test_create_user","",""
"","254","[API] Create user should return 200_OK when send create user request with valid data. Case: 'first_name' length = min + 1","tests.api.user","2026-06-15","passed","2026-06-15","TestCreateUserApi","test_create_user","",""
"","6172","[WEB Component] Can download invoice multiple times","tests.web.component.payment","2026-06-15","passed","2026-06-15","TestPaymentComponent","test_invoice_file","",""
"","0","[API] Update user should return 400_BAD_REQUEST when send update user request with invalid data. Case: 'mobile_number' is empty","tests.api.user","2026-06-15","skipped","2026-06-15","TestUpdateUserApi","test_update_user","",""
"","343","[API] Create user should return 200_OK when send create user request with valid data. Case: 'birth_month' = 12","tests.api.user","2026-06-15","passed","2026-06-15","TestCreateUserApi","test_create_user","",""
"","0","[WEB Component] Pay with invalid card should show error message. Case: expiry year contains letters","tests.web.component.payment","2026-06-15","skipped","2026-06-15","TestPaymentComponent","test_payment_component","",""
"","0","[API] Update user should return 400_BAD_REQUEST when send update user request with invalid data. Case: 'first_name' is empty","tests.api.user","2026-06-15","skipped","2026-06-15","TestUpdateUserApi","test_update_user","",""
"","0","[WEB Component] Pay with invalid card should show error message. Case: expiry year in the past","tests.web.component.payment","2026-06-15","skipped","2026-06-15","TestPaymentComponent","test_payment_component","",""
"","417","[WEB Component] Billing address has expected data","tests.web.component.address","2026-06-15","passed","2026-06-15","TestAddressComponent","test_address_component","",""
"","0","[API] Create user should return 400_BAD_REQUEST when send create user request with invalid data. Case: 'last_name' length = max + 1","tests.api.user","2026-06-15","skipped","2026-06-15","TestCreateUserApi","test_create_user","",""
"","0","[WEB Component] Pay with invalid card should show error message. Case: card number contains spaces","tests.web.component.payment","2026-06-15","skipped","2026-06-15","TestPaymentComponent","test_payment_component","",""
"","2337","[WEB Component] Image Carousel should show first image when scroll right on last image","tests.web.component.carousel","2026-06-15","passed","2026-06-15","TestImageCarousel","test_image_carousel","",""
"","0","[WEB] Sign up with invalid data. Case: 'company' length = max - 1","tests.web.component.auth","2026-06-15","skipped","2026-06-15","TestSignUpWeb","test_signup_component","",""
"","3462","[WEB] Sign up with valid data. Case: 'last_name' length = max - 1","tests.web.component.auth","2026-06-15","passed","2026-06-15","TestSignUpWeb","test_signup_component","",""
"","0","[WEB] Sign up with invalid data. Case: 'birth_year' = 1","tests.web.component.auth","2026-06-15","skipped","2026-06-15","TestSignUpWeb","test_signup_component","",""
"","0","[API] Create user should return 400_BAD_REQUEST when send create user request with invalid data. Case: 'state' is absent","tests.api.user","2026-06-15","skipped","2026-06-15","TestCreateUserApi","test_create_user","",""
"","0","[API] Update user should return 400_BAD_REQUEST when send update user request with invalid data. Case: 'email' contains mail server as ip and port","tests.api.user","2026-06-15","skipped","2026-06-15","TestUpdateUserApi","test_update_user","",""
"","434","[API] Create user should return 200_OK when send create user request with valid data. Case: 'birth_day' length = 31","tests.api.user","2026-06-15","passed","2026-06-15","TestCreateUserApi","test_create_user","",""
"","0","[WEB Component] Pay with invalid card should show error message. Case: name length = max + 1","tests.web.component.payment","2026-06-15","skipped","2026-06-15","TestPaymentComponent","test_payment_component","",""
"","0","[WEB Component] Pay with invalid card should show error message. Case: card number contains letters","tests.web.component.payment","2026-06-15","skipped","2026-06-15","TestPaymentComponent","test_payment_component","",""
"","0","[WEB] Sign up with invalid data. Case: 'address2' length = max","tests.web.component.auth","2026-06-15","skipped","2026-06-15","TestSignUpWeb","test_signup_component","",""
"","0","[API] Create user should return 400_BAD_REQUEST when send create user request with invalid data. Case: 'mobile_number' has invalid format","tests.api.user","2026-06-15","skipped","2026-06-15","TestCreateUserApi","test_create_user","",""
"","0","[API] Create user should return 400_BAD_REQUEST when send create user request with invalid data. Case: 'email' contains text after domain","tests.api.user","2026-06-15","skipped","2026-06-15","TestCreateUserApi","test_create_user","",""
"","534","[WEB Component] Pay with valid card should show success status message. Case: valid: name max length","tests.web.component.payment","2026-06-15","passed","2026-06-15","TestPaymentComponent","test_payment_component","",""
"","388","[WEB Component] Delivery address has expected data","tests.web.component.address","2026-06-15","passed","2026-06-15","TestAddressComponent","test_address_component","",""
"","357","[WEB Component] Subscription component should have expected screenshot","tests.web.component.base","2026-06-15","passed","2026-06-15","TestSubscriptionComponent","test_subscription_component","",""
"","0","[API] Update user should return 400_BAD_REQUEST when send update user request with invalid data. Case: 'birth_year' is negative","tests.api.user","2026-06-15","skipped","2026-06-15","TestUpdateUserApi","test_update_user","",""
"","0","[WEB Component] Pay with invalid card should show error message. Case: cvc contains letters","tests.web.component.payment","2026-06-15","skipped","2026-06-15","TestPaymentComponent","test_payment_component","",""
"","0","[API] Update user should return 400_BAD_REQUEST when send update user request with invalid data. Case: 'zipcode' length = min - 1","tests.api.user","2026-06-15","skipped","2026-06-15","TestUpdateUserApi","test_update_user","",""
"","0","[API] Create user should return 400_BAD_REQUEST when send create user request with invalid data. Case: 'birth_day' is absent","tests.api.user","2026-06-15","skipped","2026-06-15","TestCreateUserApi","test_create_user","",""
"","0","[API] Create user should return 400_BAD_REQUEST when send create user request with invalid data. Case: 'city' length = max + 1","tests.api.user","2026-06-15","skipped","2026-06-15","TestCreateUserApi","test_create_user","",""
"","0","[API] Update user should return 400_BAD_REQUEST when send update user request with invalid data. Case: 'company' length = min - 1","tests.api.user","2026-06-15","skipped","2026-06-15","TestUpdateUserApi","test_update_user","",""
"","792","[WEB Component] Should navigate to login page by click 'Signup / Login' button","tests.web.component.base","2026-06-15","passed","2026-06-15","TestHeaderComponent","test_header_component","",""
"","261","[API] Create user should return 200_OK when send create user request with valid data. Case: 'company' length = min + 1","tests.api.user","2026-06-15","passed","2026-06-15","TestCreateUserApi","test_create_user","",""
"","3856","[WEB] Sign up with valid data. Case: 'city' length = min + 1","tests.web.component.auth","2026-06-15","passed","2026-06-15","TestSignUpWeb","test_signup_component","",""
"","378","[API] Create user should return 200_OK when send create user request with valid data. Case: 'last_name' length = max","tests.api.user","2026-06-15","passed","2026-06-15","TestCreateUserApi","test_create_user","",""
"","0","[API] Update user should return 400_BAD_REQUEST when send update user request with invalid data. Case: 'address1' length = max + 1","tests.api.user","2026-06-15","skipped","2026-06-15","TestUpdateUserApi","test_update_user","",""
"","0","[API] Create user should return 400_BAD_REQUEST when send create user request with invalid data. Case: 'first_name' length = min - 1","tests.api.user","2026-06-15","skipped","2026-06-15","TestCreateUserApi","test_create_user","",""
"","1269","[WEB Component] Product item should have expected data","tests.web.component.product","2026-06-15","passed","2026-06-15","TestProductItem","test_product_item","",""
"","0","[WEB] Sign up with invalid data. Case: 'state' length = min + 1","tests.web.component.auth","2026-06-15","skipped","2026-06-15","TestSignUpWeb","test_signup_component","",""
"","458","[WEB Component] Should add product to cart when click on add to cart button","tests.web.component.product","2026-06-15","passed","2026-06-15","TestAnimatedProductCard","test_animated_product_card_component","",""
"","652","[API] Update user should return 200_OK when send update user request with valid data. Case: 'city' length = min","tests.api.user","2026-06-15","passed","2026-06-15","TestUpdateUserApi","test_update_user","",""
"","0","[WEB Component] Pay with invalid card should show error message. Case: expiry year too long","tests.web.component.payment","2026-06-15","skipped","2026-06-15","TestPaymentComponent","test_payment_component","",""
"","0","[WEB] Sign up with invalid data. Case: 'first_name' length = max","tests.web.component.auth","2026-06-15","skipped","2026-06-15","TestSignUpWeb","test_signup_component","",""
"","120","[API] Create user should return 200_OK when send create user request with valid data. Case: 'name' length = max","tests.api.user","2026-06-15","passed","2026-06-15","TestCreateUserApi","test_create_user","",""
"","577","[WEB] Should add product review with valid data. Case: 'name' length = max","tests.web.component.review","2026-06-15","passed","2026-06-15","TestReviewComponent","test_review_component","",""
"","0","[WEB Component] Pay with invalid card should show error message. Case: name contains trailing spaces","tests.web.component.payment","2026-06-15","skipped","2026-06-15","TestPaymentComponent","test_payment_component","",""
"","0","[API] Update user should return 400_BAD_REQUEST when send update user request with invalid data. Case: 'mobile_number' has invalid format","tests.api.user","2026-06-15","skipped","2026-06-15","TestUpdateUserApi","test_update_user","",""
"","0","[API] Update user should return 400_BAD_REQUEST when send update user request with invalid data. Case: 'name' is empty","tests.api.user","2026-06-15","skipped","2026-06-15","TestUpdateUserApi","test_update_user","",""
"","483","[WEB] Should add product review with valid data. Case: 'email' username contains only underscore '-'","tests.web.component.review","2026-06-15","passed","2026-06-15","TestReviewComponent","test_review_component","",""
"","0","[WEB] Sign up with invalid data. Case: 'zipcode' length = max","tests.web.component.auth","2026-06-15","skipped","2026-06-15","TestSignUpWeb","test_signup_component","",""
"","0","[API] Update user should return 400_BAD_REQUEST when send update user request with invalid data. Case: 'last_name' is absent","tests.api.user","2026-06-15","skipped","2026-06-15","TestUpdateUserApi","test_update_user","",""
"","528","[API] Create user should return 200_OK when send create user request with valid data. Case: 'city' length = max","tests.api.user","2026-06-15","passed","2026-06-15","TestCreateUserApi","test_create_user","",""
"","4078","[WEB] Sign up with valid data. Case: 'address2' length = min","tests.web.component.auth","2026-06-15","passed","2026-06-15","TestSignUpWeb","test_signup_component","",""
"","0","[API] Update user should return 400_BAD_REQUEST when send update user request with invalid data. Case: 'birth_month' is absent","tests.api.user","2026-06-15","skipped","2026-06-15","TestUpdateUserApi","test_update_user","",""
"","105","test_search_products_returns_empty_array","tests.api.product","2026-06-15","passed","2026-06-15","TestProductApi","test_product","",""
"","942","[API] Create user should return 200_OK when send create user request with valid data. Case: 'address2' length = max - 1","tests.api.user","2026-06-15","passed","2026-06-15","TestCreateUserApi","test_create_user","",""
"","0","[WEB] Sign up with invalid data. Case: 'address1' length = min + 1","tests.web.component.auth","2026-06-15","skipped","2026-06-15","TestSignUpWeb","test_signup_component","",""
"","190","[API] Get user should return 200_OK when send get user request and user exists","tests.api.user","2026-06-15","passed","2026-06-15","TestGetUserApi","test_get_user","",""
"","424","[API] Update user should return 200_OK when send update user request with valid data. Case: 'last_name' length = max - 1","tests.api.user","2026-06-15","passed","2026-06-15","TestUpdateUserApi","test_update_user","",""
"","2050","[WEB Component] Pay with valid card should show success status message. Case: valid: cvc typical","tests.web.component.payment","2026-06-15","passed","2026-06-15","TestPaymentComponent","test_payment_component","",""
"","1197","[WEB Component] Category filter should have expected screenshot when collapsed","tests.web.component.filter","2026-06-15","passed","2026-06-15","TestCategoryFilter","test_category_filter","",""
"","249","[API] Update user should return 200_OK when send update user request with valid data. Case: 'name' length = min","tests.api.user","2026-06-15","passed","2026-06-15","TestUpdateUserApi","test_update_user","",""
"","787","[API] Update user should return 200_OK when send update user request with valid data. Case: 'mobile_number' length = max","tests.api.user","2026-06-15","passed","2026-06-15","TestUpdateUserApi","test_update_user","",""
"","150","[API] Create user should return 200_OK when send create user request with valid data. Case: 'zipcode' length = max - 1","tests.api.user","2026-06-15","passed","2026-06-15","TestCreateUserApi","test_create_user","",""
"","0","[WEB] Sign up with invalid data. Case: 'birth_day' length = 31","tests.web.component.auth","2026-06-15","skipped","2026-06-15","TestSignUpWeb","test_signup_component","",""
"","4243","[WEB] Sign up with valid data. Case: 'address2' length = min + 1","tests.web.component.auth","2026-06-15","passed","2026-06-15","TestSignUpWeb","test_signup_component","",""
"","598","[API] Update user should return 200_OK when send update user request with valid data. Case: 'address2' length = max - 1","tests.api.user","2026-06-15","passed","2026-06-15","TestUpdateUserApi","test_update_user","",""
"","0","[API] Update user should return 400_BAD_REQUEST when send update user request with invalid data. Case: 'email' not contains domain","tests.api.user","2026-06-15","skipped","2026-06-15","TestUpdateUserApi","test_update_user","",""
"","0","[WEB] Sign up with invalid data. Case: 'first_name' length = min","tests.web.component.auth","2026-06-15","skipped","2026-06-15","TestSignUpWeb","test_signup_component","",""
"","0","[WEB] Should not add product review with invalid data. Case: 'email' contains text after domain","tests.web.component.review","2026-06-15","skipped","2026-06-15","TestReviewComponent","test_review_component","",""
"","1966","[WEB Component] Pay with valid card should show success status message. Case: valid: expiry month max","tests.web.component.payment","2026-06-15","passed","2026-06-15","TestPaymentComponent","test_payment_component","",""
"","134","[API] Create user should return 200_OK when send create user request with valid data. Case: 'last_name' length = max - 1","tests.api.user","2026-06-15","passed","2026-06-15","TestCreateUserApi","test_create_user","",""
"","464","[WEB Component] Header has expected screenshot","tests.web.component.base","2026-06-15","passed","2026-06-15","TestHeaderComponent","test_header_component","",""
"","0","[WEB Component] Pay with invalid card should show error message. Case: name contains leading spaces","tests.web.component.payment","2026-06-15","skipped","2026-06-15","TestPaymentComponent","test_payment_component","",""
"","0","[API] Update user should return 400_BAD_REQUEST when send update user request with invalid data. Case: 'last_name' length = max + 1","tests.api.user","2026-06-15","skipped","2026-06-15","TestUpdateUserApi","test_update_user","",""
"","400","[API] Update user should return 200_OK when send update user request with valid data. Case: 'state' length = min + 1","tests.api.user","2026-06-15","passed","2026-06-15","TestUpdateUserApi","test_update_user","",""
"","0","[API] Create user should return 400_BAD_REQUEST when send create user request with invalid data. Case: 'last_name' is empty","tests.api.user","2026-06-15","skipped","2026-06-15","TestCreateUserApi","test_create_user","",""
"","0","[API] Create user should return 400_BAD_REQUEST when send create user request with invalid data. Case: 'zipcode' length = min - 1","tests.api.user","2026-06-15","skipped","2026-06-15","TestCreateUserApi","test_create_user","",""
"","0","[WEB] Sign up with invalid data. Case: 'address1' length = max","tests.web.component.auth","2026-06-15","skipped","2026-06-15","TestSignUpWeb","test_signup_component","",""
"","0","[API] Update user should return 400_BAD_REQUEST when send update user request with invalid data. Case: 'mobile_number' is absent","tests.api.user","2026-06-15","skipped","2026-06-15","TestUpdateUserApi","test_update_user","",""
"","0","[API] Create user should return 400_BAD_REQUEST when send create user request with invalid data. Case: 'email' contains only special symbols","tests.api.user","2026-06-15","skipped","2026-06-15","TestCreateUserApi","test_create_user","",""
"","3688","[WEB] Sign up with valid data. Case: 'name' length = max","tests.web.component.auth","2026-06-15","passed","2026-06-15","TestSignUpWeb","test_signup_component","",""
"","148","[API] Create user should return 200_OK when send create user request with valid data. Case: 'birth_day' = 1","tests.api.user","2026-06-15","passed","2026-06-15","TestCreateUserApi","test_create_user","",""
"","0","[WEB Component] Pay with invalid card should show error message. Case: expiry month is empty","tests.web.component.payment","2026-06-15","skipped","2026-06-15","TestPaymentComponent","test_payment_component","",""
"","657","[API] Create user should return 200_OK when send create user request with valid data. Case: 'city' length = max - 1","tests.api.user","2026-06-15","passed","2026-06-15","TestCreateUserApi","test_create_user","",""
"","126","[API] Create user should return 200_OK when send create user request with valid data. Case: 'company' length = max - 1","tests.api.user","2026-06-15","passed","2026-06-15","TestCreateUserApi","test_create_user","",""
"","1061","[WEB Component] Add product to cart from product carousel","tests.web.component.carousel","2026-06-15","passed","2026-06-15","TestProductCarousel","test_product_carousel","",""
"","1622","[WEB Component] Pay with valid card should show success status message. Case: valid: name min length","tests.web.component.payment","2026-06-15","passed","2026-06-15","TestPaymentComponent","test_payment_component","",""
"","0","[API] Update user should return 400_BAD_REQUEST when send update user request with invalid data. Case: 'zipcode' has invalid format","tests.api.user","2026-06-15","skipped","2026-06-15","TestUpdateUserApi","test_update_user","",""
"","0","[API] Create user should return 400_BAD_REQUEST when send create user request with invalid data. Case: 'state' is empty","tests.api.user","2026-06-15","skipped","2026-06-15","TestCreateUserApi","test_create_user","",""
"","0","[API] Create user should return 400_BAD_REQUEST when send create user request with invalid data. Case: 'birth_year' is negative","tests.api.user","2026-06-15","skipped","2026-06-15","TestCreateUserApi","test_create_user","",""
"","0","[API] Create user should return 400_BAD_REQUEST when send create user request with invalid data. Case: 'address2' length = min - 1","tests.api.user","2026-06-15","skipped","2026-06-15","TestCreateUserApi","test_create_user","",""
"","2445","[WEB Component] Image Carousel should show next image when scroll right","tests.web.component.carousel","2026-06-15","passed","2026-06-15","TestImageCarousel","test_image_carousel","",""
"","568","[WEB] Should add product review with valid data. Case: 'message' length = min + 1","tests.web.component.review","2026-06-15","passed","2026-06-15","TestReviewComponent","test_review_component","",""
"","1311","[WEB Component] Search filter should have expected screenshot","tests.web.component.filter","2026-06-15","passed","2026-06-15","TestSearchFilter","test_search_filter","",""
"","1251","[WEB Component] Products Carousel should show previous image when scroll left","tests.web.component.carousel","2026-06-15","passed","2026-06-15","TestProductCarousel","test_product_carousel","",""
"","336","[API] Create user should return 200_OK when send create user request with valid data. Case: 'zipcode' length = min + 1","tests.api.user","2026-06-15","passed","2026-06-15","TestCreateUserApi","test_create_user","",""
"","4395","[WEB] Sign up with valid data. Case: 'zipcode' length = min + 1","tests.web.component.auth","2026-06-15","passed","2026-06-15","TestSignUpWeb","test_signup_component","",""
"","1186","[WEB Component] Brand filter should filters products by brand","tests.web.component.filter","2026-06-15","passed","2026-06-15","TestBrandFilter","test_brand_filter","",""
"","0","[API] Create user should return 400_BAD_REQUEST when send create user request with invalid data. Case: 'city' is empty","tests.api.user","2026-06-15","skipped","2026-06-15","TestCreateUserApi","test_create_user","",""
"","5854","[WEB Component] Category filter group should be collapsed after collapse expanded group","tests.web.component.filter","2026-06-15","passed","2026-06-15","TestCategoryFilter","test_category_filter","",""
"","359","[API] Update user should return 200_OK when send update user request with valid data. Case: 'address2' length = max","tests.api.user","2026-06-15","passed","2026-06-15","TestUpdateUserApi","test_update_user","",""
"","4025","[WEB Component] Invoice should have expected price","tests.web.component.payment","2026-06-15","passed","2026-06-15","TestPaymentComponent","test_invoice_file","",""
"","412","[API] Create user should return 200_OK when send create user request with valid data. Case: 'city' length = min","tests.api.user","2026-06-15","passed","2026-06-15","TestCreateUserApi","test_create_user","",""
"","193","[API] Update user should return 200_OK when send update user request with valid data. Case: 'company' length = min","tests.api.user","2026-06-15","passed","2026-06-15","TestUpdateUserApi","test_update_user","",""
"","482","[WEB] Should add product review with valid data. Case: 'email' username contains '-'","tests.web.component.review","2026-06-15","passed","2026-06-15","TestReviewComponent","test_review_component","",""
"","0","[API] Create user should return 400_BAD_REQUEST when send create user request with invalid data. Case: 'first_name' is empty","tests.api.user","2026-06-15","skipped","2026-06-15","TestCreateUserApi","test_create_user","",""
"","9800","Purchase products with login before checkout","tests.web.e2e","2026-06-15","passed","2026-06-15","TestPlaceOrder","test_place_order","",""
"","0","[WEB Component] Pay with invalid card should show error message. Case: expiry month only spaces","tests.web.component.payment","2026-06-15","skipped","2026-06-15","TestPaymentComponent","test_payment_component","",""
"","0","[WEB] Sign up with invalid data. Case: 'state' length = min","tests.web.component.auth","2026-06-15","skipped","2026-06-15","TestSignUpWeb","test_signup_component","",""
"","0","[WEB Component] Pay with invalid card should show error message. Case: card number contains dashes","tests.web.component.payment","2026-06-15","skipped","2026-06-15","TestPaymentComponent","test_payment_component","",""
"","4834","[WEB] Sign up with valid data. Case: 'address1' length = max","tests.web.component.auth","2026-06-15","passed","2026-06-15","TestSignUpWeb","test_signup_component","",""
"","0","[API] Update user should return 400_BAD_REQUEST when send update user request with invalid data. Case: 'last_name' length = min - 1","tests.api.user","2026-06-15","skipped","2026-06-15","TestUpdateUserApi","test_update_user","",""
"","832","[WEB Component] Should subscribe with valid email","tests.web.component.base","2026-06-15","passed","2026-06-15","TestSubscriptionComponent","test_subscription_component","",""
"","0","[WEB Component] Pay with invalid card should show error message. Case: expiry month = 13","tests.web.component.payment","2026-06-15","skipped","2026-06-15","TestPaymentComponent","test_payment_component","",""
"","610","[WEB Component] Animated product card should have expected data","tests.web.component.product","2026-06-15","passed","2026-06-15","TestAnimatedProductCard","test_animated_product_card_component","",""
"","746","[API] Create user should return 200_OK when send create user request with valid data. Case: 'state' length = min","tests.api.user","2026-06-15","passed","2026-06-15","TestCreateUserApi","test_create_user","",""
"","0","[API] Create user should return 400_BAD_REQUEST when send create user request with invalid data. Case: 'birth_day' is invalid positive","tests.api.user","2026-06-15","skipped","2026-06-15","TestCreateUserApi","test_create_user","",""
"","583","[WEB] Should add product review with valid data. Case: 'email' username contains '+'","tests.web.component.review","2026-06-15","passed","2026-06-15","TestReviewComponent","test_review_component","",""
"","0","[API] Update user should return 400_BAD_REQUEST when send update user request with invalid data. Case: 'birth_month' is negative","tests.api.user","2026-06-15","skipped","2026-06-15","TestUpdateUserApi","test_update_user","",""
"","0","[API] Update user should return 400_BAD_REQUEST when send update user request with invalid data. Case: 'state' is empty","tests.api.user","2026-06-15","skipped","2026-06-15","TestUpdateUserApi","test_update_user","",""
"","682","[WEB] Should add product review with valid data. Case: 'email' username contains '.'","tests.web.component.review","2026-06-15","passed","2026-06-15","TestReviewComponent","test_review_component","",""
"","0","[API] Create user should return 400_BAD_REQUEST when send create user request with invalid data. Case: 'last_name' length = min - 1","tests.api.user","2026-06-15","skipped","2026-06-15","TestCreateUserApi","test_create_user","",""
"","1736","[WEB Component] Pay with valid card should show success status message. Case: valid: future year","tests.web.component.payment","2026-06-15","passed","2026-06-15","TestPaymentComponent","test_payment_component","",""
"","0","[WEB] Should not add product review with invalid data. Case: 'email' contains mail server as ip and port","tests.web.component.review","2026-06-15","skipped","2026-06-15","TestReviewComponent","test_review_component","",""
"","0","[WEB] Sign up with invalid data. Case: 'birth_month' = 12","tests.web.component.auth","2026-06-15","skipped","2026-06-15","TestSignUpWeb","test_signup_component","",""
"","0","[API] Update user should return 400_BAD_REQUEST when send update user request with invalid data. Case: 'birth_month' is invalid positive","tests.api.user","2026-06-15","skipped","2026-06-15","TestUpdateUserApi","test_update_user","",""
"","4377","[WEB] Sign up with valid data. Case: 'address1' length = max - 1","tests.web.component.auth","2026-06-15","passed","2026-06-15","TestSignUpWeb","test_signup_component","",""
"","0","[API] Update user should return 400_BAD_REQUEST when send update user request with invalid data. Case: 'email' not contains '@' symbol","tests.api.user","2026-06-15","skipped","2026-06-15","TestUpdateUserApi","test_update_user","",""
"","408","[API] Update user should return 200_OK when send update user request with valid data. Case: 'zipcode' length = min + 1","tests.api.user","2026-06-15","passed","2026-06-15","TestUpdateUserApi","test_update_user","",""
"","0","[API] Update user should return 400_BAD_REQUEST when send update user request with invalid data. Case: 'address1' is empty","tests.api.user","2026-06-15","skipped","2026-06-15","TestUpdateUserApi","test_update_user","",""
"","3544","[WEB] Sign up with valid data. Case: 'first_name' length = min + 1","tests.web.component.auth","2026-06-15","passed","2026-06-15","TestSignUpWeb","test_signup_component","",""
"","0","[API] Update user should return 400_BAD_REQUEST when send update user request with invalid data. Case: 'email' contains text after domain","tests.api.user","2026-06-15","skipped","2026-06-15","TestUpdateUserApi","test_update_user","",""
"","565","[API] Update user should return 200_OK when send update user request with valid data. Case: 'zipcode' length = max","tests.api.user","2026-06-15","passed","2026-06-15","TestUpdateUserApi","test_update_user","",""
"","3392","[WEB] Sign up with valid data. Case: 'last_name' length = min","tests.web.component.auth","2026-06-15","passed","2026-06-15","TestSignUpWeb","test_signup_component","",""
"","431","[API] Create user should return 200_OK when send create user request with valid data. Case: 'address2' length = min","tests.api.user","2026-06-15","passed","2026-06-15","TestCreateUserApi","test_create_user","",""
"","1194","[API] Create user should return 200_OK when send create user request with valid data. Case: 'city' length = min + 1","tests.api.user","2026-06-15","passed","2026-06-15","TestCreateUserApi","test_create_user","",""
"","1849","[WEB] Should add product review with valid data. Case: 'message' length = max - 1","tests.web.component.review","2026-06-15","passed","2026-06-15","TestReviewComponent","test_review_component","",""
"","1916","[WEB Component] Pay with valid card should show success status message. Case: valid: 16 digits number","tests.web.component.payment","2026-06-15","passed","2026-06-15","TestPaymentComponent","test_payment_component","",""
"","651","[API] Update user should return 200_OK when send update user request with valid data. Case: 'city' length = max","tests.api.user","2026-06-15","passed","2026-06-15","TestUpdateUserApi","test_update_user","",""
"","0","[WEB] Should not add product review with invalid data. Case: 'email' contains only special symbols","tests.web.component.review","2026-06-15","skipped","2026-06-15","TestReviewComponent","test_review_component","",""
"","0","[API] Update user should return 400_BAD_REQUEST when send update user request with invalid data. Case: 'city' is absent","tests.api.user","2026-06-15","skipped","2026-06-15","TestUpdateUserApi","test_update_user","",""
"","0","[WEB Component] Pay with invalid card should show error message. Case: card number only spaces","tests.web.component.payment","2026-06-15","skipped","2026-06-15","TestPaymentComponent","test_payment_component","",""
"","231","[API] Create user should return 200_OK when send create user request with valid data. Case: 'first_name' length = max","tests.api.user","2026-06-15","passed","2026-06-15","TestCreateUserApi","test_create_user","",""
"","935","[WEB Component] Product card should have expected data","tests.web.component.product","2026-06-15","failed","2026-06-15","TestProductCard","test_product_card_component","",""
"","1525","[WEB Component] Product details should have expected data","tests.web.component.product","2026-06-15","passed","2026-06-15","TestProductCard","test_product_details_component","",""
"","399","[API] Update user should return 200_OK when send update user request with valid data. Case: 'last_name' length = min","tests.api.user","2026-06-15","passed","2026-06-15","TestUpdateUserApi","test_update_user","",""
"","0","[API] Create user should return 400_BAD_REQUEST when send create user request with invalid data. Case: 'last_name' is absent","tests.api.user","2026-06-15","skipped","2026-06-15","TestCreateUserApi","test_create_user","",""
"","0","[WEB Component] Should not subscribe with invalid email","tests.web.component.base","2026-06-15","skipped","2026-06-15","TestSubscriptionComponent","test_subscription_component","",""
"","0","[WEB Component] Pay with invalid card should show error message. Case: cvc too long","tests.web.component.payment","2026-06-15","skipped","2026-06-15","TestPaymentComponent","test_payment_component","",""
"","1381","[WEB Component] Products Carousel should first products when scroll right on last image","tests.web.component.carousel","2026-06-15","passed","2026-06-15","TestProductCarousel","test_product_carousel","",""
"","587","Should return user not found when user password invalid","tests.api.user","2026-06-15","passed","2026-06-15","TestVerifyLoginApi","test_verify_login","",""
"","810","[WEB] Should have expected screenshot when send review","tests.web.component.review","2026-06-15","passed","2026-06-15","TestReviewComponent","test_review_component","",""
"","4641","[WEB] Sign up with valid data. Case: 'zipcode' length = min","tests.web.component.auth","2026-06-15","passed","2026-06-15","TestSignUpWeb","test_signup_component","",""
"","0","[API] Update user should return 400_BAD_REQUEST when send update user request with invalid data. Case: 'birth_day' is zero","tests.api.user","2026-06-15","skipped","2026-06-15","TestUpdateUserApi","test_update_user","",""
"","2113","[WEB Component] Product carousel should have expected product","tests.web.component.carousel","2026-06-15","failed","2026-06-15","TestProductCarousel","test_product_carousel","",""
"","0","[API] Create user should return 400_BAD_REQUEST when send create user request with invalid data. Case: 'email' contains text before username","tests.api.user","2026-06-15","skipped","2026-06-15","TestCreateUserApi","test_create_user","",""
"","576","[API] Update user should return 200_OK when send update user request with valid data. Case: 'state' length = max","tests.api.user","2026-06-15","passed","2026-06-15","TestUpdateUserApi","test_update_user","",""
"","0","[WEB] Sign up with invalid data. Case: 'birth_month' = 1","tests.web.component.auth","2026-06-15","skipped","2026-06-15","TestSignUpWeb","test_signup_component","",""
"","0","[API] Create user should return 400_BAD_REQUEST when send create user request with invalid data. Case: 'birth_year' is absent","tests.api.user","2026-06-15","skipped","2026-06-15","TestCreateUserApi","test_create_user","",""
"","599","[WEB] Should add product review with valid data. Case: 'name' length = min + 1","tests.web.component.review","2026-06-15","passed","2026-06-15","TestReviewComponent","test_review_component","",""
"","0","[API] Update user should return 400_BAD_REQUEST when send update user request with invalid data. Case: 'state' length = min - 1","tests.api.user","2026-06-15","skipped","2026-06-15","TestUpdateUserApi","test_update_user","",""
"","0","[WEB] Should not add product review with invalid data. Case: 'email' contains '-' after '@'","tests.web.component.review","2026-06-15","skipped","2026-06-15","TestReviewComponent","test_review_component","",""
"","452","[API] Create user should return 200_OK when send create user request with valid data. Case: 'name' length = min + 1","tests.api.user","2026-06-15","passed","2026-06-15","TestCreateUserApi","test_create_user","",""
"","0","[WEB] Sign up with invalid data. Case: 'state' length = max","tests.web.component.auth","2026-06-15","skipped","2026-06-15","TestSignUpWeb","test_signup_component","",""
"","0","[WEB] Sign up with invalid data. Case: 'city' length = max","tests.web.component.auth","2026-06-15","skipped","2026-06-15","TestSignUpWeb","test_signup_component","",""
"","0","[API] Create user should return 400_BAD_REQUEST when send create user request with invalid data. Case: 'name' length = max + 1","tests.api.user","2026-06-15","skipped","2026-06-15","TestCreateUserApi","test_create_user","",""
"","0","[WEB] Should not add product review with invalid data. Case: 'email' not contains domain","tests.web.component.review","2026-06-15","skipped","2026-06-15","TestReviewComponent","test_review_component","",""
"","461","[WEB Component] Header has expected screenshot when authorized","tests.web.component.base","2026-06-15","passed","2026-06-15","TestHeaderComponent","test_header_component","",""
"","304","[API] Update user should return 200_OK when send update user request with valid data. Case: 'address1' length = min + 1","tests.api.user","2026-06-15","passed","2026-06-15","TestUpdateUserApi","test_update_user","",""
"","1827","[API] Login should return 200_OK when send login request with valid data and contains csrf cookie","tests.api.auth","2026-06-15","passed","2026-06-15","TestAuthApi","test_auth","",""
"","3669","[WEB] Sign up with valid data. Case: 'company' length = max","tests.web.component.auth","2026-06-15","passed","2026-06-15","TestSignUpWeb","test_signup_component","",""
"","0","[WEB Component] Pay with invalid card should show error message. Case: card number too long","tests.web.component.payment","2026-06-15","skipped","2026-06-15","TestPaymentComponent","test_payment_component","",""
"","217","Should return user exists when user exists with email and password","tests.api.user","2026-06-15","passed","2026-06-15","TestVerifyLoginApi","test_verify_login","",""
"","3701","[WEB] Sign up with valid data. Case: 'last_name' length = max","tests.web.component.auth","2026-06-15","passed","2026-06-15","TestSignUpWeb","test_signup_component","",""
"","0","[WEB] Sign up with invalid data. Case: 'name' length = min + 1","tests.web.component.auth","2026-06-15","skipped","2026-06-15","TestSignUpWeb","test_signup_component","",""
"","282","[API] Update user should return 200_OK when send update user request with valid data. Case: 'name' length = max","tests.api.user","2026-06-15","passed","2026-06-15","TestUpdateUserApi","test_update_user","",""
"","529","[API] Update user should return 200_OK when send update user request with valid data. Case: 'mobile_number' length = max - 1","tests.api.user","2026-06-15","passed","2026-06-15","TestUpdateUserApi","test_update_user","",""
"","4956","[WEB] Sign up with valid data. Case: 'birth_month' = 12","tests.web.component.auth","2026-06-15","passed","2026-06-15","TestSignUpWeb","test_signup_component","",""
"","0","[API] Update user should return 400_BAD_REQUEST when send update user request with invalid data. Case: 'birth_month' is zero","tests.api.user","2026-06-15","skipped","2026-06-15","TestUpdateUserApi","test_update_user","",""
"","326","[API] Create user should return 200_OK when send create user request with valid data. Case: 'state' length = max - 1","tests.api.user","2026-06-15","passed","2026-06-15","TestCreateUserApi","test_create_user","",""
"","0","[WEB] Should not add product review with invalid data. Case: 'email' contains invalid top level domain web","tests.web.component.review","2026-06-15","skipped","2026-06-15","TestReviewComponent","test_review_component","",""
"","0","[API] Update user should return 400_BAD_REQUEST when send update user request with invalid data. Case: 'name' is absent","tests.api.user","2026-06-15","skipped","2026-06-15","TestUpdateUserApi","test_update_user","",""
"","912","[WEB Component] Search filter should filter products by query","tests.web.component.filter","2026-06-15","passed","2026-06-15","TestSearchFilter","test_search_filter","",""
"","0","[API] Update user should return 400_BAD_REQUEST when send update user request with invalid data. Case: 'address2' length = min - 1","tests.api.user","2026-06-15","skipped","2026-06-15","TestUpdateUserApi","test_update_user","",""
"","0","[WEB] Should not add product review with invalid data. Case: 'email' is empty","tests.web.component.review","2026-06-15","skipped","2026-06-15","TestReviewComponent","test_review_component","",""
"","413","[API] Update user should return 200_OK when send update user request with valid data. Case: 'address1' length = min","tests.api.user","2026-06-15","passed","2026-06-15","TestUpdateUserApi","test_update_user","",""
"","0","[API] Update user should return 400_BAD_REQUEST when send update user request with invalid data. Case: 'email' contains '.' before dog symbol","tests.api.user","2026-06-15","skipped","2026-06-15","TestUpdateUserApi","test_update_user","",""
"","0","[API] Create user should return 400_BAD_REQUEST when send create user request with invalid data. Case: 'name' length = min - 1","tests.api.user","2026-06-15","skipped","2026-06-15","TestCreateUserApi","test_create_user","",""
"","532","[API] Update user should return 200_OK when send update user request with valid data. Case: 'first_name' length = max - 1","tests.api.user","2026-06-15","passed","2026-06-15","TestUpdateUserApi","test_update_user","",""
"","0","[WEB] Sign up with invalid data. Case: 'city' length = min + 1","tests.web.component.auth","2026-06-15","skipped","2026-06-15","TestSignUpWeb","test_signup_component","",""
"","813","[API] Update user should return 200_OK when send update user request with valid data. Case: 'company' length = max","tests.api.user","2026-06-15","passed","2026-06-15","TestUpdateUserApi","test_update_user","",""
"","360","[API] Create user should return 200_OK when send create user request with valid data. Case: 'company' length = max","tests.api.user","2026-06-15","passed","2026-06-15","TestCreateUserApi","test_create_user","",""
"","138","[API] Create user should return 200_OK when send create user request with valid data. Case: 'last_name' length = min","tests.api.user","2026-06-15","passed","2026-06-15","TestCreateUserApi","test_create_user","",""
"","217","[API] Delete user should return 200_OK when send delete user request and user exists","tests.api.user","2026-06-15","passed","2026-06-15","TestDeleteUserApi","test_delete_user","",""
"","0","[WEB Component] Pay with invalid card should show error message. Case: name contains digits","tests.web.component.payment","2026-06-15","skipped","2026-06-15","TestPaymentComponent","test_payment_component","",""
"","0","[API] Create user should return 400_BAD_REQUEST when send create user request with invalid data. Case: 'state' length = max + 1","tests.api.user","2026-06-15","skipped","2026-06-15","TestCreateUserApi","test_create_user","",""
"","1741","[WEB Component] Pay with valid card should show success status message. Case: valid name contains multiple spaces","tests.web.component.payment","2026-06-15","passed","2026-06-15","TestPaymentComponent","test_payment_component","",""
"","0","[API] Create user should return 400_BAD_REQUEST when send create user request with invalid data. Case: 'email' contains multiple '@' symbols","tests.api.user","2026-06-15","skipped","2026-06-15","TestCreateUserApi","test_create_user","",""
"","0","[WEB] Should not add product review with invalid data. Case: 'message' length = min + 1","tests.web.component.review","2026-06-15","skipped","2026-06-15","TestReviewComponent","test_review_component","",""
"","270","[API] Update user should return 200_OK when send update user request with valid data. Case: 'birth_day' length = 31","tests.api.user","2026-06-15","passed","2026-06-15","TestUpdateUserApi","test_update_user","",""
"","0","[API] Create user should return 400_BAD_REQUEST when send create user request with invalid data. Case: 'birth_month' is zero","tests.api.user","2026-06-15","skipped","2026-06-15","TestCreateUserApi","test_create_user","",""
"","0","[WEB] Sign up with invalid data. Case: 'address2' length = min","tests.web.component.auth","2026-06-15","skipped","2026-06-15","TestSignUpWeb","test_signup_component","",""
"","10046","[WEB] Sign in with valid data","tests.web.component.auth","2026-06-15","passed","2026-06-15","TestLoginWeb","test_login_component","",""
"","1","[WEB] Sign up with invalid data. Case: 'first_name' length = min + 1","tests.web.component.auth","2026-06-15","skipped","2026-06-15","TestSignUpWeb","test_signup_component","",""
"","198","[API] Create user should return 400_BAD_REQUEST when send create user request with existing email","tests.api.user","2026-06-15","passed","2026-06-15","TestCreateUserApi","test_create_user","",""
"","429","[API] Create user should return 200_OK when send create user request with valid data. Case: 'address1' length = min","tests.api.user","2026-06-15","passed","2026-06-15","TestCreateUserApi","test_create_user","",""
"","0","[API] Create user should return 400_BAD_REQUEST when send create user request with invalid data. Case: 'email' not contains domain","tests.api.user","2026-06-15","skipped","2026-06-15","TestCreateUserApi","test_create_user","",""
"","68","[WEB Component] Should have all products expected total price","tests.web.component.product","2026-06-15","passed","2026-06-15","TestProductItem","test_product_item","",""
"","0","[WEB Component] Pay with invalid card should show error message. Case: card number contains special characters","tests.web.component.payment","2026-06-15","skipped","2026-06-15","TestPaymentComponent","test_payment_component","",""
"","0","[API] Update user should return 400_BAD_REQUEST when send update user request with invalid data. Case: 'first_name' length = min - 1","tests.api.user","2026-06-15","skipped","2026-06-15","TestUpdateUserApi","test_update_user","",""
"","0","[WEB] Should not add product review with invalid data. Case: 'email' contains text before username","tests.web.component.review","2026-06-15","skipped","2026-06-15","TestReviewComponent","test_review_component","",""
"","233","[API] Create user should return 200_OK when send create user request with valid data. Case: 'last_name' length = min + 1","tests.api.user","2026-06-15","passed","2026-06-15","TestCreateUserApi","test_create_user","",""
"","351","[API] Get user should return 404_NOT_FOUND when send get user request and user not exists","tests.api.user","2026-06-15","passed","2026-06-15","TestGetUserApi","test_get_user","",""
"","0","[WEB Component] Pay with invalid card should show error message. Case: name length = min - 1","tests.web.component.payment","2026-06-15","skipped","2026-06-15","TestPaymentComponent","test_payment_component","",""
"","0","[API] Create user should return 400_BAD_REQUEST when send create user request with invalid data. Case: 'birth_day' is negative","tests.api.user","2026-06-15","skipped","2026-06-15","TestCreateUserApi","test_create_user","",""
"","5127","[WEB] Sign up with valid data. Case: 'mobile_number' length = min + 1","tests.web.component.auth","2026-06-15","passed","2026-06-15","TestSignUpWeb","test_signup_component","",""
"","538","[API] Create user should return 200_OK when send create user request with valid data. Case: 'address1' length = max","tests.api.user","2026-06-15","passed","2026-06-15","TestCreateUserApi","test_create_user","",""
"","0","[WEB] Sign up with invalid data. Case: 'name' length = min","tests.web.component.auth","2026-06-15","skipped","2026-06-15","TestSignUpWeb","test_signup_component","",""
"","0","[WEB Component] Pay with invalid card should show error message. Case: expiry year too short","tests.web.component.payment","2026-06-15","skipped","2026-06-15","TestPaymentComponent","test_payment_component","",""
"","327","[API] Update user should return 404_BAD_REQUEST when send update user request with not existing email","tests.api.user","2026-06-15","passed","2026-06-15","TestUpdateUserApi","test_update_user","",""
"","0","[WEB Component] Pay with invalid card should show error message. Case: name contains emoji","tests.web.component.payment","2026-06-15","skipped","2026-06-15","TestPaymentComponent","test_payment_component","",""
"","0","[WEB Component] Pay with invalid card should show error message. Case: cvc only spaces","tests.web.component.payment","2026-06-15","skipped","2026-06-15","TestPaymentComponent","test_payment_component","",""
"","0","[WEB Component] Pay with invalid card should show error message. Case: name only spaces","tests.web.component.payment","2026-06-15","skipped","2026-06-15","TestPaymentComponent","test_payment_component","",""
"","1940","[API] Update user should return 200_OK when send update user request with valid data. Case: 'birth_month' = 12","tests.api.user","2026-06-15","passed","2026-06-15","TestUpdateUserApi","test_update_user","",""
"","498","[WEB Component] Should navigate to main page by click on header logo","tests.web.component.base","2026-06-15","passed","2026-06-15","TestHeaderComponent","test_header_component","",""
"","1510","[WEB Component] Place order without authorization notification should have expected data and screenshot","tests.web.component.base","2026-06-15","passed","2026-06-15","TestNotificationComponent","test_notification_component","",""
"","0","[API] Update user should return 400_BAD_REQUEST when send update user request with invalid data. Case: 'name' length = max + 1","tests.api.user","2026-06-15","skipped","2026-06-15","TestUpdateUserApi","test_update_user","",""
"","884","[WEB] Should add product review with valid data. Case: 'email' contains subdomain","tests.web.component.review","2026-06-15","passed","2026-06-15","TestReviewComponent","test_review_component","",""
"","0","[API] Create user should return 400_BAD_REQUEST when send create user request with invalid data. Case: 'address1' is empty","tests.api.user","2026-06-15","skipped","2026-06-15","TestCreateUserApi","test_create_user","",""
"","0","[WEB] Sign up with invalid data. Case: 'state' length = max - 1","tests.web.component.auth","2026-06-15","skipped","2026-06-15","TestSignUpWeb","test_signup_component","",""
"","0","[WEB] Should not add product review with invalid data. Case: 'email' not contains username","tests.web.component.review","2026-06-15","skipped","2026-06-15","TestReviewComponent","test_review_component","",""
"","0","[API] Create user should return 400_BAD_REQUEST when send create user request with invalid data. Case: 'mobile_number' length = min - 1","tests.api.user","2026-06-15","skipped","2026-06-15","TestCreateUserApi","test_create_user","",""
"","364","[API] Update user should return 200_OK when send update user request with valid data. Case: 'city' length = max - 1","tests.api.user","2026-06-15","passed","2026-06-15","TestUpdateUserApi","test_update_user","",""
"","0","[API] Create user should return 400_BAD_REQUEST when send create user request with invalid data. Case: 'email' not contains '@' symbol","tests.api.user","2026-06-15","skipped","2026-06-15","TestCreateUserApi","test_create_user","",""
"","0","[WEB Component] Pay with invalid card should show error message. Case: expiry year is empty","tests.web.component.payment","2026-06-15","skipped","2026-06-15","TestPaymentComponent","test_payment_component","",""
"","0","[WEB Component] Pay with invalid card should show error message. Case: name contains newline","tests.web.component.payment","2026-06-15","skipped","2026-06-15","TestPaymentComponent","test_payment_component","",""
"","0","[API] Create user should return 400_BAD_REQUEST when send create user request with invalid data. Case: 'email' contains invalid top level domain web","tests.api.user","2026-06-15","skipped","2026-06-15","TestCreateUserApi","test_create_user","",""
"","321","[API] Create user should return 200_OK when send create user request with valid data. Case: 'mobile_number' length = min","tests.api.user","2026-06-15","passed","2026-06-15","TestCreateUserApi","test_create_user","",""
"","0","[API] Update user should return 400_BAD_REQUEST when send update user request with invalid data. Case: 'city' length = max + 1","tests.api.user","2026-06-15","skipped","2026-06-15","TestUpdateUserApi","test_update_user","",""
"","141","[API] Delete user should return 404_NOT_FOUND when send delete user request and user not exists","tests.api.user","2026-06-15","passed","2026-06-15","TestDeleteUserApi","test_delete_user","",""
"","0","[API] Update user should return 400_BAD_REQUEST when send update user request with invalid data. Case: 'zipcode' is absent","tests.api.user","2026-06-15","skipped","2026-06-15","TestUpdateUserApi","test_update_user","",""
"","0","[API] Update user should return 400_BAD_REQUEST when send update user request with invalid data. Case: 'first_name' length = max + 1","tests.api.user","2026-06-15","skipped","2026-06-15","TestUpdateUserApi","test_update_user","",""
"","357","[API] Update user should return 200_OK when send update user request with valid data. Case: 'mobile_number' length = min","tests.api.user","2026-06-15","passed","2026-06-15","TestUpdateUserApi","test_update_user","",""
"","494","[WEB Component] Should delete user name by click on 'Delete Account' button","tests.web.component.base","2026-06-15","passed","2026-06-15","TestHeaderComponent","test_header_component","",""
"","0","[WEB] Should not add product review with invalid data. Case: 'name' is absent","tests.web.component.review","2026-06-15","skipped","2026-06-15","TestReviewComponent","test_review_component","",""
"","295","[API] Update user should return 200_OK when send update user request with valid data. Case: 'last_name' length = max","tests.api.user","2026-06-15","passed","2026-06-15","TestUpdateUserApi","test_update_user","",""
"","0","[WEB] Sign up with invalid data. Case: 'last_name' length = max - 1","tests.web.component.auth","2026-06-15","skipped","2026-06-15","TestSignUpWeb","test_signup_component","",""
"","0","[API] Create user should return 400_BAD_REQUEST when send create user request with invalid data. Case: 'mobile_number' is absent","tests.api.user","2026-06-15","skipped","2026-06-15","TestCreateUserApi","test_create_user","",""
"","318","[API] Create user should return 200_OK when send create user request with valid data. Case: 'zipcode' length = min","tests.api.user","2026-06-15","passed","2026-06-15","TestCreateUserApi","test_create_user","",""
"","585","[API] Create user should return 200_OK when send create user request with valid data. Case: 'mobile_number' length = min + 1","tests.api.user","2026-06-15","passed","2026-06-15","TestCreateUserApi","test_create_user","",""
"","282","[API] Update user should return 200_OK when send update user request with valid data. Case: 'name' length = max - 1","tests.api.user","2026-06-15","passed","2026-06-15","TestUpdateUserApi","test_update_user","",""
"","0","[WEB Component] Pay with invalid card should show error message. Case: name contains special characters","tests.web.component.payment","2026-06-15","skipped","2026-06-15","TestPaymentComponent","test_payment_component","",""
"","0","[WEB Component] Pay with invalid card should show error message. Case: cvc too short","tests.web.component.payment","2026-06-15","skipped","2026-06-15","TestPaymentComponent","test_payment_component","",""
"","0","[WEB] Should not add product review with invalid data. Case: 'email' is word","tests.web.component.review","2026-06-15","skipped","2026-06-15","TestReviewComponent","test_review_component","",""
"","531","[WEB] Should add product review with valid data. Case: 'message' length = min","tests.web.component.review","2026-06-15","passed","2026-06-15","TestReviewComponent","test_review_component","",""
"","4620","[WEB Component] Search filter should return empty products catalog","tests.web.component.filter","2026-06-15","passed","2026-06-15","TestSearchFilter","test_search_filter","",""
"","5672","[WEB] Sign up with valid data. Case: 'zipcode' length = max - 1","tests.web.component.auth","2026-06-15","passed","2026-06-15","TestSignUpWeb","test_signup_component","",""
"","0","[API] Update user should return 400_BAD_REQUEST when send update user request with invalid data. Case: 'city' length = min - 1","tests.api.user","2026-06-15","skipped","2026-06-15","TestUpdateUserApi","test_update_user","",""
"","0","[API] Create user should return 400_BAD_REQUEST when send create user request with invalid data. Case: 'birth_year' is zero","tests.api.user","2026-06-15","skipped","2026-06-15","TestCreateUserApi","test_create_user","",""
"","1980","[API] Create user should return 200_OK when send create user request with valid data. Case: 'address2' length = min + 1","tests.api.user","2026-06-15","passed","2026-06-15","TestCreateUserApi","test_create_user","",""
"","0","[WEB] Sign up with invalid data. Case: 'name' length = max","tests.web.component.auth","2026-06-15","skipped","2026-06-15","TestSignUpWeb","test_signup_component","",""
"","0","[WEB] Sign up with invalid data. Case: 'address2' length = max - 1","tests.web.component.auth","2026-06-15","skipped","2026-06-15","TestSignUpWeb","test_signup_component","",""
"","301","[API] Create user should return 200_OK when send create user request with valid data. Case: 'birth_month' = 1","tests.api.user","2026-06-15","passed","2026-06-15","TestCreateUserApi","test_create_user","",""
"","4824","[WEB] Sign up with valid data. Case: 'birth_year' = 1","tests.web.component.auth","2026-06-15","passed","2026-06-15","TestSignUpWeb","test_signup_component","",""
"","4274","[WEB] Sign up with valid data. Case: 'address1' length = min","tests.web.component.auth","2026-06-15","passed","2026-06-15","TestSignUpWeb","test_signup_component","",""
"","10048","[WEB Component] Category filter group should be collapsed after expand another group","tests.web.component.filter","2026-06-15","passed","2026-06-15","TestCategoryFilter","test_category_filter","",""
"","446","[API] Create user should return 200_OK when send create user request with valid data. Case: 'address2' length = max","tests.api.user","2026-06-15","passed","2026-06-15","TestCreateUserApi","test_create_user","",""
"","617","[API] Update user should return 200_OK when send update user request with valid data. Case: 'birth_year' = 1","tests.api.user","2026-06-15","passed","2026-06-15","TestUpdateUserApi","test_update_user","",""
"","0","[WEB] Sign up with invalid data. Case: 'mobile_number' length = min","tests.web.component.auth","2026-06-15","skipped","2026-06-15","TestSignUpWeb","test_signup_component","",""
"","3915","[WEB] Sign up with valid data. Case: 'city' length = max - 1","tests.web.component.auth","2026-06-15","passed","2026-06-15","TestSignUpWeb","test_signup_component","",""
"","1570","[WEB Component] Add product notification should have expected data and screenshot","tests.web.component.base","2026-06-15","passed","2026-06-15","TestNotificationComponent","test_notification_component","",""
"","4290","[WEB] Sign up with valid data. Case: 'company' length = max - 1","tests.web.component.auth","2026-06-15","passed","2026-06-15","TestSignUpWeb","test_signup_component","",""
"","3949","[WEB] Sign up with valid data. Case: 'state' length = min","tests.web.component.auth","2026-06-15","passed","2026-06-15","TestSignUpWeb","test_signup_component","",""
"","0","[API] Create user should return 400_BAD_REQUEST when send create user request with invalid data. Case: 'city' is absent","tests.api.user","2026-06-15","skipped","2026-06-15","TestCreateUserApi","test_create_user","",""
"","4082","[WEB] Sign up with valid data. Case: 'name' length = min + 1","tests.web.component.auth","2026-06-15","passed","2026-06-15","TestSignUpWeb","test_signup_component","",""
"","0","[API] Create user should return 400_BAD_REQUEST when send create user request with invalid data. Case: 'mobile_number' is empty","tests.api.user","2026-06-15","skipped","2026-06-15","TestCreateUserApi","test_create_user","",""
"","273","[API] Create user should return 200_OK when send create user request with valid data. Case: 'first_name' length = min","tests.api.user","2026-06-15","passed","2026-06-15","TestCreateUserApi","test_create_user","",""
"","1303","[WEB Component] Category filter should have expected screenshot when fully expanded","tests.web.component.filter","2026-06-15","passed","2026-06-15","TestCategoryFilter","test_category_filter","",""
"","5259","[WEB Component] Place order without authorization notification proceed to checkout button should navigate to login page","tests.web.component.base","2026-06-15","passed","2026-06-15","TestNotificationComponent","test_notification_component","",""
"","360","[WEB] Should have expected screenshot when not send review","tests.web.component.review","2026-06-15","passed","2026-06-15","TestReviewComponent","test_review_component","",""
"","0","[WEB] Sign up with invalid data. Case: 'last_name' length = min + 1","tests.web.component.auth","2026-06-15","skipped","2026-06-15","TestSignUpWeb","test_signup_component","",""
"","0","[WEB] Should not add product review with invalid data. Case: 'email' contains '.' before dog symbol","tests.web.component.review","2026-06-15","skipped","2026-06-15","TestReviewComponent","test_review_component","",""
"","3453","[WEB] Sign up with valid data. Case: 'first_name' length = max - 1","tests.web.component.auth","2026-06-15","passed","2026-06-15","TestSignUpWeb","test_signup_component","",""
"","339","[API] Create user should return 200_OK when send create user request with valid data. Case: 'birth_year' = 1","tests.api.user","2026-06-15","passed","2026-06-15","TestCreateUserApi","test_create_user","",""
"","2006","[WEB Component] Search filter should return all products when filter by empty query","tests.web.component.filter","2026-06-15","passed","2026-06-15","TestSearchFilter","test_search_filter","",""
"","0","[WEB Component] Pay with invalid card should show error message. Case: expiry year only spaces","tests.web.component.payment","2026-06-15","skipped","2026-06-15","TestPaymentComponent","test_payment_component","",""
"","535","[API] Update user should return 200_OK when send update user request with valid data. Case: 'company' length = min + 1","tests.api.user","2026-06-15","passed","2026-06-15","TestUpdateUserApi","test_update_user","",""
"","755","[API] Update user should return 200_OK when send update user request with valid data. Case: 'company' length = max - 1","tests.api.user","2026-06-15","passed","2026-06-15","TestUpdateUserApi","test_update_user","",""
"","370","[API] Update user should return 200_OK when send update user request with valid data. Case: 'state' length = min","tests.api.user","2026-06-15","passed","2026-06-15","TestUpdateUserApi","test_update_user","",""
"","0","[API] Create user should return 400_BAD_REQUEST when send create user request with invalid data. Case: 'zipcode' length = max + 1","tests.api.user","2026-06-15","skipped","2026-06-15","TestCreateUserApi","test_create_user","",""
"","0","[WEB Component] Pay with invalid card should show error message. Case: card number all zeros","tests.web.component.payment","2026-06-15","skipped","2026-06-15","TestPaymentComponent","test_payment_component","",""
"","5068","[WEB] Sign up with valid data. Case: 'name' length = min","tests.web.component.auth","2026-06-15","passed","2026-06-15","TestSignUpWeb","test_signup_component","",""
"","0","[API] Create user should return 400_BAD_REQUEST when send create user request with invalid data. Case: 'email' not contains username","tests.api.user","2026-06-15","skipped","2026-06-15","TestCreateUserApi","test_create_user","",""
"","0","[API] Update user should return 400_BAD_REQUEST when send update user request with invalid data. Case: 'email' is empty","tests.api.user","2026-06-15","skipped","2026-06-15","TestUpdateUserApi","test_update_user","",""
"","694","[WEB Component] Should navigate to contact us page by click on 'Contact us' button","tests.web.component.base","2026-06-15","passed","2026-06-15","TestHeaderComponent","test_header_component","",""
"","0","[WEB Component] Pay with invalid card should show error message. Case: expiry month contains letters","tests.web.component.payment","2026-06-15","skipped","2026-06-15","TestPaymentComponent","test_payment_component","",""
"","4741","[WEB] Sign up with valid data. Case: 'address2' length = max - 1","tests.web.component.auth","2026-06-15","passed","2026-06-15","TestSignUpWeb","test_signup_component","",""
"","0","[WEB Component] Pay with invalid card should show error message. Case: card number is empty","tests.web.component.payment","2026-06-15","skipped","2026-06-15","TestPaymentComponent","test_payment_component","",""
"","0","[API] Create user should return 400_BAD_REQUEST when send create user request with invalid data. Case: 'birth_month' is absent","tests.api.user","2026-06-15","skipped","2026-06-15","TestCreateUserApi","test_create_user","",""
"","0","[API] Create user should return 400_BAD_REQUEST when send create user request with invalid data. Case: 'company' length = max + 1","tests.api.user","2026-06-15","skipped","2026-06-15","TestCreateUserApi","test_create_user","",""
"","0","[API] Update user should return 400_BAD_REQUEST when send update user request with invalid data. Case: 'company' is empty","tests.api.user","2026-06-15","skipped","2026-06-15","TestUpdateUserApi","test_update_user","",""
"","435","[API] Create user should return 200_OK when send create user request with valid data. Case: 'name' length = min","tests.api.user","2026-06-15","passed","2026-06-15","TestCreateUserApi","test_create_user","",""
"","0","[WEB] Should not add product review with invalid data. Case: 'name' is empty","tests.web.component.review","2026-06-15","skipped","2026-06-15","TestReviewComponent","test_review_component","",""
"","1983","[WEB Component] Pay with valid card should show success status message. Case: valid: boundary valid number","tests.web.component.payment","2026-06-15","passed","2026-06-15","TestPaymentComponent","test_payment_component","",""
"","0","[API] Update user should return 400_BAD_REQUEST when send update user request with invalid data. Case: 'mobile_number' length = min - 1","tests.api.user","2026-06-15","skipped","2026-06-15","TestUpdateUserApi","test_update_user","",""
"","0","[API] Create user should return 400_BAD_REQUEST when send create user request with invalid data. Case: 'zipcode' is empty","tests.api.user","2026-06-15","skipped","2026-06-15","TestCreateUserApi","test_create_user","",""
"","1708","[WEB Component] Pay with valid card should show success status message. Case: valid: common latin name","tests.web.component.payment","2026-06-15","passed","2026-06-15","TestPaymentComponent","test_payment_component","",""
"","0","[API] Update user should return 400_BAD_REQUEST when send update user request with invalid data. Case: 'state' length = max + 1","tests.api.user","2026-06-15","skipped","2026-06-15","TestUpdateUserApi","test_update_user","",""
"","405","[API] Update user should return 200_OK when send update user request with valid data. Case: 'birth_year' = 10000","tests.api.user","2026-06-15","passed","2026-06-15","TestUpdateUserApi","test_update_user","",""
"","0","[WEB] Sign up with invalid data. Case: 'name' length = max - 1","tests.web.component.auth","2026-06-15","skipped","2026-06-15","TestSignUpWeb","test_signup_component","",""
"","0","[API] Create user should return 400_BAD_REQUEST when send create user request with invalid data. Case: 'birth_year' is invalid positive","tests.api.user","2026-06-15","skipped","2026-06-15","TestCreateUserApi","test_create_user","",""
"","0","[API] Create user should return 400_BAD_REQUEST when send create user request with invalid data. Case: 'address1' is absent","tests.api.user","2026-06-15","skipped","2026-06-15","TestCreateUserApi","test_create_user","",""
"","0","[API] Create user should return 400_BAD_REQUEST when send create user request with invalid data. Case: 'company' length = min - 1","tests.api.user","2026-06-15","skipped","2026-06-15","TestCreateUserApi","test_create_user","",""
"","0","[API] Create user should return 400_BAD_REQUEST when send create user request with invalid data. Case: 'company' is empty","tests.api.user","2026-06-15","skipped","2026-06-15","TestCreateUserApi","test_create_user","",""
"","272","[WEB Component] Product item should navigate to product page when click on item title","tests.web.component.product","2026-06-15","passed","2026-06-15","TestProductItem","test_product_item","",""
"","0","[WEB Component] Pay with invalid card should show error message. Case: card number too short","tests.web.component.payment","2026-06-15","skipped","2026-06-15","TestPaymentComponent","test_payment_component","",""
"","1375","[WEB Component] Should add product to cart when click on add to cart button from overlay","tests.web.component.product","2026-06-15","passed","2026-06-15","TestAnimatedProductCard","test_animated_product_card_component","",""
"","0","[WEB] Sign up with invalid data. Case: 'zipcode' length = min","tests.web.component.auth","2026-06-15","skipped","2026-06-15","TestSignUpWeb","test_signup_component","",""
"","0","[WEB] Sign up with invalid data. Case: 'mobile_number' length = max - 1","tests.web.component.auth","2026-06-15","skipped","2026-06-15","TestSignUpWeb","test_signup_component","",""
"","246","[API] Create user should return 200_OK when send create user request with valid data. Case: 'address1' length = min + 1","tests.api.user","2026-06-15","passed","2026-06-15","TestCreateUserApi","test_create_user","",""
"","0","[WEB] Sign up with invalid data. Case: 'last_name' length = min","tests.web.component.auth","2026-06-15","skipped","2026-06-15","TestSignUpWeb","test_signup_component","",""
"","783","[API] Update user should return 200_OK when send update user request with valid data. Case: 'address1' length = max","tests.api.user","2026-06-15","passed","2026-06-15","TestUpdateUserApi","test_update_user","",""
"","0","[API] Update user should return 400_BAD_REQUEST when send update user request with invalid data. Case: 'birth_day' is negative","tests.api.user","2026-06-15","skipped","2026-06-15","TestUpdateUserApi","test_update_user","",""
"","529","[WEB] Should add product review with valid data. Case: 'email' domain contains '-'","tests.web.component.review","2026-06-15","passed","2026-06-15","TestReviewComponent","test_review_component","",""
"","466","[API] Update user should return 200_OK when send update user request with valid data. Case: 'address1' length = max - 1","tests.api.user","2026-06-15","passed","2026-06-15","TestUpdateUserApi","test_update_user","",""
"","0","[API] Update user should return 400_BAD_REQUEST when send update user request with invalid data. Case: 'birth_day' is absent","tests.api.user","2026-06-15","skipped","2026-06-15","TestUpdateUserApi","test_update_user","",""
"","1332","[WEB Component] Should increase all products total price","tests.web.component.product","2026-06-15","passed","2026-06-15","TestProductItem","test_product_item","",""
"","318","[API] Create user should return 200_OK when send create user request with valid data. Case: 'first_name' length = max - 1","tests.api.user","2026-06-15","passed","2026-06-15","TestCreateUserApi","test_create_user","",""
"","4753","[WEB] Sign up with valid data. Case: 'company' length = min + 1","tests.web.component.auth","2026-06-15","passed","2026-06-15","TestSignUpWeb","test_signup_component","",""
"","3691","[WEB] Sign up with valid data. Case: 'birth_day' length = 31","tests.web.component.auth","2026-06-15","passed","2026-06-15","TestSignUpWeb","test_signup_component","",""
"","0","[API] Create user should return 400_BAD_REQUEST when send create user request with invalid data. Case: 'email' contains mail server as ip and port","tests.api.user","2026-06-15","skipped","2026-06-15","TestCreateUserApi","test_create_user","",""
"","0","[WEB] Sign up with invalid data. Case: 'mobile_number' length = min + 1","tests.web.component.auth","2026-06-15","skipped","2026-06-15","TestSignUpWeb","test_signup_component","",""
"","0","[API] Update user should return 400_BAD_REQUEST when send update user request with invalid data. Case: 'email' contains text before username","tests.api.user","2026-06-15","skipped","2026-06-15","TestUpdateUserApi","test_update_user","",""
"","0","[WEB Component] Pay with invalid card should show error message. Case: cvc is empty","tests.web.component.payment","2026-06-15","skipped","2026-06-15","TestPaymentComponent","test_payment_component","",""
"","6121","[WEB] Sign up with valid data. Case: 'address2' length = max","tests.web.component.auth","2026-06-15","passed","2026-06-15","TestSignUpWeb","test_signup_component","",""
"","0","[WEB] Should not add product review with invalid data. Case: 'email' contains multiple '@' symbols","tests.web.component.review","2026-06-15","skipped","2026-06-15","TestReviewComponent","test_review_component","",""
"","457","[API] Update user should return 200_OK when send update user request with valid data. Case: 'address2' length = min + 1","tests.api.user","2026-06-15","passed","2026-06-15","TestUpdateUserApi","test_update_user","",""
"","449","[API] Create user should return 200_OK when send create user request with valid data. Case: 'birth_year' = 10000","tests.api.user","2026-06-15","passed","2026-06-15","TestCreateUserApi","test_create_user","",""
"","0","[API] Update user should return 400_BAD_REQUEST when send update user request with invalid data. Case: 'address1' is absent","tests.api.user","2026-06-15","skipped","2026-06-15","TestUpdateUserApi","test_update_user","",""
"","0","[API] Update user should return 400_BAD_REQUEST when send update user request with invalid data. Case: 'mobile_number' length = max + 1","tests.api.user","2026-06-15","skipped","2026-06-15","TestUpdateUserApi","test_update_user","",""
"","348","[WEB Component] Payment component should have expected screenshot","tests.web.component.payment","2026-06-15","passed","2026-06-15","TestPaymentComponent","test_payment_component","",""
"","0","[WEB Component] Pay with invalid card should show error message. Case: name is empty","tests.web.component.payment","2026-06-15","skipped","2026-06-15","TestPaymentComponent","test_payment_component","",""
"","0","[API] Create user should return 400_BAD_REQUEST when send create user request with invalid data. Case: 'address1' length = max + 1","tests.api.user","2026-06-15","skipped","2026-06-15","TestCreateUserApi","test_create_user","",""
"","4485","[WEB] Sign up with valid data. Case: 'mobile_number' length = max - 1","tests.web.component.auth","2026-06-15","passed","2026-06-15","TestSignUpWeb","test_signup_component","",""
"","0","[WEB] Sign up with invalid data. Case: 'company' length = min + 1","tests.web.component.auth","2026-06-15","skipped","2026-06-15","TestSignUpWeb","test_signup_component","",""
"","0","[WEB] Sign up with invalid data. Case: 'city' length = min","tests.web.component.auth","2026-06-15","skipped","2026-06-15","TestSignUpWeb","test_signup_component","",""
"","353","[API] Update user should return 200_OK when send update user request with valid data. Case: 'first_name' length = max","tests.api.user","2026-06-15","passed","2026-06-15","TestUpdateUserApi","test_update_user","",""
"","0","[API] Create user should return 400_BAD_REQUEST when send create user request with invalid data. Case: 'name' is empty","tests.api.user","2026-06-15","skipped","2026-06-15","TestCreateUserApi","test_create_user","",""
"","705","[WEB] Should add product review with valid data. Case: 'name' length = min","tests.web.component.review","2026-06-15","passed","2026-06-15","TestReviewComponent","test_review_component","",""
"","556","[API] Update user should return 200_OK when send update user request with valid data. Case: 'mobile_number' length = min + 1","tests.api.user","2026-06-15","passed","2026-06-15","TestUpdateUserApi","test_update_user","",""
"","0","[API] Update user should return 400_BAD_REQUEST when send update user request with invalid data. Case: 'birth_day' is invalid positive","tests.api.user","2026-06-15","skipped","2026-06-15","TestUpdateUserApi","test_update_user","",""
"","0","[WEB] Sign up with invalid data. Case: 'address1' length = max - 1","tests.web.component.auth","2026-06-15","skipped","2026-06-15","TestSignUpWeb","test_signup_component","",""
"","0","[WEB] Sign up with invalid data. Case: 'zipcode' length = max - 1","tests.web.component.auth","2026-06-15","skipped","2026-06-15","TestSignUpWeb","test_signup_component","",""
"","2009","[WEB Component] Pay with valid card should show success status message. Case: valid: expiry month min","tests.web.component.payment","2026-06-15","passed","2026-06-15","TestPaymentComponent","test_payment_component","",""
"","0","[API] Create user should return 400_BAD_REQUEST when send create user request with invalid data. Case: 'birth_month' is invalid positive","tests.api.user","2026-06-15","skipped","2026-06-15","TestCreateUserApi","test_create_user","",""
"","0","[WEB Component] Pay with invalid card should show error message. Case: cvc contains special characters","tests.web.component.payment","2026-06-15","skipped","2026-06-15","TestPaymentComponent","test_payment_component","",""
"","0","[API] Create user should return 400_BAD_REQUEST when send create user request with invalid data. Case: 'state' length = min - 1","tests.api.user","2026-06-15","skipped","2026-06-15","TestCreateUserApi","test_create_user","",""
"","156","Get brands should return 200_OK when send get brands request","tests.api.brand","2026-06-15","passed","2026-06-15","TestBrandApi","test_brand","",""
"","676","[WEB Component] Should remove product from cart","tests.web.component.product","2026-06-15","passed","2026-06-15","TestProductItem","test_product_item","",""
"","353","[API] Update user should return 200_OK when send update user request with valid data. Case: 'first_name' length = min + 1","tests.api.user","2026-06-15","passed","2026-06-15","TestUpdateUserApi","test_update_user","",""
"","403","[API] Update user should return 200_OK when send update user request with valid data. Case: 'address2' length = min","tests.api.user","2026-06-15","passed","2026-06-15","TestUpdateUserApi","test_update_user","",""
"","573","[API] Update user should return 200_OK when send update user request with valid data. Case: 'birth_month' = 1","tests.api.user","2026-06-15","passed","2026-06-15","TestUpdateUserApi","test_update_user","",""
"","4087","[WEB] Sign up with valid data. Case: 'state' length = min + 1","tests.web.component.auth","2026-06-15","passed","2026-06-15","TestSignUpWeb","test_signup_component","",""
"","0","[API] Update user should return 400_BAD_REQUEST when send update user request with invalid data. Case: 'name' length = min - 1","tests.api.user","2026-06-15","skipped","2026-06-15","TestUpdateUserApi","test_update_user","",""
"","0","[API] Create user should return 400_BAD_REQUEST when send create user request with invalid data. Case: 'mobile_number' length = max + 1","tests.api.user","2026-06-15","skipped","2026-06-15","TestCreateUserApi","test_create_user","",""
"","5434","[WEB] Sign up with valid data. Case: 'city' length = min","tests.web.component.auth","2026-06-15","passed","2026-06-15","TestSignUpWeb","test_signup_component","",""
"","578","[WEB] Should add product review with valid data. Case: 'name' length = max - 1","tests.web.component.review","2026-06-15","passed","2026-06-15","TestReviewComponent","test_review_component","",""
"","4808","[WEB] Sign up with valid data. Case: 'birth_year' = 10000","tests.web.component.auth","2026-06-15","passed","2026-06-15","TestSignUpWeb","test_signup_component","",""
"","0","[API] Create user should return 400_BAD_REQUEST when send create user request with invalid data. Case: 'first_name' length = max + 1","tests.api.user","2026-06-15","skipped","2026-06-15","TestCreateUserApi","test_create_user","",""
"","0","[API] Update user should return 400_BAD_REQUEST when send update user request with invalid data. Case: 'birth_year' is absent","tests.api.user","2026-06-15","skipped","2026-06-15","TestUpdateUserApi","test_update_user","",""
"","0","[WEB] Sign up with invalid data. Case: 'birth_year' = 10000","tests.web.component.auth","2026-06-15","skipped","2026-06-15","TestSignUpWeb","test_signup_component","",""
"","1359","[WEB Component] Should decrease all products total price","tests.web.component.product","2026-06-15","passed","2026-06-15","TestProductItem","test_product_item","",""
"","0","[API] Create user should return 400_BAD_REQUEST when send create user request with invalid data. Case: 'address2' is empty","tests.api.user","2026-06-15","skipped","2026-06-15","TestCreateUserApi","test_create_user","",""
"","0","[API] Create user should return 400_BAD_REQUEST when send create user request with invalid data. Case: 'address2' length = max + 1","tests.api.user","2026-06-15","skipped","2026-06-15","TestCreateUserApi","test_create_user","",""
"","4345","[WEB] Sign up with valid data. Case: 'company' length = min","tests.web.component.auth","2026-06-15","passed","2026-06-15","TestSignUpWeb","test_signup_component","",""
"","1317","[WEB Component] Should open product page when click on view product button","tests.web.component.product","2026-06-15","passed","2026-06-15","TestAnimatedProductCard","test_animated_product_card_component","",""
"","0","[WEB] Sign up with invalid data. Case: 'birth_day' = 1","tests.web.component.auth","2026-06-15","skipped","2026-06-15","TestSignUpWeb","test_signup_component","",""
"","3437","[WEB] Sign up with valid data. Case: 'first_name' length = min","tests.web.component.auth","2026-06-15","passed","2026-06-15","TestSignUpWeb","test_signup_component","",""
"","0","[API] Update user should return 400_BAD_REQUEST when send update user request with invalid data. Case: 'last_name' is empty","tests.api.user","2026-06-15","skipped","2026-06-15","TestUpdateUserApi","test_update_user","",""
"","234","[API] Create user should return 200_OK when send create user request with valid data. Case: 'address1' length = max - 1","tests.api.user","2026-06-15","passed","2026-06-15","TestCreateUserApi","test_create_user","",""
"","0","[API] Create user should return 400_BAD_REQUEST when send create user request with invalid data. Case: 'birth_month' is negative","tests.api.user","2026-06-15","skipped","2026-06-15","TestCreateUserApi","test_create_user","",""
"","0","[WEB Component] Pay with invalid card should show error message. Case: card number fails luhn check","tests.web.component.payment","2026-06-15","skipped","2026-06-15","TestPaymentComponent","test_payment_component","",""
"","256","test_get_all_products","tests.api.product","2026-06-15","passed","2026-06-15","TestProductApi","test_product","",""
"","0","[API] Create user should return 400_BAD_REQUEST when send create user request with invalid data. Case: 'zipcode' has invalid format","tests.api.user","2026-06-15","skipped","2026-06-15","TestCreateUserApi","test_create_user","",""
"","0","[API] Update user should return 400_BAD_REQUEST when send update user request with invalid data. Case: 'birth_year' is invalid positive","tests.api.user","2026-06-15","skipped","2026-06-15","TestUpdateUserApi","test_update_user","",""
"","3845","[WEB] Sign up with valid data. Case: 'city' length = max","tests.web.component.auth","2026-06-15","passed","2026-06-15","TestSignUpWeb","test_signup_component","",""
"","1399","[WEB Component] Should add product to cart when click on add to cart button","tests.web.component.product","2026-06-15","passed","2026-06-15","TestProductCard","test_product_card_component","",""
"","0","[API] Update user should return 400_BAD_REQUEST when send update user request with invalid data. Case: 'company' length = max + 1","tests.api.user","2026-06-15","skipped","2026-06-15","TestUpdateUserApi","test_update_user","",""
"","414","[API] Update user should return 200_OK when send update user request with valid data. Case: 'birth_day' = 1","tests.api.user","2026-06-15","passed","2026-06-15","TestUpdateUserApi","test_update_user","",""
"","0","[WEB] Should not add product review with invalid data. Case: 'email' contains username hieroglyphs instead of username","tests.web.component.review","2026-06-15","skipped","2026-06-15","TestReviewComponent","test_review_component","",""
"","582","[WEB] Should add product review with valid data. Case: 'email' username is numerical","tests.web.component.review","2026-06-15","passed","2026-06-15","TestReviewComponent","test_review_component","",""
"","377","[API] Update user should return 200_OK when send update user request with valid data. Case: 'state' length = max - 1","tests.api.user","2026-06-15","passed","2026-06-15","TestUpdateUserApi","test_update_user","",""
"","0","[WEB] Sign up with invalid data. Case: 'zipcode' length = min + 1","tests.web.component.auth","2026-06-15","skipped","2026-06-15","TestSignUpWeb","test_signup_component","",""
"","1211","[WEB Component] Image Carousel should show last image when scroll left on first image","tests.web.component.carousel","2026-06-15","passed","2026-06-15","TestImageCarousel","test_image_carousel","",""
"","0","[WEB Component] Pay with invalid card should show error message. Case: cvc all zeros","tests.web.component.payment","2026-06-15","skipped","2026-06-15","TestPaymentComponent","test_payment_component","",""
"","0","[API] Update user should return 400_BAD_REQUEST when send update user request with invalid data. Case: 'zipcode' length = max + 1","tests.api.user","2026-06-15","skipped","2026-06-15","TestUpdateUserApi","test_update_user","",""
"","244","[API] Create user should return 200_OK when send create user request with valid data. Case: 'mobile_number' length = max","tests.api.user","2026-06-15","passed","2026-06-15","TestCreateUserApi","test_create_user","",""
"","0","[API] Create user should return 400_BAD_REQUEST when send create user request with invalid data. Case: 'email' contains '.' before dog symbol","tests.api.user","2026-06-15","skipped","2026-06-15","TestCreateUserApi","test_create_user","",""
"","2165","[WEB Component] Should navigate to cart page by click 'Cart' button","tests.web.component.base","2026-06-15","passed","2026-06-15","TestHeaderComponent","test_header_component","",""
"","0","[API] Update user should return 400_BAD_REQUEST when send update user request with invalid data. Case: 'birth_year' is zero","tests.api.user","2026-06-15","skipped","2026-06-15","TestUpdateUserApi","test_update_user","",""
"","0","[API] Update user should return 400_BAD_REQUEST when send update user request with invalid data. Case: 'email' contains domain with one letter","tests.api.user","2026-06-15","skipped","2026-06-15","TestUpdateUserApi","test_update_user","",""
"","0","[WEB Component] Pay with invalid card should show error message. Case: expiry month one digit","tests.web.component.payment","2026-06-15","skipped","2026-06-15","TestPaymentComponent","test_payment_component","",""
"","0","[WEB] Should not add product review with invalid data. Case: 'email' contains domain with one letter","tests.web.component.review","2026-06-15","skipped","2026-06-15","TestReviewComponent","test_review_component","",""
"","302","[API] Update user should return 200_OK when send update user request with valid data. Case: 'first_name' length = min","tests.api.user","2026-06-15","passed","2026-06-15","TestUpdateUserApi","test_update_user","",""
"","2501","[WEB] Should add product review with valid data. Case: 'message' length = max","tests.web.component.review","2026-06-15","passed","2026-06-15","TestReviewComponent","test_review_component","",""
"","0","[API] Create user should return 400_BAD_REQUEST when send create user request with invalid data. Case: 'email' is word","tests.api.user","2026-06-15","skipped","2026-06-15","TestCreateUserApi","test_create_user","",""
"","4187","[WEB] Sign up with valid data. Case: 'birth_month' = 1","tests.web.component.auth","2026-06-15","passed","2026-06-15","TestSignUpWeb","test_signup_component","",""
"","0","[API] Create user should return 400_BAD_REQUEST when send create user request with invalid data. Case: 'name' is absent","tests.api.user","2026-06-15","skipped","2026-06-15","TestCreateUserApi","test_create_user","",""
"","13184","Purchase products with sign up before checkout","tests.web.e2e","2026-06-15","passed","2026-06-15","TestPlaceOrder","test_place_order","",""
"","71","[API] Get csrf should return 200_OK when send get csrf request and contains csrf cookie","tests.api.auth","2026-06-15","passed","2026-06-15","TestAuthApi","test_auth","",""
"","11247","Purchase products with sign up while checkout","tests.web.e2e","2026-06-15","passed","2026-06-15","TestPlaceOrder","test_place_order","",""
"","0","[API] Update user should return 400_BAD_REQUEST when send update user request with invalid data. Case: 'city' is empty","tests.api.user","2026-06-15","skipped","2026-06-15","TestUpdateUserApi","test_update_user","",""
"","3663","[WEB] Sign up with valid data. Case: 'state' length = max - 1","tests.web.component.auth","2026-06-15","passed","2026-06-15","TestSignUpWeb","test_signup_component","",""
"","0","[API] Update user should return 400_BAD_REQUEST when send update user request with invalid data. Case: 'first_name' is absent","tests.api.user","2026-06-15","skipped","2026-06-15","TestUpdateUserApi","test_update_user","",""
"","463","[API] Create user should return 200_OK when send create user request with valid data. Case: 'state' length = min + 1","tests.api.user","2026-06-15","passed","2026-06-15","TestCreateUserApi","test_create_user","",""
"","0","[API] Update user should return 400_BAD_REQUEST when send update user request with invalid data. Case: 'address1' length = min - 1","tests.api.user","2026-06-15","skipped","2026-06-15","TestUpdateUserApi","test_update_user","",""
"","0","[WEB] Sign up with invalid data. Case: 'first_name' length = max - 1","tests.web.component.auth","2026-06-15","skipped","2026-06-15","TestSignUpWeb","test_signup_component","",""
"","462","[API] Update user should return 200_OK when send update user request with valid data. Case: 'city' length = min + 1","tests.api.user","2026-06-15","passed","2026-06-15","TestUpdateUserApi","test_update_user","",""
"","0","[WEB] Sign up with invalid data. Case: 'mobile_number' length = max","tests.web.component.auth","2026-06-15","skipped","2026-06-15","TestSignUpWeb","test_signup_component","",""
"","2562","[WEB Component] Order placed page should have expected screenshot","tests.web.component.payment","2026-06-15","passed","2026-06-15","TestPaymentComponent","test_invoice_file","",""
"","449","[API] Create user should return 200_OK when send create user request with valid data. Case: 'mobile_number' length = max - 1","tests.api.user","2026-06-15","passed","2026-06-15","TestCreateUserApi","test_create_user","",""
"","5597","[WEB] Sign up with valid data. Case: 'mobile_number' length = max","tests.web.component.auth","2026-06-15","passed","2026-06-15","TestSignUpWeb","test_signup_component","",""
"","0","[WEB] Sign up with invalid data. Case: 'company' length = min","tests.web.component.auth","2026-06-15","skipped","2026-06-15","TestSignUpWeb","test_signup_component","",""
"","2481","[WEB Component] Animated product card overlay should have expected data","tests.web.component.product","2026-06-15","passed","2026-06-15","TestAnimatedProductCard","test_animated_product_card_component","",""
"","2394","[WEB Component] Products Carousel should last products when scroll left on first slide","tests.web.component.carousel","2026-06-15","passed","2026-06-15","TestProductCarousel","test_product_carousel","",""
"","513","[WEB] Should add product review with valid data. Case: 'email' domain length = 2","tests.web.component.review","2026-06-15","passed","2026-06-15","TestReviewComponent","test_review_component","",""
"","605","[API] Get products should return 200_OK and contains expected product title","tests.api.product","2026-06-15","passed","2026-06-15","TestProductApi","test_product","",""
"","0","[API] Update user should return 400_BAD_REQUEST when send update user request with invalid data. Case: 'email' is word","tests.api.user","2026-06-15","skipped","2026-06-15","TestUpdateUserApi","test_update_user","",""
"","273","[API] Update user should return 200_OK when send update user request with valid data. Case: 'last_name' length = min + 1","tests.api.user","2026-06-15","passed","2026-06-15","TestUpdateUserApi","test_update_user","",""
"","0","[API] Update user should return 400_BAD_REQUEST when send update user request with invalid data. Case: 'address2' length = max + 1","tests.api.user","2026-06-15","skipped","2026-06-15","TestUpdateUserApi","test_update_user","",""
"","0","[WEB Component] Pay with invalid card should show error message. Case: name contains non latin characters","tests.web.component.payment","2026-06-15","skipped","2026-06-15","TestPaymentComponent","test_payment_component","",""
"","0","[WEB] Sign up with invalid data. Case: 'company' length = max","tests.web.component.auth","2026-06-15","skipped","2026-06-15","TestSignUpWeb","test_signup_component","",""
"","119","[WEB Component] Should visible user name when authorized","tests.web.component.base","2026-06-15","passed","2026-06-15","TestHeaderComponent","test_header_component","",""
"","489","[WEB] Should add product review with valid data. Case: 'email' domain name length = 2","tests.web.component.review","2026-06-15","passed","2026-06-15","TestReviewComponent","test_review_component","",""
"","1144","[WEB Component] Should not add negative products count to cart when click on add to cart button","tests.web.component.product","2026-06-15","passed","2026-06-15","TestProductCard","test_product_details_component","",""
"","0","[WEB] Should not add product review with invalid data. Case: 'message' length = max","tests.web.component.review","2026-06-15","skipped","2026-06-15","TestReviewComponent","test_review_component","",""
"","9268","Purchase products with login while checkout","tests.web.e2e","2026-06-15","passed","2026-06-15","TestPlaceOrder","test_place_order","",""
"","0","[API] Create user should return 400_BAD_REQUEST when send create user request with invalid data. Case: 'email' contains username hieroglyphs instead of username","tests.api.user","2026-06-15","skipped","2026-06-15","TestCreateUserApi","test_create_user","",""
"","0","[WEB] Sign up with invalid data. Case: 'address1' length = min","tests.web.component.auth","2026-06-15","skipped","2026-06-15","TestSignUpWeb","test_signup_component","",""
"","243","[API] Create user should return 200_OK when send create user request with valid data. Case: 'name' length = max - 1","tests.api.user","2026-06-15","passed","2026-06-15","TestCreateUserApi","test_create_user","",""
"","1042","[WEB Component] Should have expected success status message after sending contact info","tests.web.component.base","2026-06-15","passed","2026-06-15","TestSubscriptionComponent","test_subscription_component","",""
"","260","[API] Create user should return 200_OK when send create user request with valid data. Case: 'company' length = min","tests.api.user","2026-06-15","passed","2026-06-15","TestCreateUserApi","test_create_user","",""
"","0","[API] Create user should return 400_BAD_REQUEST when send create user request with invalid data. Case: 'email' contains domain with one letter","tests.api.user","2026-06-15","skipped","2026-06-15","TestCreateUserApi","test_create_user","",""
"","3420","[WEB] Sign up with valid data. Case: 'first_name' length = max","tests.web.component.auth","2026-06-15","passed","2026-06-15","TestSignUpWeb","test_signup_component","",""
"","697","[WEB Component] Add product notification should be closed when click on close button","tests.web.component.base","2026-06-15","passed","2026-06-15","TestNotificationComponent","test_notification_component","",""
"","1897","[WEB Component] Should add product to cart when click on add to cart button multiple times","tests.web.component.product","2026-06-15","passed","2026-06-15","TestProductCard","test_product_details_component","",""
"","852","[WEB Component] Should navigate to products page by click 'Products' button","tests.web.component.base","2026-06-15","passed","2026-06-15","TestHeaderComponent","test_header_component","",""
