"DESCRIPTION","DURATION IN MS","NAME","PARENT SUITE","START TIME","STATUS","STOP TIME","SUB SUITE","SUITE","TEST CLASS","TEST METHOD"
"","113","Should return user exists when user exists with email and password","tests.api.user","2026-09-14","passed","2026-09-14","TestVerifyLoginApi","test_verify_login","",""
"","0","[WEB] Should not add product review with invalid data. Case: 'email' contains text after domain","tests.web.component.review","2026-09-14","skipped","2026-09-14","TestReviewComponent","test_review_component","",""
"","359","[WEB Component] Subscription component should have expected screenshot","tests.web.component.base","2026-09-14","passed","2026-09-14","TestSubscriptionComponent","test_subscription_component","",""
"","0","[WEB Component] Pay with invalid card should show error message. Case: card number contains spaces","tests.web.component.payment","2026-09-14","skipped","2026-09-14","TestPaymentComponent","test_payment_component","",""
"","0","[API] Create user should return 400_BAD_REQUEST when send create user request with invalid data. Case: 'state' length = max + 1","tests.api.user","2026-09-14","skipped","2026-09-14","TestCreateUserApi","test_create_user","",""
"","557","[API] Update user should return 200_OK when send update user request with valid data. Case: 'company' length = min + 1","tests.api.user","2026-09-14","passed","2026-09-14","TestUpdateUserApi","test_update_user","",""
"","995","[API] Update user should return 200_OK when send update user request with valid data. Case: 'state' length = min + 1","tests.api.user","2026-09-14","passed","2026-09-14","TestUpdateUserApi","test_update_user","",""
"","0","[WEB Component] Pay with invalid card should show error message. Case: expiry year is empty","tests.web.component.payment","2026-09-14","skipped","2026-09-14","TestPaymentComponent","test_payment_component","",""
"","0","[API] Update user should return 400_BAD_REQUEST when send update user request with invalid data. Case: 'mobile_number' length = min - 1","tests.api.user","2026-09-14","skipped","2026-09-14","TestUpdateUserApi","test_update_user","",""
"","431","[API] Create user should return 200_OK when send create user request with valid data. Case: 'zipcode' length = min + 1","tests.api.user","2026-09-14","passed","2026-09-14","TestCreateUserApi","test_create_user","",""
"","0","[API] Create user should return 400_BAD_REQUEST when send create user request with invalid data. Case: 'last_name' length = max + 1","tests.api.user","2026-09-14","skipped","2026-09-14","TestCreateUserApi","test_create_user","",""
"","5051","[WEB] Sign up with valid data. Case: 'mobile_number' length = max","tests.web.component.auth","2026-09-14","passed","2026-09-14","TestSignUpWeb","test_signup_component","",""
"","0","[API] Create user should return 400_BAD_REQUEST when send create user request with invalid data. Case: 'email' contains domain with one letter","tests.api.user","2026-09-14","skipped","2026-09-14","TestCreateUserApi","test_create_user","",""
"","142","[API] Get csrf should return 200_OK when send get csrf request and contains csrf cookie","tests.api.auth","2026-09-14","passed","2026-09-14","TestAuthApi","test_auth","",""
"","0","[WEB] Sign up with invalid data. Case: 'company' length = max","tests.web.component.auth","2026-09-14","skipped","2026-09-14","TestSignUpWeb","test_signup_component","",""
"","744","[API] Update user should return 200_OK when send update user request with valid data. Case: 'company' length = max","tests.api.user","2026-09-14","passed","2026-09-14","TestUpdateUserApi","test_update_user","",""
"","0","[API] Update user should return 400_BAD_REQUEST when send update user request with invalid data. Case: 'email' not contains domain","tests.api.user","2026-09-14","skipped","2026-09-14","TestUpdateUserApi","test_update_user","",""
"","4846","[WEB] Sign up with valid data. Case: 'first_name' length = max","tests.web.component.auth","2026-09-14","passed","2026-09-14","TestSignUpWeb","test_signup_component","",""
"","671","[API] Update user should return 200_OK when send update user request with valid data. Case: 'address1' length = min","tests.api.user","2026-09-14","passed","2026-09-14","TestUpdateUserApi","test_update_user","",""
"","2415","[WEB Component] Products Carousel should show next products when scroll right","tests.web.component.carousel","2026-09-14","passed","2026-09-14","TestProductCarousel","test_product_carousel","",""
"","11306","[WEB Component] Category filter group should be collapsed after expand another group","tests.web.component.filter","2026-09-14","passed","2026-09-14","TestCategoryFilter","test_category_filter","",""
"","246","Get brands should return 200_OK when send get brands request","tests.api.brand","2026-09-14","passed","2026-09-14","TestBrandApi","test_brand","",""
"","135","[API] Get user should return 404_NOT_FOUND when send get user request and user not exists","tests.api.user","2026-09-14","passed","2026-09-14","TestGetUserApi","test_get_user","",""
"","491","[API] Update user should return 200_OK when send update user request with valid data. Case: 'zipcode' length = max","tests.api.user","2026-09-14","passed","2026-09-14","TestUpdateUserApi","test_update_user","",""
"","246","[API] Update user should return 200_OK when send update user request with valid data. Case: 'birth_year' = 1","tests.api.user","2026-09-14","passed","2026-09-14","TestUpdateUserApi","test_update_user","",""
"","557","[API] Create user should return 200_OK when send create user request with valid data. Case: 'birth_year' = 1","tests.api.user","2026-09-14","passed","2026-09-14","TestCreateUserApi","test_create_user","",""
"","4786","[WEB] Sign up with valid data. Case: 'address1' length = min + 1","tests.web.component.auth","2026-09-14","passed","2026-09-14","TestSignUpWeb","test_signup_component","",""
"","861","[WEB] Should add product review with valid data. Case: 'email' domain name length = 2","tests.web.component.review","2026-09-14","passed","2026-09-14","TestReviewComponent","test_review_component","",""
"","0","[API] Create user should return 400_BAD_REQUEST when send create user request with invalid data. Case: 'email' contains text after domain","tests.api.user","2026-09-14","skipped","2026-09-14","TestCreateUserApi","test_create_user","",""
"","0","[API] Update user should return 400_BAD_REQUEST when send update user request with invalid data. Case: 'name' length = min - 1","tests.api.user","2026-09-14","skipped","2026-09-14","TestUpdateUserApi","test_update_user","",""
"","0","[API] Create user should return 400_BAD_REQUEST when send create user request with invalid data. Case: 'email' contains username hieroglyphs instead of username","tests.api.user","2026-09-14","skipped","2026-09-14","TestCreateUserApi","test_create_user","",""
"","372","[API] Update user should return 200_OK when send update user request with valid data. Case: 'mobile_number' length = max - 1","tests.api.user","2026-09-14","passed","2026-09-14","TestUpdateUserApi","test_update_user","",""
"","5139","[WEB] Sign up with valid data. Case: 'mobile_number' length = min + 1","tests.web.component.auth","2026-09-14","passed","2026-09-14","TestSignUpWeb","test_signup_component","",""
"","0","[API] Create user should return 400_BAD_REQUEST when send create user request with invalid data. Case: 'address2' length = min - 1","tests.api.user","2026-09-14","skipped","2026-09-14","TestCreateUserApi","test_create_user","",""
"","0","[API] Create user should return 400_BAD_REQUEST when send create user request with invalid data. Case: 'name' length = min - 1","tests.api.user","2026-09-14","skipped","2026-09-14","TestCreateUserApi","test_create_user","",""
"","226","[API] Create user should return 200_OK when send create user request with valid data. Case: 'address1' length = max","tests.api.user","2026-09-14","passed","2026-09-14","TestCreateUserApi","test_create_user","",""
"","0","[WEB] Should not add product review with invalid data. Case: 'email' contains mail server as ip and port","tests.web.component.review","2026-09-14","skipped","2026-09-14","TestReviewComponent","test_review_component","",""
"","0","[API] Update user should return 400_BAD_REQUEST when send update user request with invalid data. Case: 'address1' is absent","tests.api.user","2026-09-14","skipped","2026-09-14","TestUpdateUserApi","test_update_user","",""
"","0","[API] Create user should return 400_BAD_REQUEST when send create user request with invalid data. Case: 'company' length = min - 1","tests.api.user","2026-09-14","skipped","2026-09-14","TestCreateUserApi","test_create_user","",""
"","0","[API] Create user should return 400_BAD_REQUEST when send create user request with invalid data. Case: 'zipcode' length = max + 1","tests.api.user","2026-09-14","skipped","2026-09-14","TestCreateUserApi","test_create_user","",""
"","561","[WEB Component] Product item should navigate to product page when click on item title","tests.web.component.product","2026-09-14","passed","2026-09-14","TestProductItem","test_product_item","",""
"","1404","[WEB Component] Products Carousel should first products when scroll right on last image","tests.web.component.carousel","2026-09-14","passed","2026-09-14","TestProductCarousel","test_product_carousel","",""
"","244","[API] Create user should return 200_OK when send create user request with valid data. Case: 'birth_year' = 10000","tests.api.user","2026-09-14","passed","2026-09-14","TestCreateUserApi","test_create_user","",""
"","4888","[WEB] Sign up with valid data. Case: 'zipcode' length = min + 1","tests.web.component.auth","2026-09-14","passed","2026-09-14","TestSignUpWeb","test_signup_component","",""
"","2136","[WEB Component] Category filter should have expected screenshot when fully expanded","tests.web.component.filter","2026-09-14","passed","2026-09-14","TestCategoryFilter","test_category_filter","",""
"","318","[API] Update user should return 200_OK when send update user request with valid data. Case: 'zipcode' length = min","tests.api.user","2026-09-14","passed","2026-09-14","TestUpdateUserApi","test_update_user","",""
"","0","[API] Create user should return 400_BAD_REQUEST when send create user request with invalid data. Case: 'birth_year' is absent","tests.api.user","2026-09-14","skipped","2026-09-14","TestCreateUserApi","test_create_user","",""
"","0","[WEB] Sign up with invalid data. Case: 'name' length = min + 1","tests.web.component.auth","2026-09-14","skipped","2026-09-14","TestSignUpWeb","test_signup_component","",""
"","45","[WEB Component] Should have all products expected total price","tests.web.component.product","2026-09-14","passed","2026-09-14","TestProductItem","test_product_item","",""
"","1377","[WEB Component] Search filter should have expected screenshot","tests.web.component.filter","2026-09-14","passed","2026-09-14","TestSearchFilter","test_search_filter","",""
"","0","[API] Create user should return 400_BAD_REQUEST when send create user request with invalid data. Case: 'address1' length = max + 1","tests.api.user","2026-09-14","skipped","2026-09-14","TestCreateUserApi","test_create_user","",""
"","267","[API] Create user should return 200_OK when send create user request with valid data. Case: 'birth_month' = 12","tests.api.user","2026-09-14","passed","2026-09-14","TestCreateUserApi","test_create_user","",""
"","0","[WEB] Sign up with invalid data. Case: 'name' length = max","tests.web.component.auth","2026-09-14","skipped","2026-09-14","TestSignUpWeb","test_signup_component","",""
"","4713","[WEB] Sign up with valid data. Case: 'first_name' length = min","tests.web.component.auth","2026-09-14","passed","2026-09-14","TestSignUpWeb","test_signup_component","",""
"","198","test_search_products_returns_empty_array","tests.api.product","2026-09-14","passed","2026-09-14","TestProductApi","test_product","",""
"","0","[WEB] Sign up with invalid data. Case: 'address1' length = min + 1","tests.web.component.auth","2026-09-14","skipped","2026-09-14","TestSignUpWeb","test_signup_component","",""
"","0","[WEB Component] Pay with invalid card should show error message. Case: card number contains letters","tests.web.component.payment","2026-09-14","skipped","2026-09-14","TestPaymentComponent","test_payment_component","",""
"","0","[WEB] Sign up with invalid data. Case: 'state' length = max - 1","tests.web.component.auth","2026-09-14","skipped","2026-09-14","TestSignUpWeb","test_signup_component","",""
"","0","[WEB] Sign up with invalid data. Case: 'company' length = min","tests.web.component.auth","2026-09-14","skipped","2026-09-14","TestSignUpWeb","test_signup_component","",""
"","326","[API] Create user should return 200_OK when send create user request with valid data. Case: 'mobile_number' length = max - 1","tests.api.user","2026-09-14","passed","2026-09-14","TestCreateUserApi","test_create_user","",""
"","0","[WEB] Sign up with invalid data. Case: 'mobile_number' length = max - 1","tests.web.component.auth","2026-09-14","skipped","2026-09-14","TestSignUpWeb","test_signup_component","",""
"","0","[API] Update user should return 400_BAD_REQUEST when send update user request with invalid data. Case: 'first_name' length = max + 1","tests.api.user","2026-09-14","skipped","2026-09-14","TestUpdateUserApi","test_update_user","",""
"","130","[API] Create user should return 200_OK when send create user request with valid data. Case: 'city' length = min","tests.api.user","2026-09-14","passed","2026-09-14","TestCreateUserApi","test_create_user","",""
"","209","[API] Get user should return 200_OK when send get user request and user exists","tests.api.user","2026-09-14","passed","2026-09-14","TestGetUserApi","test_get_user","",""
"","0","[WEB Component] Should not subscribe with invalid email","tests.web.component.base","2026-09-14","skipped","2026-09-14","TestSubscriptionComponent","test_subscription_component","",""
"","5203","[WEB] Sign up with valid data. Case: 'last_name' length = max","tests.web.component.auth","2026-09-14","passed","2026-09-14","TestSignUpWeb","test_signup_component","",""
"","249","Should return user not found when user password invalid","tests.api.user","2026-09-14","passed","2026-09-14","TestVerifyLoginApi","test_verify_login","",""
"","365","[API] Update user should return 200_OK when send update user request with valid data. Case: 'birth_day' = 1","tests.api.user","2026-09-14","passed","2026-09-14","TestUpdateUserApi","test_update_user","",""
"","6771","[WEB] Sign up with valid data. Case: 'birth_year' = 1","tests.web.component.auth","2026-09-14","passed","2026-09-14","TestSignUpWeb","test_signup_component","",""
"","0","[API] Update user should return 400_BAD_REQUEST when send update user request with invalid data. Case: 'zipcode' has invalid format","tests.api.user","2026-09-14","skipped","2026-09-14","TestUpdateUserApi","test_update_user","",""
"","4876","[WEB] Sign up with valid data. Case: 'zipcode' length = min","tests.web.component.auth","2026-09-14","passed","2026-09-14","TestSignUpWeb","test_signup_component","",""
"","0","[API] Create user should return 400_BAD_REQUEST when send create user request with invalid data. Case: 'mobile_number' length = max + 1","tests.api.user","2026-09-14","skipped","2026-09-14","TestCreateUserApi","test_create_user","",""
"","0","[WEB] Sign up with invalid data. Case: 'address2' length = min","tests.web.component.auth","2026-09-14","skipped","2026-09-14","TestSignUpWeb","test_signup_component","",""
"","466","[API] Update user should return 200_OK when send update user request with valid data. Case: 'state' length = max - 1","tests.api.user","2026-09-14","passed","2026-09-14","TestUpdateUserApi","test_update_user","",""
"","6844","[WEB] Sign up with valid data. Case: 'address2' length = min + 1","tests.web.component.auth","2026-09-14","passed","2026-09-14","TestSignUpWeb","test_signup_component","",""
"","0","[API] Create user should return 400_BAD_REQUEST when send create user request with invalid data. Case: 'city' length = min - 1","tests.api.user","2026-09-14","skipped","2026-09-14","TestCreateUserApi","test_create_user","",""
"","4530","[WEB] Sign up with valid data. Case: 'mobile_number' length = max - 1","tests.web.component.auth","2026-09-14","passed","2026-09-14","TestSignUpWeb","test_signup_component","",""
"","651","[WEB Component] Should navigate to contact us page by click on 'Contact us' button","tests.web.component.base","2026-09-14","passed","2026-09-14","TestHeaderComponent","test_header_component","",""
"","1614","[WEB Component] Should navigate to login page by click 'Signup / Login' button","tests.web.component.base","2026-09-14","passed","2026-09-14","TestHeaderComponent","test_header_component","",""
"","0","[API] Update user should return 400_BAD_REQUEST when send update user request with invalid data. Case: 'mobile_number' has invalid format","tests.api.user","2026-09-14","skipped","2026-09-14","TestUpdateUserApi","test_update_user","",""
"","2344","[API] Login should return 200_OK when send login request with valid data and contains csrf cookie","tests.api.auth","2026-09-14","passed","2026-09-14","TestAuthApi","test_auth","",""
"","0","[API] Update user should return 400_BAD_REQUEST when send update user request with invalid data. Case: 'email' contains mail server as ip and port","tests.api.user","2026-09-14","skipped","2026-09-14","TestUpdateUserApi","test_update_user","",""
"","6100","[WEB] Sign up with valid data. Case: 'birth_month' = 12","tests.web.component.auth","2026-09-14","passed","2026-09-14","TestSignUpWeb","test_signup_component","",""
"","0","[WEB] Sign up with invalid data. Case: 'zipcode' length = max - 1","tests.web.component.auth","2026-09-14","skipped","2026-09-14","TestSignUpWeb","test_signup_component","",""
"","0","[WEB Component] Pay with invalid card should show error message. Case: cvc all zeros","tests.web.component.payment","2026-09-14","skipped","2026-09-14","TestPaymentComponent","test_payment_component","",""
"","0","[API] Update user should return 400_BAD_REQUEST when send update user request with invalid data. Case: 'last_name' length = min - 1","tests.api.user","2026-09-14","skipped","2026-09-14","TestUpdateUserApi","test_update_user","",""
"","326","[API] Update user should return 200_OK when send update user request with valid data. Case: 'name' length = max - 1","tests.api.user","2026-09-14","passed","2026-09-14","TestUpdateUserApi","test_update_user","",""
"","0","[API] Update user should return 400_BAD_REQUEST when send update user request with invalid data. Case: 'birth_day' is zero","tests.api.user","2026-09-14","skipped","2026-09-14","TestUpdateUserApi","test_update_user","",""
"","0","[API] Create user should return 400_BAD_REQUEST when send create user request with invalid data. Case: 'last_name' length = min - 1","tests.api.user","2026-09-14","skipped","2026-09-14","TestCreateUserApi","test_create_user","",""
"","0","[API] Update user should return 400_BAD_REQUEST when send update user request with invalid data. Case: 'birth_month' is zero","tests.api.user","2026-09-14","skipped","2026-09-14","TestUpdateUserApi","test_update_user","",""
"","0","[API] Update user should return 400_BAD_REQUEST when send update user request with invalid data. Case: 'state' length = min - 1","tests.api.user","2026-09-14","skipped","2026-09-14","TestUpdateUserApi","test_update_user","",""
"","0","[API] Create user should return 400_BAD_REQUEST when send create user request with invalid data. Case: 'company' is empty","tests.api.user","2026-09-14","skipped","2026-09-14","TestCreateUserApi","test_create_user","",""
"","4583","[WEB Component] Invoice should have expected price","tests.web.component.payment","2026-09-14","passed","2026-09-14","TestPaymentComponent","test_invoice_file","",""
"","0","[WEB Component] Pay with invalid card should show error message. Case: cvc contains special characters","tests.web.component.payment","2026-09-14","skipped","2026-09-14","TestPaymentComponent","test_payment_component","",""
"","0","[API] Create user should return 400_BAD_REQUEST when send create user request with invalid data. Case: 'state' is empty","tests.api.user","2026-09-14","skipped","2026-09-14","TestCreateUserApi","test_create_user","",""
"","1175","[WEB Component] Should not add negative products count to cart when click on add to cart button","tests.web.component.product","2026-09-14","passed","2026-09-14","TestProductCard","test_product_details_component","",""
"","213","[API] Create user should return 200_OK when send create user request with valid data. Case: 'city' length = max","tests.api.user","2026-09-14","passed","2026-09-14","TestCreateUserApi","test_create_user","",""
"","4004","[WEB] Sign up with valid data. Case: 'address1' length = max","tests.web.component.auth","2026-09-14","passed","2026-09-14","TestSignUpWeb","test_signup_component","",""
"","6010","[WEB] Sign up with valid data. Case: 'city' length = min + 1","tests.web.component.auth","2026-09-14","passed","2026-09-14","TestSignUpWeb","test_signup_component","",""
"","781","[WEB] Should have expected screenshot when send review","tests.web.component.review","2026-09-14","passed","2026-09-14","TestReviewComponent","test_review_component","",""
"","281","[API] Create user should return 200_OK when send create user request with valid data. Case: 'address2' length = max - 1","tests.api.user","2026-09-14","passed","2026-09-14","TestCreateUserApi","test_create_user","",""
"","0","[API] Create user should return 400_BAD_REQUEST when send create user request with invalid data. Case: 'address1' is absent","tests.api.user","2026-09-14","skipped","2026-09-14","TestCreateUserApi","test_create_user","",""
"","0","[API] Create user should return 400_BAD_REQUEST when send create user request with invalid data. Case: 'email' not contains username","tests.api.user","2026-09-14","skipped","2026-09-14","TestCreateUserApi","test_create_user","",""
"","567","[WEB] Should add product review with valid data. Case: 'email' username contains '-'","tests.web.component.review","2026-09-14","passed","2026-09-14","TestReviewComponent","test_review_component","",""
"","6702","[WEB Component] Place order without authorization notification proceed to checkout button should navigate to login page","tests.web.component.base","2026-09-14","passed","2026-09-14","TestNotificationComponent","test_notification_component","",""
"","363","[WEB Component] Delivery address has expected data","tests.web.component.address","2026-09-14","passed","2026-09-14","TestAddressComponent","test_address_component","",""
"","371","[API] Update user should return 200_OK when send update user request with valid data. Case: 'name' length = max","tests.api.user","2026-09-14","passed","2026-09-14","TestUpdateUserApi","test_update_user","",""
"","168","[API] Create user should return 200_OK when send create user request with valid data. Case: 'company' length = min","tests.api.user","2026-09-14","passed","2026-09-14","TestCreateUserApi","test_create_user","",""
"","14504","Purchase products with sign up before checkout","tests.web.e2e","2026-09-14","passed","2026-09-14","TestPlaceOrder","test_place_order","",""
"","812","[API] Update user should return 200_OK when send update user request with valid data. Case: 'address2' length = min","tests.api.user","2026-09-14","passed","2026-09-14","TestUpdateUserApi","test_update_user","",""
"","2570","[WEB Component] Should add product to cart when click on add to cart button","tests.web.component.product","2026-09-14","passed","2026-09-14","TestProductCard","test_product_details_component","",""
"","0","[API] Create user should return 400_BAD_REQUEST when send create user request with invalid data. Case: 'email' contains multiple '@' symbols","tests.api.user","2026-09-14","skipped","2026-09-14","TestCreateUserApi","test_create_user","",""
"","0","[WEB] Sign up with invalid data. Case: 'city' length = min","tests.web.component.auth","2026-09-14","skipped","2026-09-14","TestSignUpWeb","test_signup_component","",""
"","3109","[WEB Component] Order placed page should have expected screenshot","tests.web.component.payment","2026-09-14","passed","2026-09-14","TestPaymentComponent","test_invoice_file","",""
"","0","[API] Create user should return 400_BAD_REQUEST when send create user request with invalid data. Case: 'state' length = min - 1","tests.api.user","2026-09-14","skipped","2026-09-14","TestCreateUserApi","test_create_user","",""
"","0","[API] Create user should return 400_BAD_REQUEST when send create user request with invalid data. Case: 'birth_day' is absent","tests.api.user","2026-09-14","skipped","2026-09-14","TestCreateUserApi","test_create_user","",""
"","1938","[WEB Component] Pay with valid card should show success status message. Case: valid: expiry month min","tests.web.component.payment","2026-09-14","passed","2026-09-14","TestPaymentComponent","test_payment_component","",""
"","0","[API] Update user should return 400_BAD_REQUEST when send update user request with invalid data. Case: 'email' contains multiple '@' symbols","tests.api.user","2026-09-14","skipped","2026-09-14","TestUpdateUserApi","test_update_user","",""
"","155","[API] Create user should return 200_OK when send create user request with valid data. Case: 'first_name' length = max","tests.api.user","2026-09-14","passed","2026-09-14","TestCreateUserApi","test_create_user","",""
"","853","[WEB Component] Should navigate to main page by click on header logo","tests.web.component.base","2026-09-14","passed","2026-09-14","TestHeaderComponent","test_header_component","",""
"","0","[WEB] Sign up with invalid data. Case: 'first_name' length = min","tests.web.component.auth","2026-09-14","skipped","2026-09-14","TestSignUpWeb","test_signup_component","",""
"","492","[API] Update user should return 200_OK when send update user request with valid data. Case: 'city' length = min + 1","tests.api.user","2026-09-14","passed","2026-09-14","TestUpdateUserApi","test_update_user","",""
"","0","[API] Update user should return 400_BAD_REQUEST when send update user request with invalid data. Case: 'birth_day' is invalid positive","tests.api.user","2026-09-14","skipped","2026-09-14","TestUpdateUserApi","test_update_user","",""
"","7432","[WEB Component] Can download invoice multiple times","tests.web.component.payment","2026-09-14","passed","2026-09-14","TestPaymentComponent","test_invoice_file","",""
"","0","[API] Create user should return 400_BAD_REQUEST when send create user request with invalid data. Case: 'email' is word","tests.api.user","2026-09-14","skipped","2026-09-14","TestCreateUserApi","test_create_user","",""
"","5215","[WEB] Sign up with valid data. Case: 'state' length = max","tests.web.component.auth","2026-09-14","passed","2026-09-14","TestSignUpWeb","test_signup_component","",""
"","776","[API] Update user should return 200_OK when send update user request with valid data. Case: 'address1' length = max - 1","tests.api.user","2026-09-14","passed","2026-09-14","TestUpdateUserApi","test_update_user","",""
"","512","[API] Create user should return 400_BAD_REQUEST when send create user request with existing email","tests.api.user","2026-09-14","passed","2026-09-14","TestCreateUserApi","test_create_user","",""
"","3111","[WEB Component] Pay with valid card should show success status message. Case: valid: 16 digits number","tests.web.component.payment","2026-09-14","passed","2026-09-14","TestPaymentComponent","test_payment_component","",""
"","1183","[WEB Component] Category filter should have expected screenshot when collapsed","tests.web.component.filter","2026-09-14","passed","2026-09-14","TestCategoryFilter","test_category_filter","",""
"","0","[API] Create user should return 400_BAD_REQUEST when send create user request with invalid data. Case: 'mobile_number' length = min - 1","tests.api.user","2026-09-14","skipped","2026-09-14","TestCreateUserApi","test_create_user","",""
"","0","[API] Update user should return 400_BAD_REQUEST when send update user request with invalid data. Case: 'email' not contains '@' symbol","tests.api.user","2026-09-14","skipped","2026-09-14","TestUpdateUserApi","test_update_user","",""
"","0","[API] Create user should return 400_BAD_REQUEST when send create user request with invalid data. Case: 'zipcode' has invalid format","tests.api.user","2026-09-14","skipped","2026-09-14","TestCreateUserApi","test_create_user","",""
"","0","[API] Create user should return 400_BAD_REQUEST when send create user request with invalid data. Case: 'birth_month' is zero","tests.api.user","2026-09-14","skipped","2026-09-14","TestCreateUserApi","test_create_user","",""
"","0","[WEB] Sign up with invalid data. Case: 'state' length = max","tests.web.component.auth","2026-09-14","skipped","2026-09-14","TestSignUpWeb","test_signup_component","",""
"","0","[WEB] Sign up with invalid data. Case: 'state' length = min","tests.web.component.auth","2026-09-14","skipped","2026-09-14","TestSignUpWeb","test_signup_component","",""
"","0","[API] Create user should return 400_BAD_REQUEST when send create user request with invalid data. Case: 'birth_day' is negative","tests.api.user","2026-09-14","skipped","2026-09-14","TestCreateUserApi","test_create_user","",""
"","0","[API] Create user should return 400_BAD_REQUEST when send create user request with invalid data. Case: 'city' length = max + 1","tests.api.user","2026-09-14","skipped","2026-09-14","TestCreateUserApi","test_create_user","",""
"","558","[WEB] Should add product review with valid data. Case: 'email' domain contains '-'","tests.web.component.review","2026-09-14","passed","2026-09-14","TestReviewComponent","test_review_component","",""
"","0","[API] Update user should return 400_BAD_REQUEST when send update user request with invalid data. Case: 'birth_month' is absent","tests.api.user","2026-09-14","skipped","2026-09-14","TestUpdateUserApi","test_update_user","",""
"","0","[API] Create user should return 400_BAD_REQUEST when send create user request with invalid data. Case: 'birth_year' is invalid positive","tests.api.user","2026-09-14","skipped","2026-09-14","TestCreateUserApi","test_create_user","",""
"","0","[WEB Component] Pay with invalid card should show error message. Case: cvc contains letters","tests.web.component.payment","2026-09-14","skipped","2026-09-14","TestPaymentComponent","test_payment_component","",""
"","0","[API] Update user should return 400_BAD_REQUEST when send update user request with invalid data. Case: 'city' is empty","tests.api.user","2026-09-14","skipped","2026-09-14","TestUpdateUserApi","test_update_user","",""
"","0","[API] Update user should return 400_BAD_REQUEST when send update user request with invalid data. Case: 'address1' length = max + 1","tests.api.user","2026-09-14","skipped","2026-09-14","TestUpdateUserApi","test_update_user","",""
"","2099","[WEB Component] Add product notification should have expected data and screenshot","tests.web.component.base","2026-09-14","passed","2026-09-14","TestNotificationComponent","test_notification_component","",""
"","0","[API] Create user should return 400_BAD_REQUEST when send create user request with invalid data. Case: 'name' length = max + 1","tests.api.user","2026-09-14","skipped","2026-09-14","TestCreateUserApi","test_create_user","",""
"","2418","[WEB Component] Pay with valid card should show success status message. Case: valid: expiry month max","tests.web.component.payment","2026-09-14","passed","2026-09-14","TestPaymentComponent","test_payment_component","",""
"","2292","[WEB Component] Search filter should return all products when filter by empty query","tests.web.component.filter","2026-09-14","passed","2026-09-14","TestSearchFilter","test_search_filter","",""
"","3012","[WEB Component] Animated product card overlay should have expected data","tests.web.component.product","2026-09-14","passed","2026-09-14","TestAnimatedProductCard","test_animated_product_card_component","",""
"","230","[API] Create user should return 200_OK when send create user request with valid data. Case: 'birth_day' length = 31","tests.api.user","2026-09-14","passed","2026-09-14","TestCreateUserApi","test_create_user","",""
"","0","[API] Update user should return 400_BAD_REQUEST when send update user request with invalid data. Case: 'zipcode' is empty","tests.api.user","2026-09-14","skipped","2026-09-14","TestUpdateUserApi","test_update_user","",""
"","322","[API] Create user should return 200_OK when send create user request with valid data. Case: 'birth_day' = 1","tests.api.user","2026-09-14","passed","2026-09-14","TestCreateUserApi","test_create_user","",""
"","777","[API] Update user should return 200_OK when send update user request with valid data. Case: 'birth_year' = 10000","tests.api.user","2026-09-14","passed","2026-09-14","TestUpdateUserApi","test_update_user","",""
"","6556","[WEB] Sign up with valid data. Case: 'mobile_number' length = min","tests.web.component.auth","2026-09-14","passed","2026-09-14","TestSignUpWeb","test_signup_component","",""
"","326","[WEB Component] Should visible user name when authorized","tests.web.component.base","2026-09-14","passed","2026-09-14","TestHeaderComponent","test_header_component","",""
"","0","[API] Update user should return 400_BAD_REQUEST when send update user request with invalid data. Case: 'name' is absent","tests.api.user","2026-09-14","skipped","2026-09-14","TestUpdateUserApi","test_update_user","",""
"","121","[API] Create user should return 200_OK when send create user request with valid data. Case: 'mobile_number' length = min","tests.api.user","2026-09-14","passed","2026-09-14","TestCreateUserApi","test_create_user","",""
"","367","[API] Update user should return 200_OK when send update user request with valid data. Case: 'address2' length = max","tests.api.user","2026-09-14","passed","2026-09-14","TestUpdateUserApi","test_update_user","",""
"","0","[WEB Component] Pay with invalid card should show error message. Case: name contains leading spaces","tests.web.component.payment","2026-09-14","skipped","2026-09-14","TestPaymentComponent","test_payment_component","",""
"","295","[API] Update user should return 200_OK when send update user request with valid data. Case: 'first_name' length = max - 1","tests.api.user","2026-09-14","passed","2026-09-14","TestUpdateUserApi","test_update_user","",""
"","374","[API] Update user should return 200_OK when send update user request with valid data. Case: 'state' length = max","tests.api.user","2026-09-14","passed","2026-09-14","TestUpdateUserApi","test_update_user","",""
"","492","[API] Update user should return 200_OK when send update user request with valid data. Case: 'city' length = min","tests.api.user","2026-09-14","passed","2026-09-14","TestUpdateUserApi","test_update_user","",""
"","5238","[WEB] Sign up with valid data. Case: 'company' length = max","tests.web.component.auth","2026-09-14","passed","2026-09-14","TestSignUpWeb","test_signup_component","",""
"","2002","[WEB Component] Product carousel should have expected product","tests.web.component.carousel","2026-09-14","failed","2026-09-14","TestProductCarousel","test_product_carousel","",""
"","227","[API] Create user should return 200_OK when send create user request with valid data. Case: 'last_name' length = max - 1","tests.api.user","2026-09-14","passed","2026-09-14","TestCreateUserApi","test_create_user","",""
"","0","[API] Update user should return 400_BAD_REQUEST when send update user request with invalid data. Case: 'email' contains invalid top level domain web","tests.api.user","2026-09-14","skipped","2026-09-14","TestUpdateUserApi","test_update_user","",""
"","516","[API] Update user should return 200_OK when send update user request with valid data. Case: 'address2' length = min + 1","tests.api.user","2026-09-14","passed","2026-09-14","TestUpdateUserApi","test_update_user","",""
"","0","[API] Update user should return 400_BAD_REQUEST when send update user request with invalid data. Case: 'birth_day' is negative","tests.api.user","2026-09-14","skipped","2026-09-14","TestUpdateUserApi","test_update_user","",""
"","9585","Purchase products with login while checkout","tests.web.e2e","2026-09-14","passed","2026-09-14","TestPlaceOrder","test_place_order","",""
"","703","[WEB] Should add product review with valid data. Case: 'email' username contains only underscore '-'","tests.web.component.review","2026-09-14","passed","2026-09-14","TestReviewComponent","test_review_component","",""
"","0","[API] Create user should return 400_BAD_REQUEST when send create user request with invalid data. Case: 'birth_day' is invalid positive","tests.api.user","2026-09-14","skipped","2026-09-14","TestCreateUserApi","test_create_user","",""
"","0","[WEB Component] Pay with invalid card should show error message. Case: name is empty","tests.web.component.payment","2026-09-14","skipped","2026-09-14","TestPaymentComponent","test_payment_component","",""
"","145","[API] Create user should return 200_OK when send create user request with valid data. Case: 'last_name' length = max","tests.api.user","2026-09-14","passed","2026-09-14","TestCreateUserApi","test_create_user","",""
"","0","[WEB] Should not add product review with invalid data. Case: 'email' is word","tests.web.component.review","2026-09-14","skipped","2026-09-14","TestReviewComponent","test_review_component","",""
"","2224","[WEB Component] Pay with valid card should show success status message. Case: valid: future year","tests.web.component.payment","2026-09-14","passed","2026-09-14","TestPaymentComponent","test_payment_component","",""
"","0","[WEB] Sign up with invalid data. Case: 'birth_year' = 1","tests.web.component.auth","2026-09-14","skipped","2026-09-14","TestSignUpWeb","test_signup_component","",""
"","0","[API] Update user should return 400_BAD_REQUEST when send update user request with invalid data. Case: 'company' length = min - 1","tests.api.user","2026-09-14","skipped","2026-09-14","TestUpdateUserApi","test_update_user","",""
"","0","[API] Update user should return 400_BAD_REQUEST when send update user request with invalid data. Case: 'first_name' length = min - 1","tests.api.user","2026-09-14","skipped","2026-09-14","TestUpdateUserApi","test_update_user","",""
"","0","[WEB Component] Pay with invalid card should show error message. Case: card number too long","tests.web.component.payment","2026-09-14","skipped","2026-09-14","TestPaymentComponent","test_payment_component","",""
"","1431","[WEB Component] Should increase product item quantity","tests.web.component.product","2026-09-14","passed","2026-09-14","TestProductItem","test_product_item","",""
"","5864","[WEB Component] Category filter should have expected screenshot when group expanded","tests.web.component.filter","2026-09-14","passed","2026-09-14","TestCategoryFilter","test_category_filter","",""
"","0","[WEB] Sign up with invalid data. Case: 'birth_day' length = 31","tests.web.component.auth","2026-09-14","skipped","2026-09-14","TestSignUpWeb","test_signup_component","",""
"","506","[API] Update user should return 200_OK when send update user request with valid data. Case: 'birth_month' = 12","tests.api.user","2026-09-14","passed","2026-09-14","TestUpdateUserApi","test_update_user","",""
"","10692","[WEB] Sign in with valid data","tests.web.component.auth","2026-09-14","passed","2026-09-14","TestLoginWeb","test_login_component","",""
"","0","[API] Update user should return 400_BAD_REQUEST when send update user request with invalid data. Case: 'mobile_number' is absent","tests.api.user","2026-09-14","skipped","2026-09-14","TestUpdateUserApi","test_update_user","",""
"","0","[WEB Component] Pay with invalid card should show error message. Case: cvc only spaces","tests.web.component.payment","2026-09-14","skipped","2026-09-14","TestPaymentComponent","test_payment_component","",""
"","2458","[WEB Component] Products Carousel should last products when scroll left on first slide","tests.web.component.carousel","2026-09-14","passed","2026-09-14","TestProductCarousel","test_product_carousel","",""
"","0","[WEB] Sign up with invalid data. Case: 'first_name' length = max","tests.web.component.auth","2026-09-14","skipped","2026-09-14","TestSignUpWeb","test_signup_component","",""
"","565","[WEB] Should add product review with valid data. Case: 'email' username is numerical","tests.web.component.review","2026-09-14","passed","2026-09-14","TestReviewComponent","test_review_component","",""
"","2369","[WEB Component] Add product to cart from product carousel","tests.web.component.carousel","2026-09-14","passed","2026-09-14","TestProductCarousel","test_product_carousel","",""
"","691","[WEB Component] Pay with valid card should show success status message. Case: valid: boundary valid number","tests.web.component.payment","2026-09-14","passed","2026-09-14","TestPaymentComponent","test_payment_component","",""
"","965","[WEB Component] Should subscribe with valid email","tests.web.component.base","2026-09-14","failed","2026-09-14","TestSubscriptionComponent","test_subscription_component","",""
"","451","[API] Create user should return 200_OK when send create user request with valid data. Case: 'address2' length = max","tests.api.user","2026-09-14","passed","2026-09-14","TestCreateUserApi","test_create_user","",""
"","574","[WEB Component] Pay with valid card should show success status message. Case: valid: name min length","tests.web.component.payment","2026-09-14","passed","2026-09-14","TestPaymentComponent","test_payment_component","",""
"","0","[API] Create user should return 400_BAD_REQUEST when send create user request with invalid data. Case: 'email' contains text before username","tests.api.user","2026-09-14","skipped","2026-09-14","TestCreateUserApi","test_create_user","",""
"","336","[API] Update user should return 200_OK when send update user request with valid data. Case: 'company' length = max - 1","tests.api.user","2026-09-14","passed","2026-09-14","TestUpdateUserApi","test_update_user","",""
"","0","[WEB Component] Pay with invalid card should show error message. Case: card number contains special characters","tests.web.component.payment","2026-09-14","skipped","2026-09-14","TestPaymentComponent","test_payment_component","",""
"","4915","[WEB] Sign up with valid data. Case: 'first_name' length = max - 1","tests.web.component.auth","2026-09-14","passed","2026-09-14","TestSignUpWeb","test_signup_component","",""
"","0","[WEB] Sign up with invalid data. Case: 'mobile_number' length = min","tests.web.component.auth","2026-09-14","skipped","2026-09-14","TestSignUpWeb","test_signup_component","",""
"","0","[API] Update user should return 400_BAD_REQUEST when send update user request with invalid data. Case: 'email' contains text after domain","tests.api.user","2026-09-14","skipped","2026-09-14","TestUpdateUserApi","test_update_user","",""
"","0","[WEB] Sign up with invalid data. Case: 'zipcode' length = min","tests.web.component.auth","2026-09-14","skipped","2026-09-14","TestSignUpWeb","test_signup_component","",""
"","0","[WEB] Sign up with invalid data. Case: 'birth_month' = 1","tests.web.component.auth","2026-09-14","skipped","2026-09-14","TestSignUpWeb","test_signup_component","",""
"","0","[WEB] Sign up with invalid data. Case: 'address2' length = max - 1","tests.web.component.auth","2026-09-14","skipped","2026-09-14","TestSignUpWeb","test_signup_component","",""
"","0","[WEB Component] Pay with invalid card should show error message. Case: expiry year only spaces","tests.web.component.payment","2026-09-14","skipped","2026-09-14","TestPaymentComponent","test_payment_component","",""
"","251","[API] Create user should return 200_OK when send create user request with valid data. Case: 'company' length = max","tests.api.user","2026-09-14","passed","2026-09-14","TestCreateUserApi","test_create_user","",""
"","6406","[WEB] Sign up with valid data. Case: 'address2' length = max - 1","tests.web.component.auth","2026-09-14","passed","2026-09-14","TestSignUpWeb","test_signup_component","",""
"","0","[WEB Component] Pay with invalid card should show error message. Case: expiry month = 13","tests.web.component.payment","2026-09-14","skipped","2026-09-14","TestPaymentComponent","test_payment_component","",""
"","0","[API] Update user should return 400_BAD_REQUEST when send update user request with invalid data. Case: 'name' length = max + 1","tests.api.user","2026-09-14","skipped","2026-09-14","TestUpdateUserApi","test_update_user","",""
"","928","[WEB Component] Should have expected success status message after sending contact info","tests.web.component.base","2026-09-14","passed","2026-09-14","TestSubscriptionComponent","test_subscription_component","",""
"","1916","[WEB Component] Pay with valid card should show success status message. Case: valid name contains multiple spaces","tests.web.component.payment","2026-09-14","passed","2026-09-14","TestPaymentComponent","test_payment_component","",""
"","256","[API] Delete user should return 404_NOT_FOUND when send delete user request and user not exists","tests.api.user","2026-09-14","passed","2026-09-14","TestDeleteUserApi","test_delete_user","",""
"","0","[WEB] Sign up with invalid data. Case: 'birth_month' = 12","tests.web.component.auth","2026-09-14","skipped","2026-09-14","TestSignUpWeb","test_signup_component","",""
"","5311","[WEB] Sign up with valid data. Case: 'city' length = max - 1","tests.web.component.auth","2026-09-14","passed","2026-09-14","TestSignUpWeb","test_signup_component","",""
"","0","[API] Create user should return 400_BAD_REQUEST when send create user request with invalid data. Case: 'mobile_number' is absent","tests.api.user","2026-09-14","skipped","2026-09-14","TestCreateUserApi","test_create_user","",""
"","1151","[WEB Component] Should decrease all products total price","tests.web.component.product","2026-09-14","passed","2026-09-14","TestProductItem","test_product_item","",""
"","4003","[WEB Component] Place order without authorization notification should have expected data and screenshot","tests.web.component.base","2026-09-14","passed","2026-09-14","TestNotificationComponent","test_notification_component","",""
"","4347","[WEB] Sign up with valid data. Case: 'state' length = min + 1","tests.web.component.auth","2026-09-14","passed","2026-09-14","TestSignUpWeb","test_signup_component","",""
"","4612","[WEB] Sign up with valid data. Case: 'birth_day' = 1","tests.web.component.auth","2026-09-14","passed","2026-09-14","TestSignUpWeb","test_signup_component","",""
"","627","[WEB Component] Should add product to cart when click on add to cart button","tests.web.component.product","2026-09-14","passed","2026-09-14","TestProductCard","test_product_card_component","",""
"","4241","[WEB] Sign up with valid data. Case: 'zipcode' length = max","tests.web.component.auth","2026-09-14","passed","2026-09-14","TestSignUpWeb","test_signup_component","",""
"","1112","[API] Update user should return 200_OK when send update user request with valid data. Case: 'zipcode' length = min + 1","tests.api.user","2026-09-14","passed","2026-09-14","TestUpdateUserApi","test_update_user","",""
"","0","[API] Update user should return 400_BAD_REQUEST when send update user request with invalid data. Case: 'first_name' is absent","tests.api.user","2026-09-14","skipped","2026-09-14","TestUpdateUserApi","test_update_user","",""
"","4667","[WEB] Sign up with valid data. Case: 'name' length = max","tests.web.component.auth","2026-09-14","passed","2026-09-14","TestSignUpWeb","test_signup_component","",""
"","1785","[WEB] Should add product review with valid data. Case: 'message' length = max - 1","tests.web.component.review","2026-09-14","passed","2026-09-14","TestReviewComponent","test_review_component","",""
"","0","[API] Create user should return 400_BAD_REQUEST when send create user request with invalid data. Case: 'email' not contains domain","tests.api.user","2026-09-14","skipped","2026-09-14","TestCreateUserApi","test_create_user","",""
"","743","[API] Update user should return 200_OK when send update user request with valid data. Case: 'state' length = min","tests.api.user","2026-09-14","passed","2026-09-14","TestUpdateUserApi","test_update_user","",""
"","0","[API] Create user should return 400_BAD_REQUEST when send create user request with invalid data. Case: 'address1' length = min - 1","tests.api.user","2026-09-14","skipped","2026-09-14","TestCreateUserApi","test_create_user","",""
"","2289","[WEB Component] Pay with valid card should show success status message. Case: valid: cvc typical","tests.web.component.payment","2026-09-14","passed","2026-09-14","TestPaymentComponent","test_payment_component","",""
"","0","[API] Update user should return 400_BAD_REQUEST when send update user request with invalid data. Case: 'email' contains only special symbols","tests.api.user","2026-09-14","skipped","2026-09-14","TestUpdateUserApi","test_update_user","",""
"","442","[API] Create user should return 200_OK when send create user request with valid data. Case: 'first_name' length = max - 1","tests.api.user","2026-09-14","passed","2026-09-14","TestCreateUserApi","test_create_user","",""
"","900","[API] Update user should return 200_OK when send update user request with valid data. Case: 'last_name' length = min + 1","tests.api.user","2026-09-14","passed","2026-09-14","TestUpdateUserApi","test_update_user","",""
"","0","[API] Update user should return 400_BAD_REQUEST when send update user request with invalid data. Case: 'birth_year' is negative","tests.api.user","2026-09-14","skipped","2026-09-14","TestUpdateUserApi","test_update_user","",""
"","0","[WEB] Sign up with invalid data. Case: 'city' length = max","tests.web.component.auth","2026-09-14","skipped","2026-09-14","TestSignUpWeb","test_signup_component","",""
"","0","[WEB] Sign up with invalid data. Case: 'name' length = max - 1","tests.web.component.auth","2026-09-14","skipped","2026-09-14","TestSignUpWeb","test_signup_component","",""
"","437","[API] Update user should return 200_OK when send update user request with valid data. Case: 'city' length = max","tests.api.user","2026-09-14","passed","2026-09-14","TestUpdateUserApi","test_update_user","",""
"","1447","[WEB Component] Page scroller scroll page to top","tests.web.component.base","2026-09-14","passed","2026-09-14","TestPageScrollerComponent","test_page_scroller_component","",""
"","141","[API] Create user should return 200_OK when send create user request with valid data. Case: 'mobile_number' length = max","tests.api.user","2026-09-14","passed","2026-09-14","TestCreateUserApi","test_create_user","",""
"","0","[WEB] Should not add product review with invalid data. Case: 'name' is absent","tests.web.component.review","2026-09-14","skipped","2026-09-14","TestReviewComponent","test_review_component","",""
"","11412","Purchase products with sign up while checkout","tests.web.e2e","2026-09-14","passed","2026-09-14","TestPlaceOrder","test_place_order","",""
"","1987","[WEB Component] Pay with valid card should show success status message. Case: valid: common latin name","tests.web.component.payment","2026-09-14","passed","2026-09-14","TestPaymentComponent","test_payment_component","",""
"","613","[API] Update user should return 200_OK when send update user request with valid data. Case: 'birth_day' length = 31","tests.api.user","2026-09-14","passed","2026-09-14","TestUpdateUserApi","test_update_user","",""
"","14732","[WEB] Sign up with valid data. Case: 'birth_year' = 10000","tests.web.component.auth","2026-09-14","failed","2026-09-14","TestSignUpWeb","test_signup_component","",""
"","0","[API] Create user should return 400_BAD_REQUEST when send create user request with invalid data. Case: 'zipcode' is absent","tests.api.user","2026-09-14","skipped","2026-09-14","TestCreateUserApi","test_create_user","",""
"","522","[API] Create user should return 200_OK when send create user request with valid data. Case: 'first_name' length = min + 1","tests.api.user","2026-09-14","passed","2026-09-14","TestCreateUserApi","test_create_user","",""
"","0","[WEB Component] Pay with invalid card should show error message. Case: name contains special characters","tests.web.component.payment","2026-09-14","skipped","2026-09-14","TestPaymentComponent","test_payment_component","",""
"","0","[API] Create user should return 400_BAD_REQUEST when send create user request with invalid data. Case: 'email' contains '.' before dog symbol","tests.api.user","2026-09-14","skipped","2026-09-14","TestCreateUserApi","test_create_user","",""
"","0","[API] Create user should return 400_BAD_REQUEST when send create user request with invalid data. Case: 'email' is empty","tests.api.user","2026-09-14","skipped","2026-09-14","TestCreateUserApi","test_create_user","",""
"","0","[API] Update user should return 400_BAD_REQUEST when send update user request with invalid data. Case: 'city' is absent","tests.api.user","2026-09-14","skipped","2026-09-14","TestUpdateUserApi","test_update_user","",""
"","667","[WEB] Should add product review with valid data. Case: 'email' has not exists email service","tests.web.component.review","2026-09-14","passed","2026-09-14","TestReviewComponent","test_review_component","",""
"","498","[WEB] Should add product review with valid data. Case: 'message' length = min + 1","tests.web.component.review","2026-09-14","passed","2026-09-14","TestReviewComponent","test_review_component","",""
"","0","[API] Create user should return 400_BAD_REQUEST when send create user request with invalid data. Case: 'name' is absent","tests.api.user","2026-09-14","skipped","2026-09-14","TestCreateUserApi","test_create_user","",""
"","0","[WEB Component] Pay with invalid card should show error message. Case: cvc is empty","tests.web.component.payment","2026-09-14","skipped","2026-09-14","TestPaymentComponent","test_payment_component","",""
"","0","[WEB] Should not add product review with invalid data. Case: 'name' is empty","tests.web.component.review","2026-09-14","skipped","2026-09-14","TestReviewComponent","test_review_component","",""
"","5022","[WEB] Sign up with valid data. Case: 'address1' length = max - 1","tests.web.component.auth","2026-09-14","passed","2026-09-14","TestSignUpWeb","test_signup_component","",""
"","0","[WEB Component] Pay with invalid card should show error message. Case: card number is empty","tests.web.component.payment","2026-09-14","skipped","2026-09-14","TestPaymentComponent","test_payment_component","",""
"","684","[WEB] Should add product review with valid data. Case: 'name' length = min + 1","tests.web.component.review","2026-09-14","passed","2026-09-14","TestReviewComponent","test_review_component","",""
"","714","[API] Create user should return 200_OK when send create user request with valid data. Case: 'zipcode' length = max","tests.api.user","2026-09-14","passed","2026-09-14","TestCreateUserApi","test_create_user","",""
"","733","[WEB] Should add product review with valid data. Case: 'email' username contains '.'","tests.web.component.review","2026-09-14","passed","2026-09-14","TestReviewComponent","test_review_component","",""
"","1512","[WEB Component] Image Carousel should show last image when scroll left on first image","tests.web.component.carousel","2026-09-14","passed","2026-09-14","TestImageCarousel","test_image_carousel","",""
"","0","[API] Create user should return 400_BAD_REQUEST when send create user request with invalid data. Case: 'zipcode' length = min - 1","tests.api.user","2026-09-14","skipped","2026-09-14","TestCreateUserApi","test_create_user","",""
"","0","[API] Update user should return 400_BAD_REQUEST when send update user request with invalid data. Case: 'state' is empty","tests.api.user","2026-09-14","skipped","2026-09-14","TestUpdateUserApi","test_update_user","",""
"","356","[API] Create user should return 200_OK when send create user request with valid data. Case: 'mobile_number' length = min + 1","tests.api.user","2026-09-14","passed","2026-09-14","TestCreateUserApi","test_create_user","",""
"","0","[API] Update user should return 400_BAD_REQUEST when send update user request with invalid data. Case: 'birth_month' is invalid positive","tests.api.user","2026-09-14","skipped","2026-09-14","TestUpdateUserApi","test_update_user","",""
"","0","[API] Create user should return 400_BAD_REQUEST when send create user request with invalid data. Case: 'city' is absent","tests.api.user","2026-09-14","skipped","2026-09-14","TestCreateUserApi","test_create_user","",""
"","323","[API] Create user should return 200_OK when send create user request with valid data. Case: 'name' length = min + 1","tests.api.user","2026-09-14","passed","2026-09-14","TestCreateUserApi","test_create_user","",""
"","0","[API] Update user should return 400_BAD_REQUEST when send update user request with invalid data. Case: 'birth_year' is invalid positive","tests.api.user","2026-09-14","skipped","2026-09-14","TestUpdateUserApi","test_update_user","",""
"","0","[API] Create user should return 400_BAD_REQUEST when send create user request with invalid data. Case: 'address1' is empty","tests.api.user","2026-09-14","skipped","2026-09-14","TestCreateUserApi","test_create_user","",""
"","0","[WEB Component] Pay with invalid card should show error message. Case: expiry month contains letters","tests.web.component.payment","2026-09-14","skipped","2026-09-14","TestPaymentComponent","test_payment_component","",""
"","185","[API] Create user should return 200_OK when send create user request with valid data. Case: 'address1' length = max - 1","tests.api.user","2026-09-14","passed","2026-09-14","TestCreateUserApi","test_create_user","",""
"","0","[API] Create user should return 400_BAD_REQUEST when send create user request with invalid data. Case: 'email' not contains '@' symbol","tests.api.user","2026-09-14","skipped","2026-09-14","TestCreateUserApi","test_create_user","",""
"","4856","[WEB] Sign up with valid data. Case: 'name' length = min + 1","tests.web.component.auth","2026-09-14","passed","2026-09-14","TestSignUpWeb","test_signup_component","",""
"","0","[API] Update user should return 400_BAD_REQUEST when send update user request with invalid data. Case: 'email' contains username hieroglyphs instead of username","tests.api.user","2026-09-14","skipped","2026-09-14","TestUpdateUserApi","test_update_user","",""
"","0","[API] Update user should return 400_BAD_REQUEST when send update user request with invalid data. Case: 'company' length = max + 1","tests.api.user","2026-09-14","skipped","2026-09-14","TestUpdateUserApi","test_update_user","",""
"","4981","[WEB] Sign up with valid data. Case: 'birth_day' length = 31","tests.web.component.auth","2026-09-14","passed","2026-09-14","TestSignUpWeb","test_signup_component","",""
"","0","[API] Update user should return 400_BAD_REQUEST when send update user request with invalid data. Case: 'birth_year' is absent","tests.api.user","2026-09-14","skipped","2026-09-14","TestUpdateUserApi","test_update_user","",""
"","362","[API] Create user should return 200_OK when send create user request with valid data. Case: 'last_name' length = min + 1","tests.api.user","2026-09-14","passed","2026-09-14","TestCreateUserApi","test_create_user","",""
"","326","[API] Create user should return 200_OK when send create user request with valid data. Case: 'last_name' length = min","tests.api.user","2026-09-14","passed","2026-09-14","TestCreateUserApi","test_create_user","",""
"","0","[WEB] Sign up with invalid data. Case: 'company' length = min + 1","tests.web.component.auth","2026-09-14","skipped","2026-09-14","TestSignUpWeb","test_signup_component","",""
"","0","[API] Update user should return 400_BAD_REQUEST when send update user request with invalid data. Case: 'address2' length = min - 1","tests.api.user","2026-09-14","skipped","2026-09-14","TestUpdateUserApi","test_update_user","",""
"","0","[WEB] Sign up with invalid data. Case: 'birth_year' = 10000","tests.web.component.auth","2026-09-14","skipped","2026-09-14","TestSignUpWeb","test_signup_component","",""
"","0","[API] Update user should return 400_BAD_REQUEST when send update user request with invalid data. Case: 'birth_month' is negative","tests.api.user","2026-09-14","skipped","2026-09-14","TestUpdateUserApi","test_update_user","",""
"","0","[API] Update user should return 400_BAD_REQUEST when send update user request with invalid data. Case: 'email' contains '-' after '@'","tests.api.user","2026-09-14","skipped","2026-09-14","TestUpdateUserApi","test_update_user","",""
"","0","[API] Update user should return 400_BAD_REQUEST when send update user request with invalid data. Case: 'last_name' length = max + 1","tests.api.user","2026-09-14","skipped","2026-09-14","TestUpdateUserApi","test_update_user","",""
"","0","[API] Update user should return 400_BAD_REQUEST when send update user request with invalid data. Case: 'company' is empty","tests.api.user","2026-09-14","skipped","2026-09-14","TestUpdateUserApi","test_update_user","",""
"","0","[WEB Component] Pay with invalid card should show error message. Case: name length = max + 1","tests.web.component.payment","2026-09-14","skipped","2026-09-14","TestPaymentComponent","test_payment_component","",""
"","0","[WEB] Sign up with invalid data. Case: 'last_name' length = max - 1","tests.web.component.auth","2026-09-14","skipped","2026-09-14","TestSignUpWeb","test_signup_component","",""
"","0","[WEB] Should not add product review with invalid data. Case: 'email' not contains '@' symbol","tests.web.component.review","2026-09-14","skipped","2026-09-14","TestReviewComponent","test_review_component","",""
"","0","[WEB] Should not add product review with invalid data. Case: 'email' contains invalid top level domain web","tests.web.component.review","2026-09-14","skipped","2026-09-14","TestReviewComponent","test_review_component","",""
"","1922","[WEB Component] Product card should have expected data","tests.web.component.product","2026-09-14","skipped","2026-09-14","TestProductCard","test_product_card_component","",""
"","0","[WEB] Sign up with invalid data. Case: 'address1' length = min","tests.web.component.auth","2026-09-14","skipped","2026-09-14","TestSignUpWeb","test_signup_component","",""
"","650","[WEB] Should add product review with valid data. Case: 'email' contains subdomain","tests.web.component.review","2026-09-14","passed","2026-09-14","TestReviewComponent","test_review_component","",""
"","0","[WEB] Should not add product review with invalid data. Case: 'message' length = max - 1","tests.web.component.review","2026-09-14","skipped","2026-09-14","TestReviewComponent","test_review_component","",""
"","10868","Purchase products with login before checkout","tests.web.e2e","2026-09-14","passed","2026-09-14","TestPlaceOrder","test_place_order","",""
"","0","[WEB] Should not add product review with invalid data. Case: 'email' contains text before username","tests.web.component.review","2026-09-14","skipped","2026-09-14","TestReviewComponent","test_review_component","",""
"","358","[API] Create user should return 200_OK when send create user request with valid data. Case: 'birth_month' = 1","tests.api.user","2026-09-14","passed","2026-09-14","TestCreateUserApi","test_create_user","",""
"","351","[WEB Component] Billing address has expected data","tests.web.component.address","2026-09-14","passed","2026-09-14","TestAddressComponent","test_address_component","",""
"","0","[API] Create user should return 400_BAD_REQUEST when send create user request with invalid data. Case: 'state' is absent","tests.api.user","2026-09-14","skipped","2026-09-14","TestCreateUserApi","test_create_user","",""
"","0","[WEB] Sign up with invalid data. Case: 'city' length = min + 1","tests.web.component.auth","2026-09-14","skipped","2026-09-14","TestSignUpWeb","test_signup_component","",""
"","0","[WEB] Sign up with invalid data. Case: 'address2' length = min + 1","tests.web.component.auth","2026-09-14","skipped","2026-09-14","TestSignUpWeb","test_signup_component","",""
"","355","[WEB] Should have expected screenshot when not send review","tests.web.component.review","2026-09-14","passed","2026-09-14","TestReviewComponent","test_review_component","",""
"","4154","[WEB] Sign up with valid data. Case: 'address2' length = min","tests.web.component.auth","2026-09-14","passed","2026-09-14","TestSignUpWeb","test_signup_component","",""
"","246","[API] Create user should return 200_OK when send create user request with valid data. Case: 'company' length = max - 1","tests.api.user","2026-09-14","passed","2026-09-14","TestCreateUserApi","test_create_user","",""
"","4019","[WEB Component] Should add product to cart when click on add to cart button multiple times","tests.web.component.product","2026-09-14","passed","2026-09-14","TestProductCard","test_product_details_component","",""
"","1111","[WEB Component] Should add product to cart when click on add to cart button from overlay","tests.web.component.product","2026-09-14","passed","2026-09-14","TestAnimatedProductCard","test_animated_product_card_component","",""
"","306","[API] Update user should return 200_OK when send update user request with valid data. Case: 'mobile_number' length = min + 1","tests.api.user","2026-09-14","passed","2026-09-14","TestUpdateUserApi","test_update_user","",""
"","441","[WEB] Should add product review with valid data. Case: 'email' domain length = 2","tests.web.component.review","2026-09-14","passed","2026-09-14","TestReviewComponent","test_review_component","",""
"","333","[WEB Component] Payment component should have expected screenshot","tests.web.component.payment","2026-09-14","passed","2026-09-14","TestPaymentComponent","test_payment_component","",""
"","374","[API] Update user should return 200_OK when send update user request with valid data. Case: 'last_name' length = max - 1","tests.api.user","2026-09-14","passed","2026-09-14","TestUpdateUserApi","test_update_user","",""
"","0","[API] Create user should return 400_BAD_REQUEST when send create user request with invalid data. Case: 'zipcode' is empty","tests.api.user","2026-09-14","skipped","2026-09-14","TestCreateUserApi","test_create_user","",""
"","768","[WEB Component] Should navigate to products page by click 'Products' button","tests.web.component.base","2026-09-14","passed","2026-09-14","TestHeaderComponent","test_header_component","",""
"","403","[API] Update user should return 200_OK when send update user request with valid data. Case: 'birth_month' = 1","tests.api.user","2026-09-14","passed","2026-09-14","TestUpdateUserApi","test_update_user","",""
"","1778","[WEB] Should add product review with valid data. Case: 'message' length = max","tests.web.component.review","2026-09-14","passed","2026-09-14","TestReviewComponent","test_review_component","",""
"","353","[API] Create user should return 200_OK when send create user request with valid data. Case: 'address1' length = min + 1","tests.api.user","2026-09-14","passed","2026-09-14","TestCreateUserApi","test_create_user","",""
"","6227","[WEB] Sign up with valid data. Case: 'name' length = max - 1","tests.web.component.auth","2026-09-14","passed","2026-09-14","TestSignUpWeb","test_signup_component","",""
"","0","[API] Create user should return 400_BAD_REQUEST when send create user request with invalid data. Case: 'first_name' length = min - 1","tests.api.user","2026-09-14","skipped","2026-09-14","TestCreateUserApi","test_create_user","",""
"","0","[WEB Component] Pay with invalid card should show error message. Case: cvc too short","tests.web.component.payment","2026-09-14","skipped","2026-09-14","TestPaymentComponent","test_payment_component","",""
"","0","[WEB] Should not add product review with invalid data. Case: 'email' contains '-' after '@'","tests.web.component.review","2026-09-14","skipped","2026-09-14","TestReviewComponent","test_review_component","",""
"","5225","[WEB Component] Should increase all products total price","tests.web.component.product","2026-09-14","failed","2026-09-14","TestProductItem","test_product_item","",""
"","508","[WEB] Should add product review with valid data. Case: 'message' length = min","tests.web.component.review","2026-09-14","passed","2026-09-14","TestReviewComponent","test_review_component","",""
"","0","[API] Update user should return 400_BAD_REQUEST when send update user request with invalid data. Case: 'email' is empty","tests.api.user","2026-09-14","skipped","2026-09-14","TestUpdateUserApi","test_update_user","",""
"","771","[API] Create user should return 200_OK when send create user request with valid data. Case: 'address1' length = min","tests.api.user","2026-09-14","passed","2026-09-14","TestCreateUserApi","test_create_user","",""
"","0","[API] Update user should return 400_BAD_REQUEST when send update user request with invalid data. Case: 'address2' is empty","tests.api.user","2026-09-14","skipped","2026-09-14","TestUpdateUserApi","test_update_user","",""
"","440","[WEB Component] Should remove product from cart","tests.web.component.product","2026-09-14","passed","2026-09-14","TestProductItem","test_product_item","",""
"","158","[API] Create user should return 200_OK when send create user request with valid data. Case: 'state' length = min","tests.api.user","2026-09-14","passed","2026-09-14","TestCreateUserApi","test_create_user","",""
"","0","[API] Update user should return 400_BAD_REQUEST when send update user request with invalid data. Case: 'last_name' is absent","tests.api.user","2026-09-14","skipped","2026-09-14","TestUpdateUserApi","test_update_user","",""
"","0","[API] Update user should return 400_BAD_REQUEST when send update user request with invalid data. Case: 'last_name' is empty","tests.api.user","2026-09-14","skipped","2026-09-14","TestUpdateUserApi","test_update_user","",""
"","5925","[WEB] Sign up with valid data. Case: 'company' length = min","tests.web.component.auth","2026-09-14","passed","2026-09-14","TestSignUpWeb","test_signup_component","",""
"","0","[WEB] Should not add product review with invalid data. Case: 'message' length = max","tests.web.component.review","2026-09-14","skipped","2026-09-14","TestReviewComponent","test_review_component","",""
"","0","[WEB] Sign up with invalid data. Case: 'name' length = min","tests.web.component.auth","2026-09-14","skipped","2026-09-14","TestSignUpWeb","test_signup_component","",""
"","0","[API] Update user should return 400_BAD_REQUEST when send update user request with invalid data. Case: 'birth_year' is zero","tests.api.user","2026-09-14","skipped","2026-09-14","TestUpdateUserApi","test_update_user","",""
"","0","[WEB] Should not add product review with invalid data. Case: 'email' not contains domain","tests.web.component.review","2026-09-14","skipped","2026-09-14","TestReviewComponent","test_review_component","",""
"","0","[API] Update user should return 400_BAD_REQUEST when send update user request with invalid data. Case: 'mobile_number' is empty","tests.api.user","2026-09-14","skipped","2026-09-14","TestUpdateUserApi","test_update_user","",""
"","328","[API] Update user should return 200_OK when send update user request with valid data. Case: 'name' length = min","tests.api.user","2026-09-14","passed","2026-09-14","TestUpdateUserApi","test_update_user","",""
"","0","[API] Update user should return 400_BAD_REQUEST when send update user request with invalid data. Case: 'birth_day' is absent","tests.api.user","2026-09-14","skipped","2026-09-14","TestUpdateUserApi","test_update_user","",""
"","477","test_get_all_products","tests.api.product","2026-09-14","passed","2026-09-14","TestProductApi","test_product","",""
"","0","[API] Create user should return 400_BAD_REQUEST when send create user request with invalid data. Case: 'email' contains mail server as ip and port","tests.api.user","2026-09-14","skipped","2026-09-14","TestCreateUserApi","test_create_user","",""
"","252","[API] Update user should return 200_OK when send update user request with valid data. Case: 'mobile_number' length = max","tests.api.user","2026-09-14","passed","2026-09-14","TestUpdateUserApi","test_update_user","",""
"","0","[WEB] Sign up with invalid data. Case: 'zipcode' length = min + 1","tests.web.component.auth","2026-09-14","skipped","2026-09-14","TestSignUpWeb","test_signup_component","",""
"","0","[API] Update user should return 400_BAD_REQUEST when send update user request with invalid data. Case: 'first_name' is empty","tests.api.user","2026-09-14","skipped","2026-09-14","TestUpdateUserApi","test_update_user","",""
"","0","[API] Create user should return 400_BAD_REQUEST when send create user request with invalid data. Case: 'first_name' is absent","tests.api.user","2026-09-14","skipped","2026-09-14","TestCreateUserApi","test_create_user","",""
"","0","[WEB] Sign up with invalid data. Case: 'city' length = max - 1","tests.web.component.auth","2026-09-14","skipped","2026-09-14","TestSignUpWeb","test_signup_component","",""
"","0","[WEB Component] Pay with invalid card should show error message. Case: expiry year too long","tests.web.component.payment","2026-09-14","skipped","2026-09-14","TestPaymentComponent","test_payment_component","",""
"","1044","[WEB Component] Add product notification should be closed when click on close button","tests.web.component.base","2026-09-14","passed","2026-09-14","TestNotificationComponent","test_notification_component","",""
"","0","[WEB Component] Pay with invalid card should show error message. Case: name contains trailing spaces","tests.web.component.payment","2026-09-14","skipped","2026-09-14","TestPaymentComponent","test_payment_component","",""
"","247","[API] Update user should return 200_OK when send update user request with valid data. Case: 'first_name' length = min + 1","tests.api.user","2026-09-14","passed","2026-09-14","TestUpdateUserApi","test_update_user","",""
"","0","[API] Update user should return 400_BAD_REQUEST when send update user request with invalid data. Case: 'email' contains domain with one letter","tests.api.user","2026-09-14","skipped","2026-09-14","TestUpdateUserApi","test_update_user","",""
"","0","[WEB] Should not add product review with invalid data. Case: 'email' is empty","tests.web.component.review","2026-09-14","skipped","2026-09-14","TestReviewComponent","test_review_component","",""
"","4946","[WEB] Sign up with valid data. Case: 'company' length = max - 1","tests.web.component.auth","2026-09-14","passed","2026-09-14","TestSignUpWeb","test_signup_component","",""
"","886","[WEB] Should add product review with valid data. Case: 'name' length = max","tests.web.component.review","2026-09-14","passed","2026-09-14","TestReviewComponent","test_review_component","",""
"","0","[WEB Component] Pay with invalid card should show error message. Case: expiry year too short","tests.web.component.payment","2026-09-14","skipped","2026-09-14","TestPaymentComponent","test_payment_component","",""
"","0","[API] Create user should return 400_BAD_REQUEST when send create user request with invalid data. Case: 'email' contains '-' after '@'","tests.api.user","2026-09-14","skipped","2026-09-14","TestCreateUserApi","test_create_user","",""
"","0","[WEB] Should not add product review with invalid data. Case: 'email' contains username hieroglyphs instead of username","tests.web.component.review","2026-09-14","skipped","2026-09-14","TestReviewComponent","test_review_component","",""
"","4671","[WEB] Sign up with valid data. Case: 'company' length = min + 1","tests.web.component.auth","2026-09-14","passed","2026-09-14","TestSignUpWeb","test_signup_component","",""
"","1127","[WEB Component] Should navigate to main page by click on header logo","tests.web.component.base","2026-09-14","passed","2026-09-14","TestHeaderComponent","test_header_component","",""
"","0","[WEB] Sign up with invalid data. Case: 'last_name' length = min","tests.web.component.auth","2026-09-14","skipped","2026-09-14","TestSignUpWeb","test_signup_component","",""
"","455","[API] Update user should return 200_OK when send update user request with valid data. Case: 'address2' length = max - 1","tests.api.user","2026-09-14","passed","2026-09-14","TestUpdateUserApi","test_update_user","",""
"","1369","[WEB Component] Product details should have expected data","tests.web.component.product","2026-09-14","passed","2026-09-14","TestProductCard","test_product_details_component","",""
"","571","[WEB Component] Pay with valid card should show success status message. Case: valid: name max length","tests.web.component.payment","2026-09-14","passed","2026-09-14","TestPaymentComponent","test_payment_component","",""
"","0","[API] Create user should return 400_BAD_REQUEST when send create user request with invalid data. Case: 'city' is empty","tests.api.user","2026-09-14","skipped","2026-09-14","TestCreateUserApi","test_create_user","",""
"","5505","[WEB] Sign up with valid data. Case: 'address1' length = min","tests.web.component.auth","2026-09-14","passed","2026-09-14","TestSignUpWeb","test_signup_component","",""
"","435","[API] Create user should return 200_OK when send create user request with valid data. Case: 'state' length = max - 1","tests.api.user","2026-09-14","passed","2026-09-14","TestCreateUserApi","test_create_user","",""
"","4767","[WEB] Sign up with valid data. Case: 'state' length = max - 1","tests.web.component.auth","2026-09-14","passed","2026-09-14","TestSignUpWeb","test_signup_component","",""
"","4986","[WEB Component] Search filter should return empty products catalog","tests.web.component.filter","2026-09-14","passed","2026-09-14","TestSearchFilter","test_search_filter","",""
"","5122","[WEB] Sign up with valid data. Case: 'address2' length = max","tests.web.component.auth","2026-09-14","passed","2026-09-14","TestSignUpWeb","test_signup_component","",""
"","550","[WEB Component] Should open product page when click on view product button","tests.web.component.product","2026-09-14","passed","2026-09-14","TestAnimatedProductCard","test_animated_product_card_component","",""
"","0","[API] Create user should return 400_BAD_REQUEST when send create user request with invalid data. Case: 'birth_month' is negative","tests.api.user","2026-09-14","skipped","2026-09-14","TestCreateUserApi","test_create_user","",""
"","145","[API] Create user should return 200_OK when send create user request with valid data. Case: 'state' length = min + 1","tests.api.user","2026-09-14","passed","2026-09-14","TestCreateUserApi","test_create_user","",""
"","541","[API] Create user should return 200_OK when send create user request with valid data. Case: 'name' length = max","tests.api.user","2026-09-14","passed","2026-09-14","TestCreateUserApi","test_create_user","",""
"","1183","[WEB Component] Product item should have expected data","tests.web.component.product","2026-09-14","passed","2026-09-14","TestProductItem","test_product_item","",""
"","0","[WEB Component] Pay with invalid card should show error message. Case: expiry month only spaces","tests.web.component.payment","2026-09-14","skipped","2026-09-14","TestPaymentComponent","test_payment_component","",""
"","6086","[WEB] Sign up with valid data. Case: 'zipcode' length = max - 1","tests.web.component.auth","2026-09-14","passed","2026-09-14","TestSignUpWeb","test_signup_component","",""
"","731","[WEB Component] Animated product card should have expected data","tests.web.component.product","2026-09-14","passed","2026-09-14","TestAnimatedProductCard","test_animated_product_card_component","",""
"","0","[WEB] Sign up with invalid data. Case: 'state' length = min + 1","tests.web.component.auth","2026-09-14","skipped","2026-09-14","TestSignUpWeb","test_signup_component","",""
"","0","[WEB] Should not add product review with invalid data. Case: 'email' contains domain with one letter","tests.web.component.review","2026-09-14","skipped","2026-09-14","TestReviewComponent","test_review_component","",""
"","0","[WEB] Should not add product review with invalid data. Case: 'email' contains only special symbols","tests.web.component.review","2026-09-14","skipped","2026-09-14","TestReviewComponent","test_review_component","",""
"","0","[WEB] Sign up with invalid data. Case: 'zipcode' length = max","tests.web.component.auth","2026-09-14","skipped","2026-09-14","TestSignUpWeb","test_signup_component","",""
"","0","[API] Update user should return 400_BAD_REQUEST when send update user request with invalid data. Case: 'city' length = max + 1","tests.api.user","2026-09-14","skipped","2026-09-14","TestUpdateUserApi","test_update_user","",""
"","780","[API] Update user should return 200_OK when send update user request with valid data. Case: 'city' length = max - 1","tests.api.user","2026-09-14","passed","2026-09-14","TestUpdateUserApi","test_update_user","",""
"","235","[API] Update user should return 404_BAD_REQUEST when send update user request with not existing email","tests.api.user","2026-09-14","passed","2026-09-14","TestUpdateUserApi","test_update_user","",""
"","0","[WEB Component] Pay with invalid card should show error message. Case: expiry month = 00","tests.web.component.payment","2026-09-14","skipped","2026-09-14","TestPaymentComponent","test_payment_component","",""
"","0","[API] Create user should return 400_BAD_REQUEST when send create user request with invalid data. Case: 'name' is empty","tests.api.user","2026-09-14","skipped","2026-09-14","TestCreateUserApi","test_create_user","",""
"","0","[WEB] Sign up with invalid data. Case: 'last_name' length = min + 1","tests.web.component.auth","2026-09-14","skipped","2026-09-14","TestSignUpWeb","test_signup_component","",""
"","0","[API] Update user should return 400_BAD_REQUEST when send update user request with invalid data. Case: 'email' not contains username","tests.api.user","2026-09-14","skipped","2026-09-14","TestUpdateUserApi","test_update_user","",""
"","0","[WEB] Should not add product review with invalid data. Case: 'name' length = min - 1","tests.web.component.review","2026-09-14","skipped","2026-09-14","TestReviewComponent","test_review_component","",""
"","0","[WEB Component] Pay with invalid card should show error message. Case: card number all zeros","tests.web.component.payment","2026-09-14","skipped","2026-09-14","TestPaymentComponent","test_payment_component","",""
"","0","[API] Update user should return 400_BAD_REQUEST when send update user request with invalid data. Case: 'email' is word","tests.api.user","2026-09-14","skipped","2026-09-14","TestUpdateUserApi","test_update_user","",""
"","0","[WEB] Sign up with invalid data. Case: 'last_name' length = max","tests.web.component.auth","2026-09-14","skipped","2026-09-14","TestSignUpWeb","test_signup_component","",""
"","515","[API] Update user should return 200_OK when send update user request with valid data. Case: 'zipcode' length = max - 1","tests.api.user","2026-09-14","passed","2026-09-14","TestUpdateUserApi","test_update_user","",""
"","0","[WEB] Sign up with invalid data. Case: 'mobile_number' length = min + 1","tests.web.component.auth","2026-09-14","skipped","2026-09-14","TestSignUpWeb","test_signup_component","",""
"","0","[API] Update user should return 400_BAD_REQUEST when send update user request with invalid data. Case: 'mobile_number' length = max + 1","tests.api.user","2026-09-14","skipped","2026-09-14","TestUpdateUserApi","test_update_user","",""
"","198","[API] Create user should return 200_OK when send create user request with valid data. Case: 'city' length = min + 1","tests.api.user","2026-09-14","passed","2026-09-14","TestCreateUserApi","test_create_user","",""
"","423","[WEB Component] Header has expected screenshot","tests.web.component.base","2026-09-14","passed","2026-09-14","TestHeaderComponent","test_header_component","",""
"","0","[WEB Component] Pay with invalid card should show error message. Case: card number contains dashes","tests.web.component.payment","2026-09-14","skipped","2026-09-14","TestPaymentComponent","test_payment_component","",""
"","0","[API] Update user should return 400_BAD_REQUEST when send update user request with invalid data. Case: 'city' length = min - 1","tests.api.user","2026-09-14","skipped","2026-09-14","TestUpdateUserApi","test_update_user","",""
"","345","[API] Create user should return 200_OK when send create user request with valid data. Case: 'address2' length = min + 1","tests.api.user","2026-09-14","passed","2026-09-14","TestCreateUserApi","test_create_user","",""
"","236","[API] Create user should return 200_OK when send create user request with valid data. Case: 'name' length = min","tests.api.user","2026-09-14","passed","2026-09-14","TestCreateUserApi","test_create_user","",""
"","0","[WEB] Sign up with invalid data. Case: 'company' length = max - 1","tests.web.component.auth","2026-09-14","skipped","2026-09-14","TestSignUpWeb","test_signup_component","",""
"","0","[API] Create user should return 400_BAD_REQUEST when send create user request with invalid data. Case: 'birth_year' is zero","tests.api.user","2026-09-14","skipped","2026-09-14","TestCreateUserApi","test_create_user","",""
"","904","[API] Update user should return 200_OK when send update user request with valid data. Case: 'address1' length = max","tests.api.user","2026-09-14","passed","2026-09-14","TestUpdateUserApi","test_update_user","",""
"","0","[API] Create user should return 400_BAD_REQUEST when send create user request with invalid data. Case: 'company' length = max + 1","tests.api.user","2026-09-14","skipped","2026-09-14","TestCreateUserApi","test_create_user","",""
"","0","[WEB] Sign up with invalid data. Case: 'address1' length = max - 1","tests.web.component.auth","2026-09-14","skipped","2026-09-14","TestSignUpWeb","test_signup_component","",""
"","0","[API] Create user should return 400_BAD_REQUEST when send create user request with invalid data. Case: 'birth_month' is absent","tests.api.user","2026-09-14","skipped","2026-09-14","TestCreateUserApi","test_create_user","",""
"","0","[WEB Component] Pay with invalid card should show error message. Case: name only spaces","tests.web.component.payment","2026-09-14","skipped","2026-09-14","TestPaymentComponent","test_payment_component","",""
"","883","[WEB] Sign in with invalid credentials. Case: {case_title}","tests.web.component.auth","2026-09-14","passed","2026-09-14","TestLoginWeb","test_login_component","",""
"","2321","[WEB Component] Image Carousel should show previous image when scroll left","tests.web.component.carousel","2026-09-14","passed","2026-09-14","TestImageCarousel","test_image_carousel","",""
"","5479","[WEB] Sign up with valid data. Case: 'city' length = min","tests.web.component.auth","2026-09-14","passed","2026-09-14","TestSignUpWeb","test_signup_component","",""
"","0","[API] Update user should return 400_BAD_REQUEST when send update user request with invalid data. Case: 'email' contains '.' before dog symbol","tests.api.user","2026-09-14","skipped","2026-09-14","TestUpdateUserApi","test_update_user","",""
"","0","[WEB] Should not add product review with invalid data. Case: 'email' not contains username","tests.web.component.review","2026-09-14","skipped","2026-09-14","TestReviewComponent","test_review_component","",""
"","4108","[WEB] Sign up with valid data. Case: 'last_name' length = min","tests.web.component.auth","2026-09-14","passed","2026-09-14","TestSignUpWeb","test_signup_component","",""
"","630","[API] Create user should return 200_OK when send create user request with valid data. Case: 'zipcode' length = max - 1","tests.api.user","2026-09-14","passed","2026-09-14","TestCreateUserApi","test_create_user","",""
"","0","[WEB Component] Pay with invalid card should show error message. Case: card number fails luhn check","tests.web.component.payment","2026-09-14","skipped","2026-09-14","TestPaymentComponent","test_payment_component","",""
"","0","[WEB] Should not add product review with invalid data. Case: 'message' length = min","tests.web.component.review","2026-09-14","skipped","2026-09-14","TestReviewComponent","test_review_component","",""
"","507","[WEB] Should add product review with valid data. Case: 'name' length = min","tests.web.component.review","2026-09-14","passed","2026-09-14","TestReviewComponent","test_review_component","",""
"","0","[WEB Component] Pay with invalid card should show error message. Case: name contains non latin characters","tests.web.component.payment","2026-09-14","skipped","2026-09-14","TestPaymentComponent","test_payment_component","",""
"","389","[API] Get products should return 200_OK and contains expected product title","tests.api.product","2026-09-14","passed","2026-09-14","TestProductApi","test_product","",""
"","291","[API] Update user should return 200_OK when send update user request with valid data. Case: 'first_name' length = max","tests.api.user","2026-09-14","passed","2026-09-14","TestUpdateUserApi","test_update_user","",""
"","0","[API] Create user should return 400_BAD_REQUEST when send create user request with invalid data. Case: 'email' contains invalid top level domain web","tests.api.user","2026-09-14","skipped","2026-09-14","TestCreateUserApi","test_create_user","",""
"","0","[WEB] Sign up with invalid data. Case: 'first_name' length = min + 1","tests.web.component.auth","2026-09-14","skipped","2026-09-14","TestSignUpWeb","test_signup_component","",""
"","0","[WEB] Sign up with invalid data. Case: 'mobile_number' length = max","tests.web.component.auth","2026-09-14","skipped","2026-09-14","TestSignUpWeb","test_signup_component","",""
"","0","[API] Update user should return 400_BAD_REQUEST when send update user request with invalid data. Case: 'state' is absent","tests.api.user","2026-09-14","skipped","2026-09-14","TestUpdateUserApi","test_update_user","",""
"","491","[WEB Component] Should add product to cart when click on add to cart button","tests.web.component.product","2026-09-14","passed","2026-09-14","TestAnimatedProductCard","test_animated_product_card_component","",""
"","0","[API] Create user should return 400_BAD_REQUEST when send create user request with invalid data. Case: 'mobile_number' is empty","tests.api.user","2026-09-14","skipped","2026-09-14","TestCreateUserApi","test_create_user","",""
"","445","[API] Update user should return 200_OK when send update user request with valid data. Case: 'mobile_number' length = min","tests.api.user","2026-09-14","passed","2026-09-14","TestUpdateUserApi","test_update_user","",""
"","0","[API] Create user should return 400_BAD_REQUEST when send create user request with invalid data. Case: 'address2' length = max + 1","tests.api.user","2026-09-14","skipped","2026-09-14","TestCreateUserApi","test_create_user","",""
"","362","[WEB Component] Header has expected screenshot when authorized","tests.web.component.base","2026-09-14","passed","2026-09-14","TestHeaderComponent","test_header_component","",""
"","5235","[WEB] Sign up with valid data. Case: 'state' length = min","tests.web.component.auth","2026-09-14","passed","2026-09-14","TestSignUpWeb","test_signup_component","",""
"","1889","[WEB Component] Brand filter should filters products by brand","tests.web.component.filter","2026-09-14","passed","2026-09-14","TestBrandFilter","test_brand_filter","",""
"","0","[WEB] Should not add product review with invalid data. Case: 'message' length = min + 1","tests.web.component.review","2026-09-14","skipped","2026-09-14","TestReviewComponent","test_review_component","",""
"","0","[API] Update user should return 400_BAD_REQUEST when send update user request with invalid data. Case: 'zipcode' is absent","tests.api.user","2026-09-14","skipped","2026-09-14","TestUpdateUserApi","test_update_user","",""
"","0","[WEB] Should not add product review with invalid data. Case: 'email' contains '.' before dog symbol","tests.web.component.review","2026-09-14","skipped","2026-09-14","TestReviewComponent","test_review_component","",""
"","506","[WEB] Should add product review with valid data. Case: 'email' username contains '+'","tests.web.component.review","2026-09-14","passed","2026-09-14","TestReviewComponent","test_review_component","",""
"","986","[API] Update user should return 200_OK when send update user request with valid data. Case: 'company' length = min","tests.api.user","2026-09-14","passed","2026-09-14","TestUpdateUserApi","test_update_user","",""
"","0","[WEB] Should not add product review with invalid data. Case: 'name' length = max + 1","tests.web.component.review","2026-09-14","skipped","2026-09-14","TestReviewComponent","test_review_component","",""
"","218","[API] Create user should return 200_OK when send create user request with valid data. Case: 'first_name' length = min","tests.api.user","2026-09-14","passed","2026-09-14","TestCreateUserApi","test_create_user","",""
"","4468","[WEB] Sign up with valid data. Case: 'last_name' length = max - 1","tests.web.component.auth","2026-09-14","passed","2026-09-14","TestSignUpWeb","test_signup_component","",""
"","6267","[WEB Component] Category filter group should be collapsed after collapse expanded group","tests.web.component.filter","2026-09-14","passed","2026-09-14","TestCategoryFilter","test_category_filter","",""
"","0","[WEB] Sign up with invalid data. Case: 'first_name' length = max - 1","tests.web.component.auth","2026-09-14","skipped","2026-09-14","TestSignUpWeb","test_signup_component","",""
"","236","[API] Create user should return 200_OK when send create user request with valid data. Case: 'name' length = max - 1","tests.api.user","2026-09-14","passed","2026-09-14","TestCreateUserApi","test_create_user","",""
"","675","[API] Update user should return 200_OK when send update user request with valid data. Case: 'address1' length = min + 1","tests.api.user","2026-09-14","passed","2026-09-14","TestUpdateUserApi","test_update_user","",""
"","425","[API] Create user should return 200_OK when send create user request with valid data. Case: 'address2' length = min","tests.api.user","2026-09-14","passed","2026-09-14","TestCreateUserApi","test_create_user","",""
"","4744","[WEB] Sign up with valid data. Case: 'birth_month' = 1","tests.web.component.auth","2026-09-14","passed","2026-09-14","TestSignUpWeb","test_signup_component","",""
"","489","[API] Update user should return 200_OK when send update user request with valid data. Case: 'name' length = min + 1","tests.api.user","2026-09-14","passed","2026-09-14","TestUpdateUserApi","test_update_user","",""
"","0","[API] Create user should return 400_BAD_REQUEST when send create user request with invalid data. Case: 'first_name' is empty","tests.api.user","2026-09-14","skipped","2026-09-14","TestCreateUserApi","test_create_user","",""
"","4927","[WEB] Sign up with valid data. Case: 'first_name' length = min + 1","tests.web.component.auth","2026-09-14","passed","2026-09-14","TestSignUpWeb","test_signup_component","",""
"","0","[API] Create user should return 400_BAD_REQUEST when send create user request with invalid data. Case: 'mobile_number' has invalid format","tests.api.user","2026-09-14","skipped","2026-09-14","TestCreateUserApi","test_create_user","",""
"","786","[WEB] Should add product review with valid data. Case: 'name' length = max - 1","tests.web.component.review","2026-09-14","passed","2026-09-14","TestReviewComponent","test_review_component","",""
"","0","[WEB] Should not add product review with invalid data. Case: 'email' contains multiple '@' symbols","tests.web.component.review","2026-09-14","skipped","2026-09-14","TestReviewComponent","test_review_component","",""
"","6361","[WEB] Sign up with valid data. Case: 'last_name' length = min + 1","tests.web.component.auth","2026-09-14","passed","2026-09-14","TestSignUpWeb","test_signup_component","",""
"","0","[WEB Component] Pay with invalid card should show error message. Case: expiry month one digit","tests.web.component.payment","2026-09-14","skipped","2026-09-14","TestPaymentComponent","test_payment_component","",""
"","1337","[WEB Component] Products Carousel should show previous image when scroll left","tests.web.component.carousel","2026-09-14","passed","2026-09-14","TestProductCarousel","test_product_carousel","",""
"","0","[API] Create user should return 400_BAD_REQUEST when send create user request with invalid data. Case: 'last_name' is absent","tests.api.user","2026-09-14","skipped","2026-09-14","TestCreateUserApi","test_create_user","",""
"","4124","[WEB] Sign up with valid data. Case: 'city' length = max","tests.web.component.auth","2026-09-14","passed","2026-09-14","TestSignUpWeb","test_signup_component","",""
"","0","[API] Update user should return 400_BAD_REQUEST when send update user request with invalid data. Case: 'email' contains text before username","tests.api.user","2026-09-14","skipped","2026-09-14","TestUpdateUserApi","test_update_user","",""
"","0","[API] Update user should return 400_BAD_REQUEST when send update user request with invalid data. Case: 'name' is empty","tests.api.user","2026-09-14","skipped","2026-09-14","TestUpdateUserApi","test_update_user","",""
"","322","[API] Create user should return 200_OK when send create user request with valid data. Case: 'zipcode' length = min","tests.api.user","2026-09-14","passed","2026-09-14","TestCreateUserApi","test_create_user","",""
"","1554","[WEB Component] Should delete user name by click on 'Delete Account' button","tests.web.component.base","2026-09-14","passed","2026-09-14","TestHeaderComponent","test_header_component","",""
"","0","[API] Create user should return 400_BAD_REQUEST when send create user request with invalid data. Case: 'email' contains only special symbols","tests.api.user","2026-09-14","skipped","2026-09-14","TestCreateUserApi","test_create_user","",""
"","0","[WEB Component] Pay with invalid card should show error message. Case: expiry month is empty","tests.web.component.payment","2026-09-14","skipped","2026-09-14","TestPaymentComponent","test_payment_component","",""
"","0","[API] Create user should return 400_BAD_REQUEST when send create user request with invalid data. Case: 'birth_month' is invalid positive","tests.api.user","2026-09-14","skipped","2026-09-14","TestCreateUserApi","test_create_user","",""
"","359","[API] Update user should return 200_OK when send update user request with valid data. Case: 'first_name' length = min","tests.api.user","2026-09-14","passed","2026-09-14","TestUpdateUserApi","test_update_user","",""
"","0","[WEB Component] Pay with invalid card should show error message. Case: name length = min - 1","tests.web.component.payment","2026-09-14","skipped","2026-09-14","TestPaymentComponent","test_payment_component","",""
"","2585","[WEB Component] Image Carousel should show first image when scroll right on last image","tests.web.component.carousel","2026-09-14","passed","2026-09-14","TestImageCarousel","test_image_carousel","",""
"","617","[API] Update user should return 200_OK when send update user request with valid data. Case: 'last_name' length = min","tests.api.user","2026-09-14","passed","2026-09-14","TestUpdateUserApi","test_update_user","",""
"","4162","[WEB] Sign up with valid data. Case: 'name' length = min","tests.web.component.auth","2026-09-14","passed","2026-09-14","TestSignUpWeb","test_signup_component","",""
"","0","[WEB Component] Pay with invalid card should show error message. Case: expiry year contains letters","tests.web.component.payment","2026-09-14","skipped","2026-09-14","TestPaymentComponent","test_payment_component","",""
"","0","[API] Create user should return 400_BAD_REQUEST when send create user request with invalid data. Case: 'address2' is empty","tests.api.user","2026-09-14","skipped","2026-09-14","TestCreateUserApi","test_create_user","",""
"","0","[WEB Component] Pay with invalid card should show error message. Case: name contains newline","tests.web.component.payment","2026-09-14","skipped","2026-09-14","TestPaymentComponent","test_payment_component","",""
"","0","[API] Update user should return 400_BAD_REQUEST when send update user request with invalid data. Case: 'zipcode' length = min - 1","tests.api.user","2026-09-14","skipped","2026-09-14","TestUpdateUserApi","test_update_user","",""
"","241","[API] Create user should return 200_OK when send create user request with valid data. Case: 'state' length = max","tests.api.user","2026-09-14","passed","2026-09-14","TestCreateUserApi","test_create_user","",""
"","0","[API] Create user should return 400_BAD_REQUEST when send create user request with invalid data. Case: 'birth_day' is zero","tests.api.user","2026-09-14","skipped","2026-09-14","TestCreateUserApi","test_create_user","",""
"","0","[API] Update user should return 400_BAD_REQUEST when send update user request with invalid data. Case: 'zipcode' length = max + 1","tests.api.user","2026-09-14","skipped","2026-09-14","TestUpdateUserApi","test_update_user","",""
"","2336","[WEB Component] Image Carousel should show next image when scroll right","tests.web.component.carousel","2026-09-14","passed","2026-09-14","TestImageCarousel","test_image_carousel","",""
"","0","[API] Create user should return 400_BAD_REQUEST when send create user request with invalid data. Case: 'last_name' is empty","tests.api.user","2026-09-14","skipped","2026-09-14","TestCreateUserApi","test_create_user","",""
"","0","[WEB Component] Pay with invalid card should show error message. Case: cvc too long","tests.web.component.payment","2026-09-14","skipped","2026-09-14","TestPaymentComponent","test_payment_component","",""
"","0","[API] Update user should return 400_BAD_REQUEST when send update user request with invalid data. Case: 'address1' length = min - 1","tests.api.user","2026-09-14","skipped","2026-09-14","TestUpdateUserApi","test_update_user","",""
"","0","[WEB Component] Pay with invalid card should show error message. Case: name contains digits","tests.web.component.payment","2026-09-14","skipped","2026-09-14","TestPaymentComponent","test_payment_component","",""
"","226","[API] Create user should return 200_OK when send create user request with valid data. Case: 'city' length = max - 1","tests.api.user","2026-09-14","passed","2026-09-14","TestCreateUserApi","test_create_user","",""
"","0","[WEB Component] Pay with invalid card should show error message. Case: name contains emoji","tests.web.component.payment","2026-09-14","skipped","2026-09-14","TestPaymentComponent","test_payment_component","",""
"","0","[API] Create user should return 400_BAD_REQUEST when send create user request with invalid data. Case: 'birth_year' is negative","tests.api.user","2026-09-14","skipped","2026-09-14","TestCreateUserApi","test_create_user","",""
"","0","[API] Update user should return 400_BAD_REQUEST when send update user request with invalid data. Case: 'state' length = max + 1","tests.api.user","2026-09-14","skipped","2026-09-14","TestUpdateUserApi","test_update_user","",""
"","403","[API] Delete user should return 200_OK when send delete user request and user exists","tests.api.user","2026-09-14","passed","2026-09-14","TestDeleteUserApi","test_delete_user","",""
"","343","[API] Create user should return 200_OK when send create user request with valid data. Case: 'company' length = min + 1","tests.api.user","2026-09-14","passed","2026-09-14","TestCreateUserApi","test_create_user","",""
"","585","[API] Update user should return 200_OK when send update user request with valid data. Case: 'last_name' length = max","tests.api.user","2026-09-14","passed","2026-09-14","TestUpdateUserApi","test_update_user","",""
"","1108","[WEB Component] Brand filter should have expected screenshot","tests.web.component.filter","2026-09-14","passed","2026-09-14","TestBrandFilter","test_brand_filter","",""
"","0","[WEB Component] Pay with invalid card should show error message. Case: expiry year in the past","tests.web.component.payment","2026-09-14","skipped","2026-09-14","TestPaymentComponent","test_payment_component","",""
"","0","[WEB Component] Pay with invalid card should show error message. Case: card number only spaces","tests.web.component.payment","2026-09-14","skipped","2026-09-14","TestPaymentComponent","test_payment_component","",""
"","0","[API] Update user should return 400_BAD_REQUEST when send update user request with invalid data. Case: 'address2' length = max + 1","tests.api.user","2026-09-14","skipped","2026-09-14","TestUpdateUserApi","test_update_user","",""
"","0","[WEB] Sign up with invalid data. Case: 'address2' length = max","tests.web.component.auth","2026-09-14","skipped","2026-09-14","TestSignUpWeb","test_signup_component","",""
"","0","[API] Create user should return 400_BAD_REQUEST when send create user request with invalid data. Case: 'first_name' length = max + 1","tests.api.user","2026-09-14","skipped","2026-09-14","TestCreateUserApi","test_create_user","",""
"","2237","[WEB Component] Search filter should filter products by query","tests.web.component.filter","2026-09-14","passed","2026-09-14","TestSearchFilter","test_search_filter","",""
"","0","[WEB Component] Pay with invalid card should show error message. Case: card number too short","tests.web.component.payment","2026-09-14","skipped","2026-09-14","TestPaymentComponent","test_payment_component","",""
"","0","[WEB] Sign up with invalid data. Case: 'birth_day' = 1","tests.web.component.auth","2026-09-14","skipped","2026-09-14","TestSignUpWeb","test_signup_component","",""
"","0","[WEB] Sign up with invalid data. Case: 'address1' length = max","tests.web.component.auth","2026-09-14","skipped","2026-09-14","TestSignUpWeb","test_signup_component","",""
"","0","[API] Update user should return 400_BAD_REQUEST when send update user request with invalid data. Case: 'address1' is empty","tests.api.user","2026-09-14","skipped","2026-09-14","TestUpdateUserApi","test_update_user","",""
"","787","[WEB Component] Should navigate to cart page by click 'Cart' button","tests.web.component.base","2026-09-14","passed","2026-09-14","TestHeaderComponent","test_header_component","",""
