"DESCRIPTION","DURATION IN MS","NAME","PARENT SUITE","START TIME","STATUS","STOP TIME","SUB SUITE","SUITE","TEST CLASS","TEST METHOD"
"","151","[API] Create user should return 200_OK when send create user request with valid data. Case: 'zipcode' length = max - 1","tests.api.user","Mon Apr 06 06:17:50 UTC 2026","passed","Mon Apr 06 06:17:50 UTC 2026","TestCreateUserApi","test_create_user","",""
"","0","[WEB Component] Pay with invalid card should show error message. Case: expiry year in the past","tests.web.component.payment","Mon Apr 06 06:28:39 UTC 2026","skipped","Mon Apr 06 06:28:39 UTC 2026","TestPaymentComponent","test_payment_component","",""
"","3275","[WEB] Sign up with valid data. Case: 'company' length = min + 1","tests.web.component.auth","Mon Apr 06 06:27:36 UTC 2026","passed","Mon Apr 06 06:27:40 UTC 2026","TestSignUpWeb","test_signup_component","",""
"","156","[API] Create user should return 200_OK when send create user request with valid data. Case: 'last_name' length = min","tests.api.user","Mon Apr 06 06:17:36 UTC 2026","passed","Mon Apr 06 06:17:36 UTC 2026","TestCreateUserApi","test_create_user","",""
"","0","[WEB Component] Pay with invalid card should show error message. Case: card number all zeros","tests.web.component.payment","Mon Apr 06 06:28:39 UTC 2026","skipped","Mon Apr 06 06:28:39 UTC 2026","TestPaymentComponent","test_payment_component","",""
"","0","[API] Update user should return 400_BAD_REQUEST when send update user request with invalid data. Case: 'address2' length = max + 1","tests.api.user","Mon Apr 06 06:18:00 UTC 2026","skipped","Mon Apr 06 06:18:00 UTC 2026","TestUpdateUserApi","test_update_user","",""
"","259","[API] Update user should return 200_OK when send update user request with valid data. Case: 'name' length = max - 1","tests.api.user","Mon Apr 06 06:17:36 UTC 2026","passed","Mon Apr 06 06:17:36 UTC 2026","TestUpdateUserApi","test_update_user","",""
"","1184","[WEB Component] Should not add negative products count to cart when click on add to cart button","tests.web.component.product","Mon Apr 06 06:30:58 UTC 2026","passed","Mon Apr 06 06:30:59 UTC 2026","TestProductCard","test_product_details_component","",""
"","3392","[WEB] Sign up with valid data. Case: 'company' length = max","tests.web.component.auth","Mon Apr 06 06:28:21 UTC 2026","passed","Mon Apr 06 06:28:24 UTC 2026","TestSignUpWeb","test_signup_component","",""
"","0","[WEB] Sign up with invalid data. Case: 'state' length = min + 1","tests.web.component.auth","Mon Apr 06 06:18:32 UTC 2026","skipped","Mon Apr 06 06:18:32 UTC 2026","TestSignUpWeb","test_signup_component","",""
"","0","[WEB Component] Pay with invalid card should show error message. Case: name contains special characters","tests.web.component.payment","Mon Apr 06 06:28:39 UTC 2026","skipped","Mon Apr 06 06:28:39 UTC 2026","TestPaymentComponent","test_payment_component","",""
"","0","[WEB] Sign up with invalid data. Case: 'birth_month' = 12","tests.web.component.auth","Mon Apr 06 06:18:32 UTC 2026","skipped","Mon Apr 06 06:18:32 UTC 2026","TestSignUpWeb","test_signup_component","",""
"","0","[API] Update user should return 400_BAD_REQUEST when send update user request with invalid data. Case: 'birth_month' is invalid positive","tests.api.user","Mon Apr 06 06:18:01 UTC 2026","skipped","Mon Apr 06 06:18:01 UTC 2026","TestUpdateUserApi","test_update_user","",""
"","0","[API] Update user should return 400_BAD_REQUEST when send update user request with invalid data. Case: 'zipcode' length = min - 1","tests.api.user","Mon Apr 06 06:18:00 UTC 2026","skipped","Mon Apr 06 06:18:00 UTC 2026","TestUpdateUserApi","test_update_user","",""
"","0","[API] Create user should return 400_BAD_REQUEST when send create user request with invalid data. Case: 'email' contains invalid top level domain web","tests.api.user","Mon Apr 06 06:17:30 UTC 2026","skipped","Mon Apr 06 06:17:30 UTC 2026","TestCreateUserApi","test_create_user","",""
"","616","[WEB Component] Should navigate to main page by click on header logo","tests.web.component.base","Mon Apr 06 06:18:50 UTC 2026","passed","Mon Apr 06 06:18:51 UTC 2026","TestHeaderComponent","test_header_component","",""
"","0","[API] Create user should return 400_BAD_REQUEST when send create user request with invalid data. Case: 'mobile_number' is empty","tests.api.user","Mon Apr 06 06:17:30 UTC 2026","skipped","Mon Apr 06 06:17:30 UTC 2026","TestCreateUserApi","test_create_user","",""
"","0","[WEB] Should not add product review with invalid data. Case: 'email' is empty","tests.web.component.review","Mon Apr 06 06:36:40 UTC 2026","skipped","Mon Apr 06 06:36:40 UTC 2026","TestReviewComponent","test_review_component","",""
"","0","[API] Create user should return 400_BAD_REQUEST when send create user request with invalid data. Case: 'zipcode' is absent","tests.api.user","Mon Apr 06 06:17:30 UTC 2026","skipped","Mon Apr 06 06:17:30 UTC 2026","TestCreateUserApi","test_create_user","",""
"","935","[WEB] Should add product review with valid data. Case: 'email' username contains '.'","tests.web.component.review","Mon Apr 06 06:35:32 UTC 2026","passed","Mon Apr 06 06:35:33 UTC 2026","TestReviewComponent","test_review_component","",""
"","510","[WEB] Should add product review with valid data. Case: 'email' domain name length = 2","tests.web.component.review","Mon Apr 06 06:37:18 UTC 2026","passed","Mon Apr 06 06:37:19 UTC 2026","TestReviewComponent","test_review_component","",""
"","148","[API] Create user should return 200_OK when send create user request with valid data. Case: 'birth_month' = 1","tests.api.user","Mon Apr 06 06:17:40 UTC 2026","passed","Mon Apr 06 06:17:40 UTC 2026","TestCreateUserApi","test_create_user","",""
"","0","[API] Create user should return 400_BAD_REQUEST when send create user request with invalid data. Case: 'birth_month' is absent","tests.api.user","Mon Apr 06 06:17:30 UTC 2026","skipped","Mon Apr 06 06:17:30 UTC 2026","TestCreateUserApi","test_create_user","",""
"","0","[WEB Component] Pay with invalid card should show error message. Case: cvc too long","tests.web.component.payment","Mon Apr 06 06:28:39 UTC 2026","skipped","Mon Apr 06 06:28:39 UTC 2026","TestPaymentComponent","test_payment_component","",""
"","0","[API] Update user should return 400_BAD_REQUEST when send update user request with invalid data. Case: 'birth_month' is zero","tests.api.user","Mon Apr 06 06:18:01 UTC 2026","skipped","Mon Apr 06 06:18:01 UTC 2026","TestUpdateUserApi","test_update_user","",""
"","2260","[WEB Component] Pay with valid card should show success status message. Case: valid: name max length","tests.web.component.payment","Mon Apr 06 06:25:42 UTC 2026","passed","Mon Apr 06 06:25:45 UTC 2026","TestPaymentComponent","test_payment_component","",""
"","2132","[WEB Component] Pay with valid card should show success status message. Case: valid: name min length","tests.web.component.payment","Mon Apr 06 06:25:19 UTC 2026","passed","Mon Apr 06 06:25:22 UTC 2026","TestPaymentComponent","test_payment_component","",""
"","3280","[WEB] Sign up with valid data. Case: 'company' length = min","tests.web.component.auth","Mon Apr 06 06:27:14 UTC 2026","passed","Mon Apr 06 06:27:17 UTC 2026","TestSignUpWeb","test_signup_component","",""
"","0","[WEB] Sign up with invalid data. Case: 'state' length = max","tests.web.component.auth","Mon Apr 06 06:18:32 UTC 2026","skipped","Mon Apr 06 06:18:32 UTC 2026","TestSignUpWeb","test_signup_component","",""
"","2348","[WEB Component] Products Carousel should show next products when scroll right","tests.web.component.carousel","Mon Apr 06 06:40:48 UTC 2026","passed","Mon Apr 06 06:40:50 UTC 2026","TestProductCarousel","test_product_carousel","",""
"","0","[API] Update user should return 400_BAD_REQUEST when send update user request with invalid data. Case: 'state' length = min - 1","tests.api.user","Mon Apr 06 06:18:01 UTC 2026","skipped","Mon Apr 06 06:18:01 UTC 2026","TestUpdateUserApi","test_update_user","",""
"","155","[API] Get user should return 404_NOT_FOUND when send get user request and user not exists","tests.api.user","Mon Apr 06 06:17:33 UTC 2026","passed","Mon Apr 06 06:17:34 UTC 2026","TestGetUserApi","test_get_user","",""
"","3341","[WEB] Sign up with valid data. Case: 'company' length = max - 1","tests.web.component.auth","Mon Apr 06 06:27:59 UTC 2026","passed","Mon Apr 06 06:28:02 UTC 2026","TestSignUpWeb","test_signup_component","",""
"","0","[API] Update user should return 400_BAD_REQUEST when send update user request with invalid data. Case: 'address1' is empty","tests.api.user","Mon Apr 06 06:18:01 UTC 2026","skipped","Mon Apr 06 06:18:01 UTC 2026","TestUpdateUserApi","test_update_user","",""
"","0","[WEB] Sign up with invalid data. Case: 'mobile_number' length = min","tests.web.component.auth","Mon Apr 06 06:18:32 UTC 2026","skipped","Mon Apr 06 06:18:32 UTC 2026","TestSignUpWeb","test_signup_component","",""
"","0","[API] Create user should return 400_BAD_REQUEST when send create user request with invalid data. Case: 'email' contains text after domain","tests.api.user","Mon Apr 06 06:17:30 UTC 2026","skipped","Mon Apr 06 06:17:30 UTC 2026","TestCreateUserApi","test_create_user","",""
"","3562","[WEB] Sign up with valid data. Case: 'name' length = min","tests.web.component.auth","Mon Apr 06 06:18:55 UTC 2026","passed","Mon Apr 06 06:18:59 UTC 2026","TestSignUpWeb","test_signup_component","",""
"","133","test_search_products_returns_empty_array","tests.api.product","Mon Apr 06 06:17:32 UTC 2026","passed","Mon Apr 06 06:17:32 UTC 2026","TestProductApi","test_product","",""
"","0","[API] Update user should return 400_BAD_REQUEST when send update user request with invalid data. Case: 'city' is absent","tests.api.user","Mon Apr 06 06:18:01 UTC 2026","skipped","Mon Apr 06 06:18:01 UTC 2026","TestUpdateUserApi","test_update_user","",""
"","1121","[WEB Component] Product details should have expected data","tests.web.component.product","Mon Apr 06 06:43:42 UTC 2026","passed","Mon Apr 06 06:43:43 UTC 2026","TestProductCard","test_product_details_component","",""
"","0","[API] Create user should return 400_BAD_REQUEST when send create user request with invalid data. Case: 'birth_day' is zero","tests.api.user","Mon Apr 06 06:17:30 UTC 2026","skipped","Mon Apr 06 06:17:30 UTC 2026","TestCreateUserApi","test_create_user","",""
"","256","[API] Update user should return 200_OK when send update user request with valid data. Case: 'city' length = max - 1","tests.api.user","Mon Apr 06 06:17:59 UTC 2026","passed","Mon Apr 06 06:18:00 UTC 2026","TestUpdateUserApi","test_update_user","",""
"","583","[WEB Component] Should navigate to products page by click 'Products' button","tests.web.component.base","Mon Apr 06 06:19:29 UTC 2026","passed","Mon Apr 06 06:19:29 UTC 2026","TestHeaderComponent","test_header_component","",""
"","0","[API] Create user should return 400_BAD_REQUEST when send create user request with invalid data. Case: 'last_name' length = min - 1","tests.api.user","Mon Apr 06 06:17:30 UTC 2026","skipped","Mon Apr 06 06:17:30 UTC 2026","TestCreateUserApi","test_create_user","",""
"","141","[API] Create user should return 200_OK when send create user request with valid data. Case: 'first_name' length = min","tests.api.user","Mon Apr 06 06:17:34 UTC 2026","passed","Mon Apr 06 06:17:34 UTC 2026","TestCreateUserApi","test_create_user","",""
"","4087","[WEB Component] Invoice should have expected price","tests.web.component.payment","Mon Apr 06 06:24:31 UTC 2026","passed","Mon Apr 06 06:24:35 UTC 2026","TestPaymentComponent","test_invoice_file","",""
"","0","[WEB] Sign up with invalid data. Case: 'name' length = min + 1","tests.web.component.auth","Mon Apr 06 06:18:32 UTC 2026","skipped","Mon Apr 06 06:18:32 UTC 2026","TestSignUpWeb","test_signup_component","",""
"","0","[API] Update user should return 400_BAD_REQUEST when send update user request with invalid data. Case: 'company' length = min - 1","tests.api.user","Mon Apr 06 06:18:01 UTC 2026","skipped","Mon Apr 06 06:18:01 UTC 2026","TestUpdateUserApi","test_update_user","",""
"","231","[API] Create user should return 200_OK when send create user request with valid data. Case: 'address2' length = max - 1","tests.api.user","Mon Apr 06 06:17:49 UTC 2026","passed","Mon Apr 06 06:17:49 UTC 2026","TestCreateUserApi","test_create_user","",""
"","0","[WEB] Should not add product review with invalid data. Case: 'name' length = min - 1","tests.web.component.review","Mon Apr 06 06:36:39 UTC 2026","skipped","Mon Apr 06 06:36:39 UTC 2026","TestReviewComponent","test_review_component","",""
"","0","[API] Update user should return 400_BAD_REQUEST when send update user request with invalid data. Case: 'email' contains text before username","tests.api.user","Mon Apr 06 06:18:01 UTC 2026","skipped","Mon Apr 06 06:18:01 UTC 2026","TestUpdateUserApi","test_update_user","",""
"","145","[API] Get user should return 200_OK when send get user request and user exists","tests.api.user","Mon Apr 06 06:17:33 UTC 2026","passed","Mon Apr 06 06:17:33 UTC 2026","TestGetUserApi","test_get_user","",""
"","3368","[WEB] Sign up with valid data. Case: 'address1' length = max","tests.web.component.auth","Mon Apr 06 06:32:54 UTC 2026","passed","Mon Apr 06 06:32:57 UTC 2026","TestSignUpWeb","test_signup_component","",""
"","991","[WEB] Should add product review with valid data. Case: 'message' length = min + 1","tests.web.component.review","Mon Apr 06 06:37:58 UTC 2026","passed","Mon Apr 06 06:37:59 UTC 2026","TestReviewComponent","test_review_component","",""
"","0","[API] Create user should return 400_BAD_REQUEST when send create user request with invalid data. Case: 'state' is absent","tests.api.user","Mon Apr 06 06:17:30 UTC 2026","skipped","Mon Apr 06 06:17:30 UTC 2026","TestCreateUserApi","test_create_user","",""
"","0","[WEB Component] Pay with invalid card should show error message. Case: expiry year too short","tests.web.component.payment","Mon Apr 06 06:28:39 UTC 2026","skipped","Mon Apr 06 06:28:39 UTC 2026","TestPaymentComponent","test_payment_component","",""
"","830","[WEB Component] Add product notification should have expected data and screenshot","tests.web.component.base","Mon Apr 06 06:38:43 UTC 2026","passed","Mon Apr 06 06:38:44 UTC 2026","TestNotificationComponent","test_notification_component","",""
"","0","[WEB Component] Pay with invalid card should show error message. Case: expiry month one digit","tests.web.component.payment","Mon Apr 06 06:28:39 UTC 2026","skipped","Mon Apr 06 06:28:39 UTC 2026","TestPaymentComponent","test_payment_component","",""
"","1625","[WEB Component] Should add product to cart when click on add to cart button","tests.web.component.product","Mon Apr 06 06:30:38 UTC 2026","passed","Mon Apr 06 06:30:39 UTC 2026","TestProductCard","test_product_details_component","",""
"","168","[API] Create user should return 200_OK when send create user request with valid data. Case: 'city' length = min + 1","tests.api.user","Mon Apr 06 06:17:45 UTC 2026","passed","Mon Apr 06 06:17:45 UTC 2026","TestCreateUserApi","test_create_user","",""
"","0","[WEB] Sign up with invalid data. Case: 'city' length = max - 1","tests.web.component.auth","Mon Apr 06 06:18:32 UTC 2026","skipped","Mon Apr 06 06:18:32 UTC 2026","TestSignUpWeb","test_signup_component","",""
"","0","[WEB] Should not add product review with invalid data. Case: 'email' contains mail server as ip and port","tests.web.component.review","Mon Apr 06 06:36:40 UTC 2026","skipped","Mon Apr 06 06:36:40 UTC 2026","TestReviewComponent","test_review_component","",""
"","2026","[WEB Component] Pay with valid card should show success status message. Case: valid: expiry month min","tests.web.component.payment","Mon Apr 06 06:27:55 UTC 2026","passed","Mon Apr 06 06:27:57 UTC 2026","TestPaymentComponent","test_payment_component","",""
"","0","[API] Update user should return 400_BAD_REQUEST when send update user request with invalid data. Case: 'email' contains username hieroglyphs instead of username","tests.api.user","Mon Apr 06 06:18:01 UTC 2026","skipped","Mon Apr 06 06:18:01 UTC 2026","TestUpdateUserApi","test_update_user","",""
"","0","[WEB] Should not add product review with invalid data. Case: 'email' contains '.' before dog symbol","tests.web.component.review","Mon Apr 06 06:36:40 UTC 2026","skipped","Mon Apr 06 06:36:40 UTC 2026","TestReviewComponent","test_review_component","",""
"","3136","[WEB] Sign up with valid data. Case: 'address2' length = min + 1","tests.web.component.auth","Mon Apr 06 06:33:38 UTC 2026","passed","Mon Apr 06 06:33:41 UTC 2026","TestSignUpWeb","test_signup_component","",""
"","147","[API] Create user should return 200_OK when send create user request with valid data. Case: 'name' length = max - 1","tests.api.user","Mon Apr 06 06:17:34 UTC 2026","passed","Mon Apr 06 06:17:34 UTC 2026","TestCreateUserApi","test_create_user","",""
"","0","[API] Create user should return 400_BAD_REQUEST when send create user request with invalid data. Case: 'company' length = max + 1","tests.api.user","Mon Apr 06 06:17:30 UTC 2026","skipped","Mon Apr 06 06:17:30 UTC 2026","TestCreateUserApi","test_create_user","",""
"","0","[WEB] Sign up with invalid data. Case: 'state' length = max - 1","tests.web.component.auth","Mon Apr 06 06:18:32 UTC 2026","skipped","Mon Apr 06 06:18:32 UTC 2026","TestSignUpWeb","test_signup_component","",""
"","334","[API] Update user should return 200_OK when send update user request with valid data. Case: 'state' length = min","tests.api.user","Mon Apr 06 06:17:55 UTC 2026","passed","Mon Apr 06 06:17:55 UTC 2026","TestUpdateUserApi","test_update_user","",""
"","151","[API] Create user should return 200_OK when send create user request with valid data. Case: 'address1' length = max - 1","tests.api.user","Mon Apr 06 06:17:47 UTC 2026","passed","Mon Apr 06 06:17:47 UTC 2026","TestCreateUserApi","test_create_user","",""
"","0","[API] Update user should return 400_BAD_REQUEST when send update user request with invalid data. Case: 'last_name' is absent","tests.api.user","Mon Apr 06 06:18:01 UTC 2026","skipped","Mon Apr 06 06:18:01 UTC 2026","TestUpdateUserApi","test_update_user","",""
"","1193","[WEB Component] Products Carousel should show previous image when scroll left","tests.web.component.carousel","Mon Apr 06 06:40:28 UTC 2026","passed","Mon Apr 06 06:40:29 UTC 2026","TestProductCarousel","test_product_carousel","",""
"","0","[WEB] Should not add product review with invalid data. Case: 'message' length = min","tests.web.component.review","Mon Apr 06 06:36:40 UTC 2026","skipped","Mon Apr 06 06:36:40 UTC 2026","TestReviewComponent","test_review_component","",""
"","0","[WEB] Sign up with invalid data. Case: 'birth_month' = 1","tests.web.component.auth","Mon Apr 06 06:18:32 UTC 2026","skipped","Mon Apr 06 06:18:32 UTC 2026","TestSignUpWeb","test_signup_component","",""
"","0","[API] Create user should return 400_BAD_REQUEST when send create user request with invalid data. Case: 'birth_year' is negative","tests.api.user","Mon Apr 06 06:17:30 UTC 2026","skipped","Mon Apr 06 06:17:30 UTC 2026","TestCreateUserApi","test_create_user","",""
"","401","[WEB Component] Delivery address has expected data","tests.web.component.address","Mon Apr 06 06:39:08 UTC 2026","passed","Mon Apr 06 06:39:09 UTC 2026","TestAddressComponent","test_address_component","",""
"","0","[API] Create user should return 400_BAD_REQUEST when send create user request with invalid data. Case: 'company' is empty","tests.api.user","Mon Apr 06 06:17:30 UTC 2026","skipped","Mon Apr 06 06:17:30 UTC 2026","TestCreateUserApi","test_create_user","",""
"","231","Should return user not found when user password invalid","tests.api.user","Mon Apr 06 06:18:02 UTC 2026","passed","Mon Apr 06 06:18:02 UTC 2026","TestVerifyLoginApi","test_verify_login","",""
"","0","[API] Create user should return 400_BAD_REQUEST when send create user request with invalid data. Case: 'address1' length = min - 1","tests.api.user","Mon Apr 06 06:17:30 UTC 2026","skipped","Mon Apr 06 06:17:30 UTC 2026","TestCreateUserApi","test_create_user","",""
"","0","[WEB Component] Pay with invalid card should show error message. Case: card number is empty","tests.web.component.payment","Mon Apr 06 06:28:39 UTC 2026","skipped","Mon Apr 06 06:28:39 UTC 2026","TestPaymentComponent","test_payment_component","",""
"","483","[WEB] Should add product review with valid data. Case: 'message' length = min","tests.web.component.review","Mon Apr 06 06:37:38 UTC 2026","passed","Mon Apr 06 06:37:38 UTC 2026","TestReviewComponent","test_review_component","",""
"","693","[WEB Component] Should navigate to contact us page by click on 'Contact us' button","tests.web.component.base","Mon Apr 06 06:21:10 UTC 2026","passed","Mon Apr 06 06:21:11 UTC 2026","TestHeaderComponent","test_header_component","",""
"","227","[API] Update user should return 200_OK when send update user request with valid data. Case: 'zipcode' length = max - 1","tests.api.user","Mon Apr 06 06:18:00 UTC 2026","passed","Mon Apr 06 06:18:00 UTC 2026","TestUpdateUserApi","test_update_user","",""
"","808","[WEB] Should add product review with valid data. Case: 'email' domain length = 2","tests.web.component.review","Mon Apr 06 06:36:59 UTC 2026","passed","Mon Apr 06 06:37:00 UTC 2026","TestReviewComponent","test_review_component","",""
"","0","[WEB Component] Pay with invalid card should show error message. Case: card number contains special characters","tests.web.component.payment","Mon Apr 06 06:28:39 UTC 2026","skipped","Mon Apr 06 06:28:39 UTC 2026","TestPaymentComponent","test_payment_component","",""
"","0","[API] Create user should return 400_BAD_REQUEST when send create user request with invalid data. Case: 'mobile_number' has invalid format","tests.api.user","Mon Apr 06 06:17:30 UTC 2026","skipped","Mon Apr 06 06:17:30 UTC 2026","TestCreateUserApi","test_create_user","",""
"","4577","[WEB Component] Search filter should return empty products catalog","tests.web.component.filter","Mon Apr 06 06:24:08 UTC 2026","passed","Mon Apr 06 06:24:13 UTC 2026","TestSearchFilter","test_search_filter","",""
"","0","[API] Update user should return 400_BAD_REQUEST when send update user request with invalid data. Case: 'birth_day' is invalid positive","tests.api.user","Mon Apr 06 06:18:01 UTC 2026","skipped","Mon Apr 06 06:18:01 UTC 2026","TestUpdateUserApi","test_update_user","",""
"","0","[API] Update user should return 400_BAD_REQUEST when send update user request with invalid data. Case: 'first_name' length = max + 1","tests.api.user","Mon Apr 06 06:18:01 UTC 2026","skipped","Mon Apr 06 06:18:01 UTC 2026","TestUpdateUserApi","test_update_user","",""
"","0","[WEB Component] Pay with invalid card should show error message. Case: expiry year contains letters","tests.web.component.payment","Mon Apr 06 06:28:39 UTC 2026","skipped","Mon Apr 06 06:28:39 UTC 2026","TestPaymentComponent","test_payment_component","",""
"","2244","[WEB Component] Products Carousel should last products when scroll left on first slide","tests.web.component.carousel","Mon Apr 06 06:41:09 UTC 2026","passed","Mon Apr 06 06:41:11 UTC 2026","TestProductCarousel","test_product_carousel","",""
"","207","[API] Update user should return 200_OK when send update user request with valid data. Case: 'company' length = min + 1","tests.api.user","Mon Apr 06 06:17:52 UTC 2026","passed","Mon Apr 06 06:17:53 UTC 2026","TestUpdateUserApi","test_update_user","",""
"","143","[API] Create user should return 200_OK when send create user request with valid data. Case: 'birth_month' = 12","tests.api.user","Mon Apr 06 06:17:40 UTC 2026","passed","Mon Apr 06 06:17:41 UTC 2026","TestCreateUserApi","test_create_user","",""
"","0","[WEB] Sign up with invalid data. Case: 'city' length = max","tests.web.component.auth","Mon Apr 06 06:18:32 UTC 2026","skipped","Mon Apr 06 06:18:32 UTC 2026","TestSignUpWeb","test_signup_component","",""
"","161","[API] Create user should return 200_OK when send create user request with valid data. Case: 'first_name' length = max","tests.api.user","Mon Apr 06 06:17:35 UTC 2026","passed","Mon Apr 06 06:17:35 UTC 2026","TestCreateUserApi","test_create_user","",""
"","545","[WEB] Should add product review with valid data. Case: 'name' length = min + 1","tests.web.component.review","Mon Apr 06 06:33:51 UTC 2026","passed","Mon Apr 06 06:33:52 UTC 2026","TestReviewComponent","test_review_component","",""
"","148","[API] Create user should return 200_OK when send create user request with valid data. Case: 'company' length = max - 1","tests.api.user","Mon Apr 06 06:17:42 UTC 2026","passed","Mon Apr 06 06:17:42 UTC 2026","TestCreateUserApi","test_create_user","",""
"","0","[API] Create user should return 400_BAD_REQUEST when send create user request with invalid data. Case: 'birth_day' is negative","tests.api.user","Mon Apr 06 06:17:30 UTC 2026","skipped","Mon Apr 06 06:17:30 UTC 2026","TestCreateUserApi","test_create_user","",""
"","0","[WEB] Sign up with invalid data. Case: 'zipcode' length = min + 1","tests.web.component.auth","Mon Apr 06 06:18:32 UTC 2026","skipped","Mon Apr 06 06:18:32 UTC 2026","TestSignUpWeb","test_signup_component","",""
"","0","[WEB] Should not add product review with invalid data. Case: 'email' not contains domain","tests.web.component.review","Mon Apr 06 06:36:40 UTC 2026","skipped","Mon Apr 06 06:36:40 UTC 2026","TestReviewComponent","test_review_component","",""
"","2106","[WEB Component] Pay with valid card should show success status message. Case: valid: expiry month max","tests.web.component.payment","Mon Apr 06 06:28:17 UTC 2026","passed","Mon Apr 06 06:28:19 UTC 2026","TestPaymentComponent","test_payment_component","",""
"","0","[WEB Component] Pay with invalid card should show error message. Case: cvc contains special characters","tests.web.component.payment","Mon Apr 06 06:28:39 UTC 2026","skipped","Mon Apr 06 06:28:39 UTC 2026","TestPaymentComponent","test_payment_component","",""
"","0","[WEB] Sign up with invalid data. Case: 'first_name' length = min","tests.web.component.auth","Mon Apr 06 06:18:32 UTC 2026","skipped","Mon Apr 06 06:18:32 UTC 2026","TestSignUpWeb","test_signup_component","",""
"","1538","[WEB Component] Place order without authorization notification should have expected data and screenshot","tests.web.component.base","Mon Apr 06 06:39:03 UTC 2026","passed","Mon Apr 06 06:39:05 UTC 2026","TestNotificationComponent","test_notification_component","",""
"","9527","[WEB] Sign in with valid data","tests.web.component.auth","Mon Apr 06 06:18:07 UTC 2026","passed","Mon Apr 06 06:18:17 UTC 2026","TestLoginWeb","test_login_component","",""
"","0","[WEB Component] Pay with invalid card should show error message. Case: card number contains letters","tests.web.component.payment","Mon Apr 06 06:28:39 UTC 2026","skipped","Mon Apr 06 06:28:39 UTC 2026","TestPaymentComponent","test_payment_component","",""
"","0","[WEB Component] Pay with invalid card should show error message. Case: expiry month is empty","tests.web.component.payment","Mon Apr 06 06:28:39 UTC 2026","skipped","Mon Apr 06 06:28:39 UTC 2026","TestPaymentComponent","test_payment_component","",""
"","3135","[WEB] Sign up with valid data. Case: 'last_name' length = min","tests.web.component.auth","Mon Apr 06 06:21:58 UTC 2026","passed","Mon Apr 06 06:22:01 UTC 2026","TestSignUpWeb","test_signup_component","",""
"","3314","[WEB] Sign up with valid data. Case: 'mobile_number' length = min + 1","tests.web.component.auth","Mon Apr 06 06:23:51 UTC 2026","passed","Mon Apr 06 06:23:54 UTC 2026","TestSignUpWeb","test_signup_component","",""
"","0","[WEB] Should not add product review with invalid data. Case: 'name' is empty","tests.web.component.review","Mon Apr 06 06:36:39 UTC 2026","skipped","Mon Apr 06 06:36:39 UTC 2026","TestReviewComponent","test_review_component","",""
"","0","[API] Create user should return 400_BAD_REQUEST when send create user request with invalid data. Case: 'birth_month' is invalid positive","tests.api.user","Mon Apr 06 06:17:30 UTC 2026","skipped","Mon Apr 06 06:17:30 UTC 2026","TestCreateUserApi","test_create_user","",""
"","270","[API] Update user should return 200_OK when send update user request with valid data. Case: 'first_name' length = max","tests.api.user","Mon Apr 06 06:17:40 UTC 2026","passed","Mon Apr 06 06:17:40 UTC 2026","TestUpdateUserApi","test_update_user","",""
"","0","[API] Create user should return 400_BAD_REQUEST when send create user request with invalid data. Case: 'email' contains mail server as ip and port","tests.api.user","Mon Apr 06 06:17:30 UTC 2026","skipped","Mon Apr 06 06:17:30 UTC 2026","TestCreateUserApi","test_create_user","",""
"","477","[WEB Component] Should navigate to main page by click on header logo","tests.web.component.base","Mon Apr 06 06:19:10 UTC 2026","passed","Mon Apr 06 06:19:10 UTC 2026","TestHeaderComponent","test_header_component","",""
"","3467","[WEB] Sign up with valid data. Case: 'birth_month' = 1","tests.web.component.auth","Mon Apr 06 06:25:43 UTC 2026","passed","Mon Apr 06 06:25:46 UTC 2026","TestSignUpWeb","test_signup_component","",""
"","3157","[WEB] Sign up with valid data. Case: 'mobile_number' length = max - 1","tests.web.component.auth","Mon Apr 06 06:24:13 UTC 2026","passed","Mon Apr 06 06:24:16 UTC 2026","TestSignUpWeb","test_signup_component","",""
"","145","[API] Create user should return 200_OK when send create user request with valid data. Case: 'name' length = max","tests.api.user","Mon Apr 06 06:17:34 UTC 2026","passed","Mon Apr 06 06:17:34 UTC 2026","TestCreateUserApi","test_create_user","",""
"","2359","[WEB Component] Order placed page should have expected screenshot","tests.web.component.payment","Mon Apr 06 06:42:47 UTC 2026","passed","Mon Apr 06 06:42:49 UTC 2026","TestPaymentComponent","test_invoice_file","",""
"","6586","[WEB Component] Can download invoice multiple times","tests.web.component.payment","Mon Apr 06 06:24:53 UTC 2026","passed","Mon Apr 06 06:25:00 UTC 2026","TestPaymentComponent","test_invoice_file","",""
"","218","[API] Update user should return 200_OK when send update user request with valid data. Case: 'address1' length = max - 1","tests.api.user","Mon Apr 06 06:17:53 UTC 2026","passed","Mon Apr 06 06:17:54 UTC 2026","TestUpdateUserApi","test_update_user","",""
"","176","[API] Create user should return 200_OK when send create user request with valid data. Case: 'last_name' length = max","tests.api.user","Mon Apr 06 06:17:37 UTC 2026","passed","Mon Apr 06 06:17:37 UTC 2026","TestCreateUserApi","test_create_user","",""
"","496","[WEB Component] Pay with valid card should show success status message. Case: valid: future year","tests.web.component.payment","Mon Apr 06 06:28:39 UTC 2026","passed","Mon Apr 06 06:28:39 UTC 2026","TestPaymentComponent","test_payment_component","",""
"","150","[API] Create user should return 200_OK when send create user request with valid data. Case: 'birth_year' = 10000","tests.api.user","Mon Apr 06 06:17:41 UTC 2026","passed","Mon Apr 06 06:17:41 UTC 2026","TestCreateUserApi","test_create_user","",""
"","353","[API] Create user should return 200_OK when send create user request with valid data. Case: 'address1' length = min","tests.api.user","Mon Apr 06 06:17:46 UTC 2026","passed","Mon Apr 06 06:17:46 UTC 2026","TestCreateUserApi","test_create_user","",""
"","5668","[WEB Component] Category filter group should be collapsed after collapse expanded group","tests.web.component.filter","Mon Apr 06 06:42:13 UTC 2026","passed","Mon Apr 06 06:42:18 UTC 2026","TestCategoryFilter","test_category_filter","",""
"","164","[API] Create user should return 200_OK when send create user request with valid data. Case: 'birth_year' = 1","tests.api.user","Mon Apr 06 06:17:41 UTC 2026","passed","Mon Apr 06 06:17:41 UTC 2026","TestCreateUserApi","test_create_user","",""
"","0","[WEB Component] Pay with invalid card should show error message. Case: card number fails luhn check","tests.web.component.payment","Mon Apr 06 06:28:39 UTC 2026","skipped","Mon Apr 06 06:28:39 UTC 2026","TestPaymentComponent","test_payment_component","",""
"","0","[API] Update user should return 400_BAD_REQUEST when send update user request with invalid data. Case: 'name' is empty","tests.api.user","Mon Apr 06 06:18:01 UTC 2026","skipped","Mon Apr 06 06:18:01 UTC 2026","TestUpdateUserApi","test_update_user","",""
"","1415","[WEB Component] Should add product to cart when click on add to cart button multiple times","tests.web.component.product","Mon Apr 06 06:30:16 UTC 2026","passed","Mon Apr 06 06:30:18 UTC 2026","TestProductCard","test_product_details_component","",""
"","0","[WEB Component] Pay with invalid card should show error message. Case: name length = max + 1","tests.web.component.payment","Mon Apr 06 06:28:39 UTC 2026","skipped","Mon Apr 06 06:28:39 UTC 2026","TestPaymentComponent","test_payment_component","",""
"","0","[WEB] Should not add product review with invalid data. Case: 'email' not contains '@' symbol","tests.web.component.review","Mon Apr 06 06:36:40 UTC 2026","skipped","Mon Apr 06 06:36:40 UTC 2026","TestReviewComponent","test_review_component","",""
"","2918","[WEB Component] Image Carousel should show first image when scroll right on last image","tests.web.component.carousel","Mon Apr 06 06:40:06 UTC 2026","passed","Mon Apr 06 06:40:09 UTC 2026","TestImageCarousel","test_image_carousel","",""
"","0","[API] Update user should return 400_BAD_REQUEST when send update user request with invalid data. Case: 'state' length = max + 1","tests.api.user","Mon Apr 06 06:18:01 UTC 2026","skipped","Mon Apr 06 06:18:01 UTC 2026","TestUpdateUserApi","test_update_user","",""
"","0","[WEB Component] Pay with invalid card should show error message. Case: expiry year too long","tests.web.component.payment","Mon Apr 06 06:28:39 UTC 2026","skipped","Mon Apr 06 06:28:39 UTC 2026","TestPaymentComponent","test_payment_component","",""
"","538","[WEB Component] Should navigate to cart page by click 'Cart' button","tests.web.component.base","Mon Apr 06 06:19:48 UTC 2026","passed","Mon Apr 06 06:19:48 UTC 2026","TestHeaderComponent","test_header_component","",""
"","628","[WEB] Should add product review with valid data. Case: 'email' has not exists email service","tests.web.component.review","Mon Apr 06 06:34:50 UTC 2026","passed","Mon Apr 06 06:34:51 UTC 2026","TestReviewComponent","test_review_component","",""
"","528","[WEB] Should add product review with valid data. Case: 'name' length = max - 1","tests.web.component.review","Mon Apr 06 06:34:11 UTC 2026","passed","Mon Apr 06 06:34:11 UTC 2026","TestReviewComponent","test_review_component","",""
"","0","[WEB] Should not add product review with invalid data. Case: 'email' contains invalid top level domain web","tests.web.component.review","Mon Apr 06 06:36:40 UTC 2026","skipped","Mon Apr 06 06:36:40 UTC 2026","TestReviewComponent","test_review_component","",""
"","0","[API] Create user should return 400_BAD_REQUEST when send create user request with invalid data. Case: 'zipcode' is empty","tests.api.user","Mon Apr 06 06:17:30 UTC 2026","skipped","Mon Apr 06 06:17:30 UTC 2026","TestCreateUserApi","test_create_user","",""
"","346","[API] Create user should return 200_OK when send create user request with valid data. Case: 'mobile_number' length = min + 1","tests.api.user","Mon Apr 06 06:17:38 UTC 2026","passed","Mon Apr 06 06:17:38 UTC 2026","TestCreateUserApi","test_create_user","",""
"","0","[WEB Component] Pay with invalid card should show error message. Case: cvc all zeros","tests.web.component.payment","Mon Apr 06 06:28:39 UTC 2026","skipped","Mon Apr 06 06:28:39 UTC 2026","TestPaymentComponent","test_payment_component","",""
"","146","[API] Create user should return 200_OK when send create user request with valid data. Case: 'address2' length = min + 1","tests.api.user","Mon Apr 06 06:17:48 UTC 2026","passed","Mon Apr 06 06:17:49 UTC 2026","TestCreateUserApi","test_create_user","",""
"","0","[WEB] Sign up with invalid data. Case: 'last_name' length = min","tests.web.component.auth","Mon Apr 06 06:18:32 UTC 2026","skipped","Mon Apr 06 06:18:32 UTC 2026","TestSignUpWeb","test_signup_component","",""
"","0","[WEB Component] Pay with invalid card should show error message. Case: cvc is empty","tests.web.component.payment","Mon Apr 06 06:28:39 UTC 2026","skipped","Mon Apr 06 06:28:39 UTC 2026","TestPaymentComponent","test_payment_component","",""
"","0","[WEB Component] Pay with invalid card should show error message. Case: name contains non latin characters","tests.web.component.payment","Mon Apr 06 06:28:39 UTC 2026","skipped","Mon Apr 06 06:28:39 UTC 2026","TestPaymentComponent","test_payment_component","",""
"","0","[WEB] Should not add product review with invalid data. Case: 'email' contains domain with one letter","tests.web.component.review","Mon Apr 06 06:36:40 UTC 2026","skipped","Mon Apr 06 06:36:40 UTC 2026","TestReviewComponent","test_review_component","",""
"","1","[WEB Component] Pay with invalid card should show error message. Case: card number contains dashes","tests.web.component.payment","Mon Apr 06 06:28:39 UTC 2026","skipped","Mon Apr 06 06:28:39 UTC 2026","TestPaymentComponent","test_payment_component","",""
"","323","[API] Get csrf should return 200_OK when send get csrf request and contains csrf cookie","tests.api.auth","Mon Apr 06 06:17:30 UTC 2026","passed","Mon Apr 06 06:17:30 UTC 2026","TestAuthApi","test_auth","",""
"","0","[WEB] Sign up with invalid data. Case: 'birth_year' = 10000","tests.web.component.auth","Mon Apr 06 06:18:32 UTC 2026","skipped","Mon Apr 06 06:18:32 UTC 2026","TestSignUpWeb","test_signup_component","",""
"","219","[API] Update user should return 200_OK when send update user request with valid data. Case: 'birth_month' = 1","tests.api.user","Mon Apr 06 06:17:49 UTC 2026","passed","Mon Apr 06 06:17:49 UTC 2026","TestUpdateUserApi","test_update_user","",""
"","3369","[WEB] Sign up with valid data. Case: 'city' length = max","tests.web.component.auth","Mon Apr 06 06:31:24 UTC 2026","passed","Mon Apr 06 06:31:27 UTC 2026","TestSignUpWeb","test_signup_component","",""
"","484","[API] Update user should return 200_OK when send update user request with valid data. Case: 'name' length = min + 1","tests.api.user","Mon Apr 06 06:17:35 UTC 2026","passed","Mon Apr 06 06:17:35 UTC 2026","TestUpdateUserApi","test_update_user","",""
"","2610","[WEB Component] Image Carousel should show next image when scroll right","tests.web.component.carousel","Mon Apr 06 06:40:43 UTC 2026","passed","Mon Apr 06 06:40:45 UTC 2026","TestImageCarousel","test_image_carousel","",""
"","251","[API] Update user should return 200_OK when send update user request with valid data. Case: 'birth_day' = 1","tests.api.user","Mon Apr 06 06:17:47 UTC 2026","passed","Mon Apr 06 06:17:47 UTC 2026","TestUpdateUserApi","test_update_user","",""
"","0","[API] Update user should return 400_BAD_REQUEST when send update user request with invalid data. Case: 'mobile_number' length = min - 1","tests.api.user","Mon Apr 06 06:18:01 UTC 2026","skipped","Mon Apr 06 06:18:01 UTC 2026","TestUpdateUserApi","test_update_user","",""
"","0","[API] Create user should return 400_BAD_REQUEST when send create user request with invalid data. Case: 'last_name' is absent","tests.api.user","Mon Apr 06 06:17:30 UTC 2026","skipped","Mon Apr 06 06:17:30 UTC 2026","TestCreateUserApi","test_create_user","",""
"","143","[API] Create user should return 200_OK when send create user request with valid data. Case: 'address1' length = max","tests.api.user","Mon Apr 06 06:17:47 UTC 2026","passed","Mon Apr 06 06:17:48 UTC 2026","TestCreateUserApi","test_create_user","",""
"","0","[WEB] Sign up with invalid data. Case: 'address1' length = max - 1","tests.web.component.auth","Mon Apr 06 06:18:32 UTC 2026","skipped","Mon Apr 06 06:18:32 UTC 2026","TestSignUpWeb","test_signup_component","",""
"","222","[API] Update user should return 200_OK when send update user request with valid data. Case: 'last_name' length = min + 1","tests.api.user","Mon Apr 06 06:17:41 UTC 2026","passed","Mon Apr 06 06:17:41 UTC 2026","TestUpdateUserApi","test_update_user","",""
"","0","[WEB] Sign up with invalid data. Case: 'mobile_number' length = max","tests.web.component.auth","Mon Apr 06 06:18:32 UTC 2026","skipped","Mon Apr 06 06:18:32 UTC 2026","TestSignUpWeb","test_signup_component","",""
"","1161","[WEB Component] Product item should have expected data","tests.web.component.product","Mon Apr 06 06:43:37 UTC 2026","failed","Mon Apr 06 06:43:38 UTC 2026","TestProductItem","test_product_item","",""
"","241","[API] Update user should return 200_OK when send update user request with valid data. Case: 'birth_month' = 12","tests.api.user","Mon Apr 06 06:17:49 UTC 2026","passed","Mon Apr 06 06:17:50 UTC 2026","TestUpdateUserApi","test_update_user","",""
"","204","[API] Create user should return 200_OK when send create user request with valid data. Case: 'city' length = max","tests.api.user","Mon Apr 06 06:17:46 UTC 2026","passed","Mon Apr 06 06:17:46 UTC 2026","TestCreateUserApi","test_create_user","",""
"","3325","[WEB] Sign up with valid data. Case: 'city' length = max - 1","tests.web.component.auth","Mon Apr 06 06:31:02 UTC 2026","passed","Mon Apr 06 06:31:05 UTC 2026","TestSignUpWeb","test_signup_component","",""
"","1434","[WEB Component] Brand filter should filters products by brand","tests.web.component.filter","Mon Apr 06 06:22:44 UTC 2026","passed","Mon Apr 06 06:22:45 UTC 2026","TestBrandFilter","test_brand_filter","",""
"","168","[API] Create user should return 200_OK when send create user request with valid data. Case: 'address2' length = max","tests.api.user","Mon Apr 06 06:17:49 UTC 2026","passed","Mon Apr 06 06:17:49 UTC 2026","TestCreateUserApi","test_create_user","",""
"","740","[WEB Component] Should decrease all products total price","tests.web.component.product","Mon Apr 06 06:33:12 UTC 2026","passed","Mon Apr 06 06:33:13 UTC 2026","TestProductItem","test_product_item","",""
"","3507","[WEB] Sign up with valid data. Case: 'city' length = min + 1","tests.web.component.auth","Mon Apr 06 06:30:39 UTC 2026","passed","Mon Apr 06 06:30:42 UTC 2026","TestSignUpWeb","test_signup_component","",""
"","202","[API] Update user should return 200_OK when send update user request with valid data. Case: 'address2' length = max","tests.api.user","Mon Apr 06 06:17:58 UTC 2026","passed","Mon Apr 06 06:17:58 UTC 2026","TestUpdateUserApi","test_update_user","",""
"","3650","[WEB] Sign up with valid data. Case: 'zipcode' length = max","tests.web.component.auth","Mon Apr 06 06:18:28 UTC 2026","passed","Mon Apr 06 06:18:32 UTC 2026","TestSignUpWeb","test_signup_component","",""
"","0","[API] Create user should return 400_BAD_REQUEST when send create user request with invalid data. Case: 'email' not contains domain","tests.api.user","Mon Apr 06 06:17:30 UTC 2026","skipped","Mon Apr 06 06:17:30 UTC 2026","TestCreateUserApi","test_create_user","",""
"","0","[API] Create user should return 400_BAD_REQUEST when send create user request with invalid data. Case: 'name' is absent","tests.api.user","Mon Apr 06 06:17:51 UTC 2026","skipped","Mon Apr 06 06:17:51 UTC 2026","TestCreateUserApi","test_create_user","",""
"","0","[API] Create user should return 400_BAD_REQUEST when send create user request with invalid data. Case: 'address2' length = max + 1","tests.api.user","Mon Apr 06 06:17:30 UTC 2026","skipped","Mon Apr 06 06:17:30 UTC 2026","TestCreateUserApi","test_create_user","",""
"","0","[WEB Component] Pay with invalid card should show error message. Case: expiry month only spaces","tests.web.component.payment","Mon Apr 06 06:28:39 UTC 2026","skipped","Mon Apr 06 06:28:39 UTC 2026","TestPaymentComponent","test_payment_component","",""
"","0","[API] Update user should return 400_BAD_REQUEST when send update user request with invalid data. Case: 'zipcode' is empty","tests.api.user","Mon Apr 06 06:18:00 UTC 2026","skipped","Mon Apr 06 06:18:00 UTC 2026","TestUpdateUserApi","test_update_user","",""
"","0","[WEB Component] Pay with invalid card should show error message. Case: cvc only spaces","tests.web.component.payment","Mon Apr 06 06:28:39 UTC 2026","skipped","Mon Apr 06 06:28:39 UTC 2026","TestPaymentComponent","test_payment_component","",""
"","0","[API] Create user should return 400_BAD_REQUEST when send create user request with invalid data. Case: 'address2' is empty","tests.api.user","Mon Apr 06 06:17:30 UTC 2026","skipped","Mon Apr 06 06:17:30 UTC 2026","TestCreateUserApi","test_create_user","",""
"","0","[API] Create user should return 400_BAD_REQUEST when send create user request with invalid data. Case: 'birth_year' is invalid positive","tests.api.user","Mon Apr 06 06:17:30 UTC 2026","skipped","Mon Apr 06 06:17:30 UTC 2026","TestCreateUserApi","test_create_user","",""
"","0","[WEB] Sign up with invalid data. Case: 'zipcode' length = max - 1","tests.web.component.auth","Mon Apr 06 06:18:32 UTC 2026","skipped","Mon Apr 06 06:18:32 UTC 2026","TestSignUpWeb","test_signup_component","",""
"","0","[WEB] Sign up with invalid data. Case: 'company' length = min","tests.web.component.auth","Mon Apr 06 06:18:32 UTC 2026","skipped","Mon Apr 06 06:18:32 UTC 2026","TestSignUpWeb","test_signup_component","",""
"","0","[API] Create user should return 400_BAD_REQUEST when send create user request with invalid data. Case: 'mobile_number' is absent","tests.api.user","Mon Apr 06 06:17:30 UTC 2026","skipped","Mon Apr 06 06:17:30 UTC 2026","TestCreateUserApi","test_create_user","",""
"","235","[API] Update user should return 200_OK when send update user request with valid data. Case: 'first_name' length = min","tests.api.user","Mon Apr 06 06:17:37 UTC 2026","passed","Mon Apr 06 06:17:38 UTC 2026","TestUpdateUserApi","test_update_user","",""
"","0","[API] Update user should return 400_BAD_REQUEST when send update user request with invalid data. Case: 'birth_year' is negative","tests.api.user","Mon Apr 06 06:18:01 UTC 2026","skipped","Mon Apr 06 06:18:01 UTC 2026","TestUpdateUserApi","test_update_user","",""
"","232","[API] Update user should return 200_OK when send update user request with valid data. Case: 'state' length = max - 1","tests.api.user","Mon Apr 06 06:17:57 UTC 2026","passed","Mon Apr 06 06:17:57 UTC 2026","TestUpdateUserApi","test_update_user","",""
"","157","[API] Create user should return 200_OK when send create user request with valid data. Case: 'state' length = max","tests.api.user","Mon Apr 06 06:17:44 UTC 2026","passed","Mon Apr 06 06:17:44 UTC 2026","TestCreateUserApi","test_create_user","",""
"","0","[API] Create user should return 400_BAD_REQUEST when send create user request with invalid data. Case: 'mobile_number' length = max + 1","tests.api.user","Mon Apr 06 06:17:30 UTC 2026","skipped","Mon Apr 06 06:17:30 UTC 2026","TestCreateUserApi","test_create_user","",""
"","4811","Purchase products with login while checkout","tests.web.e2e","Mon Apr 06 06:38:19 UTC 2026","passed","Mon Apr 06 06:38:23 UTC 2026","TestPlaceOrder","test_place_order","",""
"","0","[WEB Component] Pay with invalid card should show error message. Case: name contains trailing spaces","tests.web.component.payment","Mon Apr 06 06:28:39 UTC 2026","skipped","Mon Apr 06 06:28:39 UTC 2026","TestPaymentComponent","test_payment_component","",""
"","244","[API] Update user should return 200_OK when send update user request with valid data. Case: 'company' length = max","tests.api.user","Mon Apr 06 06:17:54 UTC 2026","passed","Mon Apr 06 06:17:54 UTC 2026","TestUpdateUserApi","test_update_user","",""
"","0","[API] Update user should return 400_BAD_REQUEST when send update user request with invalid data. Case: 'email' contains mail server as ip and port","tests.api.user","Mon Apr 06 06:18:01 UTC 2026","skipped","Mon Apr 06 06:18:01 UTC 2026","TestUpdateUserApi","test_update_user","",""
"","0","[API] Create user should return 400_BAD_REQUEST when send create user request with invalid data. Case: 'birth_month' is zero","tests.api.user","Mon Apr 06 06:17:30 UTC 2026","skipped","Mon Apr 06 06:17:30 UTC 2026","TestCreateUserApi","test_create_user","",""
"","3344","[WEB] Sign up with valid data. Case: 'name' length = min + 1","tests.web.component.auth","Mon Apr 06 06:19:18 UTC 2026","passed","Mon Apr 06 06:19:21 UTC 2026","TestSignUpWeb","test_signup_component","",""
"","0","[WEB Component] Pay with invalid card should show error message. Case: card number too short","tests.web.component.payment","Mon Apr 06 06:28:39 UTC 2026","skipped","Mon Apr 06 06:28:39 UTC 2026","TestPaymentComponent","test_payment_component","",""
"","0","[API] Create user should return 400_BAD_REQUEST when send create user request with invalid data. Case: 'address1' is empty","tests.api.user","Mon Apr 06 06:17:30 UTC 2026","skipped","Mon Apr 06 06:17:30 UTC 2026","TestCreateUserApi","test_create_user","",""
"","0","[API] Create user should return 400_BAD_REQUEST when send create user request with invalid data. Case: 'zipcode' length = max + 1","tests.api.user","Mon Apr 06 06:17:30 UTC 2026","skipped","Mon Apr 06 06:17:30 UTC 2026","TestCreateUserApi","test_create_user","",""
"","635","[WEB Component] Animated product card should have expected data","tests.web.component.product","Mon Apr 06 06:43:08 UTC 2026","passed","Mon Apr 06 06:43:09 UTC 2026","TestAnimatedProductCard","test_animated_product_card_component","",""
"","0","[WEB Component] Pay with invalid card should show error message. Case: name contains emoji","tests.web.component.payment","Mon Apr 06 06:28:39 UTC 2026","skipped","Mon Apr 06 06:28:39 UTC 2026","TestPaymentComponent","test_payment_component","",""
"","0","[WEB Component] Pay with invalid card should show error message. Case: card number too long","tests.web.component.payment","Mon Apr 06 06:28:39 UTC 2026","skipped","Mon Apr 06 06:28:39 UTC 2026","TestPaymentComponent","test_payment_component","",""
"","0","[API] Update user should return 400_BAD_REQUEST when send update user request with invalid data. Case: 'first_name' length = min - 1","tests.api.user","Mon Apr 06 06:18:01 UTC 2026","skipped","Mon Apr 06 06:18:01 UTC 2026","TestUpdateUserApi","test_update_user","",""
"","796","[WEB] Should add product review with valid data. Case: 'name' length = max","tests.web.component.review","Mon Apr 06 06:34:30 UTC 2026","passed","Mon Apr 06 06:34:31 UTC 2026","TestReviewComponent","test_review_component","",""
"","768","[WEB] Should add product review with valid data. Case: 'name' length = min","tests.web.component.review","Mon Apr 06 06:33:32 UTC 2026","passed","Mon Apr 06 06:33:33 UTC 2026","TestReviewComponent","test_review_component","",""
"","298","[API] Update user should return 200_OK when send update user request with valid data. Case: 'state' length = min + 1","tests.api.user","Mon Apr 06 06:17:56 UTC 2026","passed","Mon Apr 06 06:17:56 UTC 2026","TestUpdateUserApi","test_update_user","",""
"","0","[API] Create user should return 400_BAD_REQUEST when send create user request with invalid data. Case: 'zipcode' length = min - 1","tests.api.user","Mon Apr 06 06:17:30 UTC 2026","skipped","Mon Apr 06 06:17:30 UTC 2026","TestCreateUserApi","test_create_user","",""
"","3735","[WEB] Sign up with valid data. Case: 'first_name' length = min + 1","tests.web.component.auth","Mon Apr 06 06:20:50 UTC 2026","passed","Mon Apr 06 06:20:54 UTC 2026","TestSignUpWeb","test_signup_component","",""
"","0","[API] Create user should return 400_BAD_REQUEST when send create user request with invalid data. Case: 'birth_year' is absent","tests.api.user","Mon Apr 06 06:17:30 UTC 2026","skipped","Mon Apr 06 06:17:30 UTC 2026","TestCreateUserApi","test_create_user","",""
"","484","[WEB Component] Should remove product from cart","tests.web.component.product","Mon Apr 06 06:32:07 UTC 2026","passed","Mon Apr 06 06:32:07 UTC 2026","TestProductItem","test_product_item","",""
"","159","[API] Create user should return 200_OK when send create user request with valid data. Case: 'mobile_number' length = min","tests.api.user","Mon Apr 06 06:17:37 UTC 2026","passed","Mon Apr 06 06:17:37 UTC 2026","TestCreateUserApi","test_create_user","",""
"","167","Should return user exists when user exists with email and password","tests.api.user","Mon Apr 06 06:18:01 UTC 2026","passed","Mon Apr 06 06:18:01 UTC 2026","TestVerifyLoginApi","test_verify_login","",""
"","384","[WEB Component] Billing address has expected data","tests.web.component.address","Mon Apr 06 06:38:46 UTC 2026","passed","Mon Apr 06 06:38:46 UTC 2026","TestAddressComponent","test_address_component","",""
"","517","[WEB Component] Should delete user name by click on 'Delete Account' button","tests.web.component.base","Mon Apr 06 06:20:51 UTC 2026","passed","Mon Apr 06 06:20:51 UTC 2026","TestHeaderComponent","test_header_component","",""
"","0","[API] Create user should return 400_BAD_REQUEST when send create user request with invalid data. Case: 'email' is empty","tests.api.user","Mon Apr 06 06:17:30 UTC 2026","skipped","Mon Apr 06 06:17:30 UTC 2026","TestCreateUserApi","test_create_user","",""
"","0","[API] Create user should return 400_BAD_REQUEST when send create user request with invalid data. Case: 'birth_day' is invalid positive","tests.api.user","Mon Apr 06 06:17:30 UTC 2026","skipped","Mon Apr 06 06:17:30 UTC 2026","TestCreateUserApi","test_create_user","",""
"","6851","Purchase products with login before checkout","tests.web.e2e","Mon Apr 06 06:37:55 UTC 2026","passed","Mon Apr 06 06:38:01 UTC 2026","TestPlaceOrder","test_place_order","",""
"","0","[API] Update user should return 400_BAD_REQUEST when send update user request with invalid data. Case: 'email' is word","tests.api.user","Mon Apr 06 06:18:01 UTC 2026","skipped","Mon Apr 06 06:18:01 UTC 2026","TestUpdateUserApi","test_update_user","",""
"","0","[WEB Component] Pay with invalid card should show error message. Case: expiry year only spaces","tests.web.component.payment","Mon Apr 06 06:28:39 UTC 2026","skipped","Mon Apr 06 06:28:39 UTC 2026","TestPaymentComponent","test_payment_component","",""
"","0","[WEB] Sign up with invalid data. Case: 'state' length = min","tests.web.component.auth","Mon Apr 06 06:18:32 UTC 2026","skipped","Mon Apr 06 06:18:32 UTC 2026","TestSignUpWeb","test_signup_component","",""
"","0","[WEB] Sign up with invalid data. Case: 'company' length = max","tests.web.component.auth","Mon Apr 06 06:18:32 UTC 2026","skipped","Mon Apr 06 06:18:32 UTC 2026","TestSignUpWeb","test_signup_component","",""
"","0","[API] Update user should return 400_BAD_REQUEST when send update user request with invalid data. Case: 'email' is empty","tests.api.user","Mon Apr 06 06:18:01 UTC 2026","skipped","Mon Apr 06 06:18:01 UTC 2026","TestUpdateUserApi","test_update_user","",""
"","0","[WEB] Should not add product review with invalid data. Case: 'name' length = max + 1","tests.web.component.review","Mon Apr 06 06:36:39 UTC 2026","skipped","Mon Apr 06 06:36:39 UTC 2026","TestReviewComponent","test_review_component","",""
"","0","[API] Create user should return 400_BAD_REQUEST when send create user request with invalid data. Case: 'company' length = min - 1","tests.api.user","Mon Apr 06 06:17:30 UTC 2026","skipped","Mon Apr 06 06:17:30 UTC 2026","TestCreateUserApi","test_create_user","",""
"","0","[WEB] Sign up with invalid data. Case: 'address2' length = max - 1","tests.web.component.auth","Mon Apr 06 06:18:32 UTC 2026","skipped","Mon Apr 06 06:18:32 UTC 2026","TestSignUpWeb","test_signup_component","",""
"","524","[WEB] Sign in with invalid credentials. Case: {case_title}","tests.web.component.auth","Mon Apr 06 06:18:36 UTC 2026","passed","Mon Apr 06 06:18:37 UTC 2026","TestLoginWeb","test_login_component","",""
"","0","[API] Update user should return 400_BAD_REQUEST when send update user request with invalid data. Case: 'email' contains '-' after '@'","tests.api.user","Mon Apr 06 06:18:01 UTC 2026","skipped","Mon Apr 06 06:18:01 UTC 2026","TestUpdateUserApi","test_update_user","",""
"","0","[API] Update user should return 400_BAD_REQUEST when send update user request with invalid data. Case: 'birth_year' is absent","tests.api.user","Mon Apr 06 06:18:01 UTC 2026","skipped","Mon Apr 06 06:18:01 UTC 2026","TestUpdateUserApi","test_update_user","",""
"","0","[API] Create user should return 400_BAD_REQUEST when send create user request with invalid data. Case: 'first_name' is empty","tests.api.user","Mon Apr 06 06:17:30 UTC 2026","skipped","Mon Apr 06 06:17:30 UTC 2026","TestCreateUserApi","test_create_user","",""
"","213","[API] Update user should return 200_OK when send update user request with valid data. Case: 'mobile_number' length = max - 1","tests.api.user","Mon Apr 06 06:17:46 UTC 2026","passed","Mon Apr 06 06:17:46 UTC 2026","TestUpdateUserApi","test_update_user","",""
"","0","[API] Update user should return 400_BAD_REQUEST when send update user request with invalid data. Case: 'address2' length = min - 1","tests.api.user","Mon Apr 06 06:18:00 UTC 2026","skipped","Mon Apr 06 06:18:00 UTC 2026","TestUpdateUserApi","test_update_user","",""
"","0","[API] Update user should return 400_BAD_REQUEST when send update user request with invalid data. Case: 'zipcode' is absent","tests.api.user","Mon Apr 06 06:18:00 UTC 2026","skipped","Mon Apr 06 06:18:00 UTC 2026","TestUpdateUserApi","test_update_user","",""
"","0","[WEB Component] Pay with invalid card should show error message. Case: name contains newline","tests.web.component.payment","Mon Apr 06 06:28:39 UTC 2026","skipped","Mon Apr 06 06:28:39 UTC 2026","TestPaymentComponent","test_payment_component","",""
"","0","[API] Create user should return 400_BAD_REQUEST when send create user request with invalid data. Case: 'city' length = max + 1","tests.api.user","Mon Apr 06 06:17:30 UTC 2026","skipped","Mon Apr 06 06:17:30 UTC 2026","TestCreateUserApi","test_create_user","",""
"","140","[API] Create user should return 200_OK when send create user request with valid data. Case: 'first_name' length = max - 1","tests.api.user","Mon Apr 06 06:17:35 UTC 2026","passed","Mon Apr 06 06:17:35 UTC 2026","TestCreateUserApi","test_create_user","",""
"","970","[WEB Component] Category filter should have expected screenshot when collapsed","tests.web.component.filter","Mon Apr 06 06:41:29 UTC 2026","passed","Mon Apr 06 06:41:30 UTC 2026","TestCategoryFilter","test_category_filter","",""
"","0","[WEB] Should not add product review with invalid data. Case: 'email' contains text before username","tests.web.component.review","Mon Apr 06 06:36:40 UTC 2026","skipped","Mon Apr 06 06:36:40 UTC 2026","TestReviewComponent","test_review_component","",""
"","199","[API] Update user should return 200_OK when send update user request with valid data. Case: 'company' length = min","tests.api.user","Mon Apr 06 06:17:52 UTC 2026","passed","Mon Apr 06 06:17:52 UTC 2026","TestUpdateUserApi","test_update_user","",""
"","1755","[WEB Component] Page scroller scroll page to top","tests.web.component.base","Mon Apr 06 06:39:23 UTC 2026","passed","Mon Apr 06 06:39:25 UTC 2026","TestPageScrollerComponent","test_page_scroller_component","",""
"","0","[API] Update user should return 400_BAD_REQUEST when send update user request with invalid data. Case: 'name' length = max + 1","tests.api.user","Mon Apr 06 06:18:01 UTC 2026","skipped","Mon Apr 06 06:18:01 UTC 2026","TestUpdateUserApi","test_update_user","",""
"","234","[API] Update user should return 200_OK when send update user request with valid data. Case: 'city' length = max","tests.api.user","Mon Apr 06 06:18:00 UTC 2026","passed","Mon Apr 06 06:18:00 UTC 2026","TestUpdateUserApi","test_update_user","",""
"","0","[API] Update user should return 400_BAD_REQUEST when send update user request with invalid data. Case: 'email' contains multiple '@' symbols","tests.api.user","Mon Apr 06 06:18:01 UTC 2026","skipped","Mon Apr 06 06:18:01 UTC 2026","TestUpdateUserApi","test_update_user","",""
"","0","[API] Update user should return 400_BAD_REQUEST when send update user request with invalid data. Case: 'city' length = min - 1","tests.api.user","Mon Apr 06 06:18:01 UTC 2026","skipped","Mon Apr 06 06:18:01 UTC 2026","TestUpdateUserApi","test_update_user","",""
"","0","[API] Update user should return 400_BAD_REQUEST when send update user request with invalid data. Case: 'email' contains '.' before dog symbol","tests.api.user","Mon Apr 06 06:18:01 UTC 2026","skipped","Mon Apr 06 06:18:01 UTC 2026","TestUpdateUserApi","test_update_user","",""
"","0","[WEB] Sign up with invalid data. Case: 'last_name' length = max","tests.web.component.auth","Mon Apr 06 06:18:32 UTC 2026","skipped","Mon Apr 06 06:18:32 UTC 2026","TestSignUpWeb","test_signup_component","",""
"","0","[WEB Component] Pay with invalid card should show error message. Case: cvc contains letters","tests.web.component.payment","Mon Apr 06 06:28:39 UTC 2026","skipped","Mon Apr 06 06:28:39 UTC 2026","TestPaymentComponent","test_payment_component","",""
"","3636","[WEB] Sign up with valid data. Case: 'first_name' length = max - 1","tests.web.component.auth","Mon Apr 06 06:21:13 UTC 2026","passed","Mon Apr 06 06:21:17 UTC 2026","TestSignUpWeb","test_signup_component","",""
"","0","[API] Update user should return 400_BAD_REQUEST when send update user request with invalid data. Case: 'birth_month' is negative","tests.api.user","Mon Apr 06 06:18:01 UTC 2026","skipped","Mon Apr 06 06:18:01 UTC 2026","TestUpdateUserApi","test_update_user","",""
"","0","[API] Create user should return 400_BAD_REQUEST when send create user request with invalid data. Case: 'email' contains '.' before dog symbol","tests.api.user","Mon Apr 06 06:17:30 UTC 2026","skipped","Mon Apr 06 06:17:30 UTC 2026","TestCreateUserApi","test_create_user","",""
"","169","[API] Create user should return 200_OK when send create user request with valid data. Case: 'zipcode' length = max","tests.api.user","Mon Apr 06 06:17:51 UTC 2026","passed","Mon Apr 06 06:17:51 UTC 2026","TestCreateUserApi","test_create_user","",""
"","3169","[WEB] Sign up with valid data. Case: 'address1' length = min + 1","tests.web.component.auth","Mon Apr 06 06:32:09 UTC 2026","passed","Mon Apr 06 06:32:13 UTC 2026","TestSignUpWeb","test_signup_component","",""
"","0","[API] Create user should return 400_BAD_REQUEST when send create user request with invalid data. Case: 'email' not contains '@' symbol","tests.api.user","Mon Apr 06 06:17:30 UTC 2026","skipped","Mon Apr 06 06:17:30 UTC 2026","TestCreateUserApi","test_create_user","",""
"","0","[API] Create user should return 400_BAD_REQUEST when send create user request with invalid data. Case: 'first_name' is absent","tests.api.user","Mon Apr 06 06:17:51 UTC 2026","skipped","Mon Apr 06 06:17:51 UTC 2026","TestCreateUserApi","test_create_user","",""
"","0","[API] Create user should return 400_BAD_REQUEST when send create user request with invalid data. Case: 'email' is word","tests.api.user","Mon Apr 06 06:17:30 UTC 2026","skipped","Mon Apr 06 06:17:30 UTC 2026","TestCreateUserApi","test_create_user","",""
"","0","[WEB] Sign up with invalid data. Case: 'last_name' length = min + 1","tests.web.component.auth","Mon Apr 06 06:18:32 UTC 2026","skipped","Mon Apr 06 06:18:32 UTC 2026","TestSignUpWeb","test_signup_component","",""
"","399","test_get_all_products","tests.api.product","Mon Apr 06 06:17:31 UTC 2026","passed","Mon Apr 06 06:17:32 UTC 2026","TestProductApi","test_product","",""
"","455","[API] Update user should return 200_OK when send update user request with valid data. Case: 'address1' length = min + 1","tests.api.user","Mon Apr 06 06:17:52 UTC 2026","passed","Mon Apr 06 06:17:53 UTC 2026","TestUpdateUserApi","test_update_user","",""
"","3440","[WEB] Sign up with valid data. Case: 'birth_year' = 1","tests.web.component.auth","Mon Apr 06 06:26:29 UTC 2026","passed","Mon Apr 06 06:26:32 UTC 2026","TestSignUpWeb","test_signup_component","",""
"","0","[API] Update user should return 400_BAD_REQUEST when send update user request with invalid data. Case: 'email' contains only special symbols","tests.api.user","Mon Apr 06 06:18:01 UTC 2026","skipped","Mon Apr 06 06:18:01 UTC 2026","TestUpdateUserApi","test_update_user","",""
"","155","[API] Create user should return 200_OK when send create user request with valid data. Case: 'company' length = max","tests.api.user","Mon Apr 06 06:17:43 UTC 2026","passed","Mon Apr 06 06:17:43 UTC 2026","TestCreateUserApi","test_create_user","",""
"","0","[WEB] Sign up with invalid data. Case: 'address2' length = min + 1","tests.web.component.auth","Mon Apr 06 06:18:32 UTC 2026","skipped","Mon Apr 06 06:18:32 UTC 2026","TestSignUpWeb","test_signup_component","",""
"","0","[WEB] Sign up with invalid data. Case: 'name' length = max - 1","tests.web.component.auth","Mon Apr 06 06:18:32 UTC 2026","skipped","Mon Apr 06 06:18:32 UTC 2026","TestSignUpWeb","test_signup_component","",""
"","459","[WEB Component] Subscription component should have expected screenshot","tests.web.component.base","Mon Apr 06 06:39:44 UTC 2026","passed","Mon Apr 06 06:39:44 UTC 2026","TestSubscriptionComponent","test_subscription_component","",""
"","0","[WEB] Should not add product review with invalid data. Case: 'email' not contains username","tests.web.component.review","Mon Apr 06 06:36:40 UTC 2026","skipped","Mon Apr 06 06:36:40 UTC 2026","TestReviewComponent","test_review_component","",""
"","345","[API] Delete user should return 200_OK when send delete user request and user exists","tests.api.user","Mon Apr 06 06:17:32 UTC 2026","passed","Mon Apr 06 06:17:32 UTC 2026","TestDeleteUserApi","test_delete_user","",""
"","210","[API] Create user should return 400_BAD_REQUEST when send create user request with existing email","tests.api.user","Mon Apr 06 06:17:30 UTC 2026","passed","Mon Apr 06 06:17:31 UTC 2026","TestCreateUserApi","test_create_user","",""
"","3241","[WEB] Sign up with valid data. Case: 'address2' length = min","tests.web.component.auth","Mon Apr 06 06:33:16 UTC 2026","passed","Mon Apr 06 06:33:19 UTC 2026","TestSignUpWeb","test_signup_component","",""
"","161","[API] Create user should return 200_OK when send create user request with valid data. Case: 'mobile_number' length = max","tests.api.user","Mon Apr 06 06:17:39 UTC 2026","passed","Mon Apr 06 06:17:39 UTC 2026","TestCreateUserApi","test_create_user","",""
"","0","[API] Create user should return 400_BAD_REQUEST when send create user request with invalid data. Case: 'city' is empty","tests.api.user","Mon Apr 06 06:17:30 UTC 2026","skipped","Mon Apr 06 06:17:30 UTC 2026","TestCreateUserApi","test_create_user","",""
"","0","[API] Update user should return 400_BAD_REQUEST when send update user request with invalid data. Case: 'address1' is absent","tests.api.user","Mon Apr 06 06:18:01 UTC 2026","skipped","Mon Apr 06 06:18:01 UTC 2026","TestUpdateUserApi","test_update_user","",""
"","0","[API] Update user should return 400_BAD_REQUEST when send update user request with invalid data. Case: 'zipcode' has invalid format","tests.api.user","Mon Apr 06 06:18:00 UTC 2026","skipped","Mon Apr 06 06:18:00 UTC 2026","TestUpdateUserApi","test_update_user","",""
"","161","[API] Create user should return 200_OK when send create user request with valid data. Case: 'city' length = max - 1","tests.api.user","Mon Apr 06 06:17:45 UTC 2026","passed","Mon Apr 06 06:17:45 UTC 2026","TestCreateUserApi","test_create_user","",""
"","210","[API] Update user should return 200_OK when send update user request with valid data. Case: 'last_name' length = max - 1","tests.api.user","Mon Apr 06 06:17:42 UTC 2026","passed","Mon Apr 06 06:17:42 UTC 2026","TestUpdateUserApi","test_update_user","",""
"","2360","[WEB] Should add product review with valid data. Case: 'message' length = max","tests.web.component.review","Mon Apr 06 06:36:37 UTC 2026","passed","Mon Apr 06 06:36:39 UTC 2026","TestReviewComponent","test_review_component","",""
"","0","[WEB Component] Pay with invalid card should show error message. Case: name contains digits","tests.web.component.payment","Mon Apr 06 06:28:39 UTC 2026","skipped","Mon Apr 06 06:28:39 UTC 2026","TestPaymentComponent","test_payment_component","",""
"","372","[API] Update user should return 200_OK when send update user request with valid data. Case: 'last_name' length = max","tests.api.user","Mon Apr 06 06:17:43 UTC 2026","passed","Mon Apr 06 06:17:43 UTC 2026","TestUpdateUserApi","test_update_user","",""
"","0","[WEB] Sign up with invalid data. Case: 'birth_year' = 1","tests.web.component.auth","Mon Apr 06 06:18:32 UTC 2026","skipped","Mon Apr 06 06:18:32 UTC 2026","TestSignUpWeb","test_signup_component","",""
"","0","[WEB] Sign up with invalid data. Case: 'address2' length = max","tests.web.component.auth","Mon Apr 06 06:18:32 UTC 2026","skipped","Mon Apr 06 06:18:32 UTC 2026","TestSignUpWeb","test_signup_component","",""
"","1162","[WEB] Should add product review with valid data. Case: 'email' username contains '+'","tests.web.component.review","Mon Apr 06 06:35:53 UTC 2026","passed","Mon Apr 06 06:35:54 UTC 2026","TestReviewComponent","test_review_component","",""
"","0","[API] Create user should return 400_BAD_REQUEST when send create user request with invalid data. Case: 'mobile_number' length = min - 1","tests.api.user","Mon Apr 06 06:17:30 UTC 2026","skipped","Mon Apr 06 06:17:30 UTC 2026","TestCreateUserApi","test_create_user","",""
"","0","[API] Update user should return 400_BAD_REQUEST when send update user request with invalid data. Case: 'mobile_number' is empty","tests.api.user","Mon Apr 06 06:18:01 UTC 2026","skipped","Mon Apr 06 06:18:01 UTC 2026","TestUpdateUserApi","test_update_user","",""
"","0","[API] Update user should return 400_BAD_REQUEST when send update user request with invalid data. Case: 'birth_day' is negative","tests.api.user","Mon Apr 06 06:18:01 UTC 2026","skipped","Mon Apr 06 06:18:01 UTC 2026","TestUpdateUserApi","test_update_user","",""
"","263","[API] Update user should return 200_OK when send update user request with valid data. Case: 'address2' length = min + 1","tests.api.user","Mon Apr 06 06:17:56 UTC 2026","passed","Mon Apr 06 06:17:56 UTC 2026","TestUpdateUserApi","test_update_user","",""
"","3287","[WEB] Sign up with valid data. Case: 'first_name' length = max","tests.web.component.auth","Mon Apr 06 06:21:36 UTC 2026","passed","Mon Apr 06 06:21:39 UTC 2026","TestSignUpWeb","test_signup_component","",""
"","1098","[WEB Component] Product card should have expected data","tests.web.component.product","Mon Apr 06 06:43:28 UTC 2026","skipped","Mon Apr 06 06:43:29 UTC 2026","TestProductCard","test_product_card_component","",""
"","3386","[WEB] Sign up with valid data. Case: 'birth_month' = 12","tests.web.component.auth","Mon Apr 06 06:26:06 UTC 2026","passed","Mon Apr 06 06:26:09 UTC 2026","TestSignUpWeb","test_signup_component","",""
"","721","[WEB Component] Product item should navigate to product page when click on item title","tests.web.component.product","Mon Apr 06 06:31:20 UTC 2026","passed","Mon Apr 06 06:31:21 UTC 2026","TestProductItem","test_product_item","",""
"","142","Get brands should return 200_OK when send get brands request","tests.api.brand","Mon Apr 06 06:17:31 UTC 2026","passed","Mon Apr 06 06:17:31 UTC 2026","TestBrandApi","test_brand","",""
"","0","[WEB] Should not add product review with invalid data. Case: 'message' length = min + 1","tests.web.component.review","Mon Apr 06 06:36:40 UTC 2026","skipped","Mon Apr 06 06:36:40 UTC 2026","TestReviewComponent","test_review_component","",""
"","223","[API] Update user should return 200_OK when send update user request with valid data. Case: 'mobile_number' length = min + 1","tests.api.user","Mon Apr 06 06:17:45 UTC 2026","passed","Mon Apr 06 06:17:45 UTC 2026","TestUpdateUserApi","test_update_user","",""
"","798","[WEB] Should have expected screenshot when send review","tests.web.component.review","Mon Apr 06 06:44:02 UTC 2026","passed","Mon Apr 06 06:44:02 UTC 2026","TestReviewComponent","test_review_component","",""
"","0","[WEB Component] Pay with invalid card should show error message. Case: card number contains spaces","tests.web.component.payment","Mon Apr 06 06:28:39 UTC 2026","skipped","Mon Apr 06 06:28:39 UTC 2026","TestPaymentComponent","test_payment_component","",""
"","0","[API] Create user should return 400_BAD_REQUEST when send create user request with invalid data. Case: 'address2' length = min - 1","tests.api.user","Mon Apr 06 06:17:30 UTC 2026","skipped","Mon Apr 06 06:17:30 UTC 2026","TestCreateUserApi","test_create_user","",""
"","3383","[WEB] Sign up with valid data. Case: 'name' length = max - 1","tests.web.component.auth","Mon Apr 06 06:19:40 UTC 2026","passed","Mon Apr 06 06:19:43 UTC 2026","TestSignUpWeb","test_signup_component","",""
"","0","[API] Create user should return 400_BAD_REQUEST when send create user request with invalid data. Case: 'first_name' length = min - 1","tests.api.user","Mon Apr 06 06:17:30 UTC 2026","skipped","Mon Apr 06 06:17:30 UTC 2026","TestCreateUserApi","test_create_user","",""
"","0","[API] Update user should return 400_BAD_REQUEST when send update user request with invalid data. Case: 'last_name' is empty","tests.api.user","Mon Apr 06 06:18:01 UTC 2026","skipped","Mon Apr 06 06:18:01 UTC 2026","TestUpdateUserApi","test_update_user","",""
"","2588","[WEB Component] Animated product card overlay should have expected data","tests.web.component.product","Mon Apr 06 06:43:28 UTC 2026","passed","Mon Apr 06 06:43:30 UTC 2026","TestAnimatedProductCard","test_animated_product_card_component","",""
"","0","[WEB] Sign up with invalid data. Case: 'address1' length = max","tests.web.component.auth","Mon Apr 06 06:18:32 UTC 2026","skipped","Mon Apr 06 06:18:32 UTC 2026","TestSignUpWeb","test_signup_component","",""
"","166","[API] Create user should return 200_OK when send create user request with valid data. Case: 'name' length = min","tests.api.user","Mon Apr 06 06:17:32 UTC 2026","passed","Mon Apr 06 06:17:33 UTC 2026","TestCreateUserApi","test_create_user","",""
"","1141","[WEB Component] Should add product to cart when click on add to cart button from overlay","tests.web.component.product","Mon Apr 06 06:29:16 UTC 2026","passed","Mon Apr 06 06:29:18 UTC 2026","TestAnimatedProductCard","test_animated_product_card_component","",""
"","0","[WEB] Sign up with invalid data. Case: 'last_name' length = max - 1","tests.web.component.auth","Mon Apr 06 06:18:32 UTC 2026","skipped","Mon Apr 06 06:18:32 UTC 2026","TestSignUpWeb","test_signup_component","",""
"","5410","[WEB Component] Place order without authorization notification proceed to checkout button should navigate to login page","tests.web.component.base","Mon Apr 06 06:21:50 UTC 2026","passed","Mon Apr 06 06:21:55 UTC 2026","TestNotificationComponent","test_notification_component","",""
"","0","[WEB] Sign up with invalid data. Case: 'name' length = max","tests.web.component.auth","Mon Apr 06 06:18:32 UTC 2026","skipped","Mon Apr 06 06:18:32 UTC 2026","TestSignUpWeb","test_signup_component","",""
"","0","[WEB Component] Pay with invalid card should show error message. Case: name only spaces","tests.web.component.payment","Mon Apr 06 06:28:39 UTC 2026","skipped","Mon Apr 06 06:28:39 UTC 2026","TestPaymentComponent","test_payment_component","",""
"","0","[WEB] Sign up with invalid data. Case: 'city' length = min","tests.web.component.auth","Mon Apr 06 06:18:32 UTC 2026","skipped","Mon Apr 06 06:18:32 UTC 2026","TestSignUpWeb","test_signup_component","",""
"","236","[API] Create user should return 200_OK when send create user request with valid data. Case: 'last_name' length = max - 1","tests.api.user","Mon Apr 06 06:17:36 UTC 2026","passed","Mon Apr 06 06:17:37 UTC 2026","TestCreateUserApi","test_create_user","",""
"","393","[WEB] Should have expected screenshot when not send review","tests.web.component.review","Mon Apr 06 06:43:49 UTC 2026","passed","Mon Apr 06 06:43:50 UTC 2026","TestReviewComponent","test_review_component","",""
"","0","[API] Create user should return 400_BAD_REQUEST when send create user request with invalid data. Case: 'address1' length = max + 1","tests.api.user","Mon Apr 06 06:17:30 UTC 2026","skipped","Mon Apr 06 06:17:30 UTC 2026","TestCreateUserApi","test_create_user","",""
"","3345","[WEB] Sign up with valid data. Case: 'address1' length = max - 1","tests.web.component.auth","Mon Apr 06 06:32:31 UTC 2026","passed","Mon Apr 06 06:32:35 UTC 2026","TestSignUpWeb","test_signup_component","",""
"","0","[API] Update user should return 400_BAD_REQUEST when send update user request with invalid data. Case: 'address1' length = max + 1","tests.api.user","Mon Apr 06 06:18:01 UTC 2026","skipped","Mon Apr 06 06:18:01 UTC 2026","TestUpdateUserApi","test_update_user","",""
"","0","[WEB] Should not add product review with invalid data. Case: 'message' length = max","tests.web.component.review","Mon Apr 06 06:36:40 UTC 2026","skipped","Mon Apr 06 06:36:40 UTC 2026","TestReviewComponent","test_review_component","",""
"","0","[API] Update user should return 400_BAD_REQUEST when send update user request with invalid data. Case: 'company' length = max + 1","tests.api.user","Mon Apr 06 06:18:01 UTC 2026","skipped","Mon Apr 06 06:18:01 UTC 2026","TestUpdateUserApi","test_update_user","",""
"","0","[API] Update user should return 400_BAD_REQUEST when send update user request with invalid data. Case: 'email' contains text after domain","tests.api.user","Mon Apr 06 06:18:01 UTC 2026","skipped","Mon Apr 06 06:18:01 UTC 2026","TestUpdateUserApi","test_update_user","",""
"","5044","[WEB] Sign up with valid data. Case: 'zipcode' length = max - 1","tests.web.component.auth","Mon Apr 06 06:18:05 UTC 2026","passed","Mon Apr 06 06:18:10 UTC 2026","TestSignUpWeb","test_signup_component","",""
"","0","[API] Update user should return 400_BAD_REQUEST when send update user request with invalid data. Case: 'city' is empty","tests.api.user","Mon Apr 06 06:18:01 UTC 2026","skipped","Mon Apr 06 06:18:01 UTC 2026","TestUpdateUserApi","test_update_user","",""
"","0","[API] Create user should return 400_BAD_REQUEST when send create user request with invalid data. Case: 'state' length = max + 1","tests.api.user","Mon Apr 06 06:17:30 UTC 2026","skipped","Mon Apr 06 06:17:30 UTC 2026","TestCreateUserApi","test_create_user","",""
"","0","[API] Create user should return 400_BAD_REQUEST when send create user request with invalid data. Case: 'name' length = min - 1","tests.api.user","Mon Apr 06 06:17:51 UTC 2026","skipped","Mon Apr 06 06:17:51 UTC 2026","TestCreateUserApi","test_create_user","",""
"","342","[API] Create user should return 200_OK when send create user request with valid data. Case: 'mobile_number' length = max - 1","tests.api.user","Mon Apr 06 06:17:38 UTC 2026","passed","Mon Apr 06 06:17:39 UTC 2026","TestCreateUserApi","test_create_user","",""
"","153","[API] Create user should return 200_OK when send create user request with valid data. Case: 'zipcode' length = min + 1","tests.api.user","Mon Apr 06 06:17:50 UTC 2026","passed","Mon Apr 06 06:17:50 UTC 2026","TestCreateUserApi","test_create_user","",""
"","3612","[WEB] Sign up with valid data. Case: 'state' length = min + 1","tests.web.component.auth","Mon Apr 06 06:29:06 UTC 2026","passed","Mon Apr 06 06:29:09 UTC 2026","TestSignUpWeb","test_signup_component","",""
"","0","[API] Create user should return 400_BAD_REQUEST when send create user request with invalid data. Case: 'city' is absent","tests.api.user","Mon Apr 06 06:17:30 UTC 2026","skipped","Mon Apr 06 06:17:30 UTC 2026","TestCreateUserApi","test_create_user","",""
"","0","[API] Update user should return 400_BAD_REQUEST when send update user request with invalid data. Case: 'address1' length = min - 1","tests.api.user","Mon Apr 06 06:18:01 UTC 2026","skipped","Mon Apr 06 06:18:01 UTC 2026","TestUpdateUserApi","test_update_user","",""
"","456","[API] Update user should return 200_OK when send update user request with valid data. Case: 'name' length = min","tests.api.user","Mon Apr 06 06:17:34 UTC 2026","passed","Mon Apr 06 06:17:34 UTC 2026","TestUpdateUserApi","test_update_user","",""
"","0","[WEB Component] Pay with invalid card should show error message. Case: expiry month = 13","tests.web.component.payment","Mon Apr 06 06:28:39 UTC 2026","skipped","Mon Apr 06 06:28:39 UTC 2026","TestPaymentComponent","test_payment_component","",""
"","235","[API] Update user should return 200_OK when send update user request with valid data. Case: 'city' length = min","tests.api.user","Mon Apr 06 06:17:58 UTC 2026","passed","Mon Apr 06 06:17:58 UTC 2026","TestUpdateUserApi","test_update_user","",""
"","2507","[WEB Component] Image Carousel should show previous image when scroll left","tests.web.component.carousel","Mon Apr 06 06:40:22 UTC 2026","passed","Mon Apr 06 06:40:24 UTC 2026","TestImageCarousel","test_image_carousel","",""
"","337","[API] Update user should return 200_OK when send update user request with valid data. Case: 'name' length = max","tests.api.user","Mon Apr 06 06:17:37 UTC 2026","passed","Mon Apr 06 06:17:37 UTC 2026","TestUpdateUserApi","test_update_user","",""
"","789","[WEB Component] Brand filter should have expected screenshot","tests.web.component.filter","Mon Apr 06 06:42:03 UTC 2026","passed","Mon Apr 06 06:42:04 UTC 2026","TestBrandFilter","test_brand_filter","",""
"","672","[WEB Component] Should increase all products total price","tests.web.component.product","Mon Apr 06 06:32:51 UTC 2026","passed","Mon Apr 06 06:32:51 UTC 2026","TestProductItem","test_product_item","",""
"","266","[API] Update user should return 200_OK when send update user request with valid data. Case: 'mobile_number' length = min","tests.api.user","Mon Apr 06 06:17:44 UTC 2026","passed","Mon Apr 06 06:17:44 UTC 2026","TestUpdateUserApi","test_update_user","",""
"","416","[API] Update user should return 200_OK when send update user request with valid data. Case: 'first_name' length = min + 1","tests.api.user","Mon Apr 06 06:17:38 UTC 2026","passed","Mon Apr 06 06:17:38 UTC 2026","TestUpdateUserApi","test_update_user","",""
"","196","[API] Create user should return 200_OK when send create user request with valid data. Case: 'zipcode' length = min","tests.api.user","Mon Apr 06 06:17:50 UTC 2026","passed","Mon Apr 06 06:17:50 UTC 2026","TestCreateUserApi","test_create_user","",""
"","194","[API] Get products should return 200_OK and contains expected product title","tests.api.product","Mon Apr 06 06:17:32 UTC 2026","passed","Mon Apr 06 06:17:32 UTC 2026","TestProductApi","test_product","",""
"","3594","[WEB] Sign up with valid data. Case: 'mobile_number' length = min","tests.web.component.auth","Mon Apr 06 06:23:28 UTC 2026","passed","Mon Apr 06 06:23:31 UTC 2026","TestSignUpWeb","test_signup_component","",""
"","0","[API] Update user should return 400_BAD_REQUEST when send update user request with invalid data. Case: 'address2' is empty","tests.api.user","Mon Apr 06 06:18:00 UTC 2026","skipped","Mon Apr 06 06:18:00 UTC 2026","TestUpdateUserApi","test_update_user","",""
"","156","[API] Create user should return 200_OK when send create user request with valid data. Case: 'state' length = min + 1","tests.api.user","Mon Apr 06 06:17:44 UTC 2026","passed","Mon Apr 06 06:17:44 UTC 2026","TestCreateUserApi","test_create_user","",""
"","0","[WEB Component] Pay with invalid card should show error message. Case: expiry year is empty","tests.web.component.payment","Mon Apr 06 06:28:39 UTC 2026","skipped","Mon Apr 06 06:28:39 UTC 2026","TestPaymentComponent","test_payment_component","",""
"","0","[WEB] Sign up with invalid data. Case: 'address1' length = min","tests.web.component.auth","Mon Apr 06 06:18:32 UTC 2026","skipped","Mon Apr 06 06:18:32 UTC 2026","TestSignUpWeb","test_signup_component","",""
"","5555","[WEB Component] Category filter should have expected screenshot when group expanded","tests.web.component.filter","Mon Apr 06 06:41:49 UTC 2026","passed","Mon Apr 06 06:41:54 UTC 2026","TestCategoryFilter","test_category_filter","",""
"","0","[API] Update user should return 400_BAD_REQUEST when send update user request with invalid data. Case: 'email' contains domain with one letter","tests.api.user","Mon Apr 06 06:18:01 UTC 2026","skipped","Mon Apr 06 06:18:01 UTC 2026","TestUpdateUserApi","test_update_user","",""
"","158","[API] Create user should return 200_OK when send create user request with valid data. Case: 'city' length = min","tests.api.user","Mon Apr 06 06:17:45 UTC 2026","passed","Mon Apr 06 06:17:45 UTC 2026","TestCreateUserApi","test_create_user","",""
"","1288","[WEB] Should add product review with valid data. Case: 'email' username contains only underscore '-'","tests.web.component.review","Mon Apr 06 06:36:37 UTC 2026","passed","Mon Apr 06 06:36:39 UTC 2026","TestReviewComponent","test_review_component","",""
"","2008","[WEB Component] Should increase product item quantity","tests.web.component.product","Mon Apr 06 06:31:43 UTC 2026","passed","Mon Apr 06 06:31:45 UTC 2026","TestProductItem","test_product_item","",""
"","0","[WEB] Sign up with invalid data. Case: 'mobile_number' length = min + 1","tests.web.component.auth","Mon Apr 06 06:18:32 UTC 2026","skipped","Mon Apr 06 06:18:32 UTC 2026","TestSignUpWeb","test_signup_component","",""
"","148","[API] Create user should return 200_OK when send create user request with valid data. Case: 'state' length = max - 1","tests.api.user","Mon Apr 06 06:17:44 UTC 2026","passed","Mon Apr 06 06:17:44 UTC 2026","TestCreateUserApi","test_create_user","",""
"","202","[API] Update user should return 200_OK when send update user request with valid data. Case: 'birth_day' length = 31","tests.api.user","Mon Apr 06 06:17:48 UTC 2026","passed","Mon Apr 06 06:17:48 UTC 2026","TestUpdateUserApi","test_update_user","",""
"","2736","[WEB] Should add product review with valid data. Case: 'message' length = max - 1","tests.web.component.review","Mon Apr 06 06:36:14 UTC 2026","passed","Mon Apr 06 06:36:17 UTC 2026","TestReviewComponent","test_review_component","",""
"","401","[API] Create user should return 200_OK when send create user request with valid data. Case: 'address2' length = min","tests.api.user","Mon Apr 06 06:17:48 UTC 2026","passed","Mon Apr 06 06:17:48 UTC 2026","TestCreateUserApi","test_create_user","",""
"","1246","[WEB Component] Search filter should filter products by query","tests.web.component.filter","Mon Apr 06 06:23:27 UTC 2026","passed","Mon Apr 06 06:23:28 UTC 2026","TestSearchFilter","test_search_filter","",""
"","0","[API] Create user should return 400_BAD_REQUEST when send create user request with invalid data. Case: 'name' length = max + 1","tests.api.user","Mon Apr 06 06:17:51 UTC 2026","skipped","Mon Apr 06 06:17:51 UTC 2026","TestCreateUserApi","test_create_user","",""
"","0","[API] Create user should return 400_BAD_REQUEST when send create user request with invalid data. Case: 'email' not contains username","tests.api.user","Mon Apr 06 06:17:30 UTC 2026","skipped","Mon Apr 06 06:17:30 UTC 2026","TestCreateUserApi","test_create_user","",""
"","101","[WEB Component] Should visible user name when authorized","tests.web.component.base","Mon Apr 06 06:20:30 UTC 2026","passed","Mon Apr 06 06:20:30 UTC 2026","TestHeaderComponent","test_header_component","",""
"","340","[API] Create user should return 200_OK when send create user request with valid data. Case: 'name' length = min + 1","tests.api.user","Mon Apr 06 06:17:33 UTC 2026","passed","Mon Apr 06 06:17:33 UTC 2026","TestCreateUserApi","test_create_user","",""
"","0","[WEB] Should not add product review with invalid data. Case: 'message' length = max - 1","tests.web.component.review","Mon Apr 06 06:36:40 UTC 2026","skipped","Mon Apr 06 06:36:40 UTC 2026","TestReviewComponent","test_review_component","",""
"","0","[WEB] Sign up with invalid data. Case: 'birth_day' = 1","tests.web.component.auth","Mon Apr 06 06:18:32 UTC 2026","skipped","Mon Apr 06 06:18:32 UTC 2026","TestSignUpWeb","test_signup_component","",""
"","0","[WEB] Should not add product review with invalid data. Case: 'email' contains only special symbols","tests.web.component.review","Mon Apr 06 06:36:40 UTC 2026","skipped","Mon Apr 06 06:36:40 UTC 2026","TestReviewComponent","test_review_component","",""
"","0","[API] Update user should return 400_BAD_REQUEST when send update user request with invalid data. Case: 'mobile_number' has invalid format","tests.api.user","Mon Apr 06 06:18:01 UTC 2026","skipped","Mon Apr 06 06:18:01 UTC 2026","TestUpdateUserApi","test_update_user","",""
"","0","[API] Update user should return 400_BAD_REQUEST when send update user request with invalid data. Case: 'name' is absent","tests.api.user","Mon Apr 06 06:18:01 UTC 2026","skipped","Mon Apr 06 06:18:01 UTC 2026","TestUpdateUserApi","test_update_user","",""
"","0","[API] Create user should return 400_BAD_REQUEST when send create user request with invalid data. Case: 'first_name' length = max + 1","tests.api.user","Mon Apr 06 06:17:30 UTC 2026","skipped","Mon Apr 06 06:17:30 UTC 2026","TestCreateUserApi","test_create_user","",""
"","154","[API] Create user should return 200_OK when send create user request with valid data. Case: 'company' length = min + 1","tests.api.user","Mon Apr 06 06:17:42 UTC 2026","passed","Mon Apr 06 06:17:42 UTC 2026","TestCreateUserApi","test_create_user","",""
"","906","[WEB Component] Should have expected success status message after sending contact info","tests.web.component.base","Mon Apr 06 06:22:14 UTC 2026","passed","Mon Apr 06 06:22:15 UTC 2026","TestSubscriptionComponent","test_subscription_component","",""
"","3393","[WEB] Sign up with valid data. Case: 'address1' length = min","tests.web.component.auth","Mon Apr 06 06:31:47 UTC 2026","passed","Mon Apr 06 06:31:50 UTC 2026","TestSignUpWeb","test_signup_component","",""
"","0","[API] Update user should return 400_BAD_REQUEST when send update user request with invalid data. Case: 'company' is empty","tests.api.user","Mon Apr 06 06:18:01 UTC 2026","skipped","Mon Apr 06 06:18:01 UTC 2026","TestUpdateUserApi","test_update_user","",""
"","3350","[WEB] Sign up with valid data. Case: 'birth_day' length = 31","tests.web.component.auth","Mon Apr 06 06:25:20 UTC 2026","passed","Mon Apr 06 06:25:24 UTC 2026","TestSignUpWeb","test_signup_component","",""
"","152","[API] Create user should return 200_OK when send create user request with valid data. Case: 'address1' length = min + 1","tests.api.user","Mon Apr 06 06:17:47 UTC 2026","passed","Mon Apr 06 06:17:47 UTC 2026","TestCreateUserApi","test_create_user","",""
"","1183","[WEB Component] Image Carousel should show last image when scroll left on first image","tests.web.component.carousel","Mon Apr 06 06:41:04 UTC 2026","passed","Mon Apr 06 06:41:05 UTC 2026","TestImageCarousel","test_image_carousel","",""
"","170","[API] Create user should return 200_OK when send create user request with valid data. Case: 'state' length = min","tests.api.user","Mon Apr 06 06:17:43 UTC 2026","passed","Mon Apr 06 06:17:43 UTC 2026","TestCreateUserApi","test_create_user","",""
"","718","[WEB] Should add product review with valid data. Case: 'email' username contains '-'","tests.web.component.review","Mon Apr 06 06:35:33 UTC 2026","passed","Mon Apr 06 06:35:34 UTC 2026","TestReviewComponent","test_review_component","",""
"","1406","[WEB Component] Search filter should have expected screenshot","tests.web.component.filter","Mon Apr 06 06:42:23 UTC 2026","passed","Mon Apr 06 06:42:24 UTC 2026","TestSearchFilter","test_search_filter","",""
"","0","[WEB] Sign up with invalid data. Case: 'zipcode' length = max","tests.web.component.auth","Mon Apr 06 06:18:32 UTC 2026","skipped","Mon Apr 06 06:18:32 UTC 2026","TestSignUpWeb","test_signup_component","",""
"","715","[WEB] Should add product review with valid data. Case: 'email' username is numerical","tests.web.component.review","Mon Apr 06 06:35:54 UTC 2026","passed","Mon Apr 06 06:35:55 UTC 2026","TestReviewComponent","test_review_component","",""
"","1835","[WEB Component] Pay with valid card should show success status message. Case: valid: cvc typical","tests.web.component.payment","Mon Apr 06 06:27:33 UTC 2026","passed","Mon Apr 06 06:27:35 UTC 2026","TestPaymentComponent","test_payment_component","",""
"","2196","[WEB Component] Pay with valid card should show success status message. Case: valid name contains multiple spaces","tests.web.component.payment","Mon Apr 06 06:26:28 UTC 2026","passed","Mon Apr 06 06:26:30 UTC 2026","TestPaymentComponent","test_payment_component","",""
"","2089","[WEB Component] Product carousel should have expected product","tests.web.component.carousel","Mon Apr 06 06:22:33 UTC 2026","failed","Mon Apr 06 06:22:35 UTC 2026","TestProductCarousel","test_product_carousel","",""
"","219","[API] Update user should return 200_OK when send update user request with valid data. Case: 'zipcode' length = min + 1","tests.api.user","Mon Apr 06 06:17:59 UTC 2026","passed","Mon Apr 06 06:17:59 UTC 2026","TestUpdateUserApi","test_update_user","",""
"","263","[API] Update user should return 200_OK when send update user request with valid data. Case: 'address2' length = max - 1","tests.api.user","Mon Apr 06 06:17:57 UTC 2026","passed","Mon Apr 06 06:17:57 UTC 2026","TestUpdateUserApi","test_update_user","",""
"","0","[API] Update user should return 400_BAD_REQUEST when send update user request with invalid data. Case: 'state' is empty","tests.api.user","Mon Apr 06 06:18:01 UTC 2026","skipped","Mon Apr 06 06:18:01 UTC 2026","TestUpdateUserApi","test_update_user","",""
"","390","[API] Delete user should return 404_NOT_FOUND when send delete user request and user not exists","tests.api.user","Mon Apr 06 06:17:32 UTC 2026","passed","Mon Apr 06 06:17:32 UTC 2026","TestDeleteUserApi","test_delete_user","",""
"","0","[WEB Component] Should not subscribe with invalid email","tests.web.component.base","Mon Apr 06 06:40:03 UTC 2026","skipped","Mon Apr 06 06:40:03 UTC 2026","TestSubscriptionComponent","test_subscription_component","",""
"","0","[WEB] Should not add product review with invalid data. Case: 'email' is word","tests.web.component.review","Mon Apr 06 06:36:40 UTC 2026","skipped","Mon Apr 06 06:36:40 UTC 2026","TestReviewComponent","test_review_component","",""
"","0","[API] Update user should return 400_BAD_REQUEST when send update user request with invalid data. Case: 'birth_year' is invalid positive","tests.api.user","Mon Apr 06 06:18:01 UTC 2026","skipped","Mon Apr 06 06:18:01 UTC 2026","TestUpdateUserApi","test_update_user","",""
"","0","[WEB] Sign up with invalid data. Case: 'company' length = max - 1","tests.web.component.auth","Mon Apr 06 06:18:32 UTC 2026","skipped","Mon Apr 06 06:18:32 UTC 2026","TestSignUpWeb","test_signup_component","",""
"","271","[API] Update user should return 200_OK when send update user request with valid data. Case: 'last_name' length = min","tests.api.user","Mon Apr 06 06:17:41 UTC 2026","passed","Mon Apr 06 06:17:41 UTC 2026","TestUpdateUserApi","test_update_user","",""
"","216","[API] Update user should return 200_OK when send update user request with valid data. Case: 'birth_year' = 1","tests.api.user","Mon Apr 06 06:17:50 UTC 2026","passed","Mon Apr 06 06:17:50 UTC 2026","TestUpdateUserApi","test_update_user","",""
"","0","[WEB Component] Pay with invalid card should show error message. Case: name contains leading spaces","tests.web.component.payment","Mon Apr 06 06:28:39 UTC 2026","skipped","Mon Apr 06 06:28:39 UTC 2026","TestPaymentComponent","test_payment_component","",""
"","0","[WEB Component] Pay with invalid card should show error message. Case: expiry month = 00","tests.web.component.payment","Mon Apr 06 06:28:39 UTC 2026","skipped","Mon Apr 06 06:28:39 UTC 2026","TestPaymentComponent","test_payment_component","",""
"","0","[API] Create user should return 400_BAD_REQUEST when send create user request with invalid data. Case: 'name' is empty","tests.api.user","Mon Apr 06 06:17:51 UTC 2026","skipped","Mon Apr 06 06:17:51 UTC 2026","TestCreateUserApi","test_create_user","",""
"","569","[WEB Component] Pay with valid card should show success status message. Case: valid: boundary valid number","tests.web.component.payment","Mon Apr 06 06:27:12 UTC 2026","passed","Mon Apr 06 06:27:12 UTC 2026","TestPaymentComponent","test_payment_component","",""
"","396","[API] Update user should return 200_OK when send update user request with valid data. Case: 'address2' length = min","tests.api.user","Mon Apr 06 06:17:55 UTC 2026","passed","Mon Apr 06 06:17:55 UTC 2026","TestUpdateUserApi","test_update_user","",""
"","3440","[WEB] Sign up with valid data. Case: 'birth_year' = 10000","tests.web.component.auth","Mon Apr 06 06:26:52 UTC 2026","passed","Mon Apr 06 06:26:55 UTC 2026","TestSignUpWeb","test_signup_component","",""
"","862","[API] Login should return 200_OK when send login request with valid data and contains csrf cookie","tests.api.auth","Mon Apr 06 06:17:30 UTC 2026","passed","Mon Apr 06 06:17:31 UTC 2026","TestAuthApi","test_auth","",""
"","0","[API] Update user should return 400_BAD_REQUEST when send update user request with invalid data. Case: 'last_name' length = max + 1","tests.api.user","Mon Apr 06 06:18:01 UTC 2026","skipped","Mon Apr 06 06:18:01 UTC 2026","TestUpdateUserApi","test_update_user","",""
"","4147","[WEB] Sign up with valid data. Case: 'last_name' length = max - 1","tests.web.component.auth","Mon Apr 06 06:22:39 UTC 2026","passed","Mon Apr 06 06:22:44 UTC 2026","TestSignUpWeb","test_signup_component","",""
"","3272","[WEB] Sign up with valid data. Case: 'address2' length = max","tests.web.component.auth","Mon Apr 06 06:34:22 UTC 2026","passed","Mon Apr 06 06:34:25 UTC 2026","TestSignUpWeb","test_signup_component","",""
"","0","[API] Update user should return 400_BAD_REQUEST when send update user request with invalid data. Case: 'email' not contains username","tests.api.user","Mon Apr 06 06:18:01 UTC 2026","skipped","Mon Apr 06 06:18:01 UTC 2026","TestUpdateUserApi","test_update_user","",""
"","0","[API] Create user should return 400_BAD_REQUEST when send create user request with invalid data. Case: 'email' contains '-' after '@'","tests.api.user","Mon Apr 06 06:17:30 UTC 2026","skipped","Mon Apr 06 06:17:30 UTC 2026","TestCreateUserApi","test_create_user","",""
"","0","[API] Update user should return 400_BAD_REQUEST when send update user request with invalid data. Case: 'zipcode' length = max + 1","tests.api.user","Mon Apr 06 06:18:00 UTC 2026","skipped","Mon Apr 06 06:18:00 UTC 2026","TestUpdateUserApi","test_update_user","",""
"","4873","[WEB] Sign up with valid data. Case: 'zipcode' length = min + 1","tests.web.component.auth","Mon Apr 06 06:35:08 UTC 2026","passed","Mon Apr 06 06:35:12 UTC 2026","TestSignUpWeb","test_signup_component","",""
"","0","[API] Create user should return 400_BAD_REQUEST when send create user request with invalid data. Case: 'email' contains multiple '@' symbols","tests.api.user","Mon Apr 06 06:17:30 UTC 2026","skipped","Mon Apr 06 06:17:30 UTC 2026","TestCreateUserApi","test_create_user","",""
"","0","[WEB] Sign up with invalid data. Case: 'name' length = min","tests.web.component.auth","Mon Apr 06 06:18:32 UTC 2026","skipped","Mon Apr 06 06:18:32 UTC 2026","TestSignUpWeb","test_signup_component","",""
"","0","[API] Update user should return 400_BAD_REQUEST when send update user request with invalid data. Case: 'birth_day' is absent","tests.api.user","Mon Apr 06 06:18:01 UTC 2026","skipped","Mon Apr 06 06:18:01 UTC 2026","TestUpdateUserApi","test_update_user","",""
"","3239","[WEB] Sign up with valid data. Case: 'state' length = min","tests.web.component.auth","Mon Apr 06 06:28:43 UTC 2026","passed","Mon Apr 06 06:28:47 UTC 2026","TestSignUpWeb","test_signup_component","",""
"","214","[API] Update user should return 200_OK when send update user request with valid data. Case: 'zipcode' length = max","tests.api.user","Mon Apr 06 06:18:00 UTC 2026","passed","Mon Apr 06 06:18:01 UTC 2026","TestUpdateUserApi","test_update_user","",""
"","1136","[WEB Component] Products Carousel should first products when scroll right on last image","tests.web.component.carousel","Mon Apr 06 06:41:23 UTC 2026","passed","Mon Apr 06 06:41:24 UTC 2026","TestProductCarousel","test_product_carousel","",""
"","191","[API] Update user should return 200_OK when send update user request with valid data. Case: 'mobile_number' length = max","tests.api.user","Mon Apr 06 06:17:46 UTC 2026","passed","Mon Apr 06 06:17:47 UTC 2026","TestUpdateUserApi","test_update_user","",""
"","0","[WEB Component] Pay with invalid card should show error message. Case: cvc too short","tests.web.component.payment","Mon Apr 06 06:28:39 UTC 2026","skipped","Mon Apr 06 06:28:39 UTC 2026","TestPaymentComponent","test_payment_component","",""
"","0","[API] Update user should return 400_BAD_REQUEST when send update user request with invalid data. Case: 'last_name' length = min - 1","tests.api.user","Mon Apr 06 06:18:01 UTC 2026","skipped","Mon Apr 06 06:18:01 UTC 2026","TestUpdateUserApi","test_update_user","",""
"","0","[API] Update user should return 400_BAD_REQUEST when send update user request with invalid data. Case: 'email' contains invalid top level domain web","tests.api.user","Mon Apr 06 06:18:01 UTC 2026","skipped","Mon Apr 06 06:18:01 UTC 2026","TestUpdateUserApi","test_update_user","",""
"","8211","Purchase products with sign up while checkout","tests.web.e2e","Mon Apr 06 06:37:27 UTC 2026","passed","Mon Apr 06 06:37:35 UTC 2026","TestPlaceOrder","test_place_order","",""
"","0","[API] Create user should return 400_BAD_REQUEST when send create user request with invalid data. Case: 'email' contains domain with one letter","tests.api.user","Mon Apr 06 06:17:30 UTC 2026","skipped","Mon Apr 06 06:17:30 UTC 2026","TestCreateUserApi","test_create_user","",""
"","4681","[WEB] Sign up with valid data. Case: 'city' length = min","tests.web.component.auth","Mon Apr 06 06:30:14 UTC 2026","passed","Mon Apr 06 06:30:18 UTC 2026","TestSignUpWeb","test_signup_component","",""
"","0","[WEB] Sign up with invalid data. Case: 'city' length = min + 1","tests.web.component.auth","Mon Apr 06 06:18:32 UTC 2026","skipped","Mon Apr 06 06:18:32 UTC 2026","TestSignUpWeb","test_signup_component","",""
"","0","[WEB] Sign up with invalid data. Case: 'mobile_number' length = max - 1","tests.web.component.auth","Mon Apr 06 06:18:32 UTC 2026","skipped","Mon Apr 06 06:18:32 UTC 2026","TestSignUpWeb","test_signup_component","",""
"","0","[WEB] Sign up with invalid data. Case: 'address1' length = min + 1","tests.web.component.auth","Mon Apr 06 06:18:32 UTC 2026","skipped","Mon Apr 06 06:18:32 UTC 2026","TestSignUpWeb","test_signup_component","",""
"","3382","[WEB] Sign up with valid data. Case: 'state' length = max - 1","tests.web.component.auth","Mon Apr 06 06:29:28 UTC 2026","passed","Mon Apr 06 06:29:31 UTC 2026","TestSignUpWeb","test_signup_component","",""
"","256","[API] Update user should return 200_OK when send update user request with valid data. Case: 'company' length = max - 1","tests.api.user","Mon Apr 06 06:17:53 UTC 2026","passed","Mon Apr 06 06:17:53 UTC 2026","TestUpdateUserApi","test_update_user","",""
"","0","[API] Create user should return 400_BAD_REQUEST when send create user request with invalid data. Case: 'state' is empty","tests.api.user","Mon Apr 06 06:17:30 UTC 2026","skipped","Mon Apr 06 06:17:30 UTC 2026","TestCreateUserApi","test_create_user","",""
"","0","[WEB] Sign up with invalid data. Case: 'zipcode' length = min","tests.web.component.auth","Mon Apr 06 06:18:32 UTC 2026","skipped","Mon Apr 06 06:18:32 UTC 2026","TestSignUpWeb","test_signup_component","",""
"","0","[API] Update user should return 400_BAD_REQUEST when send update user request with invalid data. Case: 'name' length = min - 1","tests.api.user","Mon Apr 06 06:18:01 UTC 2026","skipped","Mon Apr 06 06:18:01 UTC 2026","TestUpdateUserApi","test_update_user","",""
"","0","[API] Update user should return 400_BAD_REQUEST when send update user request with invalid data. Case: 'state' is absent","tests.api.user","Mon Apr 06 06:18:01 UTC 2026","skipped","Mon Apr 06 06:18:01 UTC 2026","TestUpdateUserApi","test_update_user","",""
"","4412","[WEB] Sign up with valid data. Case: 'first_name' length = min","tests.web.component.auth","Mon Apr 06 06:20:26 UTC 2026","passed","Mon Apr 06 06:20:30 UTC 2026","TestSignUpWeb","test_signup_component","",""
"","917","[WEB Component] Should subscribe with valid email","tests.web.component.base","Mon Apr 06 06:40:03 UTC 2026","passed","Mon Apr 06 06:40:03 UTC 2026","TestSubscriptionComponent","test_subscription_component","",""
"","645","[WEB Component] Should open product page when click on view product button","tests.web.component.product","Mon Apr 06 06:29:36 UTC 2026","passed","Mon Apr 06 06:29:37 UTC 2026","TestAnimatedProductCard","test_animated_product_card_component","",""
"","163","[API] Create user should return 200_OK when send create user request with valid data. Case: 'birth_day' length = 31","tests.api.user","Mon Apr 06 06:17:40 UTC 2026","passed","Mon Apr 06 06:17:40 UTC 2026","TestCreateUserApi","test_create_user","",""
"","382","[WEB Component] Should navigate to login page by click 'Signup / Login' button","tests.web.component.base","Mon Apr 06 06:20:08 UTC 2026","passed","Mon Apr 06 06:20:08 UTC 2026","TestHeaderComponent","test_header_component","",""
"","0","[WEB] Should not add product review with invalid data. Case: 'name' is absent","tests.web.component.review","Mon Apr 06 06:36:39 UTC 2026","skipped","Mon Apr 06 06:36:39 UTC 2026","TestReviewComponent","test_review_component","",""
"","0","[API] Update user should return 400_BAD_REQUEST when send update user request with invalid data. Case: 'city' length = max + 1","tests.api.user","Mon Apr 06 06:18:01 UTC 2026","skipped","Mon Apr 06 06:18:01 UTC 2026","TestUpdateUserApi","test_update_user","",""
"","157","[API] Create user should return 200_OK when send create user request with valid data. Case: 'birth_day' = 1","tests.api.user","Mon Apr 06 06:17:39 UTC 2026","passed","Mon Apr 06 06:17:39 UTC 2026","TestCreateUserApi","test_create_user","",""
"","2110","[WEB Component] Pay with valid card should show success status message. Case: valid: common latin name","tests.web.component.payment","Mon Apr 06 06:26:05 UTC 2026","passed","Mon Apr 06 06:26:07 UTC 2026","TestPaymentComponent","test_payment_component","",""
"","0","[API] Create user should return 400_BAD_REQUEST when send create user request with invalid data. Case: 'state' length = min - 1","tests.api.user","Mon Apr 06 06:17:30 UTC 2026","skipped","Mon Apr 06 06:17:30 UTC 2026","TestCreateUserApi","test_create_user","",""
"","0","[WEB] Sign up with invalid data. Case: 'company' length = min + 1","tests.web.component.auth","Mon Apr 06 06:18:32 UTC 2026","skipped","Mon Apr 06 06:18:32 UTC 2026","TestSignUpWeb","test_signup_component","",""
"","0","[API] Create user should return 400_BAD_REQUEST when send create user request with invalid data. Case: 'last_name' is empty","tests.api.user","Mon Apr 06 06:17:30 UTC 2026","skipped","Mon Apr 06 06:17:30 UTC 2026","TestCreateUserApi","test_create_user","",""
"","1926","[WEB Component] Pay with valid card should show success status message. Case: valid: 16 digits number","tests.web.component.payment","Mon Apr 06 06:26:50 UTC 2026","passed","Mon Apr 06 06:26:52 UTC 2026","TestPaymentComponent","test_payment_component","",""
"","3249","[WEB] Sign up with valid data. Case: 'last_name' length = min + 1","tests.web.component.auth","Mon Apr 06 06:22:20 UTC 2026","passed","Mon Apr 06 06:22:23 UTC 2026","TestSignUpWeb","test_signup_component","",""
"","0","[API] Create user should return 400_BAD_REQUEST when send create user request with invalid data. Case: 'birth_day' is absent","tests.api.user","Mon Apr 06 06:17:30 UTC 2026","skipped","Mon Apr 06 06:17:30 UTC 2026","TestCreateUserApi","test_create_user","",""
"","0","[API] Create user should return 400_BAD_REQUEST when send create user request with invalid data. Case: 'zipcode' has invalid format","tests.api.user","Mon Apr 06 06:17:30 UTC 2026","skipped","Mon Apr 06 06:17:30 UTC 2026","TestCreateUserApi","test_create_user","",""
"","0","[API] Update user should return 400_BAD_REQUEST when send update user request with invalid data. Case: 'mobile_number' is absent","tests.api.user","Mon Apr 06 06:18:01 UTC 2026","skipped","Mon Apr 06 06:18:01 UTC 2026","TestUpdateUserApi","test_update_user","",""
"","0","[WEB] Should not add product review with invalid data. Case: 'email' contains '-' after '@'","tests.web.component.review","Mon Apr 06 06:36:40 UTC 2026","skipped","Mon Apr 06 06:36:40 UTC 2026","TestReviewComponent","test_review_component","",""
"","166","[API] Create user should return 200_OK when send create user request with valid data. Case: 'last_name' length = min + 1","tests.api.user","Mon Apr 06 06:17:36 UTC 2026","passed","Mon Apr 06 06:17:36 UTC 2026","TestCreateUserApi","test_create_user","",""
"","0","[API] Update user should return 400_BAD_REQUEST when send update user request with invalid data. Case: 'first_name' is absent","tests.api.user","Mon Apr 06 06:18:01 UTC 2026","skipped","Mon Apr 06 06:18:01 UTC 2026","TestUpdateUserApi","test_update_user","",""
"","397","[WEB Component] Payment component should have expected screenshot","tests.web.component.payment","Mon Apr 06 06:43:08 UTC 2026","passed","Mon Apr 06 06:43:08 UTC 2026","TestPaymentComponent","test_payment_component","",""
"","0","[API] Update user should return 400_BAD_REQUEST when send update user request with invalid data. Case: 'email' not contains '@' symbol","tests.api.user","Mon Apr 06 06:18:01 UTC 2026","skipped","Mon Apr 06 06:18:01 UTC 2026","TestUpdateUserApi","test_update_user","",""
"","0","[WEB Component] Pay with invalid card should show error message. Case: name is empty","tests.web.component.payment","Mon Apr 06 06:28:39 UTC 2026","skipped","Mon Apr 06 06:28:39 UTC 2026","TestPaymentComponent","test_payment_component","",""
"","205","[API] Update user should return 200_OK when send update user request with valid data. Case: 'city' length = min + 1","tests.api.user","Mon Apr 06 06:17:59 UTC 2026","passed","Mon Apr 06 06:17:59 UTC 2026","TestUpdateUserApi","test_update_user","",""
"","0","[API] Create user should return 400_BAD_REQUEST when send create user request with invalid data. Case: 'city' length = min - 1","tests.api.user","Mon Apr 06 06:17:30 UTC 2026","skipped","Mon Apr 06 06:17:30 UTC 2026","TestCreateUserApi","test_create_user","",""
"","0","[API] Create user should return 400_BAD_REQUEST when send create user request with invalid data. Case: 'last_name' length = max + 1","tests.api.user","Mon Apr 06 06:17:30 UTC 2026","skipped","Mon Apr 06 06:17:30 UTC 2026","TestCreateUserApi","test_create_user","",""
"","209","[API] Update user should return 200_OK when send update user request with valid data. Case: 'state' length = max","tests.api.user","Mon Apr 06 06:17:57 UTC 2026","passed","Mon Apr 06 06:17:57 UTC 2026","TestUpdateUserApi","test_update_user","",""
"","0","[WEB] Sign up with invalid data. Case: 'first_name' length = min + 1","tests.web.component.auth","Mon Apr 06 06:18:32 UTC 2026","skipped","Mon Apr 06 06:18:32 UTC 2026","TestSignUpWeb","test_signup_component","",""
"","0","[API] Create user should return 400_BAD_REQUEST when send create user request with invalid data. Case: 'birth_month' is negative","tests.api.user","Mon Apr 06 06:17:30 UTC 2026","skipped","Mon Apr 06 06:17:30 UTC 2026","TestCreateUserApi","test_create_user","",""
"","4092","[WEB] Sign up with valid data. Case: 'zipcode' length = min","tests.web.component.auth","Mon Apr 06 06:34:44 UTC 2026","passed","Mon Apr 06 06:34:48 UTC 2026","TestSignUpWeb","test_signup_component","",""
"","4613","[WEB] Sign up with valid data. Case: 'last_name' length = max","tests.web.component.auth","Mon Apr 06 06:23:03 UTC 2026","passed","Mon Apr 06 06:23:08 UTC 2026","TestSignUpWeb","test_signup_component","",""
"","0","[WEB] Sign up with invalid data. Case: 'first_name' length = max - 1","tests.web.component.auth","Mon Apr 06 06:18:32 UTC 2026","skipped","Mon Apr 06 06:18:32 UTC 2026","TestSignUpWeb","test_signup_component","",""
"","413","[WEB Component] Should add product to cart when click on add to cart button","tests.web.component.product","Mon Apr 06 06:28:58 UTC 2026","passed","Mon Apr 06 06:28:58 UTC 2026","TestAnimatedProductCard","test_animated_product_card_component","",""
"","3338","[WEB] Sign up with valid data. Case: 'mobile_number' length = max","tests.web.component.auth","Mon Apr 06 06:24:35 UTC 2026","passed","Mon Apr 06 06:24:39 UTC 2026","TestSignUpWeb","test_signup_component","",""
"","0","[WEB] Sign up with invalid data. Case: 'birth_day' length = 31","tests.web.component.auth","Mon Apr 06 06:18:32 UTC 2026","skipped","Mon Apr 06 06:18:32 UTC 2026","TestSignUpWeb","test_signup_component","",""
"","0","[API] Create user should return 400_BAD_REQUEST when send create user request with invalid data. Case: 'birth_year' is zero","tests.api.user","Mon Apr 06 06:17:30 UTC 2026","skipped","Mon Apr 06 06:17:30 UTC 2026","TestCreateUserApi","test_create_user","",""
"","156","[API] Create user should return 200_OK when send create user request with valid data. Case: 'first_name' length = min + 1","tests.api.user","Mon Apr 06 06:17:35 UTC 2026","passed","Mon Apr 06 06:17:35 UTC 2026","TestCreateUserApi","test_create_user","",""
"","48","[WEB Component] Should have all products expected total price","tests.web.component.product","Mon Apr 06 06:32:29 UTC 2026","passed","Mon Apr 06 06:32:29 UTC 2026","TestProductItem","test_product_item","",""
"","151","[API] Create user should return 200_OK when send create user request with valid data. Case: 'company' length = min","tests.api.user","Mon Apr 06 06:17:42 UTC 2026","passed","Mon Apr 06 06:17:42 UTC 2026","TestCreateUserApi","test_create_user","",""
"","1917","[WEB] Should add product review with valid data. Case: 'email' domain contains '-'","tests.web.component.review","Mon Apr 06 06:36:15 UTC 2026","passed","Mon Apr 06 06:36:17 UTC 2026","TestReviewComponent","test_review_component","",""
"","8080","Purchase products with sign up before checkout","tests.web.e2e","Mon Apr 06 06:37:00 UTC 2026","passed","Mon Apr 06 06:37:08 UTC 2026","TestPlaceOrder","test_place_order","",""
"","1741","[WEB Component] Search filter should return all products when filter by empty query","tests.web.component.filter","Mon Apr 06 06:23:48 UTC 2026","passed","Mon Apr 06 06:23:50 UTC 2026","TestSearchFilter","test_search_filter","",""
"","0","[WEB Component] Pay with invalid card should show error message. Case: card number only spaces","tests.web.component.payment","Mon Apr 06 06:28:39 UTC 2026","skipped","Mon Apr 06 06:28:39 UTC 2026","TestPaymentComponent","test_payment_component","",""
"","0","[WEB] Should not add product review with invalid data. Case: 'email' contains multiple '@' symbols","tests.web.component.review","Mon Apr 06 06:36:40 UTC 2026","skipped","Mon Apr 06 06:36:40 UTC 2026","TestReviewComponent","test_review_component","",""
"","0","[API] Create user should return 400_BAD_REQUEST when send create user request with invalid data. Case: 'email' contains only special symbols","tests.api.user","Mon Apr 06 06:17:30 UTC 2026","skipped","Mon Apr 06 06:17:30 UTC 2026","TestCreateUserApi","test_create_user","",""
"","0","[API] Update user should return 400_BAD_REQUEST when send update user request with invalid data. Case: 'birth_day' is zero","tests.api.user","Mon Apr 06 06:18:01 UTC 2026","skipped","Mon Apr 06 06:18:01 UTC 2026","TestUpdateUserApi","test_update_user","",""
"","478","[WEB Component] Header has expected screenshot when authorized","tests.web.component.base","Mon Apr 06 06:39:48 UTC 2026","passed","Mon Apr 06 06:39:49 UTC 2026","TestHeaderComponent","test_header_component","",""
"","882","[WEB Component] Should add product to cart when click on add to cart button","tests.web.component.product","Mon Apr 06 06:29:56 UTC 2026","passed","Mon Apr 06 06:29:56 UTC 2026","TestProductCard","test_product_card_component","",""
"","0","[WEB Component] Pay with invalid card should show error message. Case: name length = min - 1","tests.web.component.payment","Mon Apr 06 06:28:39 UTC 2026","skipped","Mon Apr 06 06:28:39 UTC 2026","TestPaymentComponent","test_payment_component","",""
"","402","[API] Update user should return 200_OK when send update user request with valid data. Case: 'address1' length = min","tests.api.user","Mon Apr 06 06:17:52 UTC 2026","passed","Mon Apr 06 06:17:52 UTC 2026","TestUpdateUserApi","test_update_user","",""
"","4311","[WEB] Sign up with valid data. Case: 'name' length = max","tests.web.component.auth","Mon Apr 06 06:20:02 UTC 2026","passed","Mon Apr 06 06:20:06 UTC 2026","TestSignUpWeb","test_signup_component","",""
"","0","[API] Create user should return 400_BAD_REQUEST when send create user request with invalid data. Case: 'email' contains text before username","tests.api.user","Mon Apr 06 06:17:30 UTC 2026","skipped","Mon Apr 06 06:17:30 UTC 2026","TestCreateUserApi","test_create_user","",""
"","0","[API] Update user should return 400_BAD_REQUEST when send update user request with invalid data. Case: 'email' not contains domain","tests.api.user","Mon Apr 06 06:18:01 UTC 2026","skipped","Mon Apr 06 06:18:01 UTC 2026","TestUpdateUserApi","test_update_user","",""
"","176","[API] Update user should return 404_BAD_REQUEST when send update user request with not existing email","tests.api.user","Mon Apr 06 06:18:01 UTC 2026","passed","Mon Apr 06 06:18:01 UTC 2026","TestUpdateUserApi","test_update_user","",""
"","0","[API] Update user should return 400_BAD_REQUEST when send update user request with invalid data. Case: 'first_name' is empty","tests.api.user","Mon Apr 06 06:18:01 UTC 2026","skipped","Mon Apr 06 06:18:01 UTC 2026","TestUpdateUserApi","test_update_user","",""
"","0","[API] Update user should return 400_BAD_REQUEST when send update user request with invalid data. Case: 'mobile_number' length = max + 1","tests.api.user","Mon Apr 06 06:18:01 UTC 2026","skipped","Mon Apr 06 06:18:01 UTC 2026","TestUpdateUserApi","test_update_user","",""
"","264","[API] Update user should return 200_OK when send update user request with valid data. Case: 'birth_year' = 10000","tests.api.user","Mon Apr 06 06:17:51 UTC 2026","passed","Mon Apr 06 06:17:51 UTC 2026","TestUpdateUserApi","test_update_user","",""
"","0","[WEB] Sign up with invalid data. Case: 'address2' length = min","tests.web.component.auth","Mon Apr 06 06:18:32 UTC 2026","skipped","Mon Apr 06 06:18:32 UTC 2026","TestSignUpWeb","test_signup_component","",""
"","0","[WEB] Should not add product review with invalid data. Case: 'email' contains username hieroglyphs instead of username","tests.web.component.review","Mon Apr 06 06:36:40 UTC 2026","skipped","Mon Apr 06 06:36:40 UTC 2026","TestReviewComponent","test_review_component","",""
"","0","[WEB] Should not add product review with invalid data. Case: 'email' contains text after domain","tests.web.component.review","Mon Apr 06 06:36:40 UTC 2026","skipped","Mon Apr 06 06:36:40 UTC 2026","TestReviewComponent","test_review_component","",""
"","9762","[WEB Component] Category filter group should be collapsed after expand another group","tests.web.component.filter","Mon Apr 06 06:42:37 UTC 2026","passed","Mon Apr 06 06:42:46 UTC 2026","TestCategoryFilter","test_category_filter","",""
"","0","[WEB] Sign up with invalid data. Case: 'first_name' length = max","tests.web.component.auth","Mon Apr 06 06:18:32 UTC 2026","skipped","Mon Apr 06 06:18:32 UTC 2026","TestSignUpWeb","test_signup_component","",""
"","0","[API] Update user should return 400_BAD_REQUEST when send update user request with invalid data. Case: 'birth_month' is absent","tests.api.user","Mon Apr 06 06:18:01 UTC 2026","skipped","Mon Apr 06 06:18:01 UTC 2026","TestUpdateUserApi","test_update_user","",""
"","1824","[WEB Component] Category filter should have expected screenshot when fully expanded","tests.web.component.filter","Mon Apr 06 06:23:05 UTC 2026","passed","Mon Apr 06 06:23:07 UTC 2026","TestCategoryFilter","test_category_filter","",""
"","0","[WEB Component] Pay with invalid card should show error message. Case: expiry month contains letters","tests.web.component.payment","Mon Apr 06 06:28:39 UTC 2026","skipped","Mon Apr 06 06:28:39 UTC 2026","TestPaymentComponent","test_payment_component","",""
"","1100","[WEB] Should add product review with valid data. Case: 'email' contains subdomain","tests.web.component.review","Mon Apr 06 06:35:11 UTC 2026","passed","Mon Apr 06 06:35:12 UTC 2026","TestReviewComponent","test_review_component","",""
"","304","[API] Update user should return 200_OK when send update user request with valid data. Case: 'first_name' length = max - 1","tests.api.user","Mon Apr 06 06:17:39 UTC 2026","passed","Mon Apr 06 06:17:39 UTC 2026","TestUpdateUserApi","test_update_user","",""
"","3340","[WEB] Sign up with valid data. Case: 'birth_day' = 1","tests.web.component.auth","Mon Apr 06 06:24:58 UTC 2026","passed","Mon Apr 06 06:25:01 UTC 2026","TestSignUpWeb","test_signup_component","",""
"","263","[API] Update user should return 200_OK when send update user request with valid data. Case: 'address1' length = max","tests.api.user","Mon Apr 06 06:17:54 UTC 2026","passed","Mon Apr 06 06:17:54 UTC 2026","TestUpdateUserApi","test_update_user","",""
"","4086","[WEB] Sign up with valid data. Case: 'state' length = max","tests.web.component.auth","Mon Apr 06 06:29:50 UTC 2026","passed","Mon Apr 06 06:29:54 UTC 2026","TestSignUpWeb","test_signup_component","",""
"","0","[API] Create user should return 400_BAD_REQUEST when send create user request with invalid data. Case: 'address1' is absent","tests.api.user","Mon Apr 06 06:17:30 UTC 2026","skipped","Mon Apr 06 06:17:30 UTC 2026","TestCreateUserApi","test_create_user","",""
"","223","[API] Update user should return 200_OK when send update user request with valid data. Case: 'zipcode' length = min","tests.api.user","Mon Apr 06 06:17:58 UTC 2026","passed","Mon Apr 06 06:17:59 UTC 2026","TestUpdateUserApi","test_update_user","",""
"","911","[WEB Component] Add product notification should be closed when click on close button","tests.web.component.base","Mon Apr 06 06:21:30 UTC 2026","passed","Mon Apr 06 06:21:31 UTC 2026","TestNotificationComponent","test_notification_component","",""
"","1815","[WEB Component] Add product to cart from product carousel","tests.web.component.carousel","Mon Apr 06 06:41:43 UTC 2026","passed","Mon Apr 06 06:41:45 UTC 2026","TestProductCarousel","test_product_carousel","",""
"","745","[WEB Component] Header has expected screenshot","tests.web.component.base","Mon Apr 06 06:39:27 UTC 2026","passed","Mon Apr 06 06:39:28 UTC 2026","TestHeaderComponent","test_header_component","",""
"","0","[API] Create user should return 400_BAD_REQUEST when send create user request with invalid data. Case: 'email' contains username hieroglyphs instead of username","tests.api.user","Mon Apr 06 06:17:30 UTC 2026","skipped","Mon Apr 06 06:17:30 UTC 2026","TestCreateUserApi","test_create_user","",""
"","3418","[WEB] Sign up with valid data. Case: 'address2' length = max - 1","tests.web.component.auth","Mon Apr 06 06:34:00 UTC 2026","passed","Mon Apr 06 06:34:03 UTC 2026","TestSignUpWeb","test_signup_component","",""
"","0","[API] Update user should return 400_BAD_REQUEST when send update user request with invalid data. Case: 'birth_year' is zero","tests.api.user","Mon Apr 06 06:18:01 UTC 2026","skipped","Mon Apr 06 06:18:01 UTC 2026","TestUpdateUserApi","test_update_user","",""
