"DESCRIPTION","DURATION IN MS","NAME","PARENT SUITE","START TIME","STATUS","STOP TIME","SUB SUITE","SUITE","TEST CLASS","TEST METHOD"
"","0","[API] Update user should return 400_BAD_REQUEST when send update user request with invalid data. Case: 'birth_day' is absent","tests.api.user","Mon Mar 23 05:55:58 UTC 2026","skipped","Mon Mar 23 05:55:58 UTC 2026","TestUpdateUserApi","test_update_user","",""
"","0","[WEB] Sign up with invalid data. Case: 'zipcode' length = max","tests.web.component.auth","Mon Mar 23 05:56:27 UTC 2026","skipped","Mon Mar 23 05:56:27 UTC 2026","TestSignUpWeb","test_signup_component","",""
"","2869","[WEB] Sign up with valid data. Case: 'city' length = max","tests.web.component.auth","Mon Mar 23 06:08:44 UTC 2026","passed","Mon Mar 23 06:08:47 UTC 2026","TestSignUpWeb","test_signup_component","",""
"","208","[API] Update user should return 200_OK when send update user request with valid data. Case: 'city' length = min","tests.api.user","Mon Mar 23 05:55:56 UTC 2026","passed","Mon Mar 23 05:55:56 UTC 2026","TestUpdateUserApi","test_update_user","",""
"","535","[WEB] Should add product review with valid data. Case: 'email' domain contains '-'","tests.web.component.review","Mon Mar 23 06:13:18 UTC 2026","passed","Mon Mar 23 06:13:19 UTC 2026","TestReviewComponent","test_review_component","",""
"","0","[API] Create user should return 400_BAD_REQUEST when send create user request with invalid data. Case: 'email' contains invalid top level domain web","tests.api.user","Mon Mar 23 05:55:35 UTC 2026","skipped","Mon Mar 23 05:55:35 UTC 2026","TestCreateUserApi","test_create_user","",""
"","2385","[WEB Component] Order placed page should have expected screenshot","tests.web.component.payment","Mon Mar 23 06:19:21 UTC 2026","passed","Mon Mar 23 06:19:23 UTC 2026","TestPaymentComponent","test_invoice_file","",""
"","190","[API] Update user should return 200_OK when send update user request with valid data. Case: 'address1' length = min","tests.api.user","Mon Mar 23 05:55:50 UTC 2026","passed","Mon Mar 23 05:55:50 UTC 2026","TestUpdateUserApi","test_update_user","",""
"","0","[WEB] Sign up with invalid data. Case: 'company' length = max","tests.web.component.auth","Mon Mar 23 05:56:27 UTC 2026","skipped","Mon Mar 23 05:56:27 UTC 2026","TestSignUpWeb","test_signup_component","",""
"","4512","[WEB Component] Search filter should return empty products catalog","tests.web.component.filter","Mon Mar 23 06:01:51 UTC 2026","passed","Mon Mar 23 06:01:56 UTC 2026","TestSearchFilter","test_search_filter","",""
"","119","[API] Create user should return 200_OK when send create user request with valid data. Case: 'state' length = max","tests.api.user","Mon Mar 23 05:55:45 UTC 2026","passed","Mon Mar 23 05:55:45 UTC 2026","TestCreateUserApi","test_create_user","",""
"","192","[API] Update user should return 200_OK when send update user request with valid data. Case: 'address2' length = max","tests.api.user","Mon Mar 23 05:55:55 UTC 2026","passed","Mon Mar 23 05:55:55 UTC 2026","TestUpdateUserApi","test_update_user","",""
"","0","[API] Create user should return 400_BAD_REQUEST when send create user request with invalid data. Case: 'email' contains username hieroglyphs instead of username","tests.api.user","Mon Mar 23 05:55:35 UTC 2026","skipped","Mon Mar 23 05:55:35 UTC 2026","TestCreateUserApi","test_create_user","",""
"","2927","[WEB] Sign up with valid data. Case: 'state' length = min + 1","tests.web.component.auth","Mon Mar 23 06:06:32 UTC 2026","passed","Mon Mar 23 06:06:34 UTC 2026","TestSignUpWeb","test_signup_component","",""
"","0","[API] Update user should return 400_BAD_REQUEST when send update user request with invalid data. Case: 'name' length = min - 1","tests.api.user","Mon Mar 23 05:55:58 UTC 2026","skipped","Mon Mar 23 05:55:58 UTC 2026","TestUpdateUserApi","test_update_user","",""
"","126","[API] Create user should return 200_OK when send create user request with valid data. Case: 'company' length = min + 1","tests.api.user","Mon Mar 23 05:55:43 UTC 2026","passed","Mon Mar 23 05:55:44 UTC 2026","TestCreateUserApi","test_create_user","",""
"","0","[API] Update user should return 400_BAD_REQUEST when send update user request with invalid data. Case: 'birth_year' is invalid positive","tests.api.user","Mon Mar 23 05:55:58 UTC 2026","skipped","Mon Mar 23 05:55:58 UTC 2026","TestUpdateUserApi","test_update_user","",""
"","1520","[WEB Component] Search filter should filter products by query","tests.web.component.filter","Mon Mar 23 06:01:11 UTC 2026","passed","Mon Mar 23 06:01:12 UTC 2026","TestSearchFilter","test_search_filter","",""
"","0","[WEB Component] Pay with invalid card should show error message. Case: card number contains special characters","tests.web.component.payment","Mon Mar 23 06:06:04 UTC 2026","skipped","Mon Mar 23 06:06:04 UTC 2026","TestPaymentComponent","test_payment_component","",""
"","0","[WEB] Sign up with invalid data. Case: 'company' length = max - 1","tests.web.component.auth","Mon Mar 23 05:56:27 UTC 2026","skipped","Mon Mar 23 05:56:27 UTC 2026","TestSignUpWeb","test_signup_component","",""
"","0","[WEB Component] Pay with invalid card should show error message. Case: card number too long","tests.web.component.payment","Mon Mar 23 06:06:04 UTC 2026","skipped","Mon Mar 23 06:06:04 UTC 2026","TestPaymentComponent","test_payment_component","",""
"","1479","[WEB Component] Should add product to cart when click on add to cart button","tests.web.component.product","Mon Mar 23 06:07:18 UTC 2026","passed","Mon Mar 23 06:07:20 UTC 2026","TestProductCard","test_product_card_component","",""
"","0","[WEB Component] Pay with invalid card should show error message. Case: name contains leading spaces","tests.web.component.payment","Mon Mar 23 06:06:04 UTC 2026","skipped","Mon Mar 23 06:06:04 UTC 2026","TestPaymentComponent","test_payment_component","",""
"","0","[API] Update user should return 400_BAD_REQUEST when send update user request with invalid data. Case: 'state' length = max + 1","tests.api.user","Mon Mar 23 05:55:58 UTC 2026","skipped","Mon Mar 23 05:55:58 UTC 2026","TestUpdateUserApi","test_update_user","",""
"","0","[API] Update user should return 400_BAD_REQUEST when send update user request with invalid data. Case: 'first_name' is empty","tests.api.user","Mon Mar 23 05:55:58 UTC 2026","skipped","Mon Mar 23 05:55:58 UTC 2026","TestUpdateUserApi","test_update_user","",""
"","729","[WEB] Should have expected screenshot when send review","tests.web.component.review","Mon Mar 23 06:20:29 UTC 2026","passed","Mon Mar 23 06:20:30 UTC 2026","TestReviewComponent","test_review_component","",""
"","2904","[WEB] Sign up with valid data. Case: 'address1' length = max","tests.web.component.auth","Mon Mar 23 06:10:08 UTC 2026","passed","Mon Mar 23 06:10:11 UTC 2026","TestSignUpWeb","test_signup_component","",""
"","0","[WEB] Should not add product review with invalid data. Case: 'message' length = max - 1","tests.web.component.review","Mon Mar 23 06:13:35 UTC 2026","skipped","Mon Mar 23 06:13:35 UTC 2026","TestReviewComponent","test_review_component","",""
"","137","[API] Create user should return 200_OK when send create user request with valid data. Case: 'first_name' length = min","tests.api.user","Mon Mar 23 05:55:38 UTC 2026","passed","Mon Mar 23 05:55:38 UTC 2026","TestCreateUserApi","test_create_user","",""
"","488","[WEB Component] Should delete user name by click on 'Delete Account' button","tests.web.component.base","Mon Mar 23 05:58:41 UTC 2026","passed","Mon Mar 23 05:58:41 UTC 2026","TestHeaderComponent","test_header_component","",""
"","0","[API] Create user should return 400_BAD_REQUEST when send create user request with invalid data. Case: 'email' contains '-' after '@'","tests.api.user","Mon Mar 23 05:55:35 UTC 2026","skipped","Mon Mar 23 05:55:35 UTC 2026","TestCreateUserApi","test_create_user","",""
"","0","[WEB] Sign up with invalid data. Case: 'birth_day' = 1","tests.web.component.auth","Mon Mar 23 05:56:27 UTC 2026","skipped","Mon Mar 23 05:56:27 UTC 2026","TestSignUpWeb","test_signup_component","",""
"","0","[WEB] Should not add product review with invalid data. Case: 'email' contains invalid top level domain web","tests.web.component.review","Mon Mar 23 06:13:35 UTC 2026","skipped","Mon Mar 23 06:13:35 UTC 2026","TestReviewComponent","test_review_component","",""
"","132","[API] Create user should return 200_OK when send create user request with valid data. Case: 'state' length = max - 1","tests.api.user","Mon Mar 23 05:55:45 UTC 2026","passed","Mon Mar 23 05:55:45 UTC 2026","TestCreateUserApi","test_create_user","",""
"","0","[API] Update user should return 400_BAD_REQUEST when send update user request with invalid data. Case: 'first_name' length = min - 1","tests.api.user","Mon Mar 23 05:55:58 UTC 2026","skipped","Mon Mar 23 05:55:58 UTC 2026","TestUpdateUserApi","test_update_user","",""
"","2852","[WEB] Sign up with valid data. Case: 'address1' length = max - 1","tests.web.component.auth","Mon Mar 23 06:09:47 UTC 2026","passed","Mon Mar 23 06:09:50 UTC 2026","TestSignUpWeb","test_signup_component","",""
"","183","[API] Update user should return 200_OK when send update user request with valid data. Case: 'zipcode' length = min","tests.api.user","Mon Mar 23 05:55:55 UTC 2026","passed","Mon Mar 23 05:55:56 UTC 2026","TestUpdateUserApi","test_update_user","",""
"","192","[API] Update user should return 200_OK when send update user request with valid data. Case: 'zipcode' length = max - 1","tests.api.user","Mon Mar 23 05:55:57 UTC 2026","passed","Mon Mar 23 05:55:57 UTC 2026","TestUpdateUserApi","test_update_user","",""
"","1116","[WEB Component] Should subscribe with valid email","tests.web.component.base","Mon Mar 23 06:16:42 UTC 2026","passed","Mon Mar 23 06:16:43 UTC 2026","TestSubscriptionComponent","test_subscription_component","",""
"","2978","[WEB] Sign up with valid data. Case: 'first_name' length = max - 1","tests.web.component.auth","Mon Mar 23 05:59:02 UTC 2026","passed","Mon Mar 23 05:59:05 UTC 2026","TestSignUpWeb","test_signup_component","",""
"","0","[WEB Component] Pay with invalid card should show error message. Case: expiry year in the past","tests.web.component.payment","Mon Mar 23 06:06:04 UTC 2026","skipped","Mon Mar 23 06:06:04 UTC 2026","TestPaymentComponent","test_payment_component","",""
"","0","[API] Create user should return 400_BAD_REQUEST when send create user request with invalid data. Case: 'birth_year' is zero","tests.api.user","Mon Mar 23 05:55:35 UTC 2026","skipped","Mon Mar 23 05:55:35 UTC 2026","TestCreateUserApi","test_create_user","",""
"","3439","[WEB] Sign up with valid data. Case: 'zipcode' length = min","tests.web.component.auth","Mon Mar 23 06:11:57 UTC 2026","passed","Mon Mar 23 06:12:01 UTC 2026","TestSignUpWeb","test_signup_component","",""
"","189","[API] Update user should return 200_OK when send update user request with valid data. Case: 'birth_year' = 1","tests.api.user","Mon Mar 23 05:55:49 UTC 2026","passed","Mon Mar 23 05:55:50 UTC 2026","TestUpdateUserApi","test_update_user","",""
"","0","[API] Create user should return 400_BAD_REQUEST when send create user request with invalid data. Case: 'last_name' length = max + 1","tests.api.user","Mon Mar 23 05:55:35 UTC 2026","skipped","Mon Mar 23 05:55:35 UTC 2026","TestCreateUserApi","test_create_user","",""
"","1129","[WEB] Should add product review with valid data. Case: 'email' domain name length = 2","tests.web.component.review","Mon Mar 23 06:14:17 UTC 2026","passed","Mon Mar 23 06:14:18 UTC 2026","TestReviewComponent","test_review_component","",""
"","0","[API] Create user should return 400_BAD_REQUEST when send create user request with invalid data. Case: 'state' length = min - 1","tests.api.user","Mon Mar 23 05:55:35 UTC 2026","skipped","Mon Mar 23 05:55:35 UTC 2026","TestCreateUserApi","test_create_user","",""
"","1596","[WEB Component] Pay with valid card should show success status message. Case: valid: future year","tests.web.component.payment","Mon Mar 23 06:06:02 UTC 2026","passed","Mon Mar 23 06:06:04 UTC 2026","TestPaymentComponent","test_payment_component","",""
"","388","[WEB Component] Delivery address has expected data","tests.web.component.address","Mon Mar 23 06:15:48 UTC 2026","passed","Mon Mar 23 06:15:48 UTC 2026","TestAddressComponent","test_address_component","",""
"","196","[API] Update user should return 200_OK when send update user request with valid data. Case: 'birth_day' length = 31","tests.api.user","Mon Mar 23 05:55:48 UTC 2026","passed","Mon Mar 23 05:55:48 UTC 2026","TestUpdateUserApi","test_update_user","",""
"","0","[API] Update user should return 400_BAD_REQUEST when send update user request with invalid data. Case: 'address2' length = max + 1","tests.api.user","Mon Mar 23 05:55:58 UTC 2026","skipped","Mon Mar 23 05:55:58 UTC 2026","TestUpdateUserApi","test_update_user","",""
"","233","[API] Update user should return 200_OK when send update user request with valid data. Case: 'state' length = max - 1","tests.api.user","Mon Mar 23 05:55:54 UTC 2026","passed","Mon Mar 23 05:55:55 UTC 2026","TestUpdateUserApi","test_update_user","",""
"","2854","[WEB] Sign up with valid data. Case: 'birth_year' = 10000","tests.web.component.auth","Mon Mar 23 06:04:25 UTC 2026","passed","Mon Mar 23 06:04:28 UTC 2026","TestSignUpWeb","test_signup_component","",""
"","0","[API] Update user should return 400_BAD_REQUEST when send update user request with invalid data. Case: 'zipcode' is empty","tests.api.user","Mon Mar 23 05:55:58 UTC 2026","skipped","Mon Mar 23 05:55:58 UTC 2026","TestUpdateUserApi","test_update_user","",""
"","0","[API] Update user should return 400_BAD_REQUEST when send update user request with invalid data. Case: 'state' length = min - 1","tests.api.user","Mon Mar 23 05:55:58 UTC 2026","skipped","Mon Mar 23 05:55:58 UTC 2026","TestUpdateUserApi","test_update_user","",""
"","0","[API] Update user should return 400_BAD_REQUEST when send update user request with invalid data. Case: 'mobile_number' length = max + 1","tests.api.user","Mon Mar 23 05:55:58 UTC 2026","skipped","Mon Mar 23 05:55:58 UTC 2026","TestUpdateUserApi","test_update_user","",""
"","118","[API] Create user should return 200_OK when send create user request with valid data. Case: 'city' length = min","tests.api.user","Mon Mar 23 05:55:45 UTC 2026","passed","Mon Mar 23 05:55:46 UTC 2026","TestCreateUserApi","test_create_user","",""
"","0","[API] Update user should return 400_BAD_REQUEST when send update user request with invalid data. Case: 'birth_month' is invalid positive","tests.api.user","Mon Mar 23 05:55:58 UTC 2026","skipped","Mon Mar 23 05:55:58 UTC 2026","TestUpdateUserApi","test_update_user","",""
"","387","[WEB Component] Should remove product from cart","tests.web.component.product","Mon Mar 23 06:09:18 UTC 2026","passed","Mon Mar 23 06:09:19 UTC 2026","TestProductItem","test_product_item","",""
"","0","[API] Update user should return 400_BAD_REQUEST when send update user request with invalid data. Case: 'email' contains multiple '@' symbols","tests.api.user","Mon Mar 23 05:55:58 UTC 2026","skipped","Mon Mar 23 05:55:58 UTC 2026","TestUpdateUserApi","test_update_user","",""
"","0","[API] Update user should return 400_BAD_REQUEST when send update user request with invalid data. Case: 'birth_year' is zero","tests.api.user","Mon Mar 23 05:55:58 UTC 2026","skipped","Mon Mar 23 05:55:58 UTC 2026","TestUpdateUserApi","test_update_user","",""
"","328","[API] Update user should return 200_OK when send update user request with valid data. Case: 'address1' length = min + 1","tests.api.user","Mon Mar 23 05:55:51 UTC 2026","passed","Mon Mar 23 05:55:51 UTC 2026","TestUpdateUserApi","test_update_user","",""
"","0","[WEB] Sign up with invalid data. Case: 'address2' length = max - 1","tests.web.component.auth","Mon Mar 23 05:56:27 UTC 2026","skipped","Mon Mar 23 05:56:27 UTC 2026","TestSignUpWeb","test_signup_component","",""
"","1243","[WEB] Should add product review with valid data. Case: 'name' length = max","tests.web.component.review","Mon Mar 23 06:11:36 UTC 2026","passed","Mon Mar 23 06:11:37 UTC 2026","TestReviewComponent","test_review_component","",""
"","337","[API] Update user should return 200_OK when send update user request with valid data. Case: 'last_name' length = min","tests.api.user","Mon Mar 23 05:55:42 UTC 2026","passed","Mon Mar 23 05:55:43 UTC 2026","TestUpdateUserApi","test_update_user","",""
"","394","[WEB Component] Should decrease all products total price","tests.web.component.product","Mon Mar 23 06:10:20 UTC 2026","passed","Mon Mar 23 06:10:20 UTC 2026","TestProductItem","test_product_item","",""
"","197","[API] Update user should return 200_OK when send update user request with valid data. Case: 'mobile_number' length = max - 1","tests.api.user","Mon Mar 23 05:55:46 UTC 2026","passed","Mon Mar 23 05:55:46 UTC 2026","TestUpdateUserApi","test_update_user","",""
"","327","[WEB Component] Should navigate to cart page by click 'Cart' button","tests.web.component.base","Mon Mar 23 05:57:40 UTC 2026","passed","Mon Mar 23 05:57:41 UTC 2026","TestHeaderComponent","test_header_component","",""
"","184","[API] Update user should return 200_OK when send update user request with valid data. Case: 'mobile_number' length = min","tests.api.user","Mon Mar 23 05:55:45 UTC 2026","passed","Mon Mar 23 05:55:45 UTC 2026","TestUpdateUserApi","test_update_user","",""
"","189","[API] Update user should return 200_OK when send update user request with valid data. Case: 'first_name' length = min","tests.api.user","Mon Mar 23 05:55:40 UTC 2026","passed","Mon Mar 23 05:55:40 UTC 2026","TestUpdateUserApi","test_update_user","",""
"","1622","[WEB Component] Product details should have expected data","tests.web.component.product","Mon Mar 23 06:20:06 UTC 2026","passed","Mon Mar 23 06:20:07 UTC 2026","TestProductCard","test_product_details_component","",""
"","0","[WEB] Sign up with invalid data. Case: 'name' length = max","tests.web.component.auth","Mon Mar 23 05:56:27 UTC 2026","skipped","Mon Mar 23 05:56:27 UTC 2026","TestSignUpWeb","test_signup_component","",""
"","953","[WEB Component] Should increase product item quantity","tests.web.component.product","Mon Mar 23 06:08:57 UTC 2026","passed","Mon Mar 23 06:08:58 UTC 2026","TestProductItem","test_product_item","",""
"","1604","[WEB Component] Add product to cart from product carousel","tests.web.component.carousel","Mon Mar 23 06:18:19 UTC 2026","passed","Mon Mar 23 06:18:20 UTC 2026","TestProductCarousel","test_product_carousel","",""
"","0","[WEB] Sign up with invalid data. Case: 'name' length = max - 1","tests.web.component.auth","Mon Mar 23 05:56:27 UTC 2026","skipped","Mon Mar 23 05:56:27 UTC 2026","TestSignUpWeb","test_signup_component","",""
"","2848","[WEB] Sign up with valid data. Case: 'company' length = min","tests.web.component.auth","Mon Mar 23 06:04:46 UTC 2026","passed","Mon Mar 23 06:04:49 UTC 2026","TestSignUpWeb","test_signup_component","",""
"","590","[WEB Component] Add product notification should be closed when click on close button","tests.web.component.base","Mon Mar 23 05:59:18 UTC 2026","passed","Mon Mar 23 05:59:19 UTC 2026","TestNotificationComponent","test_notification_component","",""
"","0","[API] Create user should return 400_BAD_REQUEST when send create user request with invalid data. Case: 'name' is absent","tests.api.user","Mon Mar 23 05:55:50 UTC 2026","skipped","Mon Mar 23 05:55:50 UTC 2026","TestCreateUserApi","test_create_user","",""
"","527","[WEB] Should add product review with valid data. Case: 'name' length = max - 1","tests.web.component.review","Mon Mar 23 06:11:16 UTC 2026","passed","Mon Mar 23 06:11:17 UTC 2026","TestReviewComponent","test_review_component","",""
"","0","[WEB Component] Pay with invalid card should show error message. Case: expiry month only spaces","tests.web.component.payment","Mon Mar 23 06:06:04 UTC 2026","skipped","Mon Mar 23 06:06:04 UTC 2026","TestPaymentComponent","test_payment_component","",""
"","138","[API] Create user should return 200_OK when send create user request with valid data. Case: 'company' length = min","tests.api.user","Mon Mar 23 05:55:43 UTC 2026","passed","Mon Mar 23 05:55:43 UTC 2026","TestCreateUserApi","test_create_user","",""
"","195","[API] Update user should return 200_OK when send update user request with valid data. Case: 'address2' length = min + 1","tests.api.user","Mon Mar 23 05:55:54 UTC 2026","passed","Mon Mar 23 05:55:54 UTC 2026","TestUpdateUserApi","test_update_user","",""
"","198","[API] Update user should return 200_OK when send update user request with valid data. Case: 'address2' length = max - 1","tests.api.user","Mon Mar 23 05:55:54 UTC 2026","passed","Mon Mar 23 05:55:54 UTC 2026","TestUpdateUserApi","test_update_user","",""
"","138","[API] Create user should return 200_OK when send create user request with valid data. Case: 'state' length = min","tests.api.user","Mon Mar 23 05:55:44 UTC 2026","passed","Mon Mar 23 05:55:44 UTC 2026","TestCreateUserApi","test_create_user","",""
"","0","[API] Create user should return 400_BAD_REQUEST when send create user request with invalid data. Case: 'mobile_number' length = max + 1","tests.api.user","Mon Mar 23 05:55:35 UTC 2026","skipped","Mon Mar 23 05:55:35 UTC 2026","TestCreateUserApi","test_create_user","",""
"","118","[API] Create user should return 200_OK when send create user request with valid data. Case: 'address2' length = min + 1","tests.api.user","Mon Mar 23 05:55:48 UTC 2026","passed","Mon Mar 23 05:55:48 UTC 2026","TestCreateUserApi","test_create_user","",""
"","121","[API] Get user should return 200_OK when send get user request and user exists","tests.api.user","Mon Mar 23 05:55:37 UTC 2026","passed","Mon Mar 23 05:55:37 UTC 2026","TestGetUserApi","test_get_user","",""
"","0","[API] Update user should return 400_BAD_REQUEST when send update user request with invalid data. Case: 'address1' length = max + 1","tests.api.user","Mon Mar 23 05:55:58 UTC 2026","skipped","Mon Mar 23 05:55:58 UTC 2026","TestUpdateUserApi","test_update_user","",""
"","0","[API] Update user should return 400_BAD_REQUEST when send update user request with invalid data. Case: 'address2' is empty","tests.api.user","Mon Mar 23 05:55:58 UTC 2026","skipped","Mon Mar 23 05:55:58 UTC 2026","TestUpdateUserApi","test_update_user","",""
"","0","[WEB Component] Pay with invalid card should show error message. Case: cvc is empty","tests.web.component.payment","Mon Mar 23 06:06:04 UTC 2026","skipped","Mon Mar 23 06:06:04 UTC 2026","TestPaymentComponent","test_payment_component","",""
"","0","[API] Update user should return 400_BAD_REQUEST when send update user request with invalid data. Case: 'state' is empty","tests.api.user","Mon Mar 23 05:55:58 UTC 2026","skipped","Mon Mar 23 05:55:58 UTC 2026","TestUpdateUserApi","test_update_user","",""
"","0","[API] Update user should return 400_BAD_REQUEST when send update user request with invalid data. Case: 'email' not contains domain","tests.api.user","Mon Mar 23 05:55:58 UTC 2026","skipped","Mon Mar 23 05:55:58 UTC 2026","TestUpdateUserApi","test_update_user","",""
"","117","[API] Create user should return 200_OK when send create user request with valid data. Case: 'name' length = max - 1","tests.api.user","Mon Mar 23 05:55:37 UTC 2026","passed","Mon Mar 23 05:55:37 UTC 2026","TestCreateUserApi","test_create_user","",""
"","0","[WEB] Should not add product review with invalid data. Case: 'email' contains '.' before dog symbol","tests.web.component.review","Mon Mar 23 06:13:35 UTC 2026","skipped","Mon Mar 23 06:13:35 UTC 2026","TestReviewComponent","test_review_component","",""
"","343","[WEB] Should have expected screenshot when not send review","tests.web.component.review","Mon Mar 23 06:20:25 UTC 2026","passed","Mon Mar 23 06:20:25 UTC 2026","TestReviewComponent","test_review_component","",""
"","424","[API] Update user should return 200_OK when send update user request with valid data. Case: 'city' length = max","tests.api.user","Mon Mar 23 05:55:58 UTC 2026","passed","Mon Mar 23 05:55:58 UTC 2026","TestUpdateUserApi","test_update_user","",""
"","2202","[WEB Component] Products Carousel should last products when scroll left on first slide","tests.web.component.carousel","Mon Mar 23 06:17:45 UTC 2026","passed","Mon Mar 23 06:17:47 UTC 2026","TestProductCarousel","test_product_carousel","",""
"","0","[WEB] Sign up with invalid data. Case: 'birth_month' = 12","tests.web.component.auth","Mon Mar 23 05:56:27 UTC 2026","skipped","Mon Mar 23 05:56:27 UTC 2026","TestSignUpWeb","test_signup_component","",""
"","0","[WEB Component] Pay with invalid card should show error message. Case: expiry month one digit","tests.web.component.payment","Mon Mar 23 06:06:04 UTC 2026","skipped","Mon Mar 23 06:06:04 UTC 2026","TestPaymentComponent","test_payment_component","",""
"","342","[WEB Component] Subscription component should have expected screenshot","tests.web.component.base","Mon Mar 23 06:16:23 UTC 2026","passed","Mon Mar 23 06:16:24 UTC 2026","TestSubscriptionComponent","test_subscription_component","",""
"","1669","[WEB Component] Search filter should return all products when filter by empty query","tests.web.component.filter","Mon Mar 23 06:01:31 UTC 2026","passed","Mon Mar 23 06:01:33 UTC 2026","TestSearchFilter","test_search_filter","",""
"","0","[API] Create user should return 400_BAD_REQUEST when send create user request with invalid data. Case: 'birth_month' is absent","tests.api.user","Mon Mar 23 05:55:35 UTC 2026","skipped","Mon Mar 23 05:55:35 UTC 2026","TestCreateUserApi","test_create_user","",""
"","0","[WEB Component] Pay with invalid card should show error message. Case: expiry year too long","tests.web.component.payment","Mon Mar 23 06:06:04 UTC 2026","skipped","Mon Mar 23 06:06:04 UTC 2026","TestPaymentComponent","test_payment_component","",""
"","176","[API] Update user should return 200_OK when send update user request with valid data. Case: 'birth_year' = 10000","tests.api.user","Mon Mar 23 05:55:50 UTC 2026","passed","Mon Mar 23 05:55:50 UTC 2026","TestUpdateUserApi","test_update_user","",""
"","0","[API] Create user should return 400_BAD_REQUEST when send create user request with invalid data. Case: 'birth_year' is absent","tests.api.user","Mon Mar 23 05:55:35 UTC 2026","skipped","Mon Mar 23 05:55:35 UTC 2026","TestCreateUserApi","test_create_user","",""
"","0","[WEB Component] Pay with invalid card should show error message. Case: name contains special characters","tests.web.component.payment","Mon Mar 23 06:06:04 UTC 2026","skipped","Mon Mar 23 06:06:04 UTC 2026","TestPaymentComponent","test_payment_component","",""
"","113","[API] Create user should return 200_OK when send create user request with valid data. Case: 'last_name' length = min + 1","tests.api.user","Mon Mar 23 05:55:39 UTC 2026","passed","Mon Mar 23 05:55:39 UTC 2026","TestCreateUserApi","test_create_user","",""
"","0","[API] Create user should return 400_BAD_REQUEST when send create user request with invalid data. Case: 'city' length = max + 1","tests.api.user","Mon Mar 23 05:55:35 UTC 2026","skipped","Mon Mar 23 05:55:35 UTC 2026","TestCreateUserApi","test_create_user","",""
"","182","[API] Update user should return 200_OK when send update user request with valid data. Case: 'city' length = max - 1","tests.api.user","Mon Mar 23 05:55:57 UTC 2026","passed","Mon Mar 23 05:55:57 UTC 2026","TestUpdateUserApi","test_update_user","",""
"","0","[API] Update user should return 400_BAD_REQUEST when send update user request with invalid data. Case: 'company' length = max + 1","tests.api.user","Mon Mar 23 05:55:58 UTC 2026","skipped","Mon Mar 23 05:55:58 UTC 2026","TestUpdateUserApi","test_update_user","",""
"","113","Should return user exists when user exists with email and password","tests.api.user","Mon Mar 23 05:55:59 UTC 2026","passed","Mon Mar 23 05:55:59 UTC 2026","TestVerifyLoginApi","test_verify_login","",""
"","205","[API] Update user should return 200_OK when send update user request with valid data. Case: 'zipcode' length = max","tests.api.user","Mon Mar 23 05:55:57 UTC 2026","passed","Mon Mar 23 05:55:57 UTC 2026","TestUpdateUserApi","test_update_user","",""
"","0","[WEB Component] Pay with invalid card should show error message. Case: expiry month = 00","tests.web.component.payment","Mon Mar 23 06:06:04 UTC 2026","skipped","Mon Mar 23 06:06:04 UTC 2026","TestPaymentComponent","test_payment_component","",""
"","1163","[WEB Component] Product item should have expected data","tests.web.component.product","Mon Mar 23 06:20:10 UTC 2026","passed","Mon Mar 23 06:20:11 UTC 2026","TestProductItem","test_product_item","",""
"","0","[API] Update user should return 400_BAD_REQUEST when send update user request with invalid data. Case: 'mobile_number' length = min - 1","tests.api.user","Mon Mar 23 05:55:58 UTC 2026","skipped","Mon Mar 23 05:55:58 UTC 2026","TestUpdateUserApi","test_update_user","",""
"","4271","[WEB] Sign up with valid data. Case: 'mobile_number' length = min","tests.web.component.auth","Mon Mar 23 06:01:10 UTC 2026","passed","Mon Mar 23 06:01:15 UTC 2026","TestSignUpWeb","test_signup_component","",""
"","118","[API] Create user should return 200_OK when send create user request with valid data. Case: 'zipcode' length = min + 1","tests.api.user","Mon Mar 23 05:55:49 UTC 2026","passed","Mon Mar 23 05:55:49 UTC 2026","TestCreateUserApi","test_create_user","",""
"","0","[WEB Component] Pay with invalid card should show error message. Case: expiry month is empty","tests.web.component.payment","Mon Mar 23 06:06:04 UTC 2026","skipped","Mon Mar 23 06:06:04 UTC 2026","TestPaymentComponent","test_payment_component","",""
"","85","[API] Get csrf should return 200_OK when send get csrf request and contains csrf cookie","tests.api.auth","Mon Mar 23 05:55:35 UTC 2026","passed","Mon Mar 23 05:55:35 UTC 2026","TestAuthApi","test_auth","",""
"","0","[API] Update user should return 400_BAD_REQUEST when send update user request with invalid data. Case: 'state' is absent","tests.api.user","Mon Mar 23 05:55:58 UTC 2026","skipped","Mon Mar 23 05:55:58 UTC 2026","TestUpdateUserApi","test_update_user","",""
"","0","[API] Create user should return 400_BAD_REQUEST when send create user request with invalid data. Case: 'email' not contains '@' symbol","tests.api.user","Mon Mar 23 05:55:35 UTC 2026","skipped","Mon Mar 23 05:55:35 UTC 2026","TestCreateUserApi","test_create_user","",""
"","0","[WEB] Should not add product review with invalid data. Case: 'email' not contains '@' symbol","tests.web.component.review","Mon Mar 23 06:13:35 UTC 2026","skipped","Mon Mar 23 06:13:35 UTC 2026","TestReviewComponent","test_review_component","",""
"","0","[WEB Component] Pay with invalid card should show error message. Case: cvc too short","tests.web.component.payment","Mon Mar 23 06:06:04 UTC 2026","skipped","Mon Mar 23 06:06:04 UTC 2026","TestPaymentComponent","test_payment_component","",""
"","0","[WEB] Sign up with invalid data. Case: 'company' length = min + 1","tests.web.component.auth","Mon Mar 23 05:56:27 UTC 2026","skipped","Mon Mar 23 05:56:27 UTC 2026","TestSignUpWeb","test_signup_component","",""
"","0","[WEB] Sign up with invalid data. Case: 'first_name' length = max - 1","tests.web.component.auth","Mon Mar 23 05:56:27 UTC 2026","skipped","Mon Mar 23 05:56:27 UTC 2026","TestSignUpWeb","test_signup_component","",""
"","0","[API] Create user should return 400_BAD_REQUEST when send create user request with invalid data. Case: 'first_name' length = max + 1","tests.api.user","Mon Mar 23 05:55:35 UTC 2026","skipped","Mon Mar 23 05:55:35 UTC 2026","TestCreateUserApi","test_create_user","",""
"","109","[API] Get user should return 404_NOT_FOUND when send get user request and user not exists","tests.api.user","Mon Mar 23 05:55:37 UTC 2026","passed","Mon Mar 23 05:55:37 UTC 2026","TestGetUserApi","test_get_user","",""
"","524","[WEB Component] Should navigate to contact us page by click on 'Contact us' button","tests.web.component.base","Mon Mar 23 05:58:59 UTC 2026","passed","Mon Mar 23 05:59:00 UTC 2026","TestHeaderComponent","test_header_component","",""
"","132","[API] Create user should return 200_OK when send create user request with valid data. Case: 'mobile_number' length = max","tests.api.user","Mon Mar 23 05:55:41 UTC 2026","passed","Mon Mar 23 05:55:41 UTC 2026","TestCreateUserApi","test_create_user","",""
"","0","[API] Update user should return 400_BAD_REQUEST when send update user request with invalid data. Case: 'mobile_number' is absent","tests.api.user","Mon Mar 23 05:55:58 UTC 2026","skipped","Mon Mar 23 05:55:58 UTC 2026","TestUpdateUserApi","test_update_user","",""
"","0","[API] Update user should return 400_BAD_REQUEST when send update user request with invalid data. Case: 'company' is empty","tests.api.user","Mon Mar 23 05:55:58 UTC 2026","skipped","Mon Mar 23 05:55:58 UTC 2026","TestUpdateUserApi","test_update_user","",""
"","1774","[WEB Component] Category filter should have expected screenshot when fully expanded","tests.web.component.filter","Mon Mar 23 06:00:49 UTC 2026","passed","Mon Mar 23 06:00:51 UTC 2026","TestCategoryFilter","test_category_filter","",""
"","0","[WEB] Sign up with invalid data. Case: 'mobile_number' length = min","tests.web.component.auth","Mon Mar 23 05:56:27 UTC 2026","skipped","Mon Mar 23 05:56:27 UTC 2026","TestSignUpWeb","test_signup_component","",""
"","142","[API] Create user should return 200_OK when send create user request with valid data. Case: 'state' length = min + 1","tests.api.user","Mon Mar 23 05:55:45 UTC 2026","passed","Mon Mar 23 05:55:45 UTC 2026","TestCreateUserApi","test_create_user","",""
"","2861","[WEB] Sign up with valid data. Case: 'mobile_number' length = max - 1","tests.web.component.auth","Mon Mar 23 06:01:55 UTC 2026","passed","Mon Mar 23 06:01:58 UTC 2026","TestSignUpWeb","test_signup_component","",""
"","209","[API] Update user should return 200_OK when send update user request with valid data. Case: 'company' length = max - 1","tests.api.user","Mon Mar 23 05:55:52 UTC 2026","passed","Mon Mar 23 05:55:52 UTC 2026","TestUpdateUserApi","test_update_user","",""
"","196","[API] Update user should return 200_OK when send update user request with valid data. Case: 'first_name' length = min + 1","tests.api.user","Mon Mar 23 05:55:41 UTC 2026","passed","Mon Mar 23 05:55:41 UTC 2026","TestUpdateUserApi","test_update_user","",""
"","140","[API] Create user should return 200_OK when send create user request with valid data. Case: 'birth_day' length = 31","tests.api.user","Mon Mar 23 05:55:42 UTC 2026","passed","Mon Mar 23 05:55:42 UTC 2026","TestCreateUserApi","test_create_user","",""
"","0","[API] Create user should return 400_BAD_REQUEST when send create user request with invalid data. Case: 'mobile_number' length = min - 1","tests.api.user","Mon Mar 23 05:55:35 UTC 2026","skipped","Mon Mar 23 05:55:35 UTC 2026","TestCreateUserApi","test_create_user","",""
"","0","[API] Update user should return 400_BAD_REQUEST when send update user request with invalid data. Case: 'email' contains '-' after '@'","tests.api.user","Mon Mar 23 05:55:58 UTC 2026","skipped","Mon Mar 23 05:55:58 UTC 2026","TestUpdateUserApi","test_update_user","",""
"","5590","[WEB Component] Category filter group should be collapsed after collapse expanded group","tests.web.component.filter","Mon Mar 23 06:18:47 UTC 2026","passed","Mon Mar 23 06:18:53 UTC 2026","TestCategoryFilter","test_category_filter","",""
"","0","[WEB] Should not add product review with invalid data. Case: 'name' is absent","tests.web.component.review","Mon Mar 23 06:13:35 UTC 2026","skipped","Mon Mar 23 06:13:35 UTC 2026","TestReviewComponent","test_review_component","",""
"","240","[API] Update user should return 200_OK when send update user request with valid data. Case: 'state' length = max","tests.api.user","Mon Mar 23 05:55:55 UTC 2026","passed","Mon Mar 23 05:55:55 UTC 2026","TestUpdateUserApi","test_update_user","",""
"","0","[WEB Component] Pay with invalid card should show error message. Case: expiry year is empty","tests.web.component.payment","Mon Mar 23 06:06:04 UTC 2026","skipped","Mon Mar 23 06:06:04 UTC 2026","TestPaymentComponent","test_payment_component","",""
"","211","[API] Update user should return 200_OK when send update user request with valid data. Case: 'company' length = min","tests.api.user","Mon Mar 23 05:55:51 UTC 2026","passed","Mon Mar 23 05:55:51 UTC 2026","TestUpdateUserApi","test_update_user","",""
"","170","[API] Update user should return 200_OK when send update user request with valid data. Case: 'state' length = min","tests.api.user","Mon Mar 23 05:55:53 UTC 2026","passed","Mon Mar 23 05:55:53 UTC 2026","TestUpdateUserApi","test_update_user","",""
"","0","[WEB] Sign up with invalid data. Case: 'birth_month' = 1","tests.web.component.auth","Mon Mar 23 05:56:27 UTC 2026","skipped","Mon Mar 23 05:56:27 UTC 2026","TestSignUpWeb","test_signup_component","",""
"","0","[API] Update user should return 400_BAD_REQUEST when send update user request with invalid data. Case: 'birth_month' is absent","tests.api.user","Mon Mar 23 05:55:58 UTC 2026","skipped","Mon Mar 23 05:55:58 UTC 2026","TestUpdateUserApi","test_update_user","",""
"","0","[API] Update user should return 400_BAD_REQUEST when send update user request with invalid data. Case: 'birth_year' is negative","tests.api.user","Mon Mar 23 05:55:58 UTC 2026","skipped","Mon Mar 23 05:55:58 UTC 2026","TestUpdateUserApi","test_update_user","",""
"","0","[WEB] Should not add product review with invalid data. Case: 'email' contains text after domain","tests.web.component.review","Mon Mar 23 06:13:35 UTC 2026","skipped","Mon Mar 23 06:13:35 UTC 2026","TestReviewComponent","test_review_component","",""
"","0","[API] Create user should return 400_BAD_REQUEST when send create user request with invalid data. Case: 'birth_month' is zero","tests.api.user","Mon Mar 23 05:55:35 UTC 2026","skipped","Mon Mar 23 05:55:35 UTC 2026","TestCreateUserApi","test_create_user","",""
"","178","[API] Update user should return 200_OK when send update user request with valid data. Case: 'company' length = min + 1","tests.api.user","Mon Mar 23 05:55:51 UTC 2026","passed","Mon Mar 23 05:55:51 UTC 2026","TestUpdateUserApi","test_update_user","",""
"","0","[API] Create user should return 400_BAD_REQUEST when send create user request with invalid data. Case: 'company' length = min - 1","tests.api.user","Mon Mar 23 05:55:35 UTC 2026","skipped","Mon Mar 23 05:55:35 UTC 2026","TestCreateUserApi","test_create_user","",""
"","195","[API] Update user should return 200_OK when send update user request with valid data. Case: 'first_name' length = max","tests.api.user","Mon Mar 23 05:55:42 UTC 2026","passed","Mon Mar 23 05:55:42 UTC 2026","TestUpdateUserApi","test_update_user","",""
"","0","[WEB] Should not add product review with invalid data. Case: 'email' not contains domain","tests.web.component.review","Mon Mar 23 06:13:35 UTC 2026","skipped","Mon Mar 23 06:13:35 UTC 2026","TestReviewComponent","test_review_component","",""
"","0","[WEB Component] Pay with invalid card should show error message. Case: name contains trailing spaces","tests.web.component.payment","Mon Mar 23 06:06:04 UTC 2026","skipped","Mon Mar 23 06:06:04 UTC 2026","TestPaymentComponent","test_payment_component","",""
"","0","[WEB] Sign up with invalid data. Case: 'city' length = max - 1","tests.web.component.auth","Mon Mar 23 05:56:27 UTC 2026","skipped","Mon Mar 23 05:56:27 UTC 2026","TestSignUpWeb","test_signup_component","",""
"","0","[API] Create user should return 400_BAD_REQUEST when send create user request with invalid data. Case: 'email' contains domain with one letter","tests.api.user","Mon Mar 23 05:55:35 UTC 2026","skipped","Mon Mar 23 05:55:35 UTC 2026","TestCreateUserApi","test_create_user","",""
"","0","[WEB Component] Pay with invalid card should show error message. Case: expiry month = 13","tests.web.component.payment","Mon Mar 23 06:06:04 UTC 2026","skipped","Mon Mar 23 06:06:04 UTC 2026","TestPaymentComponent","test_payment_component","",""
"","0","[WEB] Sign up with invalid data. Case: 'state' length = max","tests.web.component.auth","Mon Mar 23 05:56:27 UTC 2026","skipped","Mon Mar 23 05:56:27 UTC 2026","TestSignUpWeb","test_signup_component","",""
"","0","[API] Create user should return 400_BAD_REQUEST when send create user request with invalid data. Case: 'zipcode' has invalid format","tests.api.user","Mon Mar 23 05:55:35 UTC 2026","skipped","Mon Mar 23 05:55:35 UTC 2026","TestCreateUserApi","test_create_user","",""
"","826","[WEB Component] Brand filter should have expected screenshot","tests.web.component.filter","Mon Mar 23 06:18:39 UTC 2026","passed","Mon Mar 23 06:18:39 UTC 2026","TestBrandFilter","test_brand_filter","",""
"","3028","[WEB] Sign up with valid data. Case: 'zipcode' length = min + 1","tests.web.component.auth","Mon Mar 23 06:12:19 UTC 2026","passed","Mon Mar 23 06:12:22 UTC 2026","TestSignUpWeb","test_signup_component","",""
"","686","[WEB] Should add product review with valid data. Case: 'email' username contains only underscore '-'","tests.web.component.review","Mon Mar 23 06:13:38 UTC 2026","passed","Mon Mar 23 06:13:38 UTC 2026","TestReviewComponent","test_review_component","",""
"","5121","[WEB Component] Place order without authorization notification proceed to checkout button should navigate to login page","tests.web.component.base","Mon Mar 23 05:59:37 UTC 2026","passed","Mon Mar 23 05:59:42 UTC 2026","TestNotificationComponent","test_notification_component","",""
"","0","[API] Create user should return 400_BAD_REQUEST when send create user request with invalid data. Case: 'birth_year' is invalid positive","tests.api.user","Mon Mar 23 05:55:35 UTC 2026","skipped","Mon Mar 23 05:55:35 UTC 2026","TestCreateUserApi","test_create_user","",""
"","128","[API] Create user should return 200_OK when send create user request with valid data. Case: 'city' length = max","tests.api.user","Mon Mar 23 05:55:46 UTC 2026","passed","Mon Mar 23 05:55:46 UTC 2026","TestCreateUserApi","test_create_user","",""
"","1846","[WEB Component] Pay with valid card should show success status message. Case: valid: name max length","tests.web.component.payment","Mon Mar 23 06:03:19 UTC 2026","passed","Mon Mar 23 06:03:21 UTC 2026","TestPaymentComponent","test_payment_component","",""
"","0","[API] Create user should return 400_BAD_REQUEST when send create user request with invalid data. Case: 'address1' length = min - 1","tests.api.user","Mon Mar 23 05:55:35 UTC 2026","skipped","Mon Mar 23 05:55:35 UTC 2026","TestCreateUserApi","test_create_user","",""
"","4244","[WEB] Sign up with valid data. Case: 'address2' length = max","tests.web.component.auth","Mon Mar 23 06:11:34 UTC 2026","passed","Mon Mar 23 06:11:38 UTC 2026","TestSignUpWeb","test_signup_component","",""
"","0","[API] Create user should return 400_BAD_REQUEST when send create user request with invalid data. Case: 'zipcode' is empty","tests.api.user","Mon Mar 23 05:55:35 UTC 2026","skipped","Mon Mar 23 05:55:35 UTC 2026","TestCreateUserApi","test_create_user","",""
"","130","[API] Create user should return 200_OK when send create user request with valid data. Case: 'zipcode' length = min","tests.api.user","Mon Mar 23 05:55:49 UTC 2026","passed","Mon Mar 23 05:55:49 UTC 2026","TestCreateUserApi","test_create_user","",""
"","1346","[WEB Component] Add product notification should have expected data and screenshot","tests.web.component.base","Mon Mar 23 06:15:23 UTC 2026","passed","Mon Mar 23 06:15:25 UTC 2026","TestNotificationComponent","test_notification_component","",""
"","122","[API] Create user should return 200_OK when send create user request with valid data. Case: 'address2' length = max","tests.api.user","Mon Mar 23 05:55:49 UTC 2026","passed","Mon Mar 23 05:55:49 UTC 2026","TestCreateUserApi","test_create_user","",""
"","292","[WEB Component] Payment component should have expected screenshot","tests.web.component.payment","Mon Mar 23 06:19:43 UTC 2026","passed","Mon Mar 23 06:19:43 UTC 2026","TestPaymentComponent","test_payment_component","",""
"","3178","[WEB] Sign up with valid data. Case: 'first_name' length = min + 1","tests.web.component.auth","Mon Mar 23 05:58:40 UTC 2026","passed","Mon Mar 23 05:58:43 UTC 2026","TestSignUpWeb","test_signup_component","",""
"","0","[API] Create user should return 400_BAD_REQUEST when send create user request with invalid data. Case: 'mobile_number' is empty","tests.api.user","Mon Mar 23 05:55:35 UTC 2026","skipped","Mon Mar 23 05:55:35 UTC 2026","TestCreateUserApi","test_create_user","",""
"","0","[WEB] Sign up with invalid data. Case: 'first_name' length = min + 1","tests.web.component.auth","Mon Mar 23 05:56:27 UTC 2026","skipped","Mon Mar 23 05:56:27 UTC 2026","TestSignUpWeb","test_signup_component","",""
"","0","[API] Update user should return 400_BAD_REQUEST when send update user request with invalid data. Case: 'email' contains mail server as ip and port","tests.api.user","Mon Mar 23 05:55:58 UTC 2026","skipped","Mon Mar 23 05:55:58 UTC 2026","TestUpdateUserApi","test_update_user","",""
"","0","[WEB Component] Pay with invalid card should show error message. Case: card number is empty","tests.web.component.payment","Mon Mar 23 06:06:04 UTC 2026","skipped","Mon Mar 23 06:06:04 UTC 2026","TestPaymentComponent","test_payment_component","",""
"","0","[WEB] Should not add product review with invalid data. Case: 'email' contains domain with one letter","tests.web.component.review","Mon Mar 23 06:13:35 UTC 2026","skipped","Mon Mar 23 06:13:35 UTC 2026","TestReviewComponent","test_review_component","",""
"","261","[API] Create user should return 200_OK when send create user request with valid data. Case: 'address1' length = min","tests.api.user","Mon Mar 23 05:55:47 UTC 2026","passed","Mon Mar 23 05:55:47 UTC 2026","TestCreateUserApi","test_create_user","",""
"","0","[WEB] Sign up with invalid data. Case: 'birth_day' length = 31","tests.web.component.auth","Mon Mar 23 05:56:27 UTC 2026","skipped","Mon Mar 23 05:56:27 UTC 2026","TestSignUpWeb","test_signup_component","",""
"","0","[WEB] Should not add product review with invalid data. Case: 'email' contains username hieroglyphs instead of username","tests.web.component.review","Mon Mar 23 06:13:35 UTC 2026","skipped","Mon Mar 23 06:13:35 UTC 2026","TestReviewComponent","test_review_component","",""
"","0","[API] Create user should return 400_BAD_REQUEST when send create user request with invalid data. Case: 'email' contains text before username","tests.api.user","Mon Mar 23 05:55:35 UTC 2026","skipped","Mon Mar 23 05:55:35 UTC 2026","TestCreateUserApi","test_create_user","",""
"","0","[API] Create user should return 400_BAD_REQUEST when send create user request with invalid data. Case: 'email' contains text after domain","tests.api.user","Mon Mar 23 05:55:35 UTC 2026","skipped","Mon Mar 23 05:55:35 UTC 2026","TestCreateUserApi","test_create_user","",""
"","199","[API] Update user should return 200_OK when send update user request with valid data. Case: 'birth_day' = 1","tests.api.user","Mon Mar 23 05:55:47 UTC 2026","passed","Mon Mar 23 05:55:47 UTC 2026","TestUpdateUserApi","test_update_user","",""
"","412","[WEB Component] Header has expected screenshot","tests.web.component.base","Mon Mar 23 06:16:06 UTC 2026","passed","Mon Mar 23 06:16:07 UTC 2026","TestHeaderComponent","test_header_component","",""
"","119","[API] Create user should return 200_OK when send create user request with valid data. Case: 'name' length = min","tests.api.user","Mon Mar 23 05:55:37 UTC 2026","passed","Mon Mar 23 05:55:37 UTC 2026","TestCreateUserApi","test_create_user","",""
"","1632","[WEB Component] Product card should have expected data","tests.web.component.product","Mon Mar 23 06:20:01 UTC 2026","skipped","Mon Mar 23 06:20:03 UTC 2026","TestProductCard","test_product_card_component","",""
"","179","[API] Update user should return 200_OK when send update user request with valid data. Case: 'name' length = min + 1","tests.api.user","Mon Mar 23 05:55:38 UTC 2026","passed","Mon Mar 23 05:55:38 UTC 2026","TestUpdateUserApi","test_update_user","",""
"","0","[API] Update user should return 400_BAD_REQUEST when send update user request with invalid data. Case: 'birth_month' is negative","tests.api.user","Mon Mar 23 05:55:58 UTC 2026","skipped","Mon Mar 23 05:55:58 UTC 2026","TestUpdateUserApi","test_update_user","",""
"","0","[WEB] Should not add product review with invalid data. Case: 'message' length = min + 1","tests.web.component.review","Mon Mar 23 06:13:35 UTC 2026","skipped","Mon Mar 23 06:13:35 UTC 2026","TestReviewComponent","test_review_component","",""
"","0","[WEB Component] Pay with invalid card should show error message. Case: card number all zeros","tests.web.component.payment","Mon Mar 23 06:06:04 UTC 2026","skipped","Mon Mar 23 06:06:04 UTC 2026","TestPaymentComponent","test_payment_component","",""
"","489","[WEB Component] Should navigate to products page by click 'Products' button","tests.web.component.base","Mon Mar 23 05:57:22 UTC 2026","passed","Mon Mar 23 05:57:22 UTC 2026","TestHeaderComponent","test_header_component","",""
"","0","[WEB Component] Pay with invalid card should show error message. Case: expiry year contains letters","tests.web.component.payment","Mon Mar 23 06:06:04 UTC 2026","skipped","Mon Mar 23 06:06:04 UTC 2026","TestPaymentComponent","test_payment_component","",""
"","0","[API] Update user should return 400_BAD_REQUEST when send update user request with invalid data. Case: 'email' contains '.' before dog symbol","tests.api.user","Mon Mar 23 05:55:58 UTC 2026","skipped","Mon Mar 23 05:55:58 UTC 2026","TestUpdateUserApi","test_update_user","",""
"","114","[API] Create user should return 200_OK when send create user request with valid data. Case: 'name' length = min + 1","tests.api.user","Mon Mar 23 05:55:37 UTC 2026","passed","Mon Mar 23 05:55:37 UTC 2026","TestCreateUserApi","test_create_user","",""
"","0","[API] Create user should return 400_BAD_REQUEST when send create user request with invalid data. Case: 'name' length = max + 1","tests.api.user","Mon Mar 23 05:55:50 UTC 2026","skipped","Mon Mar 23 05:55:50 UTC 2026","TestCreateUserApi","test_create_user","",""
"","0","[WEB] Sign up with invalid data. Case: 'zipcode' length = min + 1","tests.web.component.auth","Mon Mar 23 05:56:27 UTC 2026","skipped","Mon Mar 23 05:56:27 UTC 2026","TestSignUpWeb","test_signup_component","",""
"","0","[API] Update user should return 400_BAD_REQUEST when send update user request with invalid data. Case: 'name' is absent","tests.api.user","Mon Mar 23 05:55:58 UTC 2026","skipped","Mon Mar 23 05:55:58 UTC 2026","TestUpdateUserApi","test_update_user","",""
"","2885","[WEB] Sign up with valid data. Case: 'name' length = max - 1","tests.web.component.auth","Mon Mar 23 05:57:33 UTC 2026","passed","Mon Mar 23 05:57:36 UTC 2026","TestSignUpWeb","test_signup_component","",""
"","0","[API] Create user should return 400_BAD_REQUEST when send create user request with invalid data. Case: 'email' contains '.' before dog symbol","tests.api.user","Mon Mar 23 05:55:35 UTC 2026","skipped","Mon Mar 23 05:55:35 UTC 2026","TestCreateUserApi","test_create_user","",""
"","4112","[WEB] Sign up with valid data. Case: 'first_name' length = min","tests.web.component.auth","Mon Mar 23 05:58:17 UTC 2026","passed","Mon Mar 23 05:58:21 UTC 2026","TestSignUpWeb","test_signup_component","",""
"","0","[WEB] Should not add product review with invalid data. Case: 'name' is empty","tests.web.component.review","Mon Mar 23 06:13:35 UTC 2026","skipped","Mon Mar 23 06:13:35 UTC 2026","TestReviewComponent","test_review_component","",""
"","1078","[WEB Component] Should have expected success status message after sending contact info","tests.web.component.base","Mon Mar 23 06:00:01 UTC 2026","passed","Mon Mar 23 06:00:02 UTC 2026","TestSubscriptionComponent","test_subscription_component","",""
"","3432","[WEB] Sign up with valid data. Case: 'last_name' length = max - 1","tests.web.component.auth","Mon Mar 23 06:00:25 UTC 2026","passed","Mon Mar 23 06:00:29 UTC 2026","TestSignUpWeb","test_signup_component","",""
"","0","[WEB Component] Pay with invalid card should show error message. Case: card number only spaces","tests.web.component.payment","Mon Mar 23 06:06:04 UTC 2026","skipped","Mon Mar 23 06:06:04 UTC 2026","TestPaymentComponent","test_payment_component","",""
"","373","[WEB Component] Billing address has expected data","tests.web.component.address","Mon Mar 23 06:15:26 UTC 2026","passed","Mon Mar 23 06:15:26 UTC 2026","TestAddressComponent","test_address_component","",""
"","195","[API] Update user should return 200_OK when send update user request with valid data. Case: 'name' length = max - 1","tests.api.user","Mon Mar 23 05:55:39 UTC 2026","passed","Mon Mar 23 05:55:39 UTC 2026","TestUpdateUserApi","test_update_user","",""
"","0","[API] Create user should return 400_BAD_REQUEST when send create user request with invalid data. Case: 'email' contains multiple '@' symbols","tests.api.user","Mon Mar 23 05:55:35 UTC 2026","skipped","Mon Mar 23 05:55:35 UTC 2026","TestCreateUserApi","test_create_user","",""
"","579","[WEB] Should add product review with valid data. Case: 'name' length = min","tests.web.component.review","Mon Mar 23 06:10:38 UTC 2026","passed","Mon Mar 23 06:10:39 UTC 2026","TestReviewComponent","test_review_component","",""
"","669","[WEB Component] Should open product page when click on view product button","tests.web.component.product","Mon Mar 23 06:06:58 UTC 2026","passed","Mon Mar 23 06:06:59 UTC 2026","TestAnimatedProductCard","test_animated_product_card_component","",""
"","0","[API] Create user should return 400_BAD_REQUEST when send create user request with invalid data. Case: 'address2' length = min - 1","tests.api.user","Mon Mar 23 05:55:35 UTC 2026","skipped","Mon Mar 23 05:55:35 UTC 2026","TestCreateUserApi","test_create_user","",""
"","405","[WEB Component] Header has expected screenshot when authorized","tests.web.component.base","Mon Mar 23 06:16:27 UTC 2026","passed","Mon Mar 23 06:16:27 UTC 2026","TestHeaderComponent","test_header_component","",""
"","0","[API] Update user should return 400_BAD_REQUEST when send update user request with invalid data. Case: 'mobile_number' is empty","tests.api.user","Mon Mar 23 05:55:58 UTC 2026","skipped","Mon Mar 23 05:55:58 UTC 2026","TestUpdateUserApi","test_update_user","",""
"","0","[API] Create user should return 400_BAD_REQUEST when send create user request with invalid data. Case: 'email' is empty","tests.api.user","Mon Mar 23 05:55:35 UTC 2026","skipped","Mon Mar 23 05:55:35 UTC 2026","TestCreateUserApi","test_create_user","",""
"","1434","[WEB Component] Image Carousel should show last image when scroll left on first image","tests.web.component.carousel","Mon Mar 23 06:17:41 UTC 2026","passed","Mon Mar 23 06:17:42 UTC 2026","TestImageCarousel","test_image_carousel","",""
"","318","[WEB Component] Should add product to cart when click on add to cart button","tests.web.component.product","Mon Mar 23 06:06:21 UTC 2026","passed","Mon Mar 23 06:06:21 UTC 2026","TestAnimatedProductCard","test_animated_product_card_component","",""
"","126","[API] Create user should return 200_OK when send create user request with valid data. Case: 'last_name' length = max - 1","tests.api.user","Mon Mar 23 05:55:40 UTC 2026","passed","Mon Mar 23 05:55:40 UTC 2026","TestCreateUserApi","test_create_user","",""
"","0","[WEB Component] Pay with invalid card should show error message. Case: cvc contains letters","tests.web.component.payment","Mon Mar 23 06:06:04 UTC 2026","skipped","Mon Mar 23 06:06:04 UTC 2026","TestPaymentComponent","test_payment_component","",""
"","0","[WEB Component] Pay with invalid card should show error message. Case: cvc contains special characters","tests.web.component.payment","Mon Mar 23 06:06:04 UTC 2026","skipped","Mon Mar 23 06:06:04 UTC 2026","TestPaymentComponent","test_payment_component","",""
"","0","[WEB] Should not add product review with invalid data. Case: 'message' length = min","tests.web.component.review","Mon Mar 23 06:13:35 UTC 2026","skipped","Mon Mar 23 06:13:35 UTC 2026","TestReviewComponent","test_review_component","",""
"","2648","[WEB Component] Image Carousel should show previous image when scroll left","tests.web.component.carousel","Mon Mar 23 06:17:00 UTC 2026","passed","Mon Mar 23 06:17:03 UTC 2026","TestImageCarousel","test_image_carousel","",""
"","0","[API] Update user should return 400_BAD_REQUEST when send update user request with invalid data. Case: 'email' contains domain with one letter","tests.api.user","Mon Mar 23 05:55:58 UTC 2026","skipped","Mon Mar 23 05:55:58 UTC 2026","TestUpdateUserApi","test_update_user","",""
"","571","[WEB] Sign in with invalid credentials. Case: {case_title}","tests.web.component.auth","Mon Mar 23 05:56:32 UTC 2026","passed","Mon Mar 23 05:56:33 UTC 2026","TestLoginWeb","test_login_component","",""
"","0","[WEB] Sign up with invalid data. Case: 'city' length = min + 1","tests.web.component.auth","Mon Mar 23 05:56:27 UTC 2026","skipped","Mon Mar 23 05:56:27 UTC 2026","TestSignUpWeb","test_signup_component","",""
"","1323","[WEB Component] Products Carousel should first products when scroll right on last image","tests.web.component.carousel","Mon Mar 23 06:18:00 UTC 2026","passed","Mon Mar 23 06:18:01 UTC 2026","TestProductCarousel","test_product_carousel","",""
"","0","[WEB] Should not add product review with invalid data. Case: 'email' contains only special symbols","tests.web.component.review","Mon Mar 23 06:13:35 UTC 2026","skipped","Mon Mar 23 06:13:35 UTC 2026","TestReviewComponent","test_review_component","",""
"","0","[WEB] Should not add product review with invalid data. Case: 'email' contains text before username","tests.web.component.review","Mon Mar 23 06:13:35 UTC 2026","skipped","Mon Mar 23 06:13:35 UTC 2026","TestReviewComponent","test_review_component","",""
"","127","[API] Create user should return 200_OK when send create user request with valid data. Case: 'city' length = max - 1","tests.api.user","Mon Mar 23 05:55:46 UTC 2026","passed","Mon Mar 23 05:55:46 UTC 2026","TestCreateUserApi","test_create_user","",""
"","124","[API] Create user should return 200_OK when send create user request with valid data. Case: 'mobile_number' length = min + 1","tests.api.user","Mon Mar 23 05:55:40 UTC 2026","passed","Mon Mar 23 05:55:41 UTC 2026","TestCreateUserApi","test_create_user","",""
"","0","[API] Update user should return 400_BAD_REQUEST when send update user request with invalid data. Case: 'name' length = max + 1","tests.api.user","Mon Mar 23 05:55:58 UTC 2026","skipped","Mon Mar 23 05:55:58 UTC 2026","TestUpdateUserApi","test_update_user","",""
"","4409","[WEB] Sign up with valid data. Case: 'last_name' length = max","tests.web.component.auth","Mon Mar 23 06:00:47 UTC 2026","passed","Mon Mar 23 06:00:52 UTC 2026","TestSignUpWeb","test_signup_component","",""
"","0","[API] Create user should return 400_BAD_REQUEST when send create user request with invalid data. Case: 'birth_day' is zero","tests.api.user","Mon Mar 23 05:55:35 UTC 2026","skipped","Mon Mar 23 05:55:35 UTC 2026","TestCreateUserApi","test_create_user","",""
"","0","[API] Create user should return 400_BAD_REQUEST when send create user request with invalid data. Case: 'birth_month' is invalid positive","tests.api.user","Mon Mar 23 05:55:35 UTC 2026","skipped","Mon Mar 23 05:55:35 UTC 2026","TestCreateUserApi","test_create_user","",""
"","0","[WEB Component] Pay with invalid card should show error message. Case: card number too short","tests.web.component.payment","Mon Mar 23 06:06:04 UTC 2026","skipped","Mon Mar 23 06:06:04 UTC 2026","TestPaymentComponent","test_payment_component","",""
"","125","[API] Create user should return 200_OK when send create user request with valid data. Case: 'address1' length = max","tests.api.user","Mon Mar 23 05:55:48 UTC 2026","passed","Mon Mar 23 05:55:48 UTC 2026","TestCreateUserApi","test_create_user","",""
"","0","[API] Update user should return 400_BAD_REQUEST when send update user request with invalid data. Case: 'last_name' length = max + 1","tests.api.user","Mon Mar 23 05:55:58 UTC 2026","skipped","Mon Mar 23 05:55:58 UTC 2026","TestUpdateUserApi","test_update_user","",""
"","0","[API] Update user should return 400_BAD_REQUEST when send update user request with invalid data. Case: 'email' is empty","tests.api.user","Mon Mar 23 05:55:58 UTC 2026","skipped","Mon Mar 23 05:55:58 UTC 2026","TestUpdateUserApi","test_update_user","",""
"","170","[API] Update user should return 200_OK when send update user request with valid data. Case: 'mobile_number' length = min + 1","tests.api.user","Mon Mar 23 05:55:45 UTC 2026","passed","Mon Mar 23 05:55:46 UTC 2026","TestUpdateUserApi","test_update_user","",""
"","0","[WEB Component] Pay with invalid card should show error message. Case: expiry year only spaces","tests.web.component.payment","Mon Mar 23 06:06:04 UTC 2026","skipped","Mon Mar 23 06:06:04 UTC 2026","TestPaymentComponent","test_payment_component","",""
"","0","[WEB Component] Pay with invalid card should show error message. Case: name is empty","tests.web.component.payment","Mon Mar 23 06:06:04 UTC 2026","skipped","Mon Mar 23 06:06:04 UTC 2026","TestPaymentComponent","test_payment_component","",""
"","0","[WEB] Sign up with invalid data. Case: 'first_name' length = min","tests.web.component.auth","Mon Mar 23 05:56:27 UTC 2026","skipped","Mon Mar 23 05:56:27 UTC 2026","TestSignUpWeb","test_signup_component","",""
"","0","[API] Update user should return 400_BAD_REQUEST when send update user request with invalid data. Case: 'birth_year' is absent","tests.api.user","Mon Mar 23 05:55:58 UTC 2026","skipped","Mon Mar 23 05:55:58 UTC 2026","TestUpdateUserApi","test_update_user","",""
"","0","[WEB Component] Pay with invalid card should show error message. Case: cvc all zeros","tests.web.component.payment","Mon Mar 23 06:06:04 UTC 2026","skipped","Mon Mar 23 06:06:04 UTC 2026","TestPaymentComponent","test_payment_component","",""
"","2352","[WEB Component] Animated product card overlay should have expected data","tests.web.component.product","Mon Mar 23 06:19:44 UTC 2026","passed","Mon Mar 23 06:19:47 UTC 2026","TestAnimatedProductCard","test_animated_product_card_component","",""
"","0","[API] Update user should return 400_BAD_REQUEST when send update user request with invalid data. Case: 'first_name' length = max + 1","tests.api.user","Mon Mar 23 05:55:58 UTC 2026","skipped","Mon Mar 23 05:55:58 UTC 2026","TestUpdateUserApi","test_update_user","",""
"","125","[API] Create user should return 200_OK when send create user request with valid data. Case: 'birth_day' = 1","tests.api.user","Mon Mar 23 05:55:41 UTC 2026","passed","Mon Mar 23 05:55:41 UTC 2026","TestCreateUserApi","test_create_user","",""
"","957","[WEB Component] Category filter should have expected screenshot when collapsed","tests.web.component.filter","Mon Mar 23 06:18:05 UTC 2026","passed","Mon Mar 23 06:18:06 UTC 2026","TestCategoryFilter","test_category_filter","",""
"","1710","[WEB Component] Pay with valid card should show success status message. Case: valid name contains multiple spaces","tests.web.component.payment","Mon Mar 23 06:04:00 UTC 2026","passed","Mon Mar 23 06:04:02 UTC 2026","TestPaymentComponent","test_payment_component","",""
"","0","[WEB Component] Pay with invalid card should show error message. Case: name length = max + 1","tests.web.component.payment","Mon Mar 23 06:06:04 UTC 2026","skipped","Mon Mar 23 06:06:04 UTC 2026","TestPaymentComponent","test_payment_component","",""
"","0","[WEB] Sign up with invalid data. Case: 'mobile_number' length = max","tests.web.component.auth","Mon Mar 23 05:56:27 UTC 2026","skipped","Mon Mar 23 05:56:27 UTC 2026","TestSignUpWeb","test_signup_component","",""
"","240","[API] Update user should return 200_OK when send update user request with valid data. Case: 'address1' length = max","tests.api.user","Mon Mar 23 05:55:52 UTC 2026","passed","Mon Mar 23 05:55:52 UTC 2026","TestUpdateUserApi","test_update_user","",""
"","0","[API] Update user should return 400_BAD_REQUEST when send update user request with invalid data. Case: 'last_name' is absent","tests.api.user","Mon Mar 23 05:55:58 UTC 2026","skipped","Mon Mar 23 05:55:58 UTC 2026","TestUpdateUserApi","test_update_user","",""
"","0","[WEB] Sign up with invalid data. Case: 'birth_year' = 10000","tests.web.component.auth","Mon Mar 23 05:56:27 UTC 2026","skipped","Mon Mar 23 05:56:27 UTC 2026","TestSignUpWeb","test_signup_component","",""
"","0","[WEB] Sign up with invalid data. Case: 'zipcode' length = max - 1","tests.web.component.auth","Mon Mar 23 05:56:27 UTC 2026","skipped","Mon Mar 23 05:56:27 UTC 2026","TestSignUpWeb","test_signup_component","",""
"","6004","[WEB Component] Can download invoice multiple times","tests.web.component.payment","Mon Mar 23 06:02:34 UTC 2026","passed","Mon Mar 23 06:02:40 UTC 2026","TestPaymentComponent","test_invoice_file","",""
"","0","[WEB] Should not add product review with invalid data. Case: 'email' contains multiple '@' symbols","tests.web.component.review","Mon Mar 23 06:13:35 UTC 2026","skipped","Mon Mar 23 06:13:35 UTC 2026","TestReviewComponent","test_review_component","",""
"","0","[WEB] Sign up with invalid data. Case: 'state' length = min","tests.web.component.auth","Mon Mar 23 05:56:27 UTC 2026","skipped","Mon Mar 23 05:56:27 UTC 2026","TestSignUpWeb","test_signup_component","",""
"","1637","[WEB Component] Pay with valid card should show success status message. Case: valid: 16 digits number","tests.web.component.payment","Mon Mar 23 06:04:20 UTC 2026","passed","Mon Mar 23 06:04:22 UTC 2026","TestPaymentComponent","test_payment_component","",""
"","3573","[WEB] Sign up with valid data. Case: 'address2' length = max - 1","tests.web.component.auth","Mon Mar 23 06:11:11 UTC 2026","passed","Mon Mar 23 06:11:15 UTC 2026","TestSignUpWeb","test_signup_component","",""
"","188","[API] Update user should return 200_OK when send update user request with valid data. Case: 'birth_month' = 12","tests.api.user","Mon Mar 23 05:55:49 UTC 2026","passed","Mon Mar 23 05:55:49 UTC 2026","TestUpdateUserApi","test_update_user","",""
"","0","[API] Update user should return 400_BAD_REQUEST when send update user request with invalid data. Case: 'company' length = min - 1","tests.api.user","Mon Mar 23 05:55:58 UTC 2026","skipped","Mon Mar 23 05:55:58 UTC 2026","TestUpdateUserApi","test_update_user","",""
"","123","[API] Create user should return 200_OK when send create user request with valid data. Case: 'address2' length = min","tests.api.user","Mon Mar 23 05:55:48 UTC 2026","passed","Mon Mar 23 05:55:48 UTC 2026","TestCreateUserApi","test_create_user","",""
"","0","[API] Create user should return 400_BAD_REQUEST when send create user request with invalid data. Case: 'mobile_number' is absent","tests.api.user","Mon Mar 23 05:55:35 UTC 2026","skipped","Mon Mar 23 05:55:35 UTC 2026","TestCreateUserApi","test_create_user","",""
"","0","[WEB] Sign up with invalid data. Case: 'company' length = min","tests.web.component.auth","Mon Mar 23 05:56:27 UTC 2026","skipped","Mon Mar 23 05:56:27 UTC 2026","TestSignUpWeb","test_signup_component","",""
"","0","[WEB] Sign up with invalid data. Case: 'last_name' length = max","tests.web.component.auth","Mon Mar 23 05:56:27 UTC 2026","skipped","Mon Mar 23 05:56:27 UTC 2026","TestSignUpWeb","test_signup_component","",""
"","0","[API] Update user should return 400_BAD_REQUEST when send update user request with invalid data. Case: 'birth_day' is negative","tests.api.user","Mon Mar 23 05:55:58 UTC 2026","skipped","Mon Mar 23 05:55:58 UTC 2026","TestUpdateUserApi","test_update_user","",""
"","0","[API] Update user should return 400_BAD_REQUEST when send update user request with invalid data. Case: 'city' length = min - 1","tests.api.user","Mon Mar 23 05:55:58 UTC 2026","skipped","Mon Mar 23 05:55:58 UTC 2026","TestUpdateUserApi","test_update_user","",""
"","2155","[WEB Component] Products Carousel should show next products when scroll right","tests.web.component.carousel","Mon Mar 23 06:17:25 UTC 2026","passed","Mon Mar 23 06:17:27 UTC 2026","TestProductCarousel","test_product_carousel","",""
"","114","Get brands should return 200_OK when send get brands request","tests.api.brand","Mon Mar 23 05:55:36 UTC 2026","passed","Mon Mar 23 05:55:36 UTC 2026","TestBrandApi","test_brand","",""
"","6344","Purchase products with login before checkout","tests.web.e2e","Mon Mar 23 06:14:46 UTC 2026","failed","Mon Mar 23 06:14:53 UTC 2026","TestPlaceOrder","test_place_order","",""
"","2886","[WEB] Sign up with valid data. Case: 'address2' length = min","tests.web.component.auth","Mon Mar 23 06:10:29 UTC 2026","passed","Mon Mar 23 06:10:32 UTC 2026","TestSignUpWeb","test_signup_component","",""
"","406","[WEB Component] Pay with valid card should show success status message. Case: valid: expiry month max","tests.web.component.payment","Mon Mar 23 06:05:42 UTC 2026","passed","Mon Mar 23 06:05:42 UTC 2026","TestPaymentComponent","test_payment_component","",""
"","0","[API] Create user should return 400_BAD_REQUEST when send create user request with invalid data. Case: 'company' is empty","tests.api.user","Mon Mar 23 05:55:35 UTC 2026","skipped","Mon Mar 23 05:55:35 UTC 2026","TestCreateUserApi","test_create_user","",""
"","0","[API] Update user should return 400_BAD_REQUEST when send update user request with invalid data. Case: 'city' is absent","tests.api.user","Mon Mar 23 05:55:58 UTC 2026","skipped","Mon Mar 23 05:55:58 UTC 2026","TestUpdateUserApi","test_update_user","",""
"","3028","[WEB] Sign up with valid data. Case: 'birth_month' = 1","tests.web.component.auth","Mon Mar 23 06:03:21 UTC 2026","passed","Mon Mar 23 06:03:24 UTC 2026","TestSignUpWeb","test_signup_component","",""
"","116","[API] Create user should return 200_OK when send create user request with valid data. Case: 'address1' length = min + 1","tests.api.user","Mon Mar 23 05:55:47 UTC 2026","passed","Mon Mar 23 05:55:47 UTC 2026","TestCreateUserApi","test_create_user","",""
"","2896","[WEB] Sign up with valid data. Case: 'mobile_number' length = max","tests.web.component.auth","Mon Mar 23 06:02:16 UTC 2026","passed","Mon Mar 23 06:02:19 UTC 2026","TestSignUpWeb","test_signup_component","",""
"","0","[WEB] Should not add product review with invalid data. Case: 'email' contains '-' after '@'","tests.web.component.review","Mon Mar 23 06:13:35 UTC 2026","skipped","Mon Mar 23 06:13:35 UTC 2026","TestReviewComponent","test_review_component","",""
"","127","[API] Create user should return 200_OK when send create user request with valid data. Case: 'company' length = max - 1","tests.api.user","Mon Mar 23 05:55:44 UTC 2026","passed","Mon Mar 23 05:55:44 UTC 2026","TestCreateUserApi","test_create_user","",""
"","117","[API] Create user should return 200_OK when send create user request with valid data. Case: 'first_name' length = min + 1","tests.api.user","Mon Mar 23 05:55:38 UTC 2026","passed","Mon Mar 23 05:55:38 UTC 2026","TestCreateUserApi","test_create_user","",""
"","190","[API] Update user should return 200_OK when send update user request with valid data. Case: 'birth_month' = 1","tests.api.user","Mon Mar 23 05:55:48 UTC 2026","passed","Mon Mar 23 05:55:49 UTC 2026","TestUpdateUserApi","test_update_user","",""
"","409","[WEB Component] Pay with valid card should show success status message. Case: valid: boundary valid number","tests.web.component.payment","Mon Mar 23 06:04:40 UTC 2026","passed","Mon Mar 23 06:04:41 UTC 2026","TestPaymentComponent","test_payment_component","",""
"","3329","[WEB] Sign up with valid data. Case: 'city' length = min","tests.web.component.auth","Mon Mar 23 06:07:39 UTC 2026","passed","Mon Mar 23 06:07:43 UTC 2026","TestSignUpWeb","test_signup_component","",""
"","404","[WEB Component] Pay with valid card should show success status message. Case: valid: cvc typical","tests.web.component.payment","Mon Mar 23 06:05:00 UTC 2026","passed","Mon Mar 23 06:05:01 UTC 2026","TestPaymentComponent","test_payment_component","",""
"","189","Should return user not found when user password invalid","tests.api.user","Mon Mar 23 05:55:59 UTC 2026","passed","Mon Mar 23 05:55:59 UTC 2026","TestVerifyLoginApi","test_verify_login","",""
"","0","[API] Update user should return 400_BAD_REQUEST when send update user request with invalid data. Case: 'email' not contains username","tests.api.user","Mon Mar 23 05:55:58 UTC 2026","skipped","Mon Mar 23 05:55:58 UTC 2026","TestUpdateUserApi","test_update_user","",""
"","0","[WEB] Sign up with invalid data. Case: 'mobile_number' length = min + 1","tests.web.component.auth","Mon Mar 23 05:56:27 UTC 2026","skipped","Mon Mar 23 05:56:27 UTC 2026","TestSignUpWeb","test_signup_component","",""
"","138","[API] Create user should return 200_OK when send create user request with valid data. Case: 'birth_month' = 12","tests.api.user","Mon Mar 23 05:55:42 UTC 2026","passed","Mon Mar 23 05:55:42 UTC 2026","TestCreateUserApi","test_create_user","",""
"","292","test_get_all_products","tests.api.product","Mon Mar 23 05:55:36 UTC 2026","passed","Mon Mar 23 05:55:36 UTC 2026","TestProductApi","test_product","",""
"","0","[API] Update user should return 400_BAD_REQUEST when send update user request with invalid data. Case: 'email' contains username hieroglyphs instead of username","tests.api.user","Mon Mar 23 05:55:58 UTC 2026","skipped","Mon Mar 23 05:55:58 UTC 2026","TestUpdateUserApi","test_update_user","",""
"","1257","[WEB Component] Products Carousel should show previous image when scroll left","tests.web.component.carousel","Mon Mar 23 06:17:05 UTC 2026","passed","Mon Mar 23 06:17:07 UTC 2026","TestProductCarousel","test_product_carousel","",""
"","0","[WEB Component] Pay with invalid card should show error message. Case: name contains digits","tests.web.component.payment","Mon Mar 23 06:06:04 UTC 2026","skipped","Mon Mar 23 06:06:04 UTC 2026","TestPaymentComponent","test_payment_component","",""
"","0","[API] Create user should return 400_BAD_REQUEST when send create user request with invalid data. Case: 'first_name' is empty","tests.api.user","Mon Mar 23 05:55:35 UTC 2026","skipped","Mon Mar 23 05:55:35 UTC 2026","TestCreateUserApi","test_create_user","",""
"","1256","[WEB Component] Should add product to cart when click on add to cart button","tests.web.component.product","Mon Mar 23 06:07:58 UTC 2026","passed","Mon Mar 23 06:07:59 UTC 2026","TestProductCard","test_product_details_component","",""
"","0","[API] Create user should return 400_BAD_REQUEST when send create user request with invalid data. Case: 'zipcode' length = min - 1","tests.api.user","Mon Mar 23 05:55:35 UTC 2026","skipped","Mon Mar 23 05:55:35 UTC 2026","TestCreateUserApi","test_create_user","",""
"","0","[API] Update user should return 400_BAD_REQUEST when send update user request with invalid data. Case: 'zipcode' has invalid format","tests.api.user","Mon Mar 23 05:55:58 UTC 2026","skipped","Mon Mar 23 05:55:58 UTC 2026","TestUpdateUserApi","test_update_user","",""
"","2923","[WEB] Sign up with valid data. Case: 'city' length = max - 1","tests.web.component.auth","Mon Mar 23 06:08:23 UTC 2026","passed","Mon Mar 23 06:08:25 UTC 2026","TestSignUpWeb","test_signup_component","",""
"","5490","Purchase products with login while checkout","tests.web.e2e","Mon Mar 23 06:15:01 UTC 2026","passed","Mon Mar 23 06:15:06 UTC 2026","TestPlaceOrder","test_place_order","",""
"","211","[API] Update user should return 200_OK when send update user request with valid data. Case: 'state' length = min + 1","tests.api.user","Mon Mar 23 05:55:54 UTC 2026","passed","Mon Mar 23 05:55:54 UTC 2026","TestUpdateUserApi","test_update_user","",""
"","711","[API] Login should return 200_OK when send login request with valid data and contains csrf cookie","tests.api.auth","Mon Mar 23 05:55:35 UTC 2026","passed","Mon Mar 23 05:55:36 UTC 2026","TestAuthApi","test_auth","",""
"","0","[WEB Component] Pay with invalid card should show error message. Case: name length = min - 1","tests.web.component.payment","Mon Mar 23 06:06:04 UTC 2026","skipped","Mon Mar 23 06:06:04 UTC 2026","TestPaymentComponent","test_payment_component","",""
"","0","[API] Create user should return 400_BAD_REQUEST when send create user request with invalid data. Case: 'address2' is empty","tests.api.user","Mon Mar 23 05:55:35 UTC 2026","skipped","Mon Mar 23 05:55:35 UTC 2026","TestCreateUserApi","test_create_user","",""
"","298","[API] Create user should return 400_BAD_REQUEST when send create user request with existing email","tests.api.user","Mon Mar 23 05:55:35 UTC 2026","passed","Mon Mar 23 05:55:36 UTC 2026","TestCreateUserApi","test_create_user","",""
"","0","[WEB] Sign up with invalid data. Case: 'city' length = min","tests.web.component.auth","Mon Mar 23 05:56:27 UTC 2026","skipped","Mon Mar 23 05:56:27 UTC 2026","TestSignUpWeb","test_signup_component","",""
"","0","[API] Update user should return 400_BAD_REQUEST when send update user request with invalid data. Case: 'zipcode' is absent","tests.api.user","Mon Mar 23 05:55:58 UTC 2026","skipped","Mon Mar 23 05:55:58 UTC 2026","TestUpdateUserApi","test_update_user","",""
"","0","[WEB] Should not add product review with invalid data. Case: 'message' length = max","tests.web.component.review","Mon Mar 23 06:13:35 UTC 2026","skipped","Mon Mar 23 06:13:35 UTC 2026","TestReviewComponent","test_review_component","",""
"","0","[API] Create user should return 400_BAD_REQUEST when send create user request with invalid data. Case: 'email' contains mail server as ip and port","tests.api.user","Mon Mar 23 05:55:35 UTC 2026","skipped","Mon Mar 23 05:55:35 UTC 2026","TestCreateUserApi","test_create_user","",""
"","145","[API] Create user should return 200_OK when send create user request with valid data. Case: 'birth_year' = 10000","tests.api.user","Mon Mar 23 05:55:43 UTC 2026","passed","Mon Mar 23 05:55:43 UTC 2026","TestCreateUserApi","test_create_user","",""
"","0","[API] Create user should return 400_BAD_REQUEST when send create user request with invalid data. Case: 'last_name' length = min - 1","tests.api.user","Mon Mar 23 05:55:35 UTC 2026","skipped","Mon Mar 23 05:55:35 UTC 2026","TestCreateUserApi","test_create_user","",""
"","0","[API] Update user should return 400_BAD_REQUEST when send update user request with invalid data. Case: 'city' is empty","tests.api.user","Mon Mar 23 05:55:58 UTC 2026","skipped","Mon Mar 23 05:55:58 UTC 2026","TestUpdateUserApi","test_update_user","",""
"","123","[API] Create user should return 200_OK when send create user request with valid data. Case: 'last_name' length = min","tests.api.user","Mon Mar 23 05:55:39 UTC 2026","passed","Mon Mar 23 05:55:39 UTC 2026","TestCreateUserApi","test_create_user","",""
"","118","[API] Create user should return 200_OK when send create user request with valid data. Case: 'city' length = min + 1","tests.api.user","Mon Mar 23 05:55:46 UTC 2026","passed","Mon Mar 23 05:55:46 UTC 2026","TestCreateUserApi","test_create_user","",""
"","4034","[WEB Component] Invoice should have expected price","tests.web.component.payment","Mon Mar 23 06:02:12 UTC 2026","passed","Mon Mar 23 06:02:16 UTC 2026","TestPaymentComponent","test_invoice_file","",""
"","4162","[WEB] Sign up with valid data. Case: 'state' length = max","tests.web.component.auth","Mon Mar 23 06:07:15 UTC 2026","passed","Mon Mar 23 06:07:20 UTC 2026","TestSignUpWeb","test_signup_component","",""
"","3498","[WEB] Sign up with valid data. Case: 'name' length = max","tests.web.component.auth","Mon Mar 23 05:57:54 UTC 2026","passed","Mon Mar 23 05:57:58 UTC 2026","TestSignUpWeb","test_signup_component","",""
"","145","[API] Get products should return 200_OK and contains expected product title","tests.api.product","Mon Mar 23 05:55:36 UTC 2026","passed","Mon Mar 23 05:55:36 UTC 2026","TestProductApi","test_product","",""
"","0","[API] Update user should return 400_BAD_REQUEST when send update user request with invalid data. Case: 'birth_month' is zero","tests.api.user","Mon Mar 23 05:55:58 UTC 2026","skipped","Mon Mar 23 05:55:58 UTC 2026","TestUpdateUserApi","test_update_user","",""
"","235","[API] Create user should return 200_OK when send create user request with valid data. Case: 'birth_year' = 1","tests.api.user","Mon Mar 23 05:55:42 UTC 2026","passed","Mon Mar 23 05:55:43 UTC 2026","TestCreateUserApi","test_create_user","",""
"","202","[API] Update user should return 200_OK when send update user request with valid data. Case: 'last_name' length = min + 1","tests.api.user","Mon Mar 23 05:55:43 UTC 2026","passed","Mon Mar 23 05:55:43 UTC 2026","TestUpdateUserApi","test_update_user","",""
"","2999","[WEB] Sign up with valid data. Case: 'company' length = max - 1","tests.web.component.auth","Mon Mar 23 06:05:28 UTC 2026","passed","Mon Mar 23 06:05:31 UTC 2026","TestSignUpWeb","test_signup_component","",""
"","7186","Purchase products with sign up while checkout","tests.web.e2e","Mon Mar 23 06:14:21 UTC 2026","passed","Mon Mar 23 06:14:28 UTC 2026","TestPlaceOrder","test_place_order","",""
"","734","[WEB Component] Should not add negative products count to cart when click on add to cart button","tests.web.component.product","Mon Mar 23 06:08:17 UTC 2026","passed","Mon Mar 23 06:08:18 UTC 2026","TestProductCard","test_product_details_component","",""
"","0","[WEB] Sign up with invalid data. Case: 'address2' length = min","tests.web.component.auth","Mon Mar 23 05:56:27 UTC 2026","skipped","Mon Mar 23 05:56:27 UTC 2026","TestSignUpWeb","test_signup_component","",""
"","274","[WEB Component] Product item should navigate to product page when click on item title","tests.web.component.product","Mon Mar 23 06:08:38 UTC 2026","passed","Mon Mar 23 06:08:38 UTC 2026","TestProductItem","test_product_item","",""
"","196","[API] Update user should return 200_OK when send update user request with valid data. Case: 'mobile_number' length = max","tests.api.user","Mon Mar 23 05:55:47 UTC 2026","passed","Mon Mar 23 05:55:47 UTC 2026","TestUpdateUserApi","test_update_user","",""
"","507","[WEB] Should add product review with valid data. Case: 'email' username contains '-'","tests.web.component.review","Mon Mar 23 06:12:41 UTC 2026","passed","Mon Mar 23 06:12:41 UTC 2026","TestReviewComponent","test_review_component","",""
"","1130","[WEB Component] Brand filter should filters products by brand","tests.web.component.filter","Mon Mar 23 06:00:29 UTC 2026","passed","Mon Mar 23 06:00:30 UTC 2026","TestBrandFilter","test_brand_filter","",""
"","0","[WEB Component] Pay with invalid card should show error message. Case: card number fails luhn check","tests.web.component.payment","Mon Mar 23 06:06:04 UTC 2026","skipped","Mon Mar 23 06:06:04 UTC 2026","TestPaymentComponent","test_payment_component","",""
"","0","[WEB] Sign up with invalid data. Case: 'last_name' length = min + 1","tests.web.component.auth","Mon Mar 23 05:56:27 UTC 2026","skipped","Mon Mar 23 05:56:27 UTC 2026","TestSignUpWeb","test_signup_component","",""
"","0","[WEB] Should not add product review with invalid data. Case: 'name' length = max + 1","tests.web.component.review","Mon Mar 23 06:13:35 UTC 2026","skipped","Mon Mar 23 06:13:35 UTC 2026","TestReviewComponent","test_review_component","",""
"","0","[API] Create user should return 400_BAD_REQUEST when send create user request with invalid data. Case: 'birth_month' is negative","tests.api.user","Mon Mar 23 05:55:35 UTC 2026","skipped","Mon Mar 23 05:55:35 UTC 2026","TestCreateUserApi","test_create_user","",""
"","0","[WEB] Sign up with invalid data. Case: 'zipcode' length = min","tests.web.component.auth","Mon Mar 23 05:56:27 UTC 2026","skipped","Mon Mar 23 05:56:27 UTC 2026","TestSignUpWeb","test_signup_component","",""
"","3132","[WEB] Sign up with valid data. Case: 'company' length = max","tests.web.component.auth","Mon Mar 23 06:05:49 UTC 2026","passed","Mon Mar 23 06:05:52 UTC 2026","TestSignUpWeb","test_signup_component","",""
"","2856","[WEB] Sign up with valid data. Case: 'address1' length = min","tests.web.component.auth","Mon Mar 23 06:09:05 UTC 2026","passed","Mon Mar 23 06:09:08 UTC 2026","TestSignUpWeb","test_signup_component","",""
"","123","[API] Create user should return 200_OK when send create user request with valid data. Case: 'name' length = max","tests.api.user","Mon Mar 23 05:55:37 UTC 2026","passed","Mon Mar 23 05:55:38 UTC 2026","TestCreateUserApi","test_create_user","",""
"","0","[API] Update user should return 400_BAD_REQUEST when send update user request with invalid data. Case: 'email' contains only special symbols","tests.api.user","Mon Mar 23 05:55:58 UTC 2026","skipped","Mon Mar 23 05:55:58 UTC 2026","TestUpdateUserApi","test_update_user","",""
"","2856","[WEB] Sign up with valid data. Case: 'last_name' length = min","tests.web.component.auth","Mon Mar 23 05:59:45 UTC 2026","passed","Mon Mar 23 05:59:47 UTC 2026","TestSignUpWeb","test_signup_component","",""
"","129","[API] Create user should return 200_OK when send create user request with valid data. Case: 'mobile_number' length = max - 1","tests.api.user","Mon Mar 23 05:55:41 UTC 2026","passed","Mon Mar 23 05:55:41 UTC 2026","TestCreateUserApi","test_create_user","",""
"","0","[API] Update user should return 400_BAD_REQUEST when send update user request with invalid data. Case: 'address2' length = min - 1","tests.api.user","Mon Mar 23 05:55:58 UTC 2026","skipped","Mon Mar 23 05:55:58 UTC 2026","TestUpdateUserApi","test_update_user","",""
"","2483","[WEB Component] Image Carousel should show next image when scroll right","tests.web.component.carousel","Mon Mar 23 06:17:20 UTC 2026","passed","Mon Mar 23 06:17:23 UTC 2026","TestImageCarousel","test_image_carousel","",""
"","0","[WEB Component] Pay with invalid card should show error message. Case: card number contains spaces","tests.web.component.payment","Mon Mar 23 06:06:04 UTC 2026","skipped","Mon Mar 23 06:06:04 UTC 2026","TestPaymentComponent","test_payment_component","",""
"","119","[API] Create user should return 200_OK when send create user request with valid data. Case: 'last_name' length = max","tests.api.user","Mon Mar 23 05:55:40 UTC 2026","passed","Mon Mar 23 05:55:40 UTC 2026","TestCreateUserApi","test_create_user","",""
"","3803","[WEB] Sign up with valid data. Case: 'state' length = max - 1","tests.web.component.auth","Mon Mar 23 06:06:53 UTC 2026","passed","Mon Mar 23 06:06:57 UTC 2026","TestSignUpWeb","test_signup_component","",""
"","0","[WEB Component] Pay with invalid card should show error message. Case: name contains emoji","tests.web.component.payment","Mon Mar 23 06:06:04 UTC 2026","skipped","Mon Mar 23 06:06:04 UTC 2026","TestPaymentComponent","test_payment_component","",""
"","0","[API] Update user should return 400_BAD_REQUEST when send update user request with invalid data. Case: 'email' contains invalid top level domain web","tests.api.user","Mon Mar 23 05:55:58 UTC 2026","skipped","Mon Mar 23 05:55:58 UTC 2026","TestUpdateUserApi","test_update_user","",""
"","0","[API] Update user should return 400_BAD_REQUEST when send update user request with invalid data. Case: 'email' contains text before username","tests.api.user","Mon Mar 23 05:55:58 UTC 2026","skipped","Mon Mar 23 05:55:58 UTC 2026","TestUpdateUserApi","test_update_user","",""
"","0","[API] Create user should return 400_BAD_REQUEST when send create user request with invalid data. Case: 'first_name' is absent","tests.api.user","Mon Mar 23 05:55:50 UTC 2026","skipped","Mon Mar 23 05:55:50 UTC 2026","TestCreateUserApi","test_create_user","",""
"","0","[API] Create user should return 400_BAD_REQUEST when send create user request with invalid data. Case: 'last_name' is absent","tests.api.user","Mon Mar 23 05:55:35 UTC 2026","skipped","Mon Mar 23 05:55:35 UTC 2026","TestCreateUserApi","test_create_user","",""
"","0","[API] Create user should return 400_BAD_REQUEST when send create user request with invalid data. Case: 'address2' length = max + 1","tests.api.user","Mon Mar 23 05:55:35 UTC 2026","skipped","Mon Mar 23 05:55:35 UTC 2026","TestCreateUserApi","test_create_user","",""
"","2907","[WEB] Sign up with valid data. Case: 'birth_year' = 1","tests.web.component.auth","Mon Mar 23 06:04:03 UTC 2026","passed","Mon Mar 23 06:04:06 UTC 2026","TestSignUpWeb","test_signup_component","",""
"","0","[WEB] Sign up with invalid data. Case: 'address1' length = max","tests.web.component.auth","Mon Mar 23 05:56:27 UTC 2026","skipped","Mon Mar 23 05:56:27 UTC 2026","TestSignUpWeb","test_signup_component","",""
"","4323","[WEB] Sign up with valid data. Case: 'zipcode' length = max - 1","tests.web.component.auth","Mon Mar 23 05:56:01 UTC 2026","passed","Mon Mar 23 05:56:05 UTC 2026","TestSignUpWeb","test_signup_component","",""
"","1840","[WEB Component] Pay with valid card should show success status message. Case: valid: name min length","tests.web.component.payment","Mon Mar 23 06:02:58 UTC 2026","passed","Mon Mar 23 06:03:00 UTC 2026","TestPaymentComponent","test_payment_component","",""
"","0","[WEB] Sign up with invalid data. Case: 'state' length = min + 1","tests.web.component.auth","Mon Mar 23 05:56:27 UTC 2026","skipped","Mon Mar 23 05:56:27 UTC 2026","TestSignUpWeb","test_signup_component","",""
"","337","[WEB Component] Should navigate to main page by click on header logo","tests.web.component.base","Mon Mar 23 05:57:03 UTC 2026","passed","Mon Mar 23 05:57:04 UTC 2026","TestHeaderComponent","test_header_component","",""
"","0","[API] Create user should return 400_BAD_REQUEST when send create user request with invalid data. Case: 'birth_day' is invalid positive","tests.api.user","Mon Mar 23 05:55:35 UTC 2026","skipped","Mon Mar 23 05:55:35 UTC 2026","TestCreateUserApi","test_create_user","",""
"","0","[API] Update user should return 400_BAD_REQUEST when send update user request with invalid data. Case: 'first_name' is absent","tests.api.user","Mon Mar 23 05:55:58 UTC 2026","skipped","Mon Mar 23 05:55:58 UTC 2026","TestUpdateUserApi","test_update_user","",""
"","0","[WEB Component] Pay with invalid card should show error message. Case: cvc only spaces","tests.web.component.payment","Mon Mar 23 06:06:04 UTC 2026","skipped","Mon Mar 23 06:06:04 UTC 2026","TestPaymentComponent","test_payment_component","",""
"","124","[API] Update user should return 404_BAD_REQUEST when send update user request with not existing email","tests.api.user","Mon Mar 23 05:55:58 UTC 2026","passed","Mon Mar 23 05:55:58 UTC 2026","TestUpdateUserApi","test_update_user","",""
"","3018","[WEB] Sign up with valid data. Case: 'birth_day' = 1","tests.web.component.auth","Mon Mar 23 06:02:37 UTC 2026","passed","Mon Mar 23 06:02:40 UTC 2026","TestSignUpWeb","test_signup_component","",""
"","0","[API] Update user should return 400_BAD_REQUEST when send update user request with invalid data. Case: 'name' is empty","tests.api.user","Mon Mar 23 05:55:58 UTC 2026","skipped","Mon Mar 23 05:55:58 UTC 2026","TestUpdateUserApi","test_update_user","",""
"","125","[API] Create user should return 200_OK when send create user request with valid data. Case: 'address1' length = max - 1","tests.api.user","Mon Mar 23 05:55:47 UTC 2026","passed","Mon Mar 23 05:55:47 UTC 2026","TestCreateUserApi","test_create_user","",""
"","265","[API] Delete user should return 200_OK when send delete user request and user exists","tests.api.user","Mon Mar 23 05:55:36 UTC 2026","passed","Mon Mar 23 05:55:36 UTC 2026","TestDeleteUserApi","test_delete_user","",""
"","522","[WEB Component] Should navigate to main page by click on header logo","tests.web.component.base","Mon Mar 23 05:56:45 UTC 2026","passed","Mon Mar 23 05:56:45 UTC 2026","TestHeaderComponent","test_header_component","",""
"","0","[API] Create user should return 400_BAD_REQUEST when send create user request with invalid data. Case: 'state' length = max + 1","tests.api.user","Mon Mar 23 05:55:35 UTC 2026","skipped","Mon Mar 23 05:55:35 UTC 2026","TestCreateUserApi","test_create_user","",""
"","218","[API] Update user should return 200_OK when send update user request with valid data. Case: 'company' length = max","tests.api.user","Mon Mar 23 05:55:53 UTC 2026","passed","Mon Mar 23 05:55:53 UTC 2026","TestUpdateUserApi","test_update_user","",""
"","0","[API] Create user should return 400_BAD_REQUEST when send create user request with invalid data. Case: 'state' is empty","tests.api.user","Mon Mar 23 05:55:35 UTC 2026","skipped","Mon Mar 23 05:55:35 UTC 2026","TestCreateUserApi","test_create_user","",""
"","124","[API] Create user should return 200_OK when send create user request with valid data. Case: 'first_name' length = max - 1","tests.api.user","Mon Mar 23 05:55:38 UTC 2026","passed","Mon Mar 23 05:55:38 UTC 2026","TestCreateUserApi","test_create_user","",""
"","486","[WEB] Should add product review with valid data. Case: 'email' username contains '+'","tests.web.component.review","Mon Mar 23 06:12:54 UTC 2026","passed","Mon Mar 23 06:12:55 UTC 2026","TestReviewComponent","test_review_component","",""
"","114","test_search_products_returns_empty_array","tests.api.product","Mon Mar 23 05:55:36 UTC 2026","passed","Mon Mar 23 05:55:37 UTC 2026","TestProductApi","test_product","",""
"","125","[API] Create user should return 200_OK when send create user request with valid data. Case: 'zipcode' length = max","tests.api.user","Mon Mar 23 05:55:50 UTC 2026","passed","Mon Mar 23 05:55:50 UTC 2026","TestCreateUserApi","test_create_user","",""
"","395","[WEB] Should add product review with valid data. Case: 'message' length = min + 1","tests.web.component.review","Mon Mar 23 06:14:55 UTC 2026","passed","Mon Mar 23 06:14:55 UTC 2026","TestReviewComponent","test_review_component","",""
"","0","[WEB Component] Pay with invalid card should show error message. Case: card number contains letters","tests.web.component.payment","Mon Mar 23 06:06:04 UTC 2026","skipped","Mon Mar 23 06:06:04 UTC 2026","TestPaymentComponent","test_payment_component","",""
"","119","[API] Create user should return 200_OK when send create user request with valid data. Case: 'mobile_number' length = min","tests.api.user","Mon Mar 23 05:55:40 UTC 2026","passed","Mon Mar 23 05:55:40 UTC 2026","TestCreateUserApi","test_create_user","",""
"","1608","[WEB] Should add product review with valid data. Case: 'message' length = max - 1","tests.web.component.review","Mon Mar 23 06:13:13 UTC 2026","passed","Mon Mar 23 06:13:15 UTC 2026","TestReviewComponent","test_review_component","",""
"","0","[API] Update user should return 400_BAD_REQUEST when send update user request with invalid data. Case: 'email' is word","tests.api.user","Mon Mar 23 05:55:58 UTC 2026","skipped","Mon Mar 23 05:55:58 UTC 2026","TestUpdateUserApi","test_update_user","",""
"","0","[API] Update user should return 400_BAD_REQUEST when send update user request with invalid data. Case: 'birth_day' is zero","tests.api.user","Mon Mar 23 05:55:58 UTC 2026","skipped","Mon Mar 23 05:55:58 UTC 2026","TestUpdateUserApi","test_update_user","",""
"","112","[API] Create user should return 200_OK when send create user request with valid data. Case: 'address2' length = max - 1","tests.api.user","Mon Mar 23 05:55:48 UTC 2026","passed","Mon Mar 23 05:55:49 UTC 2026","TestCreateUserApi","test_create_user","",""
"","2988","[WEB] Sign up with valid data. Case: 'address2' length = min + 1","tests.web.component.auth","Mon Mar 23 06:10:50 UTC 2026","passed","Mon Mar 23 06:10:53 UTC 2026","TestSignUpWeb","test_signup_component","",""
"","0","[API] Create user should return 400_BAD_REQUEST when send create user request with invalid data. Case: 'address1' is empty","tests.api.user","Mon Mar 23 05:55:35 UTC 2026","skipped","Mon Mar 23 05:55:35 UTC 2026","TestCreateUserApi","test_create_user","",""
"","219","[API] Update user should return 200_OK when send update user request with valid data. Case: 'name' length = max","tests.api.user","Mon Mar 23 05:55:39 UTC 2026","passed","Mon Mar 23 05:55:39 UTC 2026","TestUpdateUserApi","test_update_user","",""
"","0","[API] Create user should return 400_BAD_REQUEST when send create user request with invalid data. Case: 'email' is word","tests.api.user","Mon Mar 23 05:55:35 UTC 2026","skipped","Mon Mar 23 05:55:35 UTC 2026","TestCreateUserApi","test_create_user","",""
"","3000","[WEB] Sign up with valid data. Case: 'mobile_number' length = min + 1","tests.web.component.auth","Mon Mar 23 06:01:34 UTC 2026","passed","Mon Mar 23 06:01:37 UTC 2026","TestSignUpWeb","test_signup_component","",""
"","558","[WEB] Should add product review with valid data. Case: 'email' username is numerical","tests.web.component.review","Mon Mar 23 06:12:59 UTC 2026","passed","Mon Mar 23 06:13:00 UTC 2026","TestReviewComponent","test_review_component","",""
"","0","[API] Create user should return 400_BAD_REQUEST when send create user request with invalid data. Case: 'birth_day' is negative","tests.api.user","Mon Mar 23 05:55:35 UTC 2026","skipped","Mon Mar 23 05:55:35 UTC 2026","TestCreateUserApi","test_create_user","",""
"","0","[API] Update user should return 400_BAD_REQUEST when send update user request with invalid data. Case: 'birth_day' is invalid positive","tests.api.user","Mon Mar 23 05:55:58 UTC 2026","skipped","Mon Mar 23 05:55:58 UTC 2026","TestUpdateUserApi","test_update_user","",""
"","3220","[WEB] Sign up with valid data. Case: 'zipcode' length = max","tests.web.component.auth","Mon Mar 23 05:56:24 UTC 2026","passed","Mon Mar 23 05:56:27 UTC 2026","TestSignUpWeb","test_signup_component","",""
"","0","[WEB] Should not add product review with invalid data. Case: 'email' contains mail server as ip and port","tests.web.component.review","Mon Mar 23 06:13:35 UTC 2026","skipped","Mon Mar 23 06:13:35 UTC 2026","TestReviewComponent","test_review_component","",""
"","0","[API] Create user should return 400_BAD_REQUEST when send create user request with invalid data. Case: 'mobile_number' has invalid format","tests.api.user","Mon Mar 23 05:55:35 UTC 2026","skipped","Mon Mar 23 05:55:35 UTC 2026","TestCreateUserApi","test_create_user","",""
"","9306","[WEB] Sign in with valid data","tests.web.component.auth","Mon Mar 23 05:56:04 UTC 2026","passed","Mon Mar 23 05:56:13 UTC 2026","TestLoginWeb","test_login_component","",""
"","0","[API] Update user should return 400_BAD_REQUEST when send update user request with invalid data. Case: 'mobile_number' has invalid format","tests.api.user","Mon Mar 23 05:55:58 UTC 2026","skipped","Mon Mar 23 05:55:58 UTC 2026","TestUpdateUserApi","test_update_user","",""
"","0","[API] Create user should return 400_BAD_REQUEST when send create user request with invalid data. Case: 'city' is empty","tests.api.user","Mon Mar 23 05:55:35 UTC 2026","skipped","Mon Mar 23 05:55:35 UTC 2026","TestCreateUserApi","test_create_user","",""
"","2841","[WEB] Sign up with valid data. Case: 'address1' length = min + 1","tests.web.component.auth","Mon Mar 23 06:09:26 UTC 2026","passed","Mon Mar 23 06:09:29 UTC 2026","TestSignUpWeb","test_signup_component","",""
"","200","[API] Update user should return 200_OK when send update user request with valid data. Case: 'address1' length = max - 1","tests.api.user","Mon Mar 23 05:55:52 UTC 2026","passed","Mon Mar 23 05:55:52 UTC 2026","TestUpdateUserApi","test_update_user","",""
"","0","[WEB Component] Pay with invalid card should show error message. Case: name only spaces","tests.web.component.payment","Mon Mar 23 06:06:04 UTC 2026","skipped","Mon Mar 23 06:06:04 UTC 2026","TestPaymentComponent","test_payment_component","",""
"","0","[WEB Component] Pay with invalid card should show error message. Case: expiry year too short","tests.web.component.payment","Mon Mar 23 06:06:04 UTC 2026","skipped","Mon Mar 23 06:06:04 UTC 2026","TestPaymentComponent","test_payment_component","",""
"","174","[API] Update user should return 200_OK when send update user request with valid data. Case: 'last_name' length = max","tests.api.user","Mon Mar 23 05:55:44 UTC 2026","passed","Mon Mar 23 05:55:44 UTC 2026","TestUpdateUserApi","test_update_user","",""
"","0","[API] Create user should return 400_BAD_REQUEST when send create user request with invalid data. Case: 'zipcode' length = max + 1","tests.api.user","Mon Mar 23 05:55:35 UTC 2026","skipped","Mon Mar 23 05:55:35 UTC 2026","TestCreateUserApi","test_create_user","",""
"","0","[API] Update user should return 400_BAD_REQUEST when send update user request with invalid data. Case: 'last_name' is empty","tests.api.user","Mon Mar 23 05:55:58 UTC 2026","skipped","Mon Mar 23 05:55:58 UTC 2026","TestUpdateUserApi","test_update_user","",""
"","8614","Purchase products with sign up before checkout","tests.web.e2e","Mon Mar 23 06:13:53 UTC 2026","passed","Mon Mar 23 06:14:02 UTC 2026","TestPlaceOrder","test_place_order","",""
"","0","[API] Create user should return 400_BAD_REQUEST when send create user request with invalid data. Case: 'name' length = min - 1","tests.api.user","Mon Mar 23 05:55:50 UTC 2026","skipped","Mon Mar 23 05:55:50 UTC 2026","TestCreateUserApi","test_create_user","",""
"","109","[API] Create user should return 200_OK when send create user request with valid data. Case: 'zipcode' length = max - 1","tests.api.user","Mon Mar 23 05:55:50 UTC 2026","passed","Mon Mar 23 05:55:50 UTC 2026","TestCreateUserApi","test_create_user","",""
"","0","[API] Create user should return 400_BAD_REQUEST when send create user request with invalid data. Case: 'zipcode' is absent","tests.api.user","Mon Mar 23 05:55:35 UTC 2026","skipped","Mon Mar 23 05:55:35 UTC 2026","TestCreateUserApi","test_create_user","",""
"","0","[API] Update user should return 400_BAD_REQUEST when send update user request with invalid data. Case: 'address1' is absent","tests.api.user","Mon Mar 23 05:55:58 UTC 2026","skipped","Mon Mar 23 05:55:58 UTC 2026","TestUpdateUserApi","test_update_user","",""
"","0","[WEB Component] Pay with invalid card should show error message. Case: name contains newline","tests.web.component.payment","Mon Mar 23 06:06:04 UTC 2026","skipped","Mon Mar 23 06:06:04 UTC 2026","TestPaymentComponent","test_payment_component","",""
"","0","[API] Update user should return 400_BAD_REQUEST when send update user request with invalid data. Case: 'last_name' length = min - 1","tests.api.user","Mon Mar 23 05:55:58 UTC 2026","skipped","Mon Mar 23 05:55:58 UTC 2026","TestUpdateUserApi","test_update_user","",""
"","2849","[WEB] Sign up with valid data. Case: 'last_name' length = min + 1","tests.web.component.auth","Mon Mar 23 06:00:06 UTC 2026","passed","Mon Mar 23 06:00:09 UTC 2026","TestSignUpWeb","test_signup_component","",""
"","196","[WEB Component] Should visible user name when authorized","tests.web.component.base","Mon Mar 23 05:58:20 UTC 2026","passed","Mon Mar 23 05:58:20 UTC 2026","TestHeaderComponent","test_header_component","",""
"","1684","[WEB Component] Place order without authorization notification should have expected data and screenshot","tests.web.component.base","Mon Mar 23 06:15:44 UTC 2026","passed","Mon Mar 23 06:15:45 UTC 2026","TestNotificationComponent","test_notification_component","",""
"","746","[WEB] Should add product review with valid data. Case: 'email' contains subdomain","tests.web.component.review","Mon Mar 23 06:12:17 UTC 2026","passed","Mon Mar 23 06:12:17 UTC 2026","TestReviewComponent","test_review_component","",""
"","1724","[WEB Component] Pay with valid card should show success status message. Case: valid: common latin name","tests.web.component.payment","Mon Mar 23 06:03:40 UTC 2026","passed","Mon Mar 23 06:03:42 UTC 2026","TestPaymentComponent","test_payment_component","",""
"","0","[WEB] Should not add product review with invalid data. Case: 'name' length = min - 1","tests.web.component.review","Mon Mar 23 06:13:35 UTC 2026","skipped","Mon Mar 23 06:13:35 UTC 2026","TestReviewComponent","test_review_component","",""
"","1778","[WEB Component] Product carousel should have expected product","tests.web.component.carousel","Mon Mar 23 06:00:20 UTC 2026","failed","Mon Mar 23 06:00:21 UTC 2026","TestProductCarousel","test_product_carousel","",""
"","480","[WEB] Should add product review with valid data. Case: 'email' username contains '.'","tests.web.component.review","Mon Mar 23 06:12:36 UTC 2026","passed","Mon Mar 23 06:12:36 UTC 2026","TestReviewComponent","test_review_component","",""
"","0","[WEB] Sign up with invalid data. Case: 'address1' length = min","tests.web.component.auth","Mon Mar 23 05:56:27 UTC 2026","skipped","Mon Mar 23 05:56:27 UTC 2026","TestSignUpWeb","test_signup_component","",""
"","204","[API] Update user should return 200_OK when send update user request with valid data. Case: 'last_name' length = max - 1","tests.api.user","Mon Mar 23 05:55:44 UTC 2026","passed","Mon Mar 23 05:55:44 UTC 2026","TestUpdateUserApi","test_update_user","",""
"","0","[API] Create user should return 400_BAD_REQUEST when send create user request with invalid data. Case: 'email' not contains username","tests.api.user","Mon Mar 23 05:55:35 UTC 2026","skipped","Mon Mar 23 05:55:35 UTC 2026","TestCreateUserApi","test_create_user","",""
"","0","[WEB Component] Should not subscribe with invalid email","tests.web.component.base","Mon Mar 23 06:16:43 UTC 2026","skipped","Mon Mar 23 06:16:43 UTC 2026","TestSubscriptionComponent","test_subscription_component","",""
"","0","[WEB Component] Pay with invalid card should show error message. Case: cvc too long","tests.web.component.payment","Mon Mar 23 06:06:04 UTC 2026","skipped","Mon Mar 23 06:06:04 UTC 2026","TestPaymentComponent","test_payment_component","",""
"","0","[API] Create user should return 400_BAD_REQUEST when send create user request with invalid data. Case: 'birth_day' is absent","tests.api.user","Mon Mar 23 05:55:35 UTC 2026","skipped","Mon Mar 23 05:55:35 UTC 2026","TestCreateUserApi","test_create_user","",""
"","42","[WEB Component] Should have all products expected total price","tests.web.component.product","Mon Mar 23 06:09:39 UTC 2026","passed","Mon Mar 23 06:09:39 UTC 2026","TestProductItem","test_product_item","",""
"","2862","[WEB] Sign up with valid data. Case: 'company' length = min + 1","tests.web.component.auth","Mon Mar 23 06:05:07 UTC 2026","passed","Mon Mar 23 06:05:10 UTC 2026","TestSignUpWeb","test_signup_component","",""
"","0","[API] Update user should return 400_BAD_REQUEST when send update user request with invalid data. Case: 'address1' is empty","tests.api.user","Mon Mar 23 05:55:58 UTC 2026","skipped","Mon Mar 23 05:55:58 UTC 2026","TestUpdateUserApi","test_update_user","",""
"","0","[WEB] Sign up with invalid data. Case: 'address2' length = max","tests.web.component.auth","Mon Mar 23 05:56:27 UTC 2026","skipped","Mon Mar 23 05:56:27 UTC 2026","TestSignUpWeb","test_signup_component","",""
"","177","[API] Update user should return 200_OK when send update user request with valid data. Case: 'first_name' length = max - 1","tests.api.user","Mon Mar 23 05:55:41 UTC 2026","passed","Mon Mar 23 05:55:41 UTC 2026","TestUpdateUserApi","test_update_user","",""
"","1330","[WEB Component] Search filter should have expected screenshot","tests.web.component.filter","Mon Mar 23 06:18:58 UTC 2026","passed","Mon Mar 23 06:18:59 UTC 2026","TestSearchFilter","test_search_filter","",""
"","0","[API] Create user should return 400_BAD_REQUEST when send create user request with invalid data. Case: 'company' length = max + 1","tests.api.user","Mon Mar 23 05:55:35 UTC 2026","skipped","Mon Mar 23 05:55:35 UTC 2026","TestCreateUserApi","test_create_user","",""
"","5402","[WEB Component] Category filter should have expected screenshot when group expanded","tests.web.component.filter","Mon Mar 23 06:18:24 UTC 2026","passed","Mon Mar 23 06:18:29 UTC 2026","TestCategoryFilter","test_category_filter","",""
"","0","[API] Update user should return 400_BAD_REQUEST when send update user request with invalid data. Case: 'email' contains text after domain","tests.api.user","Mon Mar 23 05:55:58 UTC 2026","skipped","Mon Mar 23 05:55:58 UTC 2026","TestUpdateUserApi","test_update_user","",""
"","1923","[WEB] Should add product review with valid data. Case: 'message' length = max","tests.web.component.review","Mon Mar 23 06:13:33 UTC 2026","passed","Mon Mar 23 06:13:35 UTC 2026","TestReviewComponent","test_review_component","",""
"","0","[WEB Component] Pay with invalid card should show error message. Case: expiry month contains letters","tests.web.component.payment","Mon Mar 23 06:06:04 UTC 2026","skipped","Mon Mar 23 06:06:04 UTC 2026","TestPaymentComponent","test_payment_component","",""
"","1747","[WEB Component] Should add product to cart when click on add to cart button multiple times","tests.web.component.product","Mon Mar 23 06:07:38 UTC 2026","passed","Mon Mar 23 06:07:40 UTC 2026","TestProductCard","test_product_details_component","",""
"","0","[API] Create user should return 400_BAD_REQUEST when send create user request with invalid data. Case: 'birth_year' is negative","tests.api.user","Mon Mar 23 05:55:35 UTC 2026","skipped","Mon Mar 23 05:55:35 UTC 2026","TestCreateUserApi","test_create_user","",""
"","0","[API] Update user should return 400_BAD_REQUEST when send update user request with invalid data. Case: 'address1' length = min - 1","tests.api.user","Mon Mar 23 05:55:58 UTC 2026","skipped","Mon Mar 23 05:55:58 UTC 2026","TestUpdateUserApi","test_update_user","",""
"","0","[WEB] Sign up with invalid data. Case: 'city' length = max","tests.web.component.auth","Mon Mar 23 05:56:27 UTC 2026","skipped","Mon Mar 23 05:56:27 UTC 2026","TestSignUpWeb","test_signup_component","",""
"","2903","[WEB] Sign up with valid data. Case: 'birth_month' = 12","tests.web.component.auth","Mon Mar 23 06:03:42 UTC 2026","passed","Mon Mar 23 06:03:45 UTC 2026","TestSignUpWeb","test_signup_component","",""
"","1580","[WEB Component] Pay with valid card should show success status message. Case: valid: expiry month min","tests.web.component.payment","Mon Mar 23 06:05:21 UTC 2026","passed","Mon Mar 23 06:05:23 UTC 2026","TestPaymentComponent","test_payment_component","",""
"","0","[WEB] Sign up with invalid data. Case: 'last_name' length = max - 1","tests.web.component.auth","Mon Mar 23 05:56:27 UTC 2026","skipped","Mon Mar 23 05:56:27 UTC 2026","TestSignUpWeb","test_signup_component","",""
"","870","[WEB] Should add product review with valid data. Case: 'email' has not exists email service","tests.web.component.review","Mon Mar 23 06:11:57 UTC 2026","passed","Mon Mar 23 06:11:58 UTC 2026","TestReviewComponent","test_review_component","",""
"","506","[WEB Component] Animated product card should have expected data","tests.web.component.product","Mon Mar 23 06:19:26 UTC 2026","passed","Mon Mar 23 06:19:26 UTC 2026","TestAnimatedProductCard","test_animated_product_card_component","",""
"","0","[API] Create user should return 400_BAD_REQUEST when send create user request with invalid data. Case: 'email' contains only special symbols","tests.api.user","Mon Mar 23 05:55:35 UTC 2026","skipped","Mon Mar 23 05:55:35 UTC 2026","TestCreateUserApi","test_create_user","",""
"","485","[WEB Component] Should increase all products total price","tests.web.component.product","Mon Mar 23 06:09:59 UTC 2026","passed","Mon Mar 23 06:10:00 UTC 2026","TestProductItem","test_product_item","",""
"","0","[WEB] Sign up with invalid data. Case: 'address1' length = min + 1","tests.web.component.auth","Mon Mar 23 05:56:27 UTC 2026","skipped","Mon Mar 23 05:56:27 UTC 2026","TestSignUpWeb","test_signup_component","",""
"","0","[API] Create user should return 400_BAD_REQUEST when send create user request with invalid data. Case: 'address1' is absent","tests.api.user","Mon Mar 23 05:55:35 UTC 2026","skipped","Mon Mar 23 05:55:35 UTC 2026","TestCreateUserApi","test_create_user","",""
"","0","[WEB] Sign up with invalid data. Case: 'address1' length = max - 1","tests.web.component.auth","Mon Mar 23 05:56:27 UTC 2026","skipped","Mon Mar 23 05:56:27 UTC 2026","TestSignUpWeb","test_signup_component","",""
"","0","[WEB] Sign up with invalid data. Case: 'name' length = min","tests.web.component.auth","Mon Mar 23 05:56:27 UTC 2026","skipped","Mon Mar 23 05:56:27 UTC 2026","TestSignUpWeb","test_signup_component","",""
"","0","[API] Create user should return 400_BAD_REQUEST when send create user request with invalid data. Case: 'first_name' length = min - 1","tests.api.user","Mon Mar 23 05:55:35 UTC 2026","skipped","Mon Mar 23 05:55:35 UTC 2026","TestCreateUserApi","test_create_user","",""
"","173","[API] Update user should return 200_OK when send update user request with valid data. Case: 'name' length = min","tests.api.user","Mon Mar 23 05:55:38 UTC 2026","passed","Mon Mar 23 05:55:38 UTC 2026","TestUpdateUserApi","test_update_user","",""
"","441","[WEB] Should add product review with valid data. Case: 'message' length = min","tests.web.component.review","Mon Mar 23 06:14:36 UTC 2026","passed","Mon Mar 23 06:14:36 UTC 2026","TestReviewComponent","test_review_component","",""
"","9708","[WEB Component] Category filter group should be collapsed after expand another group","tests.web.component.filter","Mon Mar 23 06:19:11 UTC 2026","failed","Mon Mar 23 06:19:20 UTC 2026","TestCategoryFilter","test_category_filter","",""
"","0","[WEB] Sign up with invalid data. Case: 'name' length = min + 1","tests.web.component.auth","Mon Mar 23 05:56:27 UTC 2026","skipped","Mon Mar 23 05:56:27 UTC 2026","TestSignUpWeb","test_signup_component","",""
"","0","[API] Create user should return 400_BAD_REQUEST when send create user request with invalid data. Case: 'email' not contains domain","tests.api.user","Mon Mar 23 05:55:35 UTC 2026","skipped","Mon Mar 23 05:55:35 UTC 2026","TestCreateUserApi","test_create_user","",""
"","141","[API] Create user should return 200_OK when send create user request with valid data. Case: 'birth_month' = 1","tests.api.user","Mon Mar 23 05:55:42 UTC 2026","passed","Mon Mar 23 05:55:42 UTC 2026","TestCreateUserApi","test_create_user","",""
"","0","[WEB Component] Pay with invalid card should show error message. Case: card number contains dashes","tests.web.component.payment","Mon Mar 23 06:06:04 UTC 2026","skipped","Mon Mar 23 06:06:04 UTC 2026","TestPaymentComponent","test_payment_component","",""
"","0","[WEB Component] Pay with invalid card should show error message. Case: name contains non latin characters","tests.web.component.payment","Mon Mar 23 06:06:04 UTC 2026","skipped","Mon Mar 23 06:06:04 UTC 2026","TestPaymentComponent","test_payment_component","",""
"","483","[WEB] Should add product review with valid data. Case: 'name' length = min + 1","tests.web.component.review","Mon Mar 23 06:10:57 UTC 2026","passed","Mon Mar 23 06:10:58 UTC 2026","TestReviewComponent","test_review_component","",""
"","0","[WEB] Sign up with invalid data. Case: 'birth_year' = 1","tests.web.component.auth","Mon Mar 23 05:56:27 UTC 2026","skipped","Mon Mar 23 05:56:27 UTC 2026","TestSignUpWeb","test_signup_component","",""
"","0","[WEB] Should not add product review with invalid data. Case: 'email' not contains username","tests.web.component.review","Mon Mar 23 06:13:35 UTC 2026","skipped","Mon Mar 23 06:13:35 UTC 2026","TestReviewComponent","test_review_component","",""
"","0","[API] Create user should return 400_BAD_REQUEST when send create user request with invalid data. Case: 'name' is empty","tests.api.user","Mon Mar 23 05:55:50 UTC 2026","skipped","Mon Mar 23 05:55:50 UTC 2026","TestCreateUserApi","test_create_user","",""
"","0","[WEB] Sign up with invalid data. Case: 'mobile_number' length = max - 1","tests.web.component.auth","Mon Mar 23 05:56:27 UTC 2026","skipped","Mon Mar 23 05:56:27 UTC 2026","TestSignUpWeb","test_signup_component","",""
"","144","[API] Create user should return 200_OK when send create user request with valid data. Case: 'first_name' length = max","tests.api.user","Mon Mar 23 05:55:39 UTC 2026","passed","Mon Mar 23 05:55:39 UTC 2026","TestCreateUserApi","test_create_user","",""
"","0","[WEB] Sign up with invalid data. Case: 'state' length = max - 1","tests.web.component.auth","Mon Mar 23 05:56:27 UTC 2026","skipped","Mon Mar 23 05:56:27 UTC 2026","TestSignUpWeb","test_signup_component","",""
"","0","[API] Update user should return 400_BAD_REQUEST when send update user request with invalid data. Case: 'city' length = max + 1","tests.api.user","Mon Mar 23 05:55:58 UTC 2026","skipped","Mon Mar 23 05:55:58 UTC 2026","TestUpdateUserApi","test_update_user","",""
"","0","[API] Create user should return 400_BAD_REQUEST when send create user request with invalid data. Case: 'city' is absent","tests.api.user","Mon Mar 23 05:55:35 UTC 2026","skipped","Mon Mar 23 05:55:35 UTC 2026","TestCreateUserApi","test_create_user","",""
"","0","[API] Create user should return 400_BAD_REQUEST when send create user request with invalid data. Case: 'city' length = min - 1","tests.api.user","Mon Mar 23 05:55:35 UTC 2026","skipped","Mon Mar 23 05:55:35 UTC 2026","TestCreateUserApi","test_create_user","",""
"","0","[API] Update user should return 400_BAD_REQUEST when send update user request with invalid data. Case: 'zipcode' length = min - 1","tests.api.user","Mon Mar 23 05:55:58 UTC 2026","skipped","Mon Mar 23 05:55:58 UTC 2026","TestUpdateUserApi","test_update_user","",""
"","0","[WEB] Sign up with invalid data. Case: 'address2' length = min + 1","tests.web.component.auth","Mon Mar 23 05:56:27 UTC 2026","skipped","Mon Mar 23 05:56:27 UTC 2026","TestSignUpWeb","test_signup_component","",""
"","1097","[WEB Component] Should add product to cart when click on add to cart button from overlay","tests.web.component.product","Mon Mar 23 06:06:39 UTC 2026","passed","Mon Mar 23 06:06:40 UTC 2026","TestAnimatedProductCard","test_animated_product_card_component","",""
"","3079","[WEB] Sign up with valid data. Case: 'birth_day' length = 31","tests.web.component.auth","Mon Mar 23 06:02:59 UTC 2026","passed","Mon Mar 23 06:03:02 UTC 2026","TestSignUpWeb","test_signup_component","",""
"","0","[API] Create user should return 400_BAD_REQUEST when send create user request with invalid data. Case: 'address1' length = max + 1","tests.api.user","Mon Mar 23 05:55:35 UTC 2026","skipped","Mon Mar 23 05:55:35 UTC 2026","TestCreateUserApi","test_create_user","",""
"","216","[API] Update user should return 200_OK when send update user request with valid data. Case: 'zipcode' length = min + 1","tests.api.user","Mon Mar 23 05:55:56 UTC 2026","passed","Mon Mar 23 05:55:56 UTC 2026","TestUpdateUserApi","test_update_user","",""
"","222","[API] Update user should return 200_OK when send update user request with valid data. Case: 'address2' length = min","tests.api.user","Mon Mar 23 05:55:53 UTC 2026","passed","Mon Mar 23 05:55:53 UTC 2026","TestUpdateUserApi","test_update_user","",""
"","672","[WEB] Should add product review with valid data. Case: 'email' domain length = 2","tests.web.component.review","Mon Mar 23 06:13:58 UTC 2026","passed","Mon Mar 23 06:13:58 UTC 2026","TestReviewComponent","test_review_component","",""
"","0","[API] Update user should return 400_BAD_REQUEST when send update user request with invalid data. Case: 'email' not contains '@' symbol","tests.api.user","Mon Mar 23 05:55:58 UTC 2026","skipped","Mon Mar 23 05:55:58 UTC 2026","TestUpdateUserApi","test_update_user","",""
"","120","[API] Create user should return 200_OK when send create user request with valid data. Case: 'company' length = max","tests.api.user","Mon Mar 23 05:55:44 UTC 2026","passed","Mon Mar 23 05:55:44 UTC 2026","TestCreateUserApi","test_create_user","",""
"","976","[WEB Component] Should navigate to login page by click 'Signup / Login' button","tests.web.component.base","Mon Mar 23 05:57:58 UTC 2026","passed","Mon Mar 23 05:57:59 UTC 2026","TestHeaderComponent","test_header_component","",""
"","0","[WEB] Sign up with invalid data. Case: 'first_name' length = max","tests.web.component.auth","Mon Mar 23 05:56:27 UTC 2026","skipped","Mon Mar 23 05:56:27 UTC 2026","TestSignUpWeb","test_signup_component","",""
"","2818","[WEB] Sign up with valid data. Case: 'name' length = min","tests.web.component.auth","Mon Mar 23 05:56:51 UTC 2026","passed","Mon Mar 23 05:56:54 UTC 2026","TestSignUpWeb","test_signup_component","",""
"","2849","[WEB] Sign up with valid data. Case: 'state' length = min","tests.web.component.auth","Mon Mar 23 06:06:10 UTC 2026","passed","Mon Mar 23 06:06:13 UTC 2026","TestSignUpWeb","test_signup_component","",""
"","0","[API] Create user should return 400_BAD_REQUEST when send create user request with invalid data. Case: 'state' is absent","tests.api.user","Mon Mar 23 05:55:35 UTC 2026","skipped","Mon Mar 23 05:55:35 UTC 2026","TestCreateUserApi","test_create_user","",""
"","2932","[WEB] Sign up with valid data. Case: 'first_name' length = max","tests.web.component.auth","Mon Mar 23 05:59:23 UTC 2026","passed","Mon Mar 23 05:59:26 UTC 2026","TestSignUpWeb","test_signup_component","",""
"","0","[API] Create user should return 400_BAD_REQUEST when send create user request with invalid data. Case: 'last_name' is empty","tests.api.user","Mon Mar 23 05:55:35 UTC 2026","skipped","Mon Mar 23 05:55:35 UTC 2026","TestCreateUserApi","test_create_user","",""
"","0","[WEB] Should not add product review with invalid data. Case: 'email' is word","tests.web.component.review","Mon Mar 23 06:13:35 UTC 2026","skipped","Mon Mar 23 06:13:35 UTC 2026","TestReviewComponent","test_review_component","",""
"","1459","[WEB Component] Page scroller scroll page to top","tests.web.component.base","Mon Mar 23 06:16:04 UTC 2026","passed","Mon Mar 23 06:16:05 UTC 2026","TestPageScrollerComponent","test_page_scroller_component","",""
"","0","[WEB] Should not add product review with invalid data. Case: 'email' is empty","tests.web.component.review","Mon Mar 23 06:13:35 UTC 2026","skipped","Mon Mar 23 06:13:35 UTC 2026","TestReviewComponent","test_review_component","",""
"","3127","[WEB] Sign up with valid data. Case: 'name' length = min + 1","tests.web.component.auth","Mon Mar 23 05:57:12 UTC 2026","passed","Mon Mar 23 05:57:15 UTC 2026","TestSignUpWeb","test_signup_component","",""
"","0","[API] Update user should return 400_BAD_REQUEST when send update user request with invalid data. Case: 'zipcode' length = max + 1","tests.api.user","Mon Mar 23 05:55:58 UTC 2026","skipped","Mon Mar 23 05:55:58 UTC 2026","TestUpdateUserApi","test_update_user","",""
"","214","[API] Update user should return 200_OK when send update user request with valid data. Case: 'city' length = min + 1","tests.api.user","Mon Mar 23 05:55:56 UTC 2026","passed","Mon Mar 23 05:55:57 UTC 2026","TestUpdateUserApi","test_update_user","",""
"","2267","[WEB Component] Image Carousel should show first image when scroll right on last image","tests.web.component.carousel","Mon Mar 23 06:16:45 UTC 2026","passed","Mon Mar 23 06:16:47 UTC 2026","TestImageCarousel","test_image_carousel","",""
"","2981","[WEB] Sign up with valid data. Case: 'city' length = min + 1","tests.web.component.auth","Mon Mar 23 06:08:01 UTC 2026","passed","Mon Mar 23 06:08:04 UTC 2026","TestSignUpWeb","test_signup_component","",""
"","0","[WEB] Sign up with invalid data. Case: 'last_name' length = min","tests.web.component.auth","Mon Mar 23 05:56:27 UTC 2026","skipped","Mon Mar 23 05:56:27 UTC 2026","TestSignUpWeb","test_signup_component","",""
"","251","[API] Delete user should return 404_NOT_FOUND when send delete user request and user not exists","tests.api.user","Mon Mar 23 05:55:36 UTC 2026","passed","Mon Mar 23 05:55:37 UTC 2026","TestDeleteUserApi","test_delete_user","",""
