"DESCRIPTION","DURATION IN MS","NAME","PARENT SUITE","START TIME","STATUS","STOP TIME","SUB SUITE","SUITE","TEST CLASS","TEST METHOD"
"","1477","[WEB Component] Should navigate to main page by click on header logo","tests.web.component.base","Mon Apr 20 06:34:59 UTC 2026","passed","Mon Apr 20 06:35:00 UTC 2026","TestHeaderComponent","test_header_component","",""
"","6536","[WEB] Sign up with valid data. Case: 'address2' length = max - 1","tests.web.component.auth","Mon Apr 20 06:51:20 UTC 2026","passed","Mon Apr 20 06:51:27 UTC 2026","TestSignUpWeb","test_signup_component","",""
"","0","[WEB] Should not add product review with invalid data. Case: 'email' not contains domain","tests.web.component.review","Mon Apr 20 06:55:01 UTC 2026","skipped","Mon Apr 20 06:55:01 UTC 2026","TestReviewComponent","test_review_component","",""
"","5457","[WEB Component] Search filter should return empty products catalog","tests.web.component.filter","Mon Apr 20 06:40:24 UTC 2026","passed","Mon Apr 20 06:40:30 UTC 2026","TestSearchFilter","test_search_filter","",""
"","0","[WEB] Sign up with invalid data. Case: 'address2' length = max - 1","tests.web.component.auth","Mon Apr 20 06:34:41 UTC 2026","skipped","Mon Apr 20 06:34:41 UTC 2026","TestSignUpWeb","test_signup_component","",""
"","0","[WEB] Sign up with invalid data. Case: 'last_name' length = min","tests.web.component.auth","Mon Apr 20 06:34:41 UTC 2026","skipped","Mon Apr 20 06:34:41 UTC 2026","TestSignUpWeb","test_signup_component","",""
"","0","[API] Update user should return 400_BAD_REQUEST when send update user request with invalid data. Case: 'name' length = min - 1","tests.api.user","Mon Apr 20 06:34:06 UTC 2026","skipped","Mon Apr 20 06:34:06 UTC 2026","TestUpdateUserApi","test_update_user","",""
"","152","[API] Create user should return 200_OK when send create user request with valid data. Case: 'state' length = min","tests.api.user","Mon Apr 20 06:33:30 UTC 2026","passed","Mon Apr 20 06:33:31 UTC 2026","TestCreateUserApi","test_create_user","",""
"","532","[API] Create user should return 200_OK when send create user request with valid data. Case: 'address1' length = min","tests.api.user","Mon Apr 20 06:33:35 UTC 2026","passed","Mon Apr 20 06:33:36 UTC 2026","TestCreateUserApi","test_create_user","",""
"","720","[WEB Component] Should remove product from cart","tests.web.component.product","Mon Apr 20 06:49:52 UTC 2026","passed","Mon Apr 20 06:49:53 UTC 2026","TestProductItem","test_product_item","",""
"","529","[WEB] Should add product review with valid data. Case: 'email' contains subdomain","tests.web.component.review","Mon Apr 20 06:53:37 UTC 2026","passed","Mon Apr 20 06:53:37 UTC 2026","TestReviewComponent","test_review_component","",""
"","657","[WEB Component] Should delete user name by click on 'Delete Account' button","tests.web.component.base","Mon Apr 20 06:37:00 UTC 2026","passed","Mon Apr 20 06:37:01 UTC 2026","TestHeaderComponent","test_header_component","",""
"","423","[API] Create user should return 200_OK when send create user request with valid data. Case: 'birth_year' = 1","tests.api.user","Mon Apr 20 06:33:27 UTC 2026","passed","Mon Apr 20 06:33:27 UTC 2026","TestCreateUserApi","test_create_user","",""
"","5867","[WEB] Sign up with valid data. Case: 'city' length = max","tests.web.component.auth","Mon Apr 20 06:48:19 UTC 2026","passed","Mon Apr 20 06:48:25 UTC 2026","TestSignUpWeb","test_signup_component","",""
"","0","[API] Update user should return 400_BAD_REQUEST when send update user request with invalid data. Case: 'address1' is empty","tests.api.user","Mon Apr 20 06:34:06 UTC 2026","skipped","Mon Apr 20 06:34:06 UTC 2026","TestUpdateUserApi","test_update_user","",""
"","212","[API] Create user should return 200_OK when send create user request with valid data. Case: 'first_name' length = max","tests.api.user","Mon Apr 20 06:33:19 UTC 2026","passed","Mon Apr 20 06:33:19 UTC 2026","TestCreateUserApi","test_create_user","",""
"","263","[API] Create user should return 200_OK when send create user request with valid data. Case: 'birth_day' = 1","tests.api.user","Mon Apr 20 06:33:24 UTC 2026","passed","Mon Apr 20 06:33:25 UTC 2026","TestCreateUserApi","test_create_user","",""
"","0","[WEB Component] Pay with invalid card should show error message. Case: cvc contains special characters","tests.web.component.payment","Mon Apr 20 06:45:57 UTC 2026","skipped","Mon Apr 20 06:45:57 UTC 2026","TestPaymentComponent","test_payment_component","",""
"","2496","[WEB Component] Should increase product item quantity","tests.web.component.product","Mon Apr 20 06:49:13 UTC 2026","passed","Mon Apr 20 06:49:15 UTC 2026","TestProductItem","test_product_item","",""
"","599","[API] Update user should return 200_OK when send update user request with valid data. Case: 'address2' length = min","tests.api.user","Mon Apr 20 06:33:50 UTC 2026","passed","Mon Apr 20 06:33:50 UTC 2026","TestUpdateUserApi","test_update_user","",""
"","0","[WEB] Sign up with invalid data. Case: 'mobile_number' length = max - 1","tests.web.component.auth","Mon Apr 20 06:34:41 UTC 2026","skipped","Mon Apr 20 06:34:41 UTC 2026","TestSignUpWeb","test_signup_component","",""
"","520","[API] Get products should return 200_OK and contains expected product title","tests.api.product","Mon Apr 20 06:33:14 UTC 2026","passed","Mon Apr 20 06:33:15 UTC 2026","TestProductApi","test_product","",""
"","425","[API] Create user should return 200_OK when send create user request with valid data. Case: 'company' length = min + 1","tests.api.user","Mon Apr 20 06:33:29 UTC 2026","passed","Mon Apr 20 06:33:29 UTC 2026","TestCreateUserApi","test_create_user","",""
"","5416","[WEB] Sign up with valid data. Case: 'birth_month' = 12","tests.web.component.auth","Mon Apr 20 06:42:36 UTC 2026","passed","Mon Apr 20 06:42:42 UTC 2026","TestSignUpWeb","test_signup_component","",""
"","767","[WEB] Should have expected screenshot when send review","tests.web.component.review","Mon Apr 20 07:02:04 UTC 2026","passed","Mon Apr 20 07:02:05 UTC 2026","TestReviewComponent","test_review_component","",""
"","0","[WEB] Should not add product review with invalid data. Case: 'name' length = min - 1","tests.web.component.review","Mon Apr 20 06:55:01 UTC 2026","skipped","Mon Apr 20 06:55:01 UTC 2026","TestReviewComponent","test_review_component","",""
"","0","[API] Create user should return 400_BAD_REQUEST when send create user request with invalid data. Case: 'city' length = max + 1","tests.api.user","Mon Apr 20 06:33:11 UTC 2026","skipped","Mon Apr 20 06:33:11 UTC 2026","TestCreateUserApi","test_create_user","",""
"","473","[API] Update user should return 200_OK when send update user request with valid data. Case: 'name' length = max - 1","tests.api.user","Mon Apr 20 06:33:18 UTC 2026","passed","Mon Apr 20 06:33:19 UTC 2026","TestUpdateUserApi","test_update_user","",""
"","0","[API] Create user should return 400_BAD_REQUEST when send create user request with invalid data. Case: 'address1' is empty","tests.api.user","Mon Apr 20 06:33:11 UTC 2026","skipped","Mon Apr 20 06:33:11 UTC 2026","TestCreateUserApi","test_create_user","",""
"","0","[API] Create user should return 400_BAD_REQUEST when send create user request with invalid data. Case: 'last_name' is absent","tests.api.user","Mon Apr 20 06:33:10 UTC 2026","skipped","Mon Apr 20 06:33:10 UTC 2026","TestCreateUserApi","test_create_user","",""
"","486","[WEB] Should add product review with valid data. Case: 'email' username is numerical","tests.web.component.review","Mon Apr 20 06:53:26 UTC 2026","passed","Mon Apr 20 06:53:26 UTC 2026","TestReviewComponent","test_review_component","",""
"","0","[WEB Component] Pay with invalid card should show error message. Case: card number contains letters","tests.web.component.payment","Mon Apr 20 06:45:57 UTC 2026","skipped","Mon Apr 20 06:45:57 UTC 2026","TestPaymentComponent","test_payment_component","",""
"","0","[WEB Component] Pay with invalid card should show error message. Case: expiry month one digit","tests.web.component.payment","Mon Apr 20 06:45:57 UTC 2026","skipped","Mon Apr 20 06:45:57 UTC 2026","TestPaymentComponent","test_payment_component","",""
"","2093","[WEB Component] Should not add negative products count to cart when click on add to cart button","tests.web.component.product","Mon Apr 20 06:48:18 UTC 2026","passed","Mon Apr 20 06:48:20 UTC 2026","TestProductCard","test_product_details_component","",""
"","5480","[WEB] Sign up with valid data. Case: 'birth_year' = 10000","tests.web.component.auth","Mon Apr 20 06:43:24 UTC 2026","passed","Mon Apr 20 06:43:30 UTC 2026","TestSignUpWeb","test_signup_component","",""
"","0","[WEB] Sign up with invalid data. Case: 'birth_year' = 1","tests.web.component.auth","Mon Apr 20 06:34:41 UTC 2026","skipped","Mon Apr 20 06:34:41 UTC 2026","TestSignUpWeb","test_signup_component","",""
"","0","[API] Update user should return 400_BAD_REQUEST when send update user request with invalid data. Case: 'last_name' length = max + 1","tests.api.user","Mon Apr 20 06:34:06 UTC 2026","skipped","Mon Apr 20 06:34:06 UTC 2026","TestUpdateUserApi","test_update_user","",""
"","0","[API] Create user should return 400_BAD_REQUEST when send create user request with invalid data. Case: 'birth_day' is zero","tests.api.user","Mon Apr 20 06:33:10 UTC 2026","skipped","Mon Apr 20 06:33:10 UTC 2026","TestCreateUserApi","test_create_user","",""
"","0","[API] Create user should return 400_BAD_REQUEST when send create user request with invalid data. Case: 'birth_year' is invalid positive","tests.api.user","Mon Apr 20 06:33:10 UTC 2026","skipped","Mon Apr 20 06:33:10 UTC 2026","TestCreateUserApi","test_create_user","",""
"","294","[API] Update user should return 200_OK when send update user request with valid data. Case: 'birth_day' = 1","tests.api.user","Mon Apr 20 06:33:35 UTC 2026","passed","Mon Apr 20 06:33:35 UTC 2026","TestUpdateUserApi","test_update_user","",""
"","454","[WEB] Should add product review with valid data. Case: 'message' length = min","tests.web.component.review","Mon Apr 20 06:55:06 UTC 2026","passed","Mon Apr 20 06:55:07 UTC 2026","TestReviewComponent","test_review_component","",""
"","295","[API] Update user should return 200_OK when send update user request with valid data. Case: 'first_name' length = min","tests.api.user","Mon Apr 20 06:33:20 UTC 2026","passed","Mon Apr 20 06:33:21 UTC 2026","TestUpdateUserApi","test_update_user","",""
"","0","[API] Update user should return 400_BAD_REQUEST when send update user request with invalid data. Case: 'email' contains mail server as ip and port","tests.api.user","Mon Apr 20 06:34:06 UTC 2026","skipped","Mon Apr 20 06:34:06 UTC 2026","TestUpdateUserApi","test_update_user","",""
"","6001","[WEB] Sign up with valid data. Case: 'birth_day' = 1","tests.web.component.auth","Mon Apr 20 06:41:22 UTC 2026","passed","Mon Apr 20 06:41:28 UTC 2026","TestSignUpWeb","test_signup_component","",""
"","0","[WEB] Sign up with invalid data. Case: 'company' length = max - 1","tests.web.component.auth","Mon Apr 20 06:34:41 UTC 2026","skipped","Mon Apr 20 06:34:41 UTC 2026","TestSignUpWeb","test_signup_component","",""
"","0","[WEB Component] Pay with invalid card should show error message. Case: name contains leading spaces","tests.web.component.payment","Mon Apr 20 06:45:57 UTC 2026","skipped","Mon Apr 20 06:45:57 UTC 2026","TestPaymentComponent","test_payment_component","",""
"","372","[API] Update user should return 200_OK when send update user request with valid data. Case: 'name' length = min","tests.api.user","Mon Apr 20 06:33:16 UTC 2026","passed","Mon Apr 20 06:33:16 UTC 2026","TestUpdateUserApi","test_update_user","",""
"","4543","[WEB] Sign up with valid data. Case: 'mobile_number' length = max - 1","tests.web.component.auth","Mon Apr 20 06:40:31 UTC 2026","passed","Mon Apr 20 06:40:36 UTC 2026","TestSignUpWeb","test_signup_component","",""
"","311","[API] Update user should return 200_OK when send update user request with valid data. Case: 'state' length = min","tests.api.user","Mon Apr 20 06:33:48 UTC 2026","passed","Mon Apr 20 06:33:48 UTC 2026","TestUpdateUserApi","test_update_user","",""
"","0","[WEB Component] Pay with invalid card should show error message. Case: name only spaces","tests.web.component.payment","Mon Apr 20 06:45:57 UTC 2026","skipped","Mon Apr 20 06:45:57 UTC 2026","TestPaymentComponent","test_payment_component","",""
"","0","[WEB Component] Pay with invalid card should show error message. Case: name length = min - 1","tests.web.component.payment","Mon Apr 20 06:45:57 UTC 2026","skipped","Mon Apr 20 06:45:57 UTC 2026","TestPaymentComponent","test_payment_component","",""
"","0","[WEB] Sign up with invalid data. Case: 'city' length = max - 1","tests.web.component.auth","Mon Apr 20 06:34:41 UTC 2026","skipped","Mon Apr 20 06:34:41 UTC 2026","TestSignUpWeb","test_signup_component","",""
"","582","[WEB] Should add product review with valid data. Case: 'email' has not exists email service","tests.web.component.review","Mon Apr 20 06:53:16 UTC 2026","passed","Mon Apr 20 06:53:16 UTC 2026","TestReviewComponent","test_review_component","",""
"","288","[API] Update user should return 200_OK when send update user request with valid data. Case: 'address1' length = min + 1","tests.api.user","Mon Apr 20 06:33:46 UTC 2026","passed","Mon Apr 20 06:33:46 UTC 2026","TestUpdateUserApi","test_update_user","",""
"","0","[WEB Component] Pay with invalid card should show error message. Case: cvc only spaces","tests.web.component.payment","Mon Apr 20 06:45:57 UTC 2026","skipped","Mon Apr 20 06:45:57 UTC 2026","TestPaymentComponent","test_payment_component","",""
"","0","[WEB Component] Pay with invalid card should show error message. Case: card number all zeros","tests.web.component.payment","Mon Apr 20 06:45:57 UTC 2026","skipped","Mon Apr 20 06:45:57 UTC 2026","TestPaymentComponent","test_payment_component","",""
"","0","[WEB] Should not add product review with invalid data. Case: 'email' contains invalid top level domain web","tests.web.component.review","Mon Apr 20 06:55:01 UTC 2026","skipped","Mon Apr 20 06:55:01 UTC 2026","TestReviewComponent","test_review_component","",""
"","0","[WEB] Sign up with invalid data. Case: 'name' length = max","tests.web.component.auth","Mon Apr 20 06:34:41 UTC 2026","skipped","Mon Apr 20 06:34:41 UTC 2026","TestSignUpWeb","test_signup_component","",""
"","269","[API] Update user should return 200_OK when send update user request with valid data. Case: 'mobile_number' length = min + 1","tests.api.user","Mon Apr 20 06:33:31 UTC 2026","passed","Mon Apr 20 06:33:31 UTC 2026","TestUpdateUserApi","test_update_user","",""
"","363","[API] Update user should return 200_OK when send update user request with valid data. Case: 'first_name' length = min + 1","tests.api.user","Mon Apr 20 06:33:22 UTC 2026","passed","Mon Apr 20 06:33:22 UTC 2026","TestUpdateUserApi","test_update_user","",""
"","1005","[API] Update user should return 200_OK when send update user request with valid data. Case: 'address2' length = max - 1","tests.api.user","Mon Apr 20 06:33:54 UTC 2026","passed","Mon Apr 20 06:33:55 UTC 2026","TestUpdateUserApi","test_update_user","",""
"","964","[WEB Component] Should have expected success status message after sending contact info","tests.web.component.base","Mon Apr 20 06:38:26 UTC 2026","passed","Mon Apr 20 06:38:27 UTC 2026","TestSubscriptionComponent","test_subscription_component","",""
"","0","[API] Update user should return 400_BAD_REQUEST when send update user request with invalid data. Case: 'birth_month' is invalid positive","tests.api.user","Mon Apr 20 06:34:06 UTC 2026","skipped","Mon Apr 20 06:34:06 UTC 2026","TestUpdateUserApi","test_update_user","",""
"","0","[API] Update user should return 400_BAD_REQUEST when send update user request with invalid data. Case: 'address2' length = min - 1","tests.api.user","Mon Apr 20 06:34:01 UTC 2026","skipped","Mon Apr 20 06:34:01 UTC 2026","TestUpdateUserApi","test_update_user","",""
"","0","[API] Create user should return 400_BAD_REQUEST when send create user request with invalid data. Case: 'email' contains mail server as ip and port","tests.api.user","Mon Apr 20 06:33:10 UTC 2026","skipped","Mon Apr 20 06:33:10 UTC 2026","TestCreateUserApi","test_create_user","",""
"","0","[API] Update user should return 400_BAD_REQUEST when send update user request with invalid data. Case: 'email' contains '.' before dog symbol","tests.api.user","Mon Apr 20 06:34:06 UTC 2026","skipped","Mon Apr 20 06:34:06 UTC 2026","TestUpdateUserApi","test_update_user","",""
"","5846","[WEB] Sign up with valid data. Case: 'birth_day' length = 31","tests.web.component.auth","Mon Apr 20 06:41:47 UTC 2026","passed","Mon Apr 20 06:41:53 UTC 2026","TestSignUpWeb","test_signup_component","",""
"","281","[API] Update user should return 200_OK when send update user request with valid data. Case: 'mobile_number' length = min","tests.api.user","Mon Apr 20 06:33:30 UTC 2026","passed","Mon Apr 20 06:33:30 UTC 2026","TestUpdateUserApi","test_update_user","",""
"","0","[WEB] Sign up with invalid data. Case: 'address1' length = max","tests.web.component.auth","Mon Apr 20 06:34:41 UTC 2026","skipped","Mon Apr 20 06:34:41 UTC 2026","TestSignUpWeb","test_signup_component","",""
"","5224","[WEB] Sign up with valid data. Case: 'zipcode' length = max","tests.web.component.auth","Mon Apr 20 06:34:35 UTC 2026","passed","Mon Apr 20 06:34:40 UTC 2026","TestSignUpWeb","test_signup_component","",""
"","313","[API] Update user should return 200_OK when send update user request with valid data. Case: 'birth_year' = 10000","tests.api.user","Mon Apr 20 06:33:41 UTC 2026","passed","Mon Apr 20 06:33:42 UTC 2026","TestUpdateUserApi","test_update_user","",""
"","707","[API] Update user should return 200_OK when send update user request with valid data. Case: 'city' length = min + 1","tests.api.user","Mon Apr 20 06:33:57 UTC 2026","passed","Mon Apr 20 06:33:58 UTC 2026","TestUpdateUserApi","test_update_user","",""
"","0","[API] Update user should return 400_BAD_REQUEST when send update user request with invalid data. Case: 'name' is absent","tests.api.user","Mon Apr 20 06:34:06 UTC 2026","skipped","Mon Apr 20 06:34:06 UTC 2026","TestUpdateUserApi","test_update_user","",""
"","0","[WEB] Sign up with invalid data. Case: 'zipcode' length = max","tests.web.component.auth","Mon Apr 20 06:34:41 UTC 2026","skipped","Mon Apr 20 06:34:41 UTC 2026","TestSignUpWeb","test_signup_component","",""
"","0","[API] Update user should return 400_BAD_REQUEST when send update user request with invalid data. Case: 'first_name' is empty","tests.api.user","Mon Apr 20 06:34:06 UTC 2026","skipped","Mon Apr 20 06:34:06 UTC 2026","TestUpdateUserApi","test_update_user","",""
"","0","[WEB Component] Pay with invalid card should show error message. Case: expiry month only spaces","tests.web.component.payment","Mon Apr 20 06:45:57 UTC 2026","skipped","Mon Apr 20 06:45:57 UTC 2026","TestPaymentComponent","test_payment_component","",""
"","335","[API] Update user should return 200_OK when send update user request with valid data. Case: 'zipcode' length = min","tests.api.user","Mon Apr 20 06:33:58 UTC 2026","passed","Mon Apr 20 06:33:59 UTC 2026","TestUpdateUserApi","test_update_user","",""
"","0","[WEB] Should not add product review with invalid data. Case: 'email' is word","tests.web.component.review","Mon Apr 20 06:55:01 UTC 2026","skipped","Mon Apr 20 06:55:01 UTC 2026","TestReviewComponent","test_review_component","",""
"","4443","[WEB] Sign up with valid data. Case: 'last_name' length = max","tests.web.component.auth","Mon Apr 20 06:39:18 UTC 2026","passed","Mon Apr 20 06:39:22 UTC 2026","TestSignUpWeb","test_signup_component","",""
"","0","[API] Update user should return 400_BAD_REQUEST when send update user request with invalid data. Case: 'address2' length = max + 1","tests.api.user","Mon Apr 20 06:34:01 UTC 2026","skipped","Mon Apr 20 06:34:01 UTC 2026","TestUpdateUserApi","test_update_user","",""
"","4336","[WEB] Sign up with valid data. Case: 'last_name' length = min + 1","tests.web.component.auth","Mon Apr 20 06:38:32 UTC 2026","passed","Mon Apr 20 06:38:36 UTC 2026","TestSignUpWeb","test_signup_component","",""
"","0","[API] Create user should return 400_BAD_REQUEST when send create user request with invalid data. Case: 'email' contains domain with one letter","tests.api.user","Mon Apr 20 06:33:10 UTC 2026","skipped","Mon Apr 20 06:33:10 UTC 2026","TestCreateUserApi","test_create_user","",""
"","2489","[WEB Component] Should add product to cart when click on add to cart button multiple times","tests.web.component.product","Mon Apr 20 06:47:36 UTC 2026","passed","Mon Apr 20 06:47:39 UTC 2026","TestProductCard","test_product_details_component","",""
"","0","[API] Create user should return 400_BAD_REQUEST when send create user request with invalid data. Case: 'birth_month' is zero","tests.api.user","Mon Apr 20 06:33:10 UTC 2026","skipped","Mon Apr 20 06:33:10 UTC 2026","TestCreateUserApi","test_create_user","",""
"","238","[API] Create user should return 200_OK when send create user request with valid data. Case: 'birth_day' length = 31","tests.api.user","Mon Apr 20 06:33:25 UTC 2026","passed","Mon Apr 20 06:33:25 UTC 2026","TestCreateUserApi","test_create_user","",""
"","1990","[WEB Component] Product carousel should have expected product","tests.web.component.carousel","Mon Apr 20 06:38:45 UTC 2026","failed","Mon Apr 20 06:38:47 UTC 2026","TestProductCarousel","test_product_carousel","",""
"","0","[API] Create user should return 400_BAD_REQUEST when send create user request with invalid data. Case: 'email' contains multiple '@' symbols","tests.api.user","Mon Apr 20 06:33:10 UTC 2026","skipped","Mon Apr 20 06:33:10 UTC 2026","TestCreateUserApi","test_create_user","",""
"","840","test_get_all_products","tests.api.product","Mon Apr 20 06:33:13 UTC 2026","passed","Mon Apr 20 06:33:14 UTC 2026","TestProductApi","test_product","",""
"","0","[WEB] Sign up with invalid data. Case: 'company' length = min + 1","tests.web.component.auth","Mon Apr 20 06:34:41 UTC 2026","skipped","Mon Apr 20 06:34:41 UTC 2026","TestSignUpWeb","test_signup_component","",""
"","0","[WEB] Should not add product review with invalid data. Case: 'email' contains text before username","tests.web.component.review","Mon Apr 20 06:55:01 UTC 2026","skipped","Mon Apr 20 06:55:01 UTC 2026","TestReviewComponent","test_review_component","",""
"","9164","[WEB Component] Can download invoice multiple times","tests.web.component.payment","Mon Apr 20 06:41:24 UTC 2026","passed","Mon Apr 20 06:41:33 UTC 2026","TestPaymentComponent","test_invoice_file","",""
"","0","[API] Update user should return 400_BAD_REQUEST when send update user request with invalid data. Case: 'zipcode' is empty","tests.api.user","Mon Apr 20 06:34:01 UTC 2026","skipped","Mon Apr 20 06:34:01 UTC 2026","TestUpdateUserApi","test_update_user","",""
"","0","[WEB Component] Pay with invalid card should show error message. Case: name contains digits","tests.web.component.payment","Mon Apr 20 06:45:57 UTC 2026","skipped","Mon Apr 20 06:45:57 UTC 2026","TestPaymentComponent","test_payment_component","",""
"","0","[API] Create user should return 400_BAD_REQUEST when send create user request with invalid data. Case: 'address1' is absent","tests.api.user","Mon Apr 20 06:33:11 UTC 2026","skipped","Mon Apr 20 06:33:11 UTC 2026","TestCreateUserApi","test_create_user","",""
"","0","[API] Update user should return 400_BAD_REQUEST when send update user request with invalid data. Case: 'email' contains invalid top level domain web","tests.api.user","Mon Apr 20 06:34:06 UTC 2026","skipped","Mon Apr 20 06:34:06 UTC 2026","TestUpdateUserApi","test_update_user","",""
"","550","Should return user not found when user password invalid","tests.api.user","Mon Apr 20 06:34:06 UTC 2026","passed","Mon Apr 20 06:34:06 UTC 2026","TestVerifyLoginApi","test_verify_login","",""
"","0","[API] Create user should return 400_BAD_REQUEST when send create user request with invalid data. Case: 'state' is absent","tests.api.user","Mon Apr 20 06:33:11 UTC 2026","skipped","Mon Apr 20 06:33:11 UTC 2026","TestCreateUserApi","test_create_user","",""
"","0","[WEB] Sign up with invalid data. Case: 'zipcode' length = max - 1","tests.web.component.auth","Mon Apr 20 06:34:41 UTC 2026","skipped","Mon Apr 20 06:34:41 UTC 2026","TestSignUpWeb","test_signup_component","",""
"","0","[API] Update user should return 400_BAD_REQUEST when send update user request with invalid data. Case: 'city' length = min - 1","tests.api.user","Mon Apr 20 06:34:06 UTC 2026","skipped","Mon Apr 20 06:34:06 UTC 2026","TestUpdateUserApi","test_update_user","",""
"","439","[API] Update user should return 200_OK when send update user request with valid data. Case: 'zipcode' length = min + 1","tests.api.user","Mon Apr 20 06:34:00 UTC 2026","passed","Mon Apr 20 06:34:00 UTC 2026","TestUpdateUserApi","test_update_user","",""
"","0","[API] Update user should return 400_BAD_REQUEST when send update user request with invalid data. Case: 'birth_month' is zero","tests.api.user","Mon Apr 20 06:34:06 UTC 2026","skipped","Mon Apr 20 06:34:06 UTC 2026","TestUpdateUserApi","test_update_user","",""
"","0","[API] Create user should return 400_BAD_REQUEST when send create user request with invalid data. Case: 'zipcode' is absent","tests.api.user","Mon Apr 20 06:33:11 UTC 2026","skipped","Mon Apr 20 06:33:11 UTC 2026","TestCreateUserApi","test_create_user","",""
"","305","[API] Create user should return 400_BAD_REQUEST when send create user request with existing email","tests.api.user","Mon Apr 20 06:33:11 UTC 2026","passed","Mon Apr 20 06:33:12 UTC 2026","TestCreateUserApi","test_create_user","",""
"","0","[WEB] Sign up with invalid data. Case: 'state' length = max","tests.web.component.auth","Mon Apr 20 06:34:41 UTC 2026","skipped","Mon Apr 20 06:34:41 UTC 2026","TestSignUpWeb","test_signup_component","",""
"","589","[WEB Component] Should add product to cart when click on add to cart button","tests.web.component.product","Mon Apr 20 06:46:16 UTC 2026","passed","Mon Apr 20 06:46:17 UTC 2026","TestAnimatedProductCard","test_animated_product_card_component","",""
"","0","[WEB] Sign up with invalid data. Case: 'first_name' length = min + 1","tests.web.component.auth","Mon Apr 20 06:34:41 UTC 2026","skipped","Mon Apr 20 06:34:41 UTC 2026","TestSignUpWeb","test_signup_component","",""
"","1669","[WEB Component] Should add product to cart when click on add to cart button from overlay","tests.web.component.product","Mon Apr 20 06:46:36 UTC 2026","passed","Mon Apr 20 06:46:38 UTC 2026","TestAnimatedProductCard","test_animated_product_card_component","",""
"","1217","[WEB Component] Image Carousel should show last image when scroll left on first image","tests.web.component.carousel","Mon Apr 20 06:59:06 UTC 2026","passed","Mon Apr 20 06:59:08 UTC 2026","TestImageCarousel","test_image_carousel","",""
"","4369","[WEB] Sign up with valid data. Case: 'first_name' length = max","tests.web.component.auth","Mon Apr 20 06:37:45 UTC 2026","passed","Mon Apr 20 06:37:49 UTC 2026","TestSignUpWeb","test_signup_component","",""
"","0","[WEB Component] Pay with invalid card should show error message. Case: name contains non latin characters","tests.web.component.payment","Mon Apr 20 06:45:57 UTC 2026","skipped","Mon Apr 20 06:45:57 UTC 2026","TestPaymentComponent","test_payment_component","",""
"","0","[API] Update user should return 400_BAD_REQUEST when send update user request with invalid data. Case: 'birth_month' is absent","tests.api.user","Mon Apr 20 06:34:06 UTC 2026","skipped","Mon Apr 20 06:34:06 UTC 2026","TestUpdateUserApi","test_update_user","",""
"","0","[API] Create user should return 400_BAD_REQUEST when send create user request with invalid data. Case: 'email' contains text before username","tests.api.user","Mon Apr 20 06:33:10 UTC 2026","skipped","Mon Apr 20 06:33:10 UTC 2026","TestCreateUserApi","test_create_user","",""
"","556","[WEB] Should add product review with valid data. Case: 'message' length = min + 1","tests.web.component.review","Mon Apr 20 06:55:28 UTC 2026","passed","Mon Apr 20 06:55:29 UTC 2026","TestReviewComponent","test_review_component","",""
"","0","[WEB] Sign up with invalid data. Case: 'company' length = min","tests.web.component.auth","Mon Apr 20 06:34:41 UTC 2026","skipped","Mon Apr 20 06:34:41 UTC 2026","TestSignUpWeb","test_signup_component","",""
"","0","[API] Update user should return 400_BAD_REQUEST when send update user request with invalid data. Case: 'city' is absent","tests.api.user","Mon Apr 20 06:34:06 UTC 2026","skipped","Mon Apr 20 06:34:06 UTC 2026","TestUpdateUserApi","test_update_user","",""
"","394","[API] Update user should return 200_OK when send update user request with valid data. Case: 'last_name' length = max - 1","tests.api.user","Mon Apr 20 06:33:28 UTC 2026","passed","Mon Apr 20 06:33:28 UTC 2026","TestUpdateUserApi","test_update_user","",""
"","5678","[WEB] Sign up with valid data. Case: 'first_name' length = max - 1","tests.web.component.auth","Mon Apr 20 06:37:20 UTC 2026","passed","Mon Apr 20 06:37:25 UTC 2026","TestSignUpWeb","test_signup_component","",""
"","0","[API] Create user should return 400_BAD_REQUEST when send create user request with invalid data. Case: 'email' contains '.' before dog symbol","tests.api.user","Mon Apr 20 06:33:10 UTC 2026","skipped","Mon Apr 20 06:33:10 UTC 2026","TestCreateUserApi","test_create_user","",""
"","129","test_search_products_returns_empty_array","tests.api.product","Mon Apr 20 06:33:15 UTC 2026","passed","Mon Apr 20 06:33:15 UTC 2026","TestProductApi","test_product","",""
"","4944","[WEB] Sign up with valid data. Case: 'birth_month' = 1","tests.web.component.auth","Mon Apr 20 06:42:12 UTC 2026","passed","Mon Apr 20 06:42:17 UTC 2026","TestSignUpWeb","test_signup_component","",""
"","334","[API] Update user should return 200_OK when send update user request with valid data. Case: 'name' length = max","tests.api.user","Mon Apr 20 06:33:19 UTC 2026","passed","Mon Apr 20 06:33:19 UTC 2026","TestUpdateUserApi","test_update_user","",""
"","0","[WEB] Should not add product review with invalid data. Case: 'email' contains '.' before dog symbol","tests.web.component.review","Mon Apr 20 06:55:01 UTC 2026","skipped","Mon Apr 20 06:55:01 UTC 2026","TestReviewComponent","test_review_component","",""
"","591","[WEB Component] Should navigate to login page by click 'Signup / Login' button","tests.web.component.base","Mon Apr 20 06:36:14 UTC 2026","passed","Mon Apr 20 06:36:15 UTC 2026","TestHeaderComponent","test_header_component","",""
"","0","[API] Create user should return 400_BAD_REQUEST when send create user request with invalid data. Case: 'email' not contains domain","tests.api.user","Mon Apr 20 06:33:10 UTC 2026","skipped","Mon Apr 20 06:33:10 UTC 2026","TestCreateUserApi","test_create_user","",""
"","289","[API] Update user should return 200_OK when send update user request with valid data. Case: 'company' length = min + 1","tests.api.user","Mon Apr 20 06:33:44 UTC 2026","passed","Mon Apr 20 06:33:45 UTC 2026","TestUpdateUserApi","test_update_user","",""
"","0","[API] Update user should return 400_BAD_REQUEST when send update user request with invalid data. Case: 'name' is empty","tests.api.user","Mon Apr 20 06:34:06 UTC 2026","skipped","Mon Apr 20 06:34:06 UTC 2026","TestUpdateUserApi","test_update_user","",""
"","415","[API] Create user should return 200_OK when send create user request with valid data. Case: 'company' length = min","tests.api.user","Mon Apr 20 06:33:28 UTC 2026","passed","Mon Apr 20 06:33:29 UTC 2026","TestCreateUserApi","test_create_user","",""
"","0","[WEB] Should not add product review with invalid data. Case: 'email' contains multiple '@' symbols","tests.web.component.review","Mon Apr 20 06:55:01 UTC 2026","skipped","Mon Apr 20 06:55:01 UTC 2026","TestReviewComponent","test_review_component","",""
"","223","[API] Create user should return 200_OK when send create user request with valid data. Case: 'first_name' length = min + 1","tests.api.user","Mon Apr 20 06:33:18 UTC 2026","passed","Mon Apr 20 06:33:18 UTC 2026","TestCreateUserApi","test_create_user","",""
"","0","[API] Update user should return 400_BAD_REQUEST when send update user request with invalid data. Case: 'address2' is empty","tests.api.user","Mon Apr 20 06:34:01 UTC 2026","skipped","Mon Apr 20 06:34:01 UTC 2026","TestUpdateUserApi","test_update_user","",""
"","0","[API] Create user should return 400_BAD_REQUEST when send create user request with invalid data. Case: 'email' not contains '@' symbol","tests.api.user","Mon Apr 20 06:33:10 UTC 2026","skipped","Mon Apr 20 06:33:10 UTC 2026","TestCreateUserApi","test_create_user","",""
"","0","[API] Create user should return 400_BAD_REQUEST when send create user request with invalid data. Case: 'first_name' is empty","tests.api.user","Mon Apr 20 06:33:10 UTC 2026","skipped","Mon Apr 20 06:33:10 UTC 2026","TestCreateUserApi","test_create_user","",""
"","479","[API] Update user should return 200_OK when send update user request with valid data. Case: 'birth_month' = 12","tests.api.user","Mon Apr 20 06:33:38 UTC 2026","passed","Mon Apr 20 06:33:39 UTC 2026","TestUpdateUserApi","test_update_user","",""
"","363","[API] Update user should return 200_OK when send update user request with valid data. Case: 'name' length = min + 1","tests.api.user","Mon Apr 20 06:33:17 UTC 2026","passed","Mon Apr 20 06:33:17 UTC 2026","TestUpdateUserApi","test_update_user","",""
"","0","[API] Create user should return 400_BAD_REQUEST when send create user request with invalid data. Case: 'mobile_number' is absent","tests.api.user","Mon Apr 20 06:33:10 UTC 2026","skipped","Mon Apr 20 06:33:10 UTC 2026","TestCreateUserApi","test_create_user","",""
"","613","[WEB Component] Subscription component should have expected screenshot","tests.web.component.base","Mon Apr 20 06:57:56 UTC 2026","failed","Mon Apr 20 06:57:57 UTC 2026","TestSubscriptionComponent","test_subscription_component","",""
"","0","[WEB] Sign up with invalid data. Case: 'birth_year' = 10000","tests.web.component.auth","Mon Apr 20 06:34:41 UTC 2026","skipped","Mon Apr 20 06:34:41 UTC 2026","TestSignUpWeb","test_signup_component","",""
"","249","[API] Create user should return 200_OK when send create user request with valid data. Case: 'last_name' length = max - 1","tests.api.user","Mon Apr 20 06:33:21 UTC 2026","passed","Mon Apr 20 06:33:21 UTC 2026","TestCreateUserApi","test_create_user","",""
"","504","[WEB] Should add product review with valid data. Case: 'email' domain length = 2","tests.web.component.review","Mon Apr 20 06:54:26 UTC 2026","passed","Mon Apr 20 06:54:26 UTC 2026","TestReviewComponent","test_review_component","",""
"","0","[API] Update user should return 400_BAD_REQUEST when send update user request with invalid data. Case: 'email' contains domain with one letter","tests.api.user","Mon Apr 20 06:34:06 UTC 2026","skipped","Mon Apr 20 06:34:06 UTC 2026","TestUpdateUserApi","test_update_user","",""
"","0","[API] Create user should return 400_BAD_REQUEST when send create user request with invalid data. Case: 'state' length = min - 1","tests.api.user","Mon Apr 20 06:33:11 UTC 2026","skipped","Mon Apr 20 06:33:11 UTC 2026","TestCreateUserApi","test_create_user","",""
"","0","[API] Create user should return 400_BAD_REQUEST when send create user request with invalid data. Case: 'birth_month' is absent","tests.api.user","Mon Apr 20 06:33:10 UTC 2026","skipped","Mon Apr 20 06:33:10 UTC 2026","TestCreateUserApi","test_create_user","",""
"","5974","[WEB] Sign up with valid data. Case: 'mobile_number' length = max","tests.web.component.auth","Mon Apr 20 06:40:56 UTC 2026","passed","Mon Apr 20 06:41:02 UTC 2026","TestSignUpWeb","test_signup_component","",""
"","5635","[WEB] Sign up with valid data. Case: 'company' length = max","tests.web.component.auth","Mon Apr 20 06:44:55 UTC 2026","passed","Mon Apr 20 06:45:01 UTC 2026","TestSignUpWeb","test_signup_component","",""
"","250","[API] Create user should return 200_OK when send create user request with valid data. Case: 'address1' length = max","tests.api.user","Mon Apr 20 06:33:37 UTC 2026","passed","Mon Apr 20 06:33:37 UTC 2026","TestCreateUserApi","test_create_user","",""
"","0","[API] Create user should return 400_BAD_REQUEST when send create user request with invalid data. Case: 'birth_month' is negative","tests.api.user","Mon Apr 20 06:33:10 UTC 2026","skipped","Mon Apr 20 06:33:10 UTC 2026","TestCreateUserApi","test_create_user","",""
"","0","[WEB] Sign up with invalid data. Case: 'name' length = min + 1","tests.web.component.auth","Mon Apr 20 06:34:41 UTC 2026","skipped","Mon Apr 20 06:34:41 UTC 2026","TestSignUpWeb","test_signup_component","",""
"","0","[API] Create user should return 400_BAD_REQUEST when send create user request with invalid data. Case: 'birth_year' is negative","tests.api.user","Mon Apr 20 06:33:10 UTC 2026","skipped","Mon Apr 20 06:33:10 UTC 2026","TestCreateUserApi","test_create_user","",""
"","4637","[WEB] Sign up with valid data. Case: 'address1' length = min + 1","tests.web.component.auth","Mon Apr 20 06:49:11 UTC 2026","passed","Mon Apr 20 06:49:15 UTC 2026","TestSignUpWeb","test_signup_component","",""
"","0","[API] Create user should return 400_BAD_REQUEST when send create user request with invalid data. Case: 'name' length = max + 1","tests.api.user","Mon Apr 20 06:33:44 UTC 2026","skipped","Mon Apr 20 06:33:44 UTC 2026","TestCreateUserApi","test_create_user","",""
"","245","[API] Create user should return 200_OK when send create user request with valid data. Case: 'mobile_number' length = min + 1","tests.api.user","Mon Apr 20 06:33:22 UTC 2026","passed","Mon Apr 20 06:33:23 UTC 2026","TestCreateUserApi","test_create_user","",""
"","5770","[WEB] Sign up with valid data. Case: 'state' length = min + 1","tests.web.component.auth","Mon Apr 20 06:45:48 UTC 2026","passed","Mon Apr 20 06:45:53 UTC 2026","TestSignUpWeb","test_signup_component","",""
"","846","[WEB Component] Should decrease all products total price","tests.web.component.product","Mon Apr 20 06:51:34 UTC 2026","passed","Mon Apr 20 06:51:34 UTC 2026","TestProductItem","test_product_item","",""
"","0","[API] Create user should return 400_BAD_REQUEST when send create user request with invalid data. Case: 'birth_day' is absent","tests.api.user","Mon Apr 20 06:33:10 UTC 2026","skipped","Mon Apr 20 06:33:10 UTC 2026","TestCreateUserApi","test_create_user","",""
"","0","[API] Update user should return 400_BAD_REQUEST when send update user request with invalid data. Case: 'last_name' is empty","tests.api.user","Mon Apr 20 06:34:06 UTC 2026","skipped","Mon Apr 20 06:34:06 UTC 2026","TestUpdateUserApi","test_update_user","",""
"","0","[WEB] Sign up with invalid data. Case: 'first_name' length = min","tests.web.component.auth","Mon Apr 20 06:34:41 UTC 2026","skipped","Mon Apr 20 06:34:41 UTC 2026","TestSignUpWeb","test_signup_component","",""
"","4955","[WEB] Sign up with valid data. Case: 'address2' length = min","tests.web.component.auth","Mon Apr 20 06:50:30 UTC 2026","passed","Mon Apr 20 06:50:35 UTC 2026","TestSignUpWeb","test_signup_component","",""
"","459","[API] Update user should return 200_OK when send update user request with valid data. Case: 'address1' length = min","tests.api.user","Mon Apr 20 06:33:45 UTC 2026","passed","Mon Apr 20 06:33:45 UTC 2026","TestUpdateUserApi","test_update_user","",""
"","0","[WEB Component] Pay with invalid card should show error message. Case: cvc too short","tests.web.component.payment","Mon Apr 20 06:45:57 UTC 2026","skipped","Mon Apr 20 06:45:57 UTC 2026","TestPaymentComponent","test_payment_component","",""
"","146","[API] Create user should return 200_OK when send create user request with valid data. Case: 'mobile_number' length = min","tests.api.user","Mon Apr 20 06:33:22 UTC 2026","passed","Mon Apr 20 06:33:22 UTC 2026","TestCreateUserApi","test_create_user","",""
"","0","[WEB Component] Pay with invalid card should show error message. Case: card number is empty","tests.web.component.payment","Mon Apr 20 06:45:57 UTC 2026","skipped","Mon Apr 20 06:45:57 UTC 2026","TestPaymentComponent","test_payment_component","",""
"","485","[WEB Component] Pay with valid card should show success status message. Case: valid: name min length","tests.web.component.payment","Mon Apr 20 06:42:00 UTC 2026","passed","Mon Apr 20 06:42:01 UTC 2026","TestPaymentComponent","test_payment_component","",""
"","655","Should return user exists when user exists with email and password","tests.api.user","Mon Apr 20 06:34:03 UTC 2026","passed","Mon Apr 20 06:34:04 UTC 2026","TestVerifyLoginApi","test_verify_login","",""
"","0","[API] Update user should return 400_BAD_REQUEST when send update user request with invalid data. Case: 'email' contains text after domain","tests.api.user","Mon Apr 20 06:34:06 UTC 2026","skipped","Mon Apr 20 06:34:06 UTC 2026","TestUpdateUserApi","test_update_user","",""
"","244","[API] Create user should return 200_OK when send create user request with valid data. Case: 'state' length = max - 1","tests.api.user","Mon Apr 20 06:33:31 UTC 2026","passed","Mon Apr 20 06:33:31 UTC 2026","TestCreateUserApi","test_create_user","",""
"","0","[WEB Component] Pay with invalid card should show error message. Case: card number contains dashes","tests.web.component.payment","Mon Apr 20 06:45:57 UTC 2026","skipped","Mon Apr 20 06:45:57 UTC 2026","TestPaymentComponent","test_payment_component","",""
"","0","[API] Update user should return 400_BAD_REQUEST when send update user request with invalid data. Case: 'last_name' is absent","tests.api.user","Mon Apr 20 06:34:06 UTC 2026","skipped","Mon Apr 20 06:34:06 UTC 2026","TestUpdateUserApi","test_update_user","",""
"","0","[API] Create user should return 400_BAD_REQUEST when send create user request with invalid data. Case: 'email' contains invalid top level domain web","tests.api.user","Mon Apr 20 06:33:10 UTC 2026","skipped","Mon Apr 20 06:33:10 UTC 2026","TestCreateUserApi","test_create_user","",""
"","434","[API] Create user should return 200_OK when send create user request with valid data. Case: 'last_name' length = min + 1","tests.api.user","Mon Apr 20 06:33:20 UTC 2026","passed","Mon Apr 20 06:33:20 UTC 2026","TestCreateUserApi","test_create_user","",""
"","0","[API] Update user should return 400_BAD_REQUEST when send update user request with invalid data. Case: 'birth_year' is negative","tests.api.user","Mon Apr 20 06:34:06 UTC 2026","skipped","Mon Apr 20 06:34:06 UTC 2026","TestUpdateUserApi","test_update_user","",""
"","4600","[WEB] Sign up with valid data. Case: 'name' length = min","tests.web.component.auth","Mon Apr 20 06:35:04 UTC 2026","passed","Mon Apr 20 06:35:08 UTC 2026","TestSignUpWeb","test_signup_component","",""
"","0","[API] Create user should return 400_BAD_REQUEST when send create user request with invalid data. Case: 'birth_year' is absent","tests.api.user","Mon Apr 20 06:33:10 UTC 2026","skipped","Mon Apr 20 06:33:10 UTC 2026","TestCreateUserApi","test_create_user","",""
"","0","[API] Update user should return 400_BAD_REQUEST when send update user request with invalid data. Case: 'email' not contains '@' symbol","tests.api.user","Mon Apr 20 06:34:06 UTC 2026","skipped","Mon Apr 20 06:34:06 UTC 2026","TestUpdateUserApi","test_update_user","",""
"","261","[API] Update user should return 200_OK when send update user request with valid data. Case: 'company' length = max","tests.api.user","Mon Apr 20 06:33:47 UTC 2026","passed","Mon Apr 20 06:33:47 UTC 2026","TestUpdateUserApi","test_update_user","",""
"","0","[WEB Component] Pay with invalid card should show error message. Case: card number contains spaces","tests.web.component.payment","Mon Apr 20 06:45:57 UTC 2026","skipped","Mon Apr 20 06:45:57 UTC 2026","TestPaymentComponent","test_payment_component","",""
"","0","[WEB] Sign up with invalid data. Case: 'mobile_number' length = min","tests.web.component.auth","Mon Apr 20 06:34:41 UTC 2026","skipped","Mon Apr 20 06:34:41 UTC 2026","TestSignUpWeb","test_signup_component","",""
"","9871","Purchase products with login while checkout","tests.web.e2e","Mon Apr 20 06:56:19 UTC 2026","failed","Mon Apr 20 06:56:29 UTC 2026","TestPlaceOrder","test_place_order","",""
"","897","[WEB Component] Should navigate to products page by click 'Products' button","tests.web.component.base","Mon Apr 20 06:35:36 UTC 2026","passed","Mon Apr 20 06:35:37 UTC 2026","TestHeaderComponent","test_header_component","",""
"","0","[WEB] Sign up with invalid data. Case: 'zipcode' length = min + 1","tests.web.component.auth","Mon Apr 20 06:34:41 UTC 2026","skipped","Mon Apr 20 06:34:41 UTC 2026","TestSignUpWeb","test_signup_component","",""
"","0","[WEB Component] Pay with invalid card should show error message. Case: cvc all zeros","tests.web.component.payment","Mon Apr 20 06:45:57 UTC 2026","skipped","Mon Apr 20 06:45:57 UTC 2026","TestPaymentComponent","test_payment_component","",""
"","540","[WEB] Sign in with invalid credentials. Case: {case_title}","tests.web.component.auth","Mon Apr 20 06:34:43 UTC 2026","passed","Mon Apr 20 06:34:44 UTC 2026","TestLoginWeb","test_login_component","",""
"","150","[API] Create user should return 200_OK when send create user request with valid data. Case: 'zipcode' length = max","tests.api.user","Mon Apr 20 06:33:44 UTC 2026","passed","Mon Apr 20 06:33:44 UTC 2026","TestCreateUserApi","test_create_user","",""
"","1252","[WEB Component] Category filter should have expected screenshot when collapsed","tests.web.component.filter","Mon Apr 20 06:59:26 UTC 2026","passed","Mon Apr 20 06:59:28 UTC 2026","TestCategoryFilter","test_category_filter","",""
"","0","[API] Create user should return 400_BAD_REQUEST when send create user request with invalid data. Case: 'address2' length = max + 1","tests.api.user","Mon Apr 20 06:33:11 UTC 2026","skipped","Mon Apr 20 06:33:11 UTC 2026","TestCreateUserApi","test_create_user","",""
"","832","[WEB Component] Add product notification should be closed when click on close button","tests.web.component.base","Mon Apr 20 06:37:41 UTC 2026","passed","Mon Apr 20 06:37:41 UTC 2026","TestNotificationComponent","test_notification_component","",""
"","0","[API] Update user should return 400_BAD_REQUEST when send update user request with invalid data. Case: 'company' length = max + 1","tests.api.user","Mon Apr 20 06:34:06 UTC 2026","skipped","Mon Apr 20 06:34:06 UTC 2026","TestUpdateUserApi","test_update_user","",""
"","0","[WEB Component] Pay with invalid card should show error message. Case: cvc is empty","tests.web.component.payment","Mon Apr 20 06:45:57 UTC 2026","skipped","Mon Apr 20 06:45:57 UTC 2026","TestPaymentComponent","test_payment_component","",""
"","1205","[WEB Component] Product item should have expected data","tests.web.component.product","Mon Apr 20 07:01:42 UTC 2026","passed","Mon Apr 20 07:01:44 UTC 2026","TestProductItem","test_product_item","",""
"","154","[API] Create user should return 200_OK when send create user request with valid data. Case: 'birth_month' = 12","tests.api.user","Mon Apr 20 06:33:26 UTC 2026","passed","Mon Apr 20 06:33:26 UTC 2026","TestCreateUserApi","test_create_user","",""
"","0","[API] Create user should return 400_BAD_REQUEST when send create user request with invalid data. Case: 'zipcode' has invalid format","tests.api.user","Mon Apr 20 06:33:11 UTC 2026","skipped","Mon Apr 20 06:33:11 UTC 2026","TestCreateUserApi","test_create_user","",""
"","0","[API] Create user should return 400_BAD_REQUEST when send create user request with invalid data. Case: 'mobile_number' has invalid format","tests.api.user","Mon Apr 20 06:33:10 UTC 2026","skipped","Mon Apr 20 06:33:10 UTC 2026","TestCreateUserApi","test_create_user","",""
"","0","[WEB Component] Pay with invalid card should show error message. Case: name contains newline","tests.web.component.payment","Mon Apr 20 06:45:57 UTC 2026","skipped","Mon Apr 20 06:45:57 UTC 2026","TestPaymentComponent","test_payment_component","",""
"","1826","[WEB] Should add product review with valid data. Case: 'message' length = max - 1","tests.web.component.review","Mon Apr 20 06:54:36 UTC 2026","passed","Mon Apr 20 06:54:38 UTC 2026","TestReviewComponent","test_review_component","",""
"","0","[WEB] Sign up with invalid data. Case: 'state' length = max - 1","tests.web.component.auth","Mon Apr 20 06:34:41 UTC 2026","skipped","Mon Apr 20 06:34:41 UTC 2026","TestSignUpWeb","test_signup_component","",""
"","0","[API] Create user should return 400_BAD_REQUEST when send create user request with invalid data. Case: 'birth_day' is negative","tests.api.user","Mon Apr 20 06:33:10 UTC 2026","skipped","Mon Apr 20 06:33:10 UTC 2026","TestCreateUserApi","test_create_user","",""
"","2228","[WEB Component] Should increase all products total price","tests.web.component.product","Mon Apr 20 06:51:04 UTC 2026","passed","Mon Apr 20 06:51:06 UTC 2026","TestProductItem","test_product_item","",""
"","0","[WEB] Sign up with invalid data. Case: 'address1' length = min","tests.web.component.auth","Mon Apr 20 06:34:41 UTC 2026","skipped","Mon Apr 20 06:34:41 UTC 2026","TestSignUpWeb","test_signup_component","",""
"","52","[WEB Component] Should visible user name when authorized","tests.web.component.base","Mon Apr 20 06:36:36 UTC 2026","passed","Mon Apr 20 06:36:36 UTC 2026","TestHeaderComponent","test_header_component","",""
"","9936","[WEB] Sign in with valid data","tests.web.component.auth","Mon Apr 20 06:34:12 UTC 2026","passed","Mon Apr 20 06:34:22 UTC 2026","TestLoginWeb","test_login_component","",""
"","327","[WEB Component] Delivery address has expected data","tests.web.component.address","Mon Apr 20 06:57:25 UTC 2026","passed","Mon Apr 20 06:57:25 UTC 2026","TestAddressComponent","test_address_component","",""
"","0","[WEB Component] Pay with invalid card should show error message. Case: card number too long","tests.web.component.payment","Mon Apr 20 06:45:57 UTC 2026","skipped","Mon Apr 20 06:45:57 UTC 2026","TestPaymentComponent","test_payment_component","",""
"","0","[API] Create user should return 400_BAD_REQUEST when send create user request with invalid data. Case: 'mobile_number' length = max + 1","tests.api.user","Mon Apr 20 06:33:10 UTC 2026","skipped","Mon Apr 20 06:33:10 UTC 2026","TestCreateUserApi","test_create_user","",""
"","2422","[WEB Component] Brand filter should filters products by brand","tests.web.component.filter","Mon Apr 20 06:38:56 UTC 2026","passed","Mon Apr 20 06:38:59 UTC 2026","TestBrandFilter","test_brand_filter","",""
"","0","[WEB] Should not add product review with invalid data. Case: 'email' contains only special symbols","tests.web.component.review","Mon Apr 20 06:55:01 UTC 2026","skipped","Mon Apr 20 06:55:01 UTC 2026","TestReviewComponent","test_review_component","",""
"","610","[API] Update user should return 200_OK when send update user request with valid data. Case: 'first_name' length = max - 1","tests.api.user","Mon Apr 20 06:33:23 UTC 2026","passed","Mon Apr 20 06:33:23 UTC 2026","TestUpdateUserApi","test_update_user","",""
"","0","[WEB] Sign up with invalid data. Case: 'address1' length = max - 1","tests.web.component.auth","Mon Apr 20 06:34:41 UTC 2026","skipped","Mon Apr 20 06:34:41 UTC 2026","TestSignUpWeb","test_signup_component","",""
"","1306","[WEB Component] Products Carousel should last products when scroll left on first slide","tests.web.component.carousel","Mon Apr 20 06:59:13 UTC 2026","broken","Mon Apr 20 06:59:14 UTC 2026","TestProductCarousel","test_product_carousel","",""
"","0","[API] Create user should return 400_BAD_REQUEST when send create user request with invalid data. Case: 'mobile_number' is empty","tests.api.user","Mon Apr 20 06:33:10 UTC 2026","skipped","Mon Apr 20 06:33:10 UTC 2026","TestCreateUserApi","test_create_user","",""
"","586","[WEB Component] Animated product card should have expected data","tests.web.component.product","Mon Apr 20 07:01:12 UTC 2026","passed","Mon Apr 20 07:01:13 UTC 2026","TestAnimatedProductCard","test_animated_product_card_component","",""
"","534","[WEB Component] Pay with valid card should show success status message. Case: valid: name max length","tests.web.component.payment","Mon Apr 20 06:42:22 UTC 2026","passed","Mon Apr 20 06:42:23 UTC 2026","TestPaymentComponent","test_payment_component","",""
"","347","[API] Create user should return 200_OK when send create user request with valid data. Case: 'birth_year' = 10000","tests.api.user","Mon Apr 20 06:33:27 UTC 2026","passed","Mon Apr 20 06:33:28 UTC 2026","TestCreateUserApi","test_create_user","",""
"","0","[WEB Component] Pay with invalid card should show error message. Case: expiry month contains letters","tests.web.component.payment","Mon Apr 20 06:45:57 UTC 2026","skipped","Mon Apr 20 06:45:57 UTC 2026","TestPaymentComponent","test_payment_component","",""
"","0","[WEB] Sign up with invalid data. Case: 'mobile_number' length = max","tests.web.component.auth","Mon Apr 20 06:34:41 UTC 2026","skipped","Mon Apr 20 06:34:41 UTC 2026","TestSignUpWeb","test_signup_component","",""
"","0","[WEB] Should not add product review with invalid data. Case: 'name' length = max + 1","tests.web.component.review","Mon Apr 20 06:55:01 UTC 2026","skipped","Mon Apr 20 06:55:01 UTC 2026","TestReviewComponent","test_review_component","",""
"","0","[API] Update user should return 400_BAD_REQUEST when send update user request with invalid data. Case: 'birth_day' is negative","tests.api.user","Mon Apr 20 06:34:06 UTC 2026","skipped","Mon Apr 20 06:34:06 UTC 2026","TestUpdateUserApi","test_update_user","",""
"","550","[API] Update user should return 200_OK when send update user request with valid data. Case: 'state' length = max - 1","tests.api.user","Mon Apr 20 06:33:50 UTC 2026","passed","Mon Apr 20 06:33:51 UTC 2026","TestUpdateUserApi","test_update_user","",""
"","407","[API] Create user should return 200_OK when send create user request with valid data. Case: 'mobile_number' length = max - 1","tests.api.user","Mon Apr 20 06:33:23 UTC 2026","passed","Mon Apr 20 06:33:23 UTC 2026","TestCreateUserApi","test_create_user","",""
"","359","[API] Update user should return 200_OK when send update user request with valid data. Case: 'last_name' length = min + 1","tests.api.user","Mon Apr 20 06:33:27 UTC 2026","passed","Mon Apr 20 06:33:27 UTC 2026","TestUpdateUserApi","test_update_user","",""
"","0","[WEB] Sign up with invalid data. Case: 'birth_month' = 1","tests.web.component.auth","Mon Apr 20 06:34:41 UTC 2026","skipped","Mon Apr 20 06:34:41 UTC 2026","TestSignUpWeb","test_signup_component","",""
"","0","[API] Update user should return 400_BAD_REQUEST when send update user request with invalid data. Case: 'mobile_number' is empty","tests.api.user","Mon Apr 20 06:34:06 UTC 2026","skipped","Mon Apr 20 06:34:06 UTC 2026","TestUpdateUserApi","test_update_user","",""
"","0","[API] Update user should return 400_BAD_REQUEST when send update user request with invalid data. Case: 'birth_day' is absent","tests.api.user","Mon Apr 20 06:34:06 UTC 2026","skipped","Mon Apr 20 06:34:06 UTC 2026","TestUpdateUserApi","test_update_user","",""
"","536","[WEB] Should add product review with valid data. Case: 'email' username contains '-'","tests.web.component.review","Mon Apr 20 06:53:05 UTC 2026","passed","Mon Apr 20 06:53:06 UTC 2026","TestReviewComponent","test_review_component","",""
"","0","[API] Create user should return 400_BAD_REQUEST when send create user request with invalid data. Case: 'birth_year' is zero","tests.api.user","Mon Apr 20 06:33:10 UTC 2026","skipped","Mon Apr 20 06:33:10 UTC 2026","TestCreateUserApi","test_create_user","",""
"","310","[API] Update user should return 200_OK when send update user request with valid data. Case: 'company' length = max - 1","tests.api.user","Mon Apr 20 06:33:46 UTC 2026","passed","Mon Apr 20 06:33:46 UTC 2026","TestUpdateUserApi","test_update_user","",""
"","1341","[WEB Component] Products Carousel should first products when scroll right on last image","tests.web.component.carousel","Mon Apr 20 06:59:18 UTC 2026","passed","Mon Apr 20 06:59:19 UTC 2026","TestProductCarousel","test_product_carousel","",""
"","0","[WEB] Sign up with invalid data. Case: 'mobile_number' length = min + 1","tests.web.component.auth","Mon Apr 20 06:34:41 UTC 2026","skipped","Mon Apr 20 06:34:41 UTC 2026","TestSignUpWeb","test_signup_component","",""
"","0","[API] Create user should return 400_BAD_REQUEST when send create user request with invalid data. Case: 'name' is absent","tests.api.user","Mon Apr 20 06:33:44 UTC 2026","skipped","Mon Apr 20 06:33:44 UTC 2026","TestCreateUserApi","test_create_user","",""
"","0","[WEB] Should not add product review with invalid data. Case: 'email' contains username hieroglyphs instead of username","tests.web.component.review","Mon Apr 20 06:55:01 UTC 2026","skipped","Mon Apr 20 06:55:01 UTC 2026","TestReviewComponent","test_review_component","",""
"","0","[WEB] Sign up with invalid data. Case: 'address2' length = max","tests.web.component.auth","Mon Apr 20 06:34:41 UTC 2026","skipped","Mon Apr 20 06:34:41 UTC 2026","TestSignUpWeb","test_signup_component","",""
"","0","[API] Update user should return 400_BAD_REQUEST when send update user request with invalid data. Case: 'birth_year' is invalid positive","tests.api.user","Mon Apr 20 06:34:06 UTC 2026","skipped","Mon Apr 20 06:34:06 UTC 2026","TestUpdateUserApi","test_update_user","",""
"","2486","[WEB Component] Image Carousel should show previous image when scroll left","tests.web.component.carousel","Mon Apr 20 06:58:25 UTC 2026","passed","Mon Apr 20 06:58:27 UTC 2026","TestImageCarousel","test_image_carousel","",""
"","337","[API] Delete user should return 404_NOT_FOUND when send delete user request and user not exists","tests.api.user","Mon Apr 20 06:33:14 UTC 2026","passed","Mon Apr 20 06:33:14 UTC 2026","TestDeleteUserApi","test_delete_user","",""
"","4444","[WEB] Sign up with valid data. Case: 'mobile_number' length = min + 1","tests.web.component.auth","Mon Apr 20 06:40:08 UTC 2026","passed","Mon Apr 20 06:40:12 UTC 2026","TestSignUpWeb","test_signup_component","",""
"","349","[API] Create user should return 200_OK when send create user request with valid data. Case: 'zipcode' length = min","tests.api.user","Mon Apr 20 06:33:41 UTC 2026","passed","Mon Apr 20 06:33:41 UTC 2026","TestCreateUserApi","test_create_user","",""
"","1","[WEB Component] Pay with invalid card should show error message. Case: expiry month = 00","tests.web.component.payment","Mon Apr 20 06:45:57 UTC 2026","skipped","Mon Apr 20 06:45:57 UTC 2026","TestPaymentComponent","test_payment_component","",""
"","2682","[WEB Component] Pay with valid card should show success status message. Case: valid: expiry month min","tests.web.component.payment","Mon Apr 20 06:44:57 UTC 2026","passed","Mon Apr 20 06:45:00 UTC 2026","TestPaymentComponent","test_payment_component","",""
"","0","[WEB] Sign up with invalid data. Case: 'last_name' length = min + 1","tests.web.component.auth","Mon Apr 20 06:34:41 UTC 2026","skipped","Mon Apr 20 06:34:41 UTC 2026","TestSignUpWeb","test_signup_component","",""
"","0","[WEB] Should not add product review with invalid data. Case: 'email' contains mail server as ip and port","tests.web.component.review","Mon Apr 20 06:55:01 UTC 2026","skipped","Mon Apr 20 06:55:01 UTC 2026","TestReviewComponent","test_review_component","",""
"","2587","[WEB Component] Image Carousel should show first image when scroll right on last image","tests.web.component.carousel","Mon Apr 20 06:58:10 UTC 2026","passed","Mon Apr 20 06:58:12 UTC 2026","TestImageCarousel","test_image_carousel","",""
"","0","[WEB] Should not add product review with invalid data. Case: 'email' contains domain with one letter","tests.web.component.review","Mon Apr 20 06:55:01 UTC 2026","skipped","Mon Apr 20 06:55:01 UTC 2026","TestReviewComponent","test_review_component","",""
"","0","[WEB] Should not add product review with invalid data. Case: 'email' not contains username","tests.web.component.review","Mon Apr 20 06:55:01 UTC 2026","skipped","Mon Apr 20 06:55:01 UTC 2026","TestReviewComponent","test_review_component","",""
"","0","[API] Create user should return 400_BAD_REQUEST when send create user request with invalid data. Case: 'state' length = max + 1","tests.api.user","Mon Apr 20 06:33:11 UTC 2026","skipped","Mon Apr 20 06:33:11 UTC 2026","TestCreateUserApi","test_create_user","",""
"","0","[API] Create user should return 400_BAD_REQUEST when send create user request with invalid data. Case: 'city' is empty","tests.api.user","Mon Apr 20 06:33:11 UTC 2026","skipped","Mon Apr 20 06:33:11 UTC 2026","TestCreateUserApi","test_create_user","",""
"","221","[API] Create user should return 200_OK when send create user request with valid data. Case: 'last_name' length = max","tests.api.user","Mon Apr 20 06:33:21 UTC 2026","passed","Mon Apr 20 06:33:21 UTC 2026","TestCreateUserApi","test_create_user","",""
"","0","[API] Create user should return 400_BAD_REQUEST when send create user request with invalid data. Case: 'birth_month' is invalid positive","tests.api.user","Mon Apr 20 06:33:10 UTC 2026","skipped","Mon Apr 20 06:33:10 UTC 2026","TestCreateUserApi","test_create_user","",""
"","0","[API] Create user should return 400_BAD_REQUEST when send create user request with invalid data. Case: 'company' length = min - 1","tests.api.user","Mon Apr 20 06:33:11 UTC 2026","skipped","Mon Apr 20 06:33:11 UTC 2026","TestCreateUserApi","test_create_user","",""
"","337","[API] Create user should return 200_OK when send create user request with valid data. Case: 'address2' length = max","tests.api.user","Mon Apr 20 06:33:41 UTC 2026","passed","Mon Apr 20 06:33:41 UTC 2026","TestCreateUserApi","test_create_user","",""
"","0","[API] Create user should return 400_BAD_REQUEST when send create user request with invalid data. Case: 'state' is empty","tests.api.user","Mon Apr 20 06:33:11 UTC 2026","skipped","Mon Apr 20 06:33:11 UTC 2026","TestCreateUserApi","test_create_user","",""
"","0","[WEB] Sign up with invalid data. Case: 'city' length = max","tests.web.component.auth","Mon Apr 20 06:34:41 UTC 2026","skipped","Mon Apr 20 06:34:41 UTC 2026","TestSignUpWeb","test_signup_component","",""
"","1985","[WEB Component] Category filter should have expected screenshot when fully expanded","tests.web.component.filter","Mon Apr 20 06:39:18 UTC 2026","passed","Mon Apr 20 06:39:20 UTC 2026","TestCategoryFilter","test_category_filter","",""
"","0","[WEB Component] Pay with invalid card should show error message. Case: expiry year only spaces","tests.web.component.payment","Mon Apr 20 06:45:57 UTC 2026","skipped","Mon Apr 20 06:45:57 UTC 2026","TestPaymentComponent","test_payment_component","",""
"","0","[API] Create user should return 400_BAD_REQUEST when send create user request with invalid data. Case: 'address2' is empty","tests.api.user","Mon Apr 20 06:33:11 UTC 2026","skipped","Mon Apr 20 06:33:11 UTC 2026","TestCreateUserApi","test_create_user","",""
"","1197","[WEB Component] Should add product to cart when click on add to cart button","tests.web.component.product","Mon Apr 20 06:47:16 UTC 2026","passed","Mon Apr 20 06:47:17 UTC 2026","TestProductCard","test_product_card_component","",""
"","542","[API] Create user should return 200_OK when send create user request with valid data. Case: 'state' length = max","tests.api.user","Mon Apr 20 06:33:32 UTC 2026","passed","Mon Apr 20 06:33:32 UTC 2026","TestCreateUserApi","test_create_user","",""
"","6480","[WEB] Sign up with valid data. Case: 'address1' length = max","tests.web.component.auth","Mon Apr 20 06:50:04 UTC 2026","passed","Mon Apr 20 06:50:11 UTC 2026","TestSignUpWeb","test_signup_component","",""
"","0","[WEB] Sign up with invalid data. Case: 'address2' length = min","tests.web.component.auth","Mon Apr 20 06:34:41 UTC 2026","skipped","Mon Apr 20 06:34:41 UTC 2026","TestSignUpWeb","test_signup_component","",""
"","0","[API] Update user should return 400_BAD_REQUEST when send update user request with invalid data. Case: 'birth_day' is zero","tests.api.user","Mon Apr 20 06:34:06 UTC 2026","skipped","Mon Apr 20 06:34:06 UTC 2026","TestUpdateUserApi","test_update_user","",""
"","0","[API] Update user should return 400_BAD_REQUEST when send update user request with invalid data. Case: 'email' not contains domain","tests.api.user","Mon Apr 20 06:34:06 UTC 2026","skipped","Mon Apr 20 06:34:06 UTC 2026","TestUpdateUserApi","test_update_user","",""
"","1894","[WEB Component] Pay with valid card should show success status message. Case: valid: common latin name","tests.web.component.payment","Mon Apr 20 06:42:48 UTC 2026","passed","Mon Apr 20 06:42:50 UTC 2026","TestPaymentComponent","test_payment_component","",""
"","512","[WEB Component] Pay with valid card should show success status message. Case: valid: boundary valid number","tests.web.component.payment","Mon Apr 20 06:43:59 UTC 2026","passed","Mon Apr 20 06:43:59 UTC 2026","TestPaymentComponent","test_payment_component","",""
"","466","[API] Update user should return 404_BAD_REQUEST when send update user request with not existing email","tests.api.user","Mon Apr 20 06:34:01 UTC 2026","passed","Mon Apr 20 06:34:02 UTC 2026","TestUpdateUserApi","test_update_user","",""
"","1317","[WEB Component] Search filter should have expected screenshot","tests.web.component.filter","Mon Apr 20 07:00:20 UTC 2026","passed","Mon Apr 20 07:00:21 UTC 2026","TestSearchFilter","test_search_filter","",""
"","0","[API] Create user should return 400_BAD_REQUEST when send create user request with invalid data. Case: 'name' length = min - 1","tests.api.user","Mon Apr 20 06:33:44 UTC 2026","skipped","Mon Apr 20 06:33:44 UTC 2026","TestCreateUserApi","test_create_user","",""
"","5108","[WEB] Sign up with valid data. Case: 'first_name' length = min","tests.web.component.auth","Mon Apr 20 06:36:28 UTC 2026","passed","Mon Apr 20 06:36:33 UTC 2026","TestSignUpWeb","test_signup_component","",""
"","952","[WEB Component] Should navigate to main page by click on header logo","tests.web.component.base","Mon Apr 20 06:35:20 UTC 2026","passed","Mon Apr 20 06:35:21 UTC 2026","TestHeaderComponent","test_header_component","",""
"","445","Get brands should return 200_OK when send get brands request","tests.api.brand","Mon Apr 20 06:33:13 UTC 2026","passed","Mon Apr 20 06:33:13 UTC 2026","TestBrandApi","test_brand","",""
"","588","[WEB] Should add product review with valid data. Case: 'email' domain contains '-'","tests.web.component.review","Mon Apr 20 06:53:46 UTC 2026","passed","Mon Apr 20 06:53:46 UTC 2026","TestReviewComponent","test_review_component","",""
"","2537","[WEB Component] Animated product card overlay should have expected data","tests.web.component.product","Mon Apr 20 07:01:32 UTC 2026","passed","Mon Apr 20 07:01:35 UTC 2026","TestAnimatedProductCard","test_animated_product_card_component","",""
"","2090","[WEB Component] Pay with valid card should show success status message. Case: valid: cvc typical","tests.web.component.payment","Mon Apr 20 06:44:25 UTC 2026","passed","Mon Apr 20 06:44:27 UTC 2026","TestPaymentComponent","test_payment_component","",""
"","0","[API] Update user should return 400_BAD_REQUEST when send update user request with invalid data. Case: 'mobile_number' has invalid format","tests.api.user","Mon Apr 20 06:34:06 UTC 2026","skipped","Mon Apr 20 06:34:06 UTC 2026","TestUpdateUserApi","test_update_user","",""
"","0","[API] Create user should return 400_BAD_REQUEST when send create user request with invalid data. Case: 'address1' length = min - 1","tests.api.user","Mon Apr 20 06:33:11 UTC 2026","skipped","Mon Apr 20 06:33:11 UTC 2026","TestCreateUserApi","test_create_user","",""
"","3058","[WEB Component] Search filter should return all products when filter by empty query","tests.web.component.filter","Mon Apr 20 06:40:02 UTC 2026","passed","Mon Apr 20 06:40:05 UTC 2026","TestSearchFilter","test_search_filter","",""
"","0","[API] Create user should return 400_BAD_REQUEST when send create user request with invalid data. Case: 'email' contains only special symbols","tests.api.user","Mon Apr 20 06:33:10 UTC 2026","skipped","Mon Apr 20 06:33:10 UTC 2026","TestCreateUserApi","test_create_user","",""
"","0","[API] Update user should return 400_BAD_REQUEST when send update user request with invalid data. Case: 'last_name' length = min - 1","tests.api.user","Mon Apr 20 06:34:06 UTC 2026","skipped","Mon Apr 20 06:34:06 UTC 2026","TestUpdateUserApi","test_update_user","",""
"","4135","[WEB] Sign up with valid data. Case: 'name' length = min + 1","tests.web.component.auth","Mon Apr 20 06:35:28 UTC 2026","failed","Mon Apr 20 06:35:32 UTC 2026","TestSignUpWeb","test_signup_component","",""
"","209","[API] Get user should return 200_OK when send get user request and user exists","tests.api.user","Mon Apr 20 06:33:15 UTC 2026","passed","Mon Apr 20 06:33:15 UTC 2026","TestGetUserApi","test_get_user","",""
"","0","[API] Create user should return 400_BAD_REQUEST when send create user request with invalid data. Case: 'email' is empty","tests.api.user","Mon Apr 20 06:33:10 UTC 2026","skipped","Mon Apr 20 06:33:10 UTC 2026","TestCreateUserApi","test_create_user","",""
"","626","[API] Create user should return 200_OK when send create user request with valid data. Case: 'zipcode' length = max - 1","tests.api.user","Mon Apr 20 06:33:43 UTC 2026","passed","Mon Apr 20 06:33:43 UTC 2026","TestCreateUserApi","test_create_user","",""
"","636","[API] Update user should return 200_OK when send update user request with valid data. Case: 'zipcode' length = max - 1","tests.api.user","Mon Apr 20 06:34:02 UTC 2026","passed","Mon Apr 20 06:34:02 UTC 2026","TestUpdateUserApi","test_update_user","",""
"","0","[WEB] Sign up with invalid data. Case: 'zipcode' length = min","tests.web.component.auth","Mon Apr 20 06:34:41 UTC 2026","skipped","Mon Apr 20 06:34:41 UTC 2026","TestSignUpWeb","test_signup_component","",""
"","342","[API] Create user should return 200_OK when send create user request with valid data. Case: 'city' length = min","tests.api.user","Mon Apr 20 06:33:33 UTC 2026","passed","Mon Apr 20 06:33:33 UTC 2026","TestCreateUserApi","test_create_user","",""
"","6135","[WEB] Sign up with valid data. Case: 'company' length = min + 1","tests.web.component.auth","Mon Apr 20 06:44:15 UTC 2026","passed","Mon Apr 20 06:44:21 UTC 2026","TestSignUpWeb","test_signup_component","",""
"","0","[WEB Component] Pay with invalid card should show error message. Case: name contains emoji","tests.web.component.payment","Mon Apr 20 06:45:57 UTC 2026","skipped","Mon Apr 20 06:45:57 UTC 2026","TestPaymentComponent","test_payment_component","",""
"","0","[WEB] Sign up with invalid data. Case: 'first_name' length = max - 1","tests.web.component.auth","Mon Apr 20 06:34:41 UTC 2026","skipped","Mon Apr 20 06:34:41 UTC 2026","TestSignUpWeb","test_signup_component","",""
"","0","[API] Update user should return 400_BAD_REQUEST when send update user request with invalid data. Case: 'company' length = min - 1","tests.api.user","Mon Apr 20 06:34:06 UTC 2026","skipped","Mon Apr 20 06:34:06 UTC 2026","TestUpdateUserApi","test_update_user","",""
"","249","[API] Create user should return 200_OK when send create user request with valid data. Case: 'address2' length = max - 1","tests.api.user","Mon Apr 20 06:33:40 UTC 2026","passed","Mon Apr 20 06:33:40 UTC 2026","TestCreateUserApi","test_create_user","",""
"","0","[API] Create user should return 400_BAD_REQUEST when send create user request with invalid data. Case: 'email' contains username hieroglyphs instead of username","tests.api.user","Mon Apr 20 06:33:10 UTC 2026","skipped","Mon Apr 20 06:33:10 UTC 2026","TestCreateUserApi","test_create_user","",""
"","2004","[WEB Component] Pay with valid card should show success status message. Case: valid name contains multiple spaces","tests.web.component.payment","Mon Apr 20 06:43:10 UTC 2026","passed","Mon Apr 20 06:43:12 UTC 2026","TestPaymentComponent","test_payment_component","",""
"","226","[API] Create user should return 200_OK when send create user request with valid data. Case: 'state' length = min + 1","tests.api.user","Mon Apr 20 06:33:31 UTC 2026","passed","Mon Apr 20 06:33:31 UTC 2026","TestCreateUserApi","test_create_user","",""
"","13611","Purchase products with sign up before checkout","tests.web.e2e","Mon Apr 20 06:55:21 UTC 2026","passed","Mon Apr 20 06:55:34 UTC 2026","TestPlaceOrder","test_place_order","",""
"","743","[WEB] Should add product review with valid data. Case: 'name' length = max","tests.web.component.review","Mon Apr 20 06:52:55 UTC 2026","passed","Mon Apr 20 06:52:56 UTC 2026","TestReviewComponent","test_review_component","",""
"","258","[API] Update user should return 200_OK when send update user request with valid data. Case: 'birth_day' length = 31","tests.api.user","Mon Apr 20 06:33:36 UTC 2026","passed","Mon Apr 20 06:33:36 UTC 2026","TestUpdateUserApi","test_update_user","",""
"","0","[API] Update user should return 400_BAD_REQUEST when send update user request with invalid data. Case: 'city' is empty","tests.api.user","Mon Apr 20 06:34:06 UTC 2026","skipped","Mon Apr 20 06:34:06 UTC 2026","TestUpdateUserApi","test_update_user","",""
"","0","[API] Create user should return 400_BAD_REQUEST when send create user request with invalid data. Case: 'birth_day' is invalid positive","tests.api.user","Mon Apr 20 06:33:10 UTC 2026","skipped","Mon Apr 20 06:33:10 UTC 2026","TestCreateUserApi","test_create_user","",""
"","0","[API] Update user should return 400_BAD_REQUEST when send update user request with invalid data. Case: 'email' contains username hieroglyphs instead of username","tests.api.user","Mon Apr 20 06:34:06 UTC 2026","skipped","Mon Apr 20 06:34:06 UTC 2026","TestUpdateUserApi","test_update_user","",""
"","6190","[WEB] Sign up with valid data. Case: 'last_name' length = max - 1","tests.web.component.auth","Mon Apr 20 06:38:51 UTC 2026","passed","Mon Apr 20 06:38:58 UTC 2026","TestSignUpWeb","test_signup_component","",""
"","0","[WEB Component] Pay with invalid card should show error message. Case: card number contains special characters","tests.web.component.payment","Mon Apr 20 06:45:57 UTC 2026","skipped","Mon Apr 20 06:45:57 UTC 2026","TestPaymentComponent","test_payment_component","",""
"","718","[API] Update user should return 200_OK when send update user request with valid data. Case: 'address2' length = min + 1","tests.api.user","Mon Apr 20 06:33:52 UTC 2026","passed","Mon Apr 20 06:33:52 UTC 2026","TestUpdateUserApi","test_update_user","",""
"","0","[API] Update user should return 400_BAD_REQUEST when send update user request with invalid data. Case: 'mobile_number' length = max + 1","tests.api.user","Mon Apr 20 06:34:06 UTC 2026","skipped","Mon Apr 20 06:34:06 UTC 2026","TestUpdateUserApi","test_update_user","",""
"","4258","[WEB] Sign up with valid data. Case: 'name' length = max","tests.web.component.auth","Mon Apr 20 06:36:05 UTC 2026","passed","Mon Apr 20 06:36:09 UTC 2026","TestSignUpWeb","test_signup_component","",""
"","2565","[WEB Component] Place order without authorization notification should have expected data and screenshot","tests.web.component.base","Mon Apr 20 06:57:16 UTC 2026","passed","Mon Apr 20 06:57:18 UTC 2026","TestNotificationComponent","test_notification_component","",""
"","467","[API] Create user should return 200_OK when send create user request with valid data. Case: 'address1' length = max - 1","tests.api.user","Mon Apr 20 06:33:36 UTC 2026","passed","Mon Apr 20 06:33:37 UTC 2026","TestCreateUserApi","test_create_user","",""
"","0","[WEB Component] Pay with invalid card should show error message. Case: card number fails luhn check","tests.web.component.payment","Mon Apr 20 06:45:57 UTC 2026","skipped","Mon Apr 20 06:45:57 UTC 2026","TestPaymentComponent","test_payment_component","",""
"","448","[WEB Component] Payment component should have expected screenshot","tests.web.component.payment","Mon Apr 20 07:01:12 UTC 2026","passed","Mon Apr 20 07:01:12 UTC 2026","TestPaymentComponent","test_payment_component","",""
"","359","[API] Update user should return 200_OK when send update user request with valid data. Case: 'address1' length = max - 1","tests.api.user","Mon Apr 20 06:33:47 UTC 2026","passed","Mon Apr 20 06:33:47 UTC 2026","TestUpdateUserApi","test_update_user","",""
"","0","[API] Create user should return 400_BAD_REQUEST when send create user request with invalid data. Case: 'first_name' is absent","tests.api.user","Mon Apr 20 06:33:44 UTC 2026","skipped","Mon Apr 20 06:33:44 UTC 2026","TestCreateUserApi","test_create_user","",""
"","170","[API] Create user should return 200_OK when send create user request with valid data. Case: 'company' length = max - 1","tests.api.user","Mon Apr 20 06:33:29 UTC 2026","passed","Mon Apr 20 06:33:30 UTC 2026","TestCreateUserApi","test_create_user","",""
"","0","[API] Update user should return 400_BAD_REQUEST when send update user request with invalid data. Case: 'birth_day' is invalid positive","tests.api.user","Mon Apr 20 06:34:06 UTC 2026","skipped","Mon Apr 20 06:34:06 UTC 2026","TestUpdateUserApi","test_update_user","",""
"","487","[API] Delete user should return 200_OK when send delete user request and user exists","tests.api.user","Mon Apr 20 06:33:13 UTC 2026","passed","Mon Apr 20 06:33:14 UTC 2026","TestDeleteUserApi","test_delete_user","",""
"","125","[API] Get user should return 404_NOT_FOUND when send get user request and user not exists","tests.api.user","Mon Apr 20 06:33:15 UTC 2026","passed","Mon Apr 20 06:33:15 UTC 2026","TestGetUserApi","test_get_user","",""
"","312","[API] Update user should return 200_OK when send update user request with valid data. Case: 'last_name' length = max","tests.api.user","Mon Apr 20 06:33:29 UTC 2026","passed","Mon Apr 20 06:33:29 UTC 2026","TestUpdateUserApi","test_update_user","",""
"","0","[WEB] Should not add product review with invalid data. Case: 'message' length = max - 1","tests.web.component.review","Mon Apr 20 06:55:01 UTC 2026","skipped","Mon Apr 20 06:55:01 UTC 2026","TestReviewComponent","test_review_component","",""
"","0","[API] Update user should return 400_BAD_REQUEST when send update user request with invalid data. Case: 'first_name' length = min - 1","tests.api.user","Mon Apr 20 06:34:06 UTC 2026","skipped","Mon Apr 20 06:34:06 UTC 2026","TestUpdateUserApi","test_update_user","",""
"","0","[API] Update user should return 400_BAD_REQUEST when send update user request with invalid data. Case: 'birth_month' is negative","tests.api.user","Mon Apr 20 06:34:06 UTC 2026","skipped","Mon Apr 20 06:34:06 UTC 2026","TestUpdateUserApi","test_update_user","",""
"","0","[API] Create user should return 400_BAD_REQUEST when send create user request with invalid data. Case: 'city' length = min - 1","tests.api.user","Mon Apr 20 06:33:11 UTC 2026","skipped","Mon Apr 20 06:33:11 UTC 2026","TestCreateUserApi","test_create_user","",""
"","5905","[WEB] Sign up with valid data. Case: 'state' length = max - 1","tests.web.component.auth","Mon Apr 20 06:46:13 UTC 2026","passed","Mon Apr 20 06:46:19 UTC 2026","TestSignUpWeb","test_signup_component","",""
"","0","[WEB] Sign up with invalid data. Case: 'name' length = max - 1","tests.web.component.auth","Mon Apr 20 06:34:41 UTC 2026","skipped","Mon Apr 20 06:34:41 UTC 2026","TestSignUpWeb","test_signup_component","",""
"","876","[WEB Component] Product item should navigate to product page when click on item title","tests.web.component.product","Mon Apr 20 06:48:46 UTC 2026","passed","Mon Apr 20 06:48:47 UTC 2026","TestProductItem","test_product_item","",""
"","0","[WEB Component] Pay with invalid card should show error message. Case: expiry year in the past","tests.web.component.payment","Mon Apr 20 06:45:57 UTC 2026","skipped","Mon Apr 20 06:45:57 UTC 2026","TestPaymentComponent","test_payment_component","",""
"","405","[API] Create user should return 200_OK when send create user request with valid data. Case: 'name' length = min + 1","tests.api.user","Mon Apr 20 06:33:16 UTC 2026","passed","Mon Apr 20 06:33:16 UTC 2026","TestCreateUserApi","test_create_user","",""
"","4568","[WEB] Sign up with valid data. Case: 'birth_year' = 1","tests.web.component.auth","Mon Apr 20 06:43:00 UTC 2026","passed","Mon Apr 20 06:43:05 UTC 2026","TestSignUpWeb","test_signup_component","",""
"","6334","[WEB Component] Category filter group should be collapsed after collapse expanded group","tests.web.component.filter","Mon Apr 20 07:00:10 UTC 2026","passed","Mon Apr 20 07:00:17 UTC 2026","TestCategoryFilter","test_category_filter","",""
"","5890","[WEB] Sign up with valid data. Case: 'city' length = max - 1","tests.web.component.auth","Mon Apr 20 06:47:53 UTC 2026","passed","Mon Apr 20 06:47:58 UTC 2026","TestSignUpWeb","test_signup_component","",""
"","0","[WEB Component] Pay with invalid card should show error message. Case: card number too short","tests.web.component.payment","Mon Apr 20 06:45:57 UTC 2026","skipped","Mon Apr 20 06:45:57 UTC 2026","TestPaymentComponent","test_payment_component","",""
"","492","[WEB] Should add product review with valid data. Case: 'email' username contains '+'","tests.web.component.review","Mon Apr 20 06:54:17 UTC 2026","passed","Mon Apr 20 06:54:17 UTC 2026","TestReviewComponent","test_review_component","",""
"","0","[API] Update user should return 400_BAD_REQUEST when send update user request with invalid data. Case: 'birth_year' is absent","tests.api.user","Mon Apr 20 06:34:06 UTC 2026","skipped","Mon Apr 20 06:34:06 UTC 2026","TestUpdateUserApi","test_update_user","",""
"","0","[WEB] Should not add product review with invalid data. Case: 'message' length = max","tests.web.component.review","Mon Apr 20 06:55:01 UTC 2026","skipped","Mon Apr 20 06:55:01 UTC 2026","TestReviewComponent","test_review_component","",""
"","0","[WEB] Should not add product review with invalid data. Case: 'message' length = min","tests.web.component.review","Mon Apr 20 06:55:01 UTC 2026","skipped","Mon Apr 20 06:55:01 UTC 2026","TestReviewComponent","test_review_component","",""
"","6594","[WEB] Sign up with valid data. Case: 'address2' length = max","tests.web.component.auth","Mon Apr 20 06:51:46 UTC 2026","passed","Mon Apr 20 06:51:53 UTC 2026","TestSignUpWeb","test_signup_component","",""
"","0","[WEB Component] Pay with invalid card should show error message. Case: expiry year too short","tests.web.component.payment","Mon Apr 20 06:45:57 UTC 2026","skipped","Mon Apr 20 06:45:57 UTC 2026","TestPaymentComponent","test_payment_component","",""
"","461","[API] Create user should return 200_OK when send create user request with valid data. Case: 'city' length = min + 1","tests.api.user","Mon Apr 20 06:33:33 UTC 2026","passed","Mon Apr 20 06:33:34 UTC 2026","TestCreateUserApi","test_create_user","",""
"","0","[API] Update user should return 400_BAD_REQUEST when send update user request with invalid data. Case: 'first_name' is absent","tests.api.user","Mon Apr 20 06:34:06 UTC 2026","skipped","Mon Apr 20 06:34:06 UTC 2026","TestUpdateUserApi","test_update_user","",""
"","257","[API] Create user should return 200_OK when send create user request with valid data. Case: 'first_name' length = max - 1","tests.api.user","Mon Apr 20 06:33:18 UTC 2026","passed","Mon Apr 20 06:33:19 UTC 2026","TestCreateUserApi","test_create_user","",""
"","1","[WEB Component] Pay with invalid card should show error message. Case: name is empty","tests.web.component.payment","Mon Apr 20 06:45:57 UTC 2026","skipped","Mon Apr 20 06:45:57 UTC 2026","TestPaymentComponent","test_payment_component","",""
"","0","[API] Create user should return 400_BAD_REQUEST when send create user request with invalid data. Case: 'email' is word","tests.api.user","Mon Apr 20 06:33:10 UTC 2026","skipped","Mon Apr 20 06:33:10 UTC 2026","TestCreateUserApi","test_create_user","",""
"","358","[API] Update user should return 200_OK when send update user request with valid data. Case: 'state' length = min + 1","tests.api.user","Mon Apr 20 06:33:49 UTC 2026","passed","Mon Apr 20 06:33:49 UTC 2026","TestUpdateUserApi","test_update_user","",""
"","684","[WEB] Should add product review with valid data. Case: 'name' length = min + 1","tests.web.component.review","Mon Apr 20 06:52:15 UTC 2026","passed","Mon Apr 20 06:52:16 UTC 2026","TestReviewComponent","test_review_component","",""
"","0","[API] Create user should return 400_BAD_REQUEST when send create user request with invalid data. Case: 'email' contains text after domain","tests.api.user","Mon Apr 20 06:33:10 UTC 2026","skipped","Mon Apr 20 06:33:10 UTC 2026","TestCreateUserApi","test_create_user","",""
"","0","[WEB] Should not add product review with invalid data. Case: 'email' is empty","tests.web.component.review","Mon Apr 20 06:55:01 UTC 2026","skipped","Mon Apr 20 06:55:01 UTC 2026","TestReviewComponent","test_review_component","",""
"","0","[WEB] Sign up with invalid data. Case: 'state' length = min + 1","tests.web.component.auth","Mon Apr 20 06:34:41 UTC 2026","skipped","Mon Apr 20 06:34:41 UTC 2026","TestSignUpWeb","test_signup_component","",""
"","718","[API] Update user should return 200_OK when send update user request with valid data. Case: 'city' length = max","tests.api.user","Mon Apr 20 06:34:00 UTC 2026","passed","Mon Apr 20 06:34:01 UTC 2026","TestUpdateUserApi","test_update_user","",""
"","0","[API] Update user should return 400_BAD_REQUEST when send update user request with invalid data. Case: 'state' length = max + 1","tests.api.user","Mon Apr 20 06:34:06 UTC 2026","skipped","Mon Apr 20 06:34:06 UTC 2026","TestUpdateUserApi","test_update_user","",""
"","345","[WEB Component] Should navigate to cart page by click 'Cart' button","tests.web.component.base","Mon Apr 20 06:35:56 UTC 2026","passed","Mon Apr 20 06:35:56 UTC 2026","TestHeaderComponent","test_header_component","",""
"","0","[WEB] Should not add product review with invalid data. Case: 'email' not contains '@' symbol","tests.web.component.review","Mon Apr 20 06:55:01 UTC 2026","skipped","Mon Apr 20 06:55:01 UTC 2026","TestReviewComponent","test_review_component","",""
"","383","[API] Update user should return 200_OK when send update user request with valid data. Case: 'first_name' length = max","tests.api.user","Mon Apr 20 06:33:24 UTC 2026","passed","Mon Apr 20 06:33:25 UTC 2026","TestUpdateUserApi","test_update_user","",""
"","463","[WEB Component] Header has expected screenshot","tests.web.component.base","Mon Apr 20 06:57:44 UTC 2026","passed","Mon Apr 20 06:57:44 UTC 2026","TestHeaderComponent","test_header_component","",""
"","0","[API] Create user should return 400_BAD_REQUEST when send create user request with invalid data. Case: 'company' is empty","tests.api.user","Mon Apr 20 06:33:10 UTC 2026","skipped","Mon Apr 20 06:33:10 UTC 2026","TestCreateUserApi","test_create_user","",""
"","0","[API] Update user should return 400_BAD_REQUEST when send update user request with invalid data. Case: 'email' contains '-' after '@'","tests.api.user","Mon Apr 20 06:34:06 UTC 2026","skipped","Mon Apr 20 06:34:06 UTC 2026","TestUpdateUserApi","test_update_user","",""
"","0","[API] Create user should return 400_BAD_REQUEST when send create user request with invalid data. Case: 'zipcode' is empty","tests.api.user","Mon Apr 20 06:33:11 UTC 2026","skipped","Mon Apr 20 06:33:11 UTC 2026","TestCreateUserApi","test_create_user","",""
"","0","[API] Update user should return 400_BAD_REQUEST when send update user request with invalid data. Case: 'email' contains multiple '@' symbols","tests.api.user","Mon Apr 20 06:34:06 UTC 2026","skipped","Mon Apr 20 06:34:06 UTC 2026","TestUpdateUserApi","test_update_user","",""
"","4751","[WEB] Sign up with valid data. Case: 'last_name' length = min","tests.web.component.auth","Mon Apr 20 06:38:08 UTC 2026","passed","Mon Apr 20 06:38:13 UTC 2026","TestSignUpWeb","test_signup_component","",""
"","0","[WEB] Sign up with invalid data. Case: 'first_name' length = max","tests.web.component.auth","Mon Apr 20 06:34:41 UTC 2026","skipped","Mon Apr 20 06:34:41 UTC 2026","TestSignUpWeb","test_signup_component","",""
"","241","[API] Create user should return 200_OK when send create user request with valid data. Case: 'last_name' length = min","tests.api.user","Mon Apr 20 06:33:19 UTC 2026","passed","Mon Apr 20 06:33:20 UTC 2026","TestCreateUserApi","test_create_user","",""
"","0","[API] Update user should return 400_BAD_REQUEST when send update user request with invalid data. Case: 'city' length = max + 1","tests.api.user","Mon Apr 20 06:34:06 UTC 2026","skipped","Mon Apr 20 06:34:06 UTC 2026","TestUpdateUserApi","test_update_user","",""
"","0","[WEB] Should not add product review with invalid data. Case: 'name' is empty","tests.web.component.review","Mon Apr 20 06:55:01 UTC 2026","skipped","Mon Apr 20 06:55:01 UTC 2026","TestReviewComponent","test_review_component","",""
"","147","[API] Create user should return 200_OK when send create user request with valid data. Case: 'name' length = max","tests.api.user","Mon Apr 20 06:33:17 UTC 2026","passed","Mon Apr 20 06:33:17 UTC 2026","TestCreateUserApi","test_create_user","",""
"","425","[API] Update user should return 200_OK when send update user request with valid data. Case: 'birth_month' = 1","tests.api.user","Mon Apr 20 06:33:37 UTC 2026","passed","Mon Apr 20 06:33:38 UTC 2026","TestUpdateUserApi","test_update_user","",""
"","597","[WEB] Should add product review with valid data. Case: 'email' username contains only underscore '-'","tests.web.component.review","Mon Apr 20 06:54:06 UTC 2026","passed","Mon Apr 20 06:54:07 UTC 2026","TestReviewComponent","test_review_component","",""
"","0","[API] Create user should return 400_BAD_REQUEST when send create user request with invalid data. Case: 'zipcode' length = max + 1","tests.api.user","Mon Apr 20 06:33:11 UTC 2026","skipped","Mon Apr 20 06:33:11 UTC 2026","TestCreateUserApi","test_create_user","",""
"","647","[WEB Component] Should subscribe with valid email","tests.web.component.base","Mon Apr 20 06:58:05 UTC 2026","failed","Mon Apr 20 06:58:05 UTC 2026","TestSubscriptionComponent","test_subscription_component","",""
"","0","[WEB Component] Should not subscribe with invalid email","tests.web.component.base","Mon Apr 20 06:58:10 UTC 2026","skipped","Mon Apr 20 06:58:10 UTC 2026","TestSubscriptionComponent","test_subscription_component","",""
"","0","[API] Update user should return 400_BAD_REQUEST when send update user request with invalid data. Case: 'state' is absent","tests.api.user","Mon Apr 20 06:34:06 UTC 2026","skipped","Mon Apr 20 06:34:06 UTC 2026","TestUpdateUserApi","test_update_user","",""
"","316","[WEB] Should have expected screenshot when not send review","tests.web.component.review","Mon Apr 20 07:02:01 UTC 2026","passed","Mon Apr 20 07:02:01 UTC 2026","TestReviewComponent","test_review_component","",""
"","6058","[WEB] Sign up with valid data. Case: 'company' length = min","tests.web.component.auth","Mon Apr 20 06:43:49 UTC 2026","passed","Mon Apr 20 06:43:55 UTC 2026","TestSignUpWeb","test_signup_component","",""
"","2257","[WEB Component] Add product to cart from product carousel","tests.web.component.carousel","Mon Apr 20 06:59:38 UTC 2026","passed","Mon Apr 20 06:59:40 UTC 2026","TestProductCarousel","test_product_carousel","",""
"","176","[API] Create user should return 200_OK when send create user request with valid data. Case: 'address2' length = min","tests.api.user","Mon Apr 20 06:33:38 UTC 2026","passed","Mon Apr 20 06:33:38 UTC 2026","TestCreateUserApi","test_create_user","",""
"","0","[API] Update user should return 400_BAD_REQUEST when send update user request with invalid data. Case: 'zipcode' length = max + 1","tests.api.user","Mon Apr 20 06:34:01 UTC 2026","skipped","Mon Apr 20 06:34:01 UTC 2026","TestUpdateUserApi","test_update_user","",""
"","653","[API] Update user should return 200_OK when send update user request with valid data. Case: 'city' length = min","tests.api.user","Mon Apr 20 06:33:55 UTC 2026","passed","Mon Apr 20 06:33:55 UTC 2026","TestUpdateUserApi","test_update_user","",""
"","0","[WEB Component] Pay with invalid card should show error message. Case: name length = max + 1","tests.web.component.payment","Mon Apr 20 06:45:57 UTC 2026","skipped","Mon Apr 20 06:45:57 UTC 2026","TestPaymentComponent","test_payment_component","",""
"","141","[API] Create user should return 200_OK when send create user request with valid data. Case: 'city' length = max","tests.api.user","Mon Apr 20 06:33:35 UTC 2026","passed","Mon Apr 20 06:33:35 UTC 2026","TestCreateUserApi","test_create_user","",""
"","524","[WEB] Should add product review with valid data. Case: 'name' length = min","tests.web.component.review","Mon Apr 20 06:51:54 UTC 2026","passed","Mon Apr 20 06:51:55 UTC 2026","TestReviewComponent","test_review_component","",""
"","0","[WEB] Sign up with invalid data. Case: 'address2' length = min + 1","tests.web.component.auth","Mon Apr 20 06:34:41 UTC 2026","skipped","Mon Apr 20 06:34:41 UTC 2026","TestSignUpWeb","test_signup_component","",""
"","5882","[WEB Component] Category filter should have expected screenshot when group expanded","tests.web.component.filter","Mon Apr 20 06:59:46 UTC 2026","passed","Mon Apr 20 06:59:52 UTC 2026","TestCategoryFilter","test_category_filter","",""
"","5337","[WEB] Sign up with valid data. Case: 'zipcode' length = min","tests.web.component.auth","Mon Apr 20 06:52:14 UTC 2026","passed","Mon Apr 20 06:52:19 UTC 2026","TestSignUpWeb","test_signup_component","",""
"","0","[API] Create user should return 400_BAD_REQUEST when send create user request with invalid data. Case: 'address2' length = min - 1","tests.api.user","Mon Apr 20 06:33:11 UTC 2026","skipped","Mon Apr 20 06:33:11 UTC 2026","TestCreateUserApi","test_create_user","",""
"","579","[API] Update user should return 200_OK when send update user request with valid data. Case: 'mobile_number' length = max","tests.api.user","Mon Apr 20 06:33:33 UTC 2026","passed","Mon Apr 20 06:33:34 UTC 2026","TestUpdateUserApi","test_update_user","",""
"","949","[API] Create user should return 200_OK when send create user request with valid data. Case: 'address2' length = min + 1","tests.api.user","Mon Apr 20 06:33:38 UTC 2026","passed","Mon Apr 20 06:33:39 UTC 2026","TestCreateUserApi","test_create_user","",""
"","0","[WEB] Sign up with invalid data. Case: 'city' length = min","tests.web.component.auth","Mon Apr 20 06:34:41 UTC 2026","skipped","Mon Apr 20 06:34:41 UTC 2026","TestSignUpWeb","test_signup_component","",""
"","0","[WEB] Sign up with invalid data. Case: 'birth_day' length = 31","tests.web.component.auth","Mon Apr 20 06:34:41 UTC 2026","skipped","Mon Apr 20 06:34:41 UTC 2026","TestSignUpWeb","test_signup_component","",""
"","0","[API] Create user should return 400_BAD_REQUEST when send create user request with invalid data. Case: 'first_name' length = max + 1","tests.api.user","Mon Apr 20 06:33:10 UTC 2026","skipped","Mon Apr 20 06:33:10 UTC 2026","TestCreateUserApi","test_create_user","",""
"","11543","Purchase products with sign up while checkout","tests.web.e2e","Mon Apr 20 06:55:55 UTC 2026","passed","Mon Apr 20 06:56:07 UTC 2026","TestPlaceOrder","test_place_order","",""
"","836","[WEB Component] Should navigate to contact us page by click on 'Contact us' button","tests.web.component.base","Mon Apr 20 06:37:20 UTC 2026","passed","Mon Apr 20 06:37:21 UTC 2026","TestHeaderComponent","test_header_component","",""
"","235","[API] Create user should return 200_OK when send create user request with valid data. Case: 'company' length = max","tests.api.user","Mon Apr 20 06:33:30 UTC 2026","passed","Mon Apr 20 06:33:30 UTC 2026","TestCreateUserApi","test_create_user","",""
"","6479","[WEB] Sign up with valid data. Case: 'first_name' length = min + 1","tests.web.component.auth","Mon Apr 20 06:36:53 UTC 2026","passed","Mon Apr 20 06:37:00 UTC 2026","TestSignUpWeb","test_signup_component","",""
"","0","[API] Update user should return 400_BAD_REQUEST when send update user request with invalid data. Case: 'address1' is absent","tests.api.user","Mon Apr 20 06:34:06 UTC 2026","skipped","Mon Apr 20 06:34:06 UTC 2026","TestUpdateUserApi","test_update_user","",""
"","299","[API] Update user should return 200_OK when send update user request with valid data. Case: 'mobile_number' length = max - 1","tests.api.user","Mon Apr 20 06:33:32 UTC 2026","passed","Mon Apr 20 06:33:32 UTC 2026","TestUpdateUserApi","test_update_user","",""
"","4994","[WEB] Sign up with valid data. Case: 'city' length = min + 1","tests.web.component.auth","Mon Apr 20 06:47:28 UTC 2026","passed","Mon Apr 20 06:47:33 UTC 2026","TestSignUpWeb","test_signup_component","",""
"","6240","[WEB Component] Place order without authorization notification proceed to checkout button should navigate to login page","tests.web.component.base","Mon Apr 20 06:38:01 UTC 2026","passed","Mon Apr 20 06:38:07 UTC 2026","TestNotificationComponent","test_notification_component","",""
"","0","[WEB Component] Pay with invalid card should show error message. Case: expiry year too long","tests.web.component.payment","Mon Apr 20 06:45:57 UTC 2026","skipped","Mon Apr 20 06:45:57 UTC 2026","TestPaymentComponent","test_payment_component","",""
"","146","[API] Create user should return 200_OK when send create user request with valid data. Case: 'address1' length = min + 1","tests.api.user","Mon Apr 20 06:33:36 UTC 2026","passed","Mon Apr 20 06:33:36 UTC 2026","TestCreateUserApi","test_create_user","",""
"","476","[WEB] Should add product review with valid data. Case: 'email' username contains '.'","tests.web.component.review","Mon Apr 20 06:53:57 UTC 2026","passed","Mon Apr 20 06:53:57 UTC 2026","TestReviewComponent","test_review_component","",""
"","1897","[WEB Component] Pay with valid card should show success status message. Case: valid: 16 digits number","tests.web.component.payment","Mon Apr 20 06:43:34 UTC 2026","passed","Mon Apr 20 06:43:36 UTC 2026","TestPaymentComponent","test_payment_component","",""
"","0","[WEB] Should not add product review with invalid data. Case: 'email' contains '-' after '@'","tests.web.component.review","Mon Apr 20 06:55:01 UTC 2026","skipped","Mon Apr 20 06:55:01 UTC 2026","TestReviewComponent","test_review_component","",""
"","1946","[WEB] Should add product review with valid data. Case: 'message' length = max","tests.web.component.review","Mon Apr 20 06:54:59 UTC 2026","passed","Mon Apr 20 06:55:01 UTC 2026","TestReviewComponent","test_review_component","",""
"","0","[API] Update user should return 400_BAD_REQUEST when send update user request with invalid data. Case: 'zipcode' has invalid format","tests.api.user","Mon Apr 20 06:34:01 UTC 2026","skipped","Mon Apr 20 06:34:01 UTC 2026","TestUpdateUserApi","test_update_user","",""
"","1801","[WEB Component] Add product notification should have expected data and screenshot","tests.web.component.base","Mon Apr 20 06:56:55 UTC 2026","passed","Mon Apr 20 06:56:56 UTC 2026","TestNotificationComponent","test_notification_component","",""
"","333","[API] Create user should return 200_OK when send create user request with valid data. Case: 'name' length = max - 1","tests.api.user","Mon Apr 20 06:33:16 UTC 2026","passed","Mon Apr 20 06:33:17 UTC 2026","TestCreateUserApi","test_create_user","",""
"","364","[WEB Component] Billing address has expected data","tests.web.component.address","Mon Apr 20 06:57:00 UTC 2026","passed","Mon Apr 20 06:57:00 UTC 2026","TestAddressComponent","test_address_component","",""
"","0","[WEB] Should not add product review with invalid data. Case: 'email' contains text after domain","tests.web.component.review","Mon Apr 20 06:55:01 UTC 2026","skipped","Mon Apr 20 06:55:01 UTC 2026","TestReviewComponent","test_review_component","",""
"","0","[API] Update user should return 400_BAD_REQUEST when send update user request with invalid data. Case: 'email' is word","tests.api.user","Mon Apr 20 06:34:06 UTC 2026","skipped","Mon Apr 20 06:34:06 UTC 2026","TestUpdateUserApi","test_update_user","",""
"","1408","[WEB Component] Should add product to cart when click on add to cart button","tests.web.component.product","Mon Apr 20 06:47:58 UTC 2026","passed","Mon Apr 20 06:47:59 UTC 2026","TestProductCard","test_product_details_component","",""
"","0","[API] Update user should return 400_BAD_REQUEST when send update user request with invalid data. Case: 'mobile_number' is absent","tests.api.user","Mon Apr 20 06:34:06 UTC 2026","skipped","Mon Apr 20 06:34:06 UTC 2026","TestUpdateUserApi","test_update_user","",""
"","612","[WEB] Should add product review with valid data. Case: 'name' length = max - 1","tests.web.component.review","Mon Apr 20 06:52:35 UTC 2026","passed","Mon Apr 20 06:52:36 UTC 2026","TestReviewComponent","test_review_component","",""
"","0","[WEB] Sign up with invalid data. Case: 'city' length = min + 1","tests.web.component.auth","Mon Apr 20 06:34:41 UTC 2026","skipped","Mon Apr 20 06:34:41 UTC 2026","TestSignUpWeb","test_signup_component","",""
"","0","[API] Update user should return 400_BAD_REQUEST when send update user request with invalid data. Case: 'mobile_number' length = min - 1","tests.api.user","Mon Apr 20 06:34:06 UTC 2026","skipped","Mon Apr 20 06:34:06 UTC 2026","TestUpdateUserApi","test_update_user","",""
"","499","[API] Update user should return 200_OK when send update user request with valid data. Case: 'address2' length = max","tests.api.user","Mon Apr 20 06:33:57 UTC 2026","passed","Mon Apr 20 06:33:57 UTC 2026","TestUpdateUserApi","test_update_user","",""
"","0","[API] Update user should return 400_BAD_REQUEST when send update user request with invalid data. Case: 'email' not contains username","tests.api.user","Mon Apr 20 06:34:06 UTC 2026","skipped","Mon Apr 20 06:34:06 UTC 2026","TestUpdateUserApi","test_update_user","",""
"","556","[API] Create user should return 200_OK when send create user request with valid data. Case: 'zipcode' length = min + 1","tests.api.user","Mon Apr 20 06:33:42 UTC 2026","passed","Mon Apr 20 06:33:42 UTC 2026","TestCreateUserApi","test_create_user","",""
"","0","[API] Update user should return 400_BAD_REQUEST when send update user request with invalid data. Case: 'address1' length = min - 1","tests.api.user","Mon Apr 20 06:34:06 UTC 2026","skipped","Mon Apr 20 06:34:06 UTC 2026","TestUpdateUserApi","test_update_user","",""
"","0","[API] Create user should return 400_BAD_REQUEST when send create user request with invalid data. Case: 'first_name' length = min - 1","tests.api.user","Mon Apr 20 06:33:10 UTC 2026","skipped","Mon Apr 20 06:33:10 UTC 2026","TestCreateUserApi","test_create_user","",""
"","4917","[WEB] Sign up with valid data. Case: 'city' length = min","tests.web.component.auth","Mon Apr 20 06:47:04 UTC 2026","passed","Mon Apr 20 06:47:09 UTC 2026","TestSignUpWeb","test_signup_component","",""
"","807","[API] Update user should return 200_OK when send update user request with valid data. Case: 'state' length = max","tests.api.user","Mon Apr 20 06:33:53 UTC 2026","passed","Mon Apr 20 06:33:53 UTC 2026","TestUpdateUserApi","test_update_user","",""
"","417","[API] Create user should return 200_OK when send create user request with valid data. Case: 'birth_month' = 1","tests.api.user","Mon Apr 20 06:33:26 UTC 2026","passed","Mon Apr 20 06:33:26 UTC 2026","TestCreateUserApi","test_create_user","",""
"","0","[WEB Component] Pay with invalid card should show error message. Case: expiry month = 13","tests.web.component.payment","Mon Apr 20 06:45:57 UTC 2026","skipped","Mon Apr 20 06:45:57 UTC 2026","TestPaymentComponent","test_payment_component","",""
"","487","[API] Update user should return 200_OK when send update user request with valid data. Case: 'zipcode' length = max","tests.api.user","Mon Apr 20 06:34:05 UTC 2026","passed","Mon Apr 20 06:34:05 UTC 2026","TestUpdateUserApi","test_update_user","",""
"","5531","[WEB] Sign up with valid data. Case: 'zipcode' length = max - 1","tests.web.component.auth","Mon Apr 20 06:34:10 UTC 2026","passed","Mon Apr 20 06:34:16 UTC 2026","TestSignUpWeb","test_signup_component","",""
"","0","[API] Create user should return 400_BAD_REQUEST when send create user request with invalid data. Case: 'last_name' length = min - 1","tests.api.user","Mon Apr 20 06:33:10 UTC 2026","skipped","Mon Apr 20 06:33:10 UTC 2026","TestCreateUserApi","test_create_user","",""
"","0","[WEB] Should not add product review with invalid data. Case: 'name' is absent","tests.web.component.review","Mon Apr 20 06:55:01 UTC 2026","skipped","Mon Apr 20 06:55:01 UTC 2026","TestReviewComponent","test_review_component","",""
"","7376","[WEB] Sign up with valid data. Case: 'address1' length = max - 1","tests.web.component.auth","Mon Apr 20 06:49:36 UTC 2026","passed","Mon Apr 20 06:49:44 UTC 2026","TestSignUpWeb","test_signup_component","",""
"","0","[WEB] Should not add product review with invalid data. Case: 'message' length = min + 1","tests.web.component.review","Mon Apr 20 06:55:01 UTC 2026","skipped","Mon Apr 20 06:55:01 UTC 2026","TestReviewComponent","test_review_component","",""
"","0","[WEB Component] Pay with invalid card should show error message. Case: name contains special characters","tests.web.component.payment","Mon Apr 20 06:45:57 UTC 2026","skipped","Mon Apr 20 06:45:57 UTC 2026","TestPaymentComponent","test_payment_component","",""
"","4139","[WEB] Sign up with valid data. Case: 'company' length = max - 1","tests.web.component.auth","Mon Apr 20 06:44:40 UTC 2026","failed","Mon Apr 20 06:44:44 UTC 2026","TestSignUpWeb","test_signup_component","",""
"","0","[WEB] Sign up with invalid data. Case: 'company' length = max","tests.web.component.auth","Mon Apr 20 06:34:41 UTC 2026","skipped","Mon Apr 20 06:34:41 UTC 2026","TestSignUpWeb","test_signup_component","",""
"","0","[WEB Component] Pay with invalid card should show error message. Case: cvc contains letters","tests.web.component.payment","Mon Apr 20 06:45:57 UTC 2026","skipped","Mon Apr 20 06:45:57 UTC 2026","TestPaymentComponent","test_payment_component","",""
"","0","[API] Update user should return 400_BAD_REQUEST when send update user request with invalid data. Case: 'email' is empty","tests.api.user","Mon Apr 20 06:34:06 UTC 2026","skipped","Mon Apr 20 06:34:06 UTC 2026","TestUpdateUserApi","test_update_user","",""
"","0","[API] Update user should return 400_BAD_REQUEST when send update user request with invalid data. Case: 'address1' length = max + 1","tests.api.user","Mon Apr 20 06:34:06 UTC 2026","skipped","Mon Apr 20 06:34:06 UTC 2026","TestUpdateUserApi","test_update_user","",""
"","1724","[API] Login should return 200_OK when send login request with valid data and contains csrf cookie","tests.api.auth","Mon Apr 20 06:33:11 UTC 2026","passed","Mon Apr 20 06:33:12 UTC 2026","TestAuthApi","test_auth","",""
"","0","[WEB] Sign up with invalid data. Case: 'name' length = min","tests.web.component.auth","Mon Apr 20 06:34:41 UTC 2026","skipped","Mon Apr 20 06:34:41 UTC 2026","TestSignUpWeb","test_signup_component","",""
"","0","[WEB Component] Pay with invalid card should show error message. Case: expiry year is empty","tests.web.component.payment","Mon Apr 20 06:45:57 UTC 2026","skipped","Mon Apr 20 06:45:57 UTC 2026","TestPaymentComponent","test_payment_component","",""
"","381","[API] Create user should return 200_OK when send create user request with valid data. Case: 'mobile_number' length = max","tests.api.user","Mon Apr 20 06:33:24 UTC 2026","passed","Mon Apr 20 06:33:24 UTC 2026","TestCreateUserApi","test_create_user","",""
"","393","[WEB Component] Header has expected screenshot when authorized","tests.web.component.base","Mon Apr 20 06:58:06 UTC 2026","passed","Mon Apr 20 06:58:06 UTC 2026","TestHeaderComponent","test_header_component","",""
"","419","[API] Create user should return 200_OK when send create user request with valid data. Case: 'name' length = min","tests.api.user","Mon Apr 20 06:33:15 UTC 2026","passed","Mon Apr 20 06:33:15 UTC 2026","TestCreateUserApi","test_create_user","",""
"","0","[WEB Component] Pay with invalid card should show error message. Case: cvc too long","tests.web.component.payment","Mon Apr 20 06:45:57 UTC 2026","skipped","Mon Apr 20 06:45:57 UTC 2026","TestPaymentComponent","test_payment_component","",""
"","0","[API] Create user should return 400_BAD_REQUEST when send create user request with invalid data. Case: 'city' is absent","tests.api.user","Mon Apr 20 06:33:11 UTC 2026","skipped","Mon Apr 20 06:33:11 UTC 2026","TestCreateUserApi","test_create_user","",""
"","0","[WEB] Sign up with invalid data. Case: 'last_name' length = max","tests.web.component.auth","Mon Apr 20 06:34:41 UTC 2026","skipped","Mon Apr 20 06:34:41 UTC 2026","TestSignUpWeb","test_signup_component","",""
"","0","[API] Create user should return 400_BAD_REQUEST when send create user request with invalid data. Case: 'company' length = max + 1","tests.api.user","Mon Apr 20 06:33:11 UTC 2026","skipped","Mon Apr 20 06:33:11 UTC 2026","TestCreateUserApi","test_create_user","",""
"","3508","[WEB Component] Order placed page should have expected screenshot","tests.web.component.payment","Mon Apr 20 07:00:50 UTC 2026","passed","Mon Apr 20 07:00:54 UTC 2026","TestPaymentComponent","test_invoice_file","",""
"","0","[API] Update user should return 400_BAD_REQUEST when send update user request with invalid data. Case: 'name' length = max + 1","tests.api.user","Mon Apr 20 06:34:06 UTC 2026","skipped","Mon Apr 20 06:34:06 UTC 2026","TestUpdateUserApi","test_update_user","",""
"","0","[API] Update user should return 400_BAD_REQUEST when send update user request with invalid data. Case: 'state' is empty","tests.api.user","Mon Apr 20 06:34:06 UTC 2026","skipped","Mon Apr 20 06:34:06 UTC 2026","TestUpdateUserApi","test_update_user","",""
"","579","[WEB] Should add product review with valid data. Case: 'email' domain name length = 2","tests.web.component.review","Mon Apr 20 06:54:46 UTC 2026","passed","Mon Apr 20 06:54:46 UTC 2026","TestReviewComponent","test_review_component","",""
"","753","[WEB Component] Should open product page when click on view product button","tests.web.component.product","Mon Apr 20 06:46:56 UTC 2026","passed","Mon Apr 20 06:46:57 UTC 2026","TestAnimatedProductCard","test_animated_product_card_component","",""
"","5954","[WEB] Sign up with valid data. Case: 'address2' length = min + 1","tests.web.component.auth","Mon Apr 20 06:50:55 UTC 2026","passed","Mon Apr 20 06:51:01 UTC 2026","TestSignUpWeb","test_signup_component","",""
"","68","[WEB Component] Should have all products expected total price","tests.web.component.product","Mon Apr 20 06:50:30 UTC 2026","passed","Mon Apr 20 06:50:30 UTC 2026","TestProductItem","test_product_item","",""
"","2854","[WEB Component] Invoice should have expected price","tests.web.component.payment","Mon Apr 20 06:40:51 UTC 2026","passed","Mon Apr 20 06:40:54 UTC 2026","TestPaymentComponent","test_invoice_file","",""
"","0","[WEB] Sign up with invalid data. Case: 'birth_day' = 1","tests.web.component.auth","Mon Apr 20 06:34:41 UTC 2026","skipped","Mon Apr 20 06:34:41 UTC 2026","TestSignUpWeb","test_signup_component","",""
"","6080","[WEB] Sign up with valid data. Case: 'zipcode' length = min + 1","tests.web.component.auth","Mon Apr 20 06:52:39 UTC 2026","passed","Mon Apr 20 06:52:45 UTC 2026","TestSignUpWeb","test_signup_component","",""
"","0","[API] Create user should return 400_BAD_REQUEST when send create user request with invalid data. Case: 'email' contains '-' after '@'","tests.api.user","Mon Apr 20 06:33:10 UTC 2026","skipped","Mon Apr 20 06:33:10 UTC 2026","TestCreateUserApi","test_create_user","",""
"","0","[API] Create user should return 400_BAD_REQUEST when send create user request with invalid data. Case: 'email' not contains username","tests.api.user","Mon Apr 20 06:33:10 UTC 2026","skipped","Mon Apr 20 06:33:10 UTC 2026","TestCreateUserApi","test_create_user","",""
"","5708","[WEB] Sign up with valid data. Case: 'state' length = min","tests.web.component.auth","Mon Apr 20 06:45:22 UTC 2026","passed","Mon Apr 20 06:45:27 UTC 2026","TestSignUpWeb","test_signup_component","",""
"","275","[API] Update user should return 200_OK when send update user request with valid data. Case: 'last_name' length = min","tests.api.user","Mon Apr 20 06:33:25 UTC 2026","passed","Mon Apr 20 06:33:26 UTC 2026","TestUpdateUserApi","test_update_user","",""
"","407","[API] Update user should return 200_OK when send update user request with valid data. Case: 'birth_year' = 1","tests.api.user","Mon Apr 20 06:33:40 UTC 2026","passed","Mon Apr 20 06:33:40 UTC 2026","TestUpdateUserApi","test_update_user","",""
"","5577","[WEB] Sign up with valid data. Case: 'state' length = max","tests.web.component.auth","Mon Apr 20 06:46:39 UTC 2026","passed","Mon Apr 20 06:46:45 UTC 2026","TestSignUpWeb","test_signup_component","",""
"","0","[API] Update user should return 400_BAD_REQUEST when send update user request with invalid data. Case: 'birth_year' is zero","tests.api.user","Mon Apr 20 06:34:06 UTC 2026","skipped","Mon Apr 20 06:34:06 UTC 2026","TestUpdateUserApi","test_update_user","",""
"","0","[API] Update user should return 400_BAD_REQUEST when send update user request with invalid data. Case: 'zipcode' is absent","tests.api.user","Mon Apr 20 06:34:01 UTC 2026","skipped","Mon Apr 20 06:34:01 UTC 2026","TestUpdateUserApi","test_update_user","",""
"","0","[WEB] Sign up with invalid data. Case: 'last_name' length = max - 1","tests.web.component.auth","Mon Apr 20 06:34:41 UTC 2026","skipped","Mon Apr 20 06:34:41 UTC 2026","TestSignUpWeb","test_signup_component","",""
"","2302","[WEB Component] Products Carousel should show next products when scroll right","tests.web.component.carousel","Mon Apr 20 06:58:52 UTC 2026","passed","Mon Apr 20 06:58:54 UTC 2026","TestProductCarousel","test_product_carousel","",""
"","0","[WEB Component] Pay with invalid card should show error message. Case: card number only spaces","tests.web.component.payment","Mon Apr 20 06:45:57 UTC 2026","skipped","Mon Apr 20 06:45:57 UTC 2026","TestPaymentComponent","test_payment_component","",""
"","0","[API] Create user should return 400_BAD_REQUEST when send create user request with invalid data. Case: 'address1' length = max + 1","tests.api.user","Mon Apr 20 06:33:11 UTC 2026","skipped","Mon Apr 20 06:33:11 UTC 2026","TestCreateUserApi","test_create_user","",""
"","2485","[WEB Component] Image Carousel should show next image when scroll right","tests.web.component.carousel","Mon Apr 20 06:58:45 UTC 2026","passed","Mon Apr 20 06:58:48 UTC 2026","TestImageCarousel","test_image_carousel","",""
"","0","[WEB] Sign up with invalid data. Case: 'state' length = min","tests.web.component.auth","Mon Apr 20 06:34:41 UTC 2026","skipped","Mon Apr 20 06:34:41 UTC 2026","TestSignUpWeb","test_signup_component","",""
"","0","[WEB] Sign up with invalid data. Case: 'address1' length = min + 1","tests.web.component.auth","Mon Apr 20 06:34:41 UTC 2026","skipped","Mon Apr 20 06:34:41 UTC 2026","TestSignUpWeb","test_signup_component","",""
"","0","[API] Update user should return 400_BAD_REQUEST when send update user request with invalid data. Case: 'email' contains only special symbols","tests.api.user","Mon Apr 20 06:34:06 UTC 2026","skipped","Mon Apr 20 06:34:06 UTC 2026","TestUpdateUserApi","test_update_user","",""
"","2406","[WEB Component] Pay with valid card should show success status message. Case: valid: expiry month max","tests.web.component.payment","Mon Apr 20 06:45:27 UTC 2026","passed","Mon Apr 20 06:45:30 UTC 2026","TestPaymentComponent","test_payment_component","",""
"","0","[API] Update user should return 400_BAD_REQUEST when send update user request with invalid data. Case: 'email' contains text before username","tests.api.user","Mon Apr 20 06:34:06 UTC 2026","skipped","Mon Apr 20 06:34:06 UTC 2026","TestUpdateUserApi","test_update_user","",""
"","10625","Purchase products with login before checkout","tests.web.e2e","Mon Apr 20 06:55:49 UTC 2026","passed","Mon Apr 20 06:56:00 UTC 2026","TestPlaceOrder","test_place_order","",""
"","0","[API] Update user should return 400_BAD_REQUEST when send update user request with invalid data. Case: 'zipcode' length = min - 1","tests.api.user","Mon Apr 20 06:34:01 UTC 2026","skipped","Mon Apr 20 06:34:01 UTC 2026","TestUpdateUserApi","test_update_user","",""
"","0","[API] Create user should return 400_BAD_REQUEST when send create user request with invalid data. Case: 'last_name' length = max + 1","tests.api.user","Mon Apr 20 06:33:10 UTC 2026","skipped","Mon Apr 20 06:33:10 UTC 2026","TestCreateUserApi","test_create_user","",""
"","5549","[WEB] Sign up with valid data. Case: 'address1' length = min","tests.web.component.auth","Mon Apr 20 06:48:46 UTC 2026","passed","Mon Apr 20 06:48:51 UTC 2026","TestSignUpWeb","test_signup_component","",""
"","525","[WEB Component] Pay with valid card should show success status message. Case: valid: future year","tests.web.component.payment","Mon Apr 20 06:45:56 UTC 2026","passed","Mon Apr 20 06:45:56 UTC 2026","TestPaymentComponent","test_payment_component","",""
"","5282","[WEB] Sign up with valid data. Case: 'mobile_number' length = min","tests.web.component.auth","Mon Apr 20 06:39:43 UTC 2026","passed","Mon Apr 20 06:39:48 UTC 2026","TestSignUpWeb","test_signup_component","",""
"","0","[API] Create user should return 400_BAD_REQUEST when send create user request with invalid data. Case: 'name' is empty","tests.api.user","Mon Apr 20 06:33:44 UTC 2026","skipped","Mon Apr 20 06:33:44 UTC 2026","TestCreateUserApi","test_create_user","",""
"","0","[API] Update user should return 400_BAD_REQUEST when send update user request with invalid data. Case: 'first_name' length = max + 1","tests.api.user","Mon Apr 20 06:34:06 UTC 2026","skipped","Mon Apr 20 06:34:06 UTC 2026","TestUpdateUserApi","test_update_user","",""
"","11198","[WEB Component] Category filter group should be collapsed after expand another group","tests.web.component.filter","Mon Apr 20 07:00:35 UTC 2026","passed","Mon Apr 20 07:00:46 UTC 2026","TestCategoryFilter","test_category_filter","",""
"","1461","[WEB Component] Page scroller scroll page to top","tests.web.component.base","Mon Apr 20 06:57:37 UTC 2026","passed","Mon Apr 20 06:57:38 UTC 2026","TestPageScrollerComponent","test_page_scroller_component","",""
"","2557","[WEB Component] Product details should have expected data","tests.web.component.product","Mon Apr 20 07:01:53 UTC 2026","failed","Mon Apr 20 07:01:56 UTC 2026","TestProductCard","test_product_details_component","",""
"","0","[WEB Component] Pay with invalid card should show error message. Case: name contains trailing spaces","tests.web.component.payment","Mon Apr 20 06:45:57 UTC 2026","skipped","Mon Apr 20 06:45:57 UTC 2026","TestPaymentComponent","test_payment_component","",""
"","134","[API] Create user should return 200_OK when send create user request with valid data. Case: 'city' length = max - 1","tests.api.user","Mon Apr 20 06:33:34 UTC 2026","passed","Mon Apr 20 06:33:34 UTC 2026","TestCreateUserApi","test_create_user","",""
"","5033","[WEB] Sign up with valid data. Case: 'name' length = max - 1","tests.web.component.auth","Mon Apr 20 06:35:41 UTC 2026","passed","Mon Apr 20 06:35:46 UTC 2026","TestSignUpWeb","test_signup_component","",""
"","0","[API] Create user should return 400_BAD_REQUEST when send create user request with invalid data. Case: 'last_name' is empty","tests.api.user","Mon Apr 20 06:33:10 UTC 2026","skipped","Mon Apr 20 06:33:10 UTC 2026","TestCreateUserApi","test_create_user","",""
"","0","[API] Update user should return 400_BAD_REQUEST when send update user request with invalid data. Case: 'company' is empty","tests.api.user","Mon Apr 20 06:34:06 UTC 2026","skipped","Mon Apr 20 06:34:06 UTC 2026","TestUpdateUserApi","test_update_user","",""
"","0","[API] Update user should return 400_BAD_REQUEST when send update user request with invalid data. Case: 'state' length = min - 1","tests.api.user","Mon Apr 20 06:34:06 UTC 2026","skipped","Mon Apr 20 06:34:06 UTC 2026","TestUpdateUserApi","test_update_user","",""
"","893","[WEB Component] Brand filter should have expected screenshot","tests.web.component.filter","Mon Apr 20 06:59:59 UTC 2026","passed","Mon Apr 20 07:00:00 UTC 2026","TestBrandFilter","test_brand_filter","",""
"","0","[WEB Component] Pay with invalid card should show error message. Case: expiry year contains letters","tests.web.component.payment","Mon Apr 20 06:45:57 UTC 2026","skipped","Mon Apr 20 06:45:57 UTC 2026","TestPaymentComponent","test_payment_component","",""
"","648","[API] Update user should return 200_OK when send update user request with valid data. Case: 'city' length = max - 1","tests.api.user","Mon Apr 20 06:33:58 UTC 2026","passed","Mon Apr 20 06:33:59 UTC 2026","TestUpdateUserApi","test_update_user","",""
"","333","[API] Create user should return 200_OK when send create user request with valid data. Case: 'first_name' length = min","tests.api.user","Mon Apr 20 06:33:17 UTC 2026","passed","Mon Apr 20 06:33:18 UTC 2026","TestCreateUserApi","test_create_user","",""
"","0","[API] Create user should return 400_BAD_REQUEST when send create user request with invalid data. Case: 'mobile_number' length = min - 1","tests.api.user","Mon Apr 20 06:33:10 UTC 2026","skipped","Mon Apr 20 06:33:10 UTC 2026","TestCreateUserApi","test_create_user","",""
"","743","[WEB Component] Product card should have expected data","tests.web.component.product","Mon Apr 20 07:01:33 UTC 2026","failed","Mon Apr 20 07:01:33 UTC 2026","TestProductCard","test_product_card_component","",""
"","568","[API] Update user should return 200_OK when send update user request with valid data. Case: 'company' length = min","tests.api.user","Mon Apr 20 06:33:43 UTC 2026","passed","Mon Apr 20 06:33:43 UTC 2026","TestUpdateUserApi","test_update_user","",""
"","0","[WEB Component] Pay with invalid card should show error message. Case: expiry month is empty","tests.web.component.payment","Mon Apr 20 06:45:57 UTC 2026","skipped","Mon Apr 20 06:45:57 UTC 2026","TestPaymentComponent","test_payment_component","",""
"","2590","[WEB Component] Products Carousel should show previous image when scroll left","tests.web.component.carousel","Mon Apr 20 06:58:31 UTC 2026","passed","Mon Apr 20 06:58:33 UTC 2026","TestProductCarousel","test_product_carousel","",""
"","1976","[WEB Component] Search filter should filter products by query","tests.web.component.filter","Mon Apr 20 06:39:40 UTC 2026","passed","Mon Apr 20 06:39:42 UTC 2026","TestSearchFilter","test_search_filter","",""
"","179","[API] Get csrf should return 200_OK when send get csrf request and contains csrf cookie","tests.api.auth","Mon Apr 20 06:33:11 UTC 2026","passed","Mon Apr 20 06:33:11 UTC 2026","TestAuthApi","test_auth","",""
"","564","[API] Update user should return 200_OK when send update user request with valid data. Case: 'address1' length = max","tests.api.user","Mon Apr 20 06:33:48 UTC 2026","passed","Mon Apr 20 06:33:49 UTC 2026","TestUpdateUserApi","test_update_user","",""
"","0","[API] Create user should return 400_BAD_REQUEST when send create user request with invalid data. Case: 'zipcode' length = min - 1","tests.api.user","Mon Apr 20 06:33:11 UTC 2026","skipped","Mon Apr 20 06:33:11 UTC 2026","TestCreateUserApi","test_create_user","",""
"","0","[WEB] Sign up with invalid data. Case: 'birth_month' = 12","tests.web.component.auth","Mon Apr 20 06:34:41 UTC 2026","skipped","Mon Apr 20 06:34:41 UTC 2026","TestSignUpWeb","test_signup_component","",""
