"DESCRIPTION","DURATION IN MS","NAME","PARENT SUITE","START TIME","STATUS","STOP TIME","SUB SUITE","SUITE","TEST CLASS","TEST METHOD"
"","279","[WEB Component] Should add product to cart when click on add to cart button","tests.web.component.product","2026-06-22","passed","2026-06-22","TestAnimatedProductCard","test_animated_product_card_component","",""
"","0","[WEB Component] Pay with invalid card should show error message. Case: cvc only spaces","tests.web.component.payment","2026-06-22","skipped","2026-06-22","TestPaymentComponent","test_payment_component","",""
"","0","[WEB Component] Pay with invalid card should show error message. Case: name contains non latin characters","tests.web.component.payment","2026-06-22","skipped","2026-06-22","TestPaymentComponent","test_payment_component","",""
"","0","[WEB] Sign up with invalid data. Case: 'city' length = max","tests.web.component.auth","2026-06-22","skipped","2026-06-22","TestSignUpWeb","test_signup_component","",""
"","0","[API] Update user should return 400_BAD_REQUEST when send update user request with invalid data. Case: 'mobile_number' is empty","tests.api.user","2026-06-22","skipped","2026-06-22","TestUpdateUserApi","test_update_user","",""
"","182","[API] Create user should return 200_OK when send create user request with valid data. Case: 'mobile_number' length = min","tests.api.user","2026-06-22","passed","2026-06-22","TestCreateUserApi","test_create_user","",""
"","0","[API] Update user should return 400_BAD_REQUEST when send update user request with invalid data. Case: 'mobile_number' has invalid format","tests.api.user","2026-06-22","skipped","2026-06-22","TestUpdateUserApi","test_update_user","",""
"","1190","[WEB Component] Brand filter should filters products by brand","tests.web.component.filter","2026-06-22","passed","2026-06-22","TestBrandFilter","test_brand_filter","",""
"","4072","[WEB] Sign up with valid data. Case: 'first_name' length = min","tests.web.component.auth","2026-06-22","passed","2026-06-22","TestSignUpWeb","test_signup_component","",""
"","229","[API] Update user should return 200_OK when send update user request with valid data. Case: 'last_name' length = max","tests.api.user","2026-06-22","passed","2026-06-22","TestUpdateUserApi","test_update_user","",""
"","500","[WEB] Should add product review with valid data. Case: 'message' length = min + 1","tests.web.component.review","2026-06-22","passed","2026-06-22","TestReviewComponent","test_review_component","",""
"","0","[API] Create user should return 400_BAD_REQUEST when send create user request with invalid data. Case: 'birth_day' is absent","tests.api.user","2026-06-22","skipped","2026-06-22","TestCreateUserApi","test_create_user","",""
"","3294","[WEB] Sign up with valid data. Case: 'city' length = min","tests.web.component.auth","2026-06-22","passed","2026-06-22","TestSignUpWeb","test_signup_component","",""
"","0","[WEB] Sign up with invalid data. Case: 'address1' length = max","tests.web.component.auth","2026-06-22","skipped","2026-06-22","TestSignUpWeb","test_signup_component","",""
"","0","[WEB Component] Pay with invalid card should show error message. Case: expiry month contains letters","tests.web.component.payment","2026-06-22","skipped","2026-06-22","TestPaymentComponent","test_payment_component","",""
"","0","[WEB Component] Pay with invalid card should show error message. Case: card number contains letters","tests.web.component.payment","2026-06-22","skipped","2026-06-22","TestPaymentComponent","test_payment_component","",""
"","0","[API] Create user should return 400_BAD_REQUEST when send create user request with invalid data. Case: 'email' not contains '@' symbol","tests.api.user","2026-06-22","skipped","2026-06-22","TestCreateUserApi","test_create_user","",""
"","288","[API] Update user should return 200_OK when send update user request with valid data. Case: 'birth_day' length = 31","tests.api.user","2026-06-22","passed","2026-06-22","TestUpdateUserApi","test_update_user","",""
"","0","[API] Update user should return 400_BAD_REQUEST when send update user request with invalid data. Case: 'email' contains only special symbols","tests.api.user","2026-06-22","skipped","2026-06-22","TestUpdateUserApi","test_update_user","",""
"","2336","[WEB Component] Image Carousel should show first image when scroll right on last image","tests.web.component.carousel","2026-06-22","passed","2026-06-22","TestImageCarousel","test_image_carousel","",""
"","163","[API] Create user should return 200_OK when send create user request with valid data. Case: 'birth_day' length = 31","tests.api.user","2026-06-22","passed","2026-06-22","TestCreateUserApi","test_create_user","",""
"","0","[API] Create user should return 400_BAD_REQUEST when send create user request with invalid data. Case: 'zipcode' is absent","tests.api.user","2026-06-22","skipped","2026-06-22","TestCreateUserApi","test_create_user","",""
"","1242","[WEB Component] Should add product to cart when click on add to cart button multiple times","tests.web.component.product","2026-06-22","passed","2026-06-22","TestProductCard","test_product_details_component","",""
"","249","[API] Update user should return 200_OK when send update user request with valid data. Case: 'first_name' length = max","tests.api.user","2026-06-22","passed","2026-06-22","TestUpdateUserApi","test_update_user","",""
"","1292","[WEB Component] Products Carousel should first products when scroll right on last image","tests.web.component.carousel","2026-06-22","passed","2026-06-22","TestProductCarousel","test_product_carousel","",""
"","654","[WEB] Should add product review with valid data. Case: 'email' has not exists email service","tests.web.component.review","2026-06-22","passed","2026-06-22","TestReviewComponent","test_review_component","",""
"","0","[WEB] Should not add product review with invalid data. Case: 'message' length = min + 1","tests.web.component.review","2026-06-22","skipped","2026-06-22","TestReviewComponent","test_review_component","",""
"","0","[WEB] Should not add product review with invalid data. Case: 'message' length = min","tests.web.component.review","2026-06-22","skipped","2026-06-22","TestReviewComponent","test_review_component","",""
"","2210","[WEB Component] Image Carousel should show last image when scroll left on first image","tests.web.component.carousel","2026-06-22","passed","2026-06-22","TestImageCarousel","test_image_carousel","",""
"","3372","[WEB] Sign up with valid data. Case: 'name' length = min","tests.web.component.auth","2026-06-22","passed","2026-06-22","TestSignUpWeb","test_signup_component","",""
"","432","[API] Update user should return 200_OK when send update user request with valid data. Case: 'address2' length = min","tests.api.user","2026-06-22","passed","2026-06-22","TestUpdateUserApi","test_update_user","",""
"","0","[API] Update user should return 400_BAD_REQUEST when send update user request with invalid data. Case: 'last_name' length = max + 1","tests.api.user","2026-06-22","skipped","2026-06-22","TestUpdateUserApi","test_update_user","",""
"","603","[WEB] Sign in with invalid credentials. Case: {case_title}","tests.web.component.auth","2026-06-22","passed","2026-06-22","TestLoginWeb","test_login_component","",""
"","0","[API] Create user should return 400_BAD_REQUEST when send create user request with invalid data. Case: 'birth_month' is invalid positive","tests.api.user","2026-06-22","skipped","2026-06-22","TestCreateUserApi","test_create_user","",""
"","3189","[WEB] Sign up with valid data. Case: 'address1' length = min","tests.web.component.auth","2026-06-22","passed","2026-06-22","TestSignUpWeb","test_signup_component","",""
"","0","[WEB Component] Pay with invalid card should show error message. Case: name only spaces","tests.web.component.payment","2026-06-22","skipped","2026-06-22","TestPaymentComponent","test_payment_component","",""
"","1125","[WEB Component] Category filter should have expected screenshot when collapsed","tests.web.component.filter","2026-06-22","passed","2026-06-22","TestCategoryFilter","test_category_filter","",""
"","154","[API] Delete user should return 200_OK when send delete user request and user exists","tests.api.user","2026-06-22","passed","2026-06-22","TestDeleteUserApi","test_delete_user","",""
"","0","[API] Update user should return 400_BAD_REQUEST when send update user request with invalid data. Case: 'birth_day' is zero","tests.api.user","2026-06-22","skipped","2026-06-22","TestUpdateUserApi","test_update_user","",""
"","0","[WEB] Should not add product review with invalid data. Case: 'email' not contains username","tests.web.component.review","2026-06-22","skipped","2026-06-22","TestReviewComponent","test_review_component","",""
"","205","[API] Update user should return 200_OK when send update user request with valid data. Case: 'company' length = max","tests.api.user","2026-06-22","passed","2026-06-22","TestUpdateUserApi","test_update_user","",""
"","304","[API] Create user should return 200_OK when send create user request with valid data. Case: 'birth_day' = 1","tests.api.user","2026-06-22","passed","2026-06-22","TestCreateUserApi","test_create_user","",""
"","337","[API] Create user should return 200_OK when send create user request with valid data. Case: 'address1' length = min + 1","tests.api.user","2026-06-22","passed","2026-06-22","TestCreateUserApi","test_create_user","",""
"","0","[API] Create user should return 400_BAD_REQUEST when send create user request with invalid data. Case: 'last_name' is absent","tests.api.user","2026-06-22","skipped","2026-06-22","TestCreateUserApi","test_create_user","",""
"","1132","[WEB Component] Add product notification should have expected data and screenshot","tests.web.component.base","2026-06-22","passed","2026-06-22","TestNotificationComponent","test_notification_component","",""
"","246","[API] Update user should return 200_OK when send update user request with valid data. Case: 'mobile_number' length = min","tests.api.user","2026-06-22","passed","2026-06-22","TestUpdateUserApi","test_update_user","",""
"","3242","[WEB] Sign up with valid data. Case: 'birth_month' = 12","tests.web.component.auth","2026-06-22","passed","2026-06-22","TestSignUpWeb","test_signup_component","",""
"","210","[API] Delete user should return 404_NOT_FOUND when send delete user request and user not exists","tests.api.user","2026-06-22","passed","2026-06-22","TestDeleteUserApi","test_delete_user","",""
"","2119","[WEB Component] Search filter should return all products when filter by empty query","tests.web.component.filter","2026-06-22","passed","2026-06-22","TestSearchFilter","test_search_filter","",""
"","0","[API] Create user should return 400_BAD_REQUEST when send create user request with invalid data. Case: 'birth_year' is negative","tests.api.user","2026-06-22","skipped","2026-06-22","TestCreateUserApi","test_create_user","",""
"","0","[WEB] Sign up with invalid data. Case: 'first_name' length = min","tests.web.component.auth","2026-06-22","skipped","2026-06-22","TestSignUpWeb","test_signup_component","",""
"","0","[WEB] Sign up with invalid data. Case: 'birth_day' = 1","tests.web.component.auth","2026-06-22","skipped","2026-06-22","TestSignUpWeb","test_signup_component","",""
"","0","[API] Create user should return 400_BAD_REQUEST when send create user request with invalid data. Case: 'city' length = min - 1","tests.api.user","2026-06-22","skipped","2026-06-22","TestCreateUserApi","test_create_user","",""
"","509","[WEB Component] Should navigate to contact us page by click on 'Contact us' button","tests.web.component.base","2026-06-22","passed","2026-06-22","TestHeaderComponent","test_header_component","",""
"","3243","[WEB] Sign up with valid data. Case: 'last_name' length = max - 1","tests.web.component.auth","2026-06-22","passed","2026-06-22","TestSignUpWeb","test_signup_component","",""
"","1674","[WEB Component] Pay with valid card should show success status message. Case: valid: expiry month max","tests.web.component.payment","2026-06-22","passed","2026-06-22","TestPaymentComponent","test_payment_component","",""
"","0","[WEB Component] Pay with invalid card should show error message. Case: cvc all zeros","tests.web.component.payment","2026-06-22","skipped","2026-06-22","TestPaymentComponent","test_payment_component","",""
"","204","[API] Create user should return 200_OK when send create user request with valid data. Case: 'address2' length = min + 1","tests.api.user","2026-06-22","passed","2026-06-22","TestCreateUserApi","test_create_user","",""
"","0","[API] Create user should return 400_BAD_REQUEST when send create user request with invalid data. Case: 'mobile_number' is absent","tests.api.user","2026-06-22","skipped","2026-06-22","TestCreateUserApi","test_create_user","",""
"","0","[API] Create user should return 400_BAD_REQUEST when send create user request with invalid data. Case: 'city' length = max + 1","tests.api.user","2026-06-22","skipped","2026-06-22","TestCreateUserApi","test_create_user","",""
"","225","[API] Update user should return 200_OK when send update user request with valid data. Case: 'birth_day' = 1","tests.api.user","2026-06-22","passed","2026-06-22","TestUpdateUserApi","test_update_user","",""
"","0","[WEB] Sign up with invalid data. Case: 'company' length = max - 1","tests.web.component.auth","2026-06-22","skipped","2026-06-22","TestSignUpWeb","test_signup_component","",""
"","262","[API] Create user should return 200_OK when send create user request with valid data. Case: 'city' length = max","tests.api.user","2026-06-22","passed","2026-06-22","TestCreateUserApi","test_create_user","",""
"","0","[WEB Component] Pay with invalid card should show error message. Case: card number is empty","tests.web.component.payment","2026-06-22","skipped","2026-06-22","TestPaymentComponent","test_payment_component","",""
"","712","[WEB] Should add product review with valid data. Case: 'name' length = max - 1","tests.web.component.review","2026-06-22","passed","2026-06-22","TestReviewComponent","test_review_component","",""
"","535","[WEB] Should add product review with valid data. Case: 'email' username contains '-'","tests.web.component.review","2026-06-22","passed","2026-06-22","TestReviewComponent","test_review_component","",""
"","0","[API] Update user should return 400_BAD_REQUEST when send update user request with invalid data. Case: 'birth_day' is negative","tests.api.user","2026-06-22","skipped","2026-06-22","TestUpdateUserApi","test_update_user","",""
"","0","[WEB] Should not add product review with invalid data. Case: 'name' length = min - 1","tests.web.component.review","2026-06-22","skipped","2026-06-22","TestReviewComponent","test_review_component","",""
"","215","[API] Update user should return 200_OK when send update user request with valid data. Case: 'address1' length = min","tests.api.user","2026-06-22","passed","2026-06-22","TestUpdateUserApi","test_update_user","",""
"","155","[API] Create user should return 200_OK when send create user request with valid data. Case: 'birth_month' = 1","tests.api.user","2026-06-22","passed","2026-06-22","TestCreateUserApi","test_create_user","",""
"","0","[WEB Component] Pay with invalid card should show error message. Case: cvc contains letters","tests.web.component.payment","2026-06-22","skipped","2026-06-22","TestPaymentComponent","test_payment_component","",""
"","0","[API] Update user should return 400_BAD_REQUEST when send update user request with invalid data. Case: 'birth_month' is invalid positive","tests.api.user","2026-06-22","skipped","2026-06-22","TestUpdateUserApi","test_update_user","",""
"","0","[API] Update user should return 400_BAD_REQUEST when send update user request with invalid data. Case: 'birth_month' is absent","tests.api.user","2026-06-22","skipped","2026-06-22","TestUpdateUserApi","test_update_user","",""
"","2204","[WEB Component] Product card should have expected data","tests.web.component.product","2026-06-22","skipped","2026-06-22","TestProductCard","test_product_card_component","",""
"","609","[WEB] Should add product review with valid data. Case: 'email' domain contains '-'","tests.web.component.review","2026-06-22","passed","2026-06-22","TestReviewComponent","test_review_component","",""
"","258","[API] Update user should return 200_OK when send update user request with valid data. Case: 'name' length = max - 1","tests.api.user","2026-06-22","passed","2026-06-22","TestUpdateUserApi","test_update_user","",""
"","0","[WEB Component] Pay with invalid card should show error message. Case: name contains trailing spaces","tests.web.component.payment","2026-06-22","skipped","2026-06-22","TestPaymentComponent","test_payment_component","",""
"","0","[API] Create user should return 400_BAD_REQUEST when send create user request with invalid data. Case: 'company' length = min - 1","tests.api.user","2026-06-22","skipped","2026-06-22","TestCreateUserApi","test_create_user","",""
"","0","[API] Update user should return 400_BAD_REQUEST when send update user request with invalid data. Case: 'zipcode' length = min - 1","tests.api.user","2026-06-22","skipped","2026-06-22","TestUpdateUserApi","test_update_user","",""
"","316","[WEB Component] Payment component should have expected screenshot","tests.web.component.payment","2026-06-22","passed","2026-06-22","TestPaymentComponent","test_payment_component","",""
"","0","[WEB Component] Pay with invalid card should show error message. Case: name contains leading spaces","tests.web.component.payment","2026-06-22","skipped","2026-06-22","TestPaymentComponent","test_payment_component","",""
"","0","[API] Create user should return 400_BAD_REQUEST when send create user request with invalid data. Case: 'email' contains mail server as ip and port","tests.api.user","2026-06-22","skipped","2026-06-22","TestCreateUserApi","test_create_user","",""
"","0","[WEB] Sign up with invalid data. Case: 'mobile_number' length = min + 1","tests.web.component.auth","2026-06-22","skipped","2026-06-22","TestSignUpWeb","test_signup_component","",""
"","0","[WEB] Should not add product review with invalid data. Case: 'name' length = max + 1","tests.web.component.review","2026-06-22","skipped","2026-06-22","TestReviewComponent","test_review_component","",""
"","0","[API] Create user should return 400_BAD_REQUEST when send create user request with invalid data. Case: 'name' is absent","tests.api.user","2026-06-22","skipped","2026-06-22","TestCreateUserApi","test_create_user","",""
"","0","[API] Update user should return 400_BAD_REQUEST when send update user request with invalid data. Case: 'zipcode' has invalid format","tests.api.user","2026-06-22","skipped","2026-06-22","TestUpdateUserApi","test_update_user","",""
"","0","[WEB Component] Pay with invalid card should show error message. Case: name is empty","tests.web.component.payment","2026-06-22","skipped","2026-06-22","TestPaymentComponent","test_payment_component","",""
"","1684","[WEB Component] Pay with valid card should show success status message. Case: valid: cvc typical","tests.web.component.payment","2026-06-22","passed","2026-06-22","TestPaymentComponent","test_payment_component","",""
"","458","[WEB Component] Pay with valid card should show success status message. Case: valid: 16 digits number","tests.web.component.payment","2026-06-22","passed","2026-06-22","TestPaymentComponent","test_payment_component","",""
"","0","[API] Create user should return 400_BAD_REQUEST when send create user request with invalid data. Case: 'birth_day' is zero","tests.api.user","2026-06-22","skipped","2026-06-22","TestCreateUserApi","test_create_user","",""
"","1529","[WEB Component] Category filter should have expected screenshot when fully expanded","tests.web.component.filter","2026-06-22","passed","2026-06-22","TestCategoryFilter","test_category_filter","",""
"","0","[WEB] Sign up with invalid data. Case: 'name' length = min","tests.web.component.auth","2026-06-22","skipped","2026-06-22","TestSignUpWeb","test_signup_component","",""
"","0","[WEB Component] Pay with invalid card should show error message. Case: expiry year too long","tests.web.component.payment","2026-06-22","skipped","2026-06-22","TestPaymentComponent","test_payment_component","",""
"","145","[API] Create user should return 200_OK when send create user request with valid data. Case: 'name' length = max","tests.api.user","2026-06-22","passed","2026-06-22","TestCreateUserApi","test_create_user","",""
"","150","[API] Create user should return 200_OK when send create user request with valid data. Case: 'address2' length = min","tests.api.user","2026-06-22","passed","2026-06-22","TestCreateUserApi","test_create_user","",""
"","4836","[WEB] Sign up with valid data. Case: 'mobile_number' length = min","tests.web.component.auth","2026-06-22","passed","2026-06-22","TestSignUpWeb","test_signup_component","",""
"","3209","[WEB] Sign up with valid data. Case: 'first_name' length = max - 1","tests.web.component.auth","2026-06-22","passed","2026-06-22","TestSignUpWeb","test_signup_component","",""
"","1044","[WEB Component] Should open product page when click on view product button","tests.web.component.product","2026-06-22","passed","2026-06-22","TestAnimatedProductCard","test_animated_product_card_component","",""
"","0","[API] Create user should return 400_BAD_REQUEST when send create user request with invalid data. Case: 'birth_month' is negative","tests.api.user","2026-06-22","skipped","2026-06-22","TestCreateUserApi","test_create_user","",""
"","3337","[WEB] Sign up with valid data. Case: 'address1' length = max - 1","tests.web.component.auth","2026-06-22","passed","2026-06-22","TestSignUpWeb","test_signup_component","",""
"","0","[WEB Component] Pay with invalid card should show error message. Case: expiry month = 13","tests.web.component.payment","2026-06-22","skipped","2026-06-22","TestPaymentComponent","test_payment_component","",""
"","0","[API] Create user should return 400_BAD_REQUEST when send create user request with invalid data. Case: 'birth_day' is invalid positive","tests.api.user","2026-06-22","skipped","2026-06-22","TestCreateUserApi","test_create_user","",""
"","0","[WEB Component] Pay with invalid card should show error message. Case: name contains digits","tests.web.component.payment","2026-06-22","skipped","2026-06-22","TestPaymentComponent","test_payment_component","",""
"","1408","[WEB Component] Search filter should filter products by query","tests.web.component.filter","2026-06-22","passed","2026-06-22","TestSearchFilter","test_search_filter","",""
"","0","[API] Create user should return 400_BAD_REQUEST when send create user request with invalid data. Case: 'email' is empty","tests.api.user","2026-06-22","skipped","2026-06-22","TestCreateUserApi","test_create_user","",""
"","616","[WEB Component] Should add product to cart when click on add to cart button","tests.web.component.product","2026-06-22","passed","2026-06-22","TestProductCard","test_product_card_component","",""
"","181","Should return user exists when user exists with email and password","tests.api.user","2026-06-22","passed","2026-06-22","TestVerifyLoginApi","test_verify_login","",""
"","533","[WEB Component] Subscription component should have expected screenshot","tests.web.component.base","2026-06-22","passed","2026-06-22","TestSubscriptionComponent","test_subscription_component","",""
"","0","[API] Create user should return 400_BAD_REQUEST when send create user request with invalid data. Case: 'name' length = min - 1","tests.api.user","2026-06-22","skipped","2026-06-22","TestCreateUserApi","test_create_user","",""
"","0","[API] Create user should return 400_BAD_REQUEST when send create user request with invalid data. Case: 'birth_year' is zero","tests.api.user","2026-06-22","skipped","2026-06-22","TestCreateUserApi","test_create_user","",""
"","258","[API] Get products should return 200_OK and contains expected product title","tests.api.product","2026-06-22","passed","2026-06-22","TestProductApi","test_product","",""
"","617","[WEB] Should add product review with valid data. Case: 'email' domain length = 2","tests.web.component.review","2026-06-22","passed","2026-06-22","TestReviewComponent","test_review_component","",""
"","0","[API] Update user should return 400_BAD_REQUEST when send update user request with invalid data. Case: 'company' is empty","tests.api.user","2026-06-22","skipped","2026-06-22","TestUpdateUserApi","test_update_user","",""
"","262","[API] Update user should return 200_OK when send update user request with valid data. Case: 'birth_month' = 12","tests.api.user","2026-06-22","passed","2026-06-22","TestUpdateUserApi","test_update_user","",""
"","229","Should return user not found when user password invalid","tests.api.user","2026-06-22","passed","2026-06-22","TestVerifyLoginApi","test_verify_login","",""
"","0","[API] Create user should return 400_BAD_REQUEST when send create user request with invalid data. Case: 'address1' length = max + 1","tests.api.user","2026-06-22","skipped","2026-06-22","TestCreateUserApi","test_create_user","",""
"","0","[API] Update user should return 400_BAD_REQUEST when send update user request with invalid data. Case: 'email' not contains domain","tests.api.user","2026-06-22","skipped","2026-06-22","TestUpdateUserApi","test_update_user","",""
"","762","[WEB] Should have expected screenshot when send review","tests.web.component.review","2026-06-22","passed","2026-06-22","TestReviewComponent","test_review_component","",""
"","209","[API] Update user should return 200_OK when send update user request with valid data. Case: 'address1' length = max - 1","tests.api.user","2026-06-22","passed","2026-06-22","TestUpdateUserApi","test_update_user","",""
"","0","[WEB Component] Pay with invalid card should show error message. Case: expiry year too short","tests.web.component.payment","2026-06-22","skipped","2026-06-22","TestPaymentComponent","test_payment_component","",""
"","215","[API] Create user should return 200_OK when send create user request with valid data. Case: 'first_name' length = min + 1","tests.api.user","2026-06-22","passed","2026-06-22","TestCreateUserApi","test_create_user","",""
"","0","[WEB] Should not add product review with invalid data. Case: 'email' contains '.' before dog symbol","tests.web.component.review","2026-06-22","skipped","2026-06-22","TestReviewComponent","test_review_component","",""
"","0","[WEB] Sign up with invalid data. Case: 'birth_month' = 12","tests.web.component.auth","2026-06-22","skipped","2026-06-22","TestSignUpWeb","test_signup_component","",""
"","0","[API] Create user should return 400_BAD_REQUEST when send create user request with invalid data. Case: 'address2' length = max + 1","tests.api.user","2026-06-22","skipped","2026-06-22","TestCreateUserApi","test_create_user","",""
"","3176","[WEB] Sign up with valid data. Case: 'zipcode' length = min","tests.web.component.auth","2026-06-22","passed","2026-06-22","TestSignUpWeb","test_signup_component","",""
"","406","[WEB Component] Billing address has expected data","tests.web.component.address","2026-06-22","passed","2026-06-22","TestAddressComponent","test_address_component","",""
"","5460","[WEB Component] Category filter should have expected screenshot when group expanded","tests.web.component.filter","2026-06-22","passed","2026-06-22","TestCategoryFilter","test_category_filter","",""
"","333","[WEB Component] Should remove product from cart","tests.web.component.product","2026-06-22","passed","2026-06-22","TestProductItem","test_product_item","",""
"","0","[API] Create user should return 400_BAD_REQUEST when send create user request with invalid data. Case: 'birth_month' is absent","tests.api.user","2026-06-22","skipped","2026-06-22","TestCreateUserApi","test_create_user","",""
"","0","[API] Update user should return 400_BAD_REQUEST when send update user request with invalid data. Case: 'state' length = min - 1","tests.api.user","2026-06-22","skipped","2026-06-22","TestUpdateUserApi","test_update_user","",""
"","0","[WEB] Sign up with invalid data. Case: 'state' length = min + 1","tests.web.component.auth","2026-06-22","skipped","2026-06-22","TestSignUpWeb","test_signup_component","",""
"","0","[WEB] Should not add product review with invalid data. Case: 'email' contains domain with one letter","tests.web.component.review","2026-06-22","skipped","2026-06-22","TestReviewComponent","test_review_component","",""
"","0","[API] Create user should return 400_BAD_REQUEST when send create user request with invalid data. Case: 'email' contains domain with one letter","tests.api.user","2026-06-22","skipped","2026-06-22","TestCreateUserApi","test_create_user","",""
"","0","[API] Update user should return 400_BAD_REQUEST when send update user request with invalid data. Case: 'birth_day' is invalid positive","tests.api.user","2026-06-22","skipped","2026-06-22","TestUpdateUserApi","test_update_user","",""
"","0","[API] Update user should return 400_BAD_REQUEST when send update user request with invalid data. Case: 'address2' length = max + 1","tests.api.user","2026-06-22","skipped","2026-06-22","TestUpdateUserApi","test_update_user","",""
"","0","[WEB] Sign up with invalid data. Case: 'address2' length = min + 1","tests.web.component.auth","2026-06-22","skipped","2026-06-22","TestSignUpWeb","test_signup_component","",""
"","3270","[WEB] Sign up with valid data. Case: 'city' length = max - 1","tests.web.component.auth","2026-06-22","passed","2026-06-22","TestSignUpWeb","test_signup_component","",""
"","0","[API] Update user should return 400_BAD_REQUEST when send update user request with invalid data. Case: 'address2' is empty","tests.api.user","2026-06-22","skipped","2026-06-22","TestUpdateUserApi","test_update_user","",""
"","1246","[WEB Component] Product item should have expected data","tests.web.component.product","2026-06-22","passed","2026-06-22","TestProductItem","test_product_item","",""
"","0","[WEB] Sign up with invalid data. Case: 'last_name' length = max","tests.web.component.auth","2026-06-22","skipped","2026-06-22","TestSignUpWeb","test_signup_component","",""
"","0","[WEB Component] Pay with invalid card should show error message. Case: cvc contains special characters","tests.web.component.payment","2026-06-22","skipped","2026-06-22","TestPaymentComponent","test_payment_component","",""
"","4716","[WEB Component] Search filter should return empty products catalog","tests.web.component.filter","2026-06-22","passed","2026-06-22","TestSearchFilter","test_search_filter","",""
"","334","[API] Create user should return 200_OK when send create user request with valid data. Case: 'name' length = min + 1","tests.api.user","2026-06-22","passed","2026-06-22","TestCreateUserApi","test_create_user","",""
"","0","[WEB Component] Pay with invalid card should show error message. Case: expiry year contains letters","tests.web.component.payment","2026-06-22","skipped","2026-06-22","TestPaymentComponent","test_payment_component","",""
"","0","[API] Create user should return 400_BAD_REQUEST when send create user request with invalid data. Case: 'first_name' length = max + 1","tests.api.user","2026-06-22","skipped","2026-06-22","TestCreateUserApi","test_create_user","",""
"","0","[WEB Component] Pay with invalid card should show error message. Case: card number fails luhn check","tests.web.component.payment","2026-06-22","skipped","2026-06-22","TestPaymentComponent","test_payment_component","",""
"","0","[WEB] Sign up with invalid data. Case: 'zipcode' length = max","tests.web.component.auth","2026-06-22","skipped","2026-06-22","TestSignUpWeb","test_signup_component","",""
"","218","[API] Update user should return 200_OK when send update user request with valid data. Case: 'state' length = max - 1","tests.api.user","2026-06-22","passed","2026-06-22","TestUpdateUserApi","test_update_user","",""
"","0","[WEB Component] Pay with invalid card should show error message. Case: expiry year in the past","tests.web.component.payment","2026-06-22","skipped","2026-06-22","TestPaymentComponent","test_payment_component","",""
"","1122","[WEB Component] Should add product to cart when click on add to cart button","tests.web.component.product","2026-06-22","passed","2026-06-22","TestProductCard","test_product_details_component","",""
"","1315","[WEB Component] Search filter should have expected screenshot","tests.web.component.filter","2026-06-22","passed","2026-06-22","TestSearchFilter","test_search_filter","",""
"","0","[API] Update user should return 400_BAD_REQUEST when send update user request with invalid data. Case: 'first_name' is absent","tests.api.user","2026-06-22","skipped","2026-06-22","TestUpdateUserApi","test_update_user","",""
"","0","[WEB] Sign up with invalid data. Case: 'company' length = min + 1","tests.web.component.auth","2026-06-22","skipped","2026-06-22","TestSignUpWeb","test_signup_component","",""
"","154","[API] Get user should return 404_NOT_FOUND when send get user request and user not exists","tests.api.user","2026-06-22","passed","2026-06-22","TestGetUserApi","test_get_user","",""
"","0","[API] Update user should return 400_BAD_REQUEST when send update user request with invalid data. Case: 'state' length = max + 1","tests.api.user","2026-06-22","skipped","2026-06-22","TestUpdateUserApi","test_update_user","",""
"","0","[WEB] Sign up with invalid data. Case: 'name' length = max","tests.web.component.auth","2026-06-22","skipped","2026-06-22","TestSignUpWeb","test_signup_component","",""
"","947","[WEB Component] Should not add negative products count to cart when click on add to cart button","tests.web.component.product","2026-06-22","passed","2026-06-22","TestProductCard","test_product_details_component","",""
"","0","[API] Create user should return 400_BAD_REQUEST when send create user request with invalid data. Case: 'email' is word","tests.api.user","2026-06-22","skipped","2026-06-22","TestCreateUserApi","test_create_user","",""
"","0","[API] Create user should return 400_BAD_REQUEST when send create user request with invalid data. Case: 'first_name' is absent","tests.api.user","2026-06-22","skipped","2026-06-22","TestCreateUserApi","test_create_user","",""
"","2373","[WEB Component] Can download invoice multiple times","tests.web.component.payment","2026-06-22","passed","2026-06-22","TestPaymentComponent","test_invoice_file","",""
"","0","[API] Update user should return 400_BAD_REQUEST when send update user request with invalid data. Case: 'birth_day' is absent","tests.api.user","2026-06-22","skipped","2026-06-22","TestUpdateUserApi","test_update_user","",""
"","0","[WEB] Should not add product review with invalid data. Case: 'name' is empty","tests.web.component.review","2026-06-22","skipped","2026-06-22","TestReviewComponent","test_review_component","",""
"","246","[API] Update user should return 200_OK when send update user request with valid data. Case: 'mobile_number' length = max","tests.api.user","2026-06-22","passed","2026-06-22","TestUpdateUserApi","test_update_user","",""
"","487","[API] Create user should return 200_OK when send create user request with valid data. Case: 'birth_month' = 12","tests.api.user","2026-06-22","passed","2026-06-22","TestCreateUserApi","test_create_user","",""
"","0","[WEB] Sign up with invalid data. Case: 'address1' length = min","tests.web.component.auth","2026-06-22","skipped","2026-06-22","TestSignUpWeb","test_signup_component","",""
"","0","[API] Create user should return 400_BAD_REQUEST when send create user request with invalid data. Case: 'first_name' length = min - 1","tests.api.user","2026-06-22","skipped","2026-06-22","TestCreateUserApi","test_create_user","",""
"","708","[WEB] Should add product review with valid data. Case: 'message' length = min","tests.web.component.review","2026-06-22","passed","2026-06-22","TestReviewComponent","test_review_component","",""
"","300","[WEB Component] Product item should navigate to product page when click on item title","tests.web.component.product","2026-06-22","passed","2026-06-22","TestProductItem","test_product_item","",""
"","0","[WEB Component] Pay with invalid card should show error message. Case: name length = min - 1","tests.web.component.payment","2026-06-22","skipped","2026-06-22","TestPaymentComponent","test_payment_component","",""
"","159","[API] Create user should return 200_OK when send create user request with valid data. Case: 'company' length = max - 1","tests.api.user","2026-06-22","passed","2026-06-22","TestCreateUserApi","test_create_user","",""
"","0","[API] Create user should return 400_BAD_REQUEST when send create user request with invalid data. Case: 'mobile_number' length = max + 1","tests.api.user","2026-06-22","skipped","2026-06-22","TestCreateUserApi","test_create_user","",""
"","0","[API] Update user should return 400_BAD_REQUEST when send update user request with invalid data. Case: 'city' length = min - 1","tests.api.user","2026-06-22","skipped","2026-06-22","TestUpdateUserApi","test_update_user","",""
"","4219","[WEB] Sign up with valid data. Case: 'name' length = max","tests.web.component.auth","2026-06-22","passed","2026-06-22","TestSignUpWeb","test_signup_component","",""
"","0","[API] Create user should return 400_BAD_REQUEST when send create user request with invalid data. Case: 'email' not contains domain","tests.api.user","2026-06-22","skipped","2026-06-22","TestCreateUserApi","test_create_user","",""
"","3611","[WEB] Sign up with valid data. Case: 'last_name' length = max","tests.web.component.auth","2026-06-22","passed","2026-06-22","TestSignUpWeb","test_signup_component","",""
"","0","[WEB] Sign up with invalid data. Case: 'state' length = min","tests.web.component.auth","2026-06-22","skipped","2026-06-22","TestSignUpWeb","test_signup_component","",""
"","0","[WEB] Sign up with invalid data. Case: 'first_name' length = max - 1","tests.web.component.auth","2026-06-22","skipped","2026-06-22","TestSignUpWeb","test_signup_component","",""
"","388","[API] Update user should return 200_OK when send update user request with valid data. Case: 'first_name' length = max - 1","tests.api.user","2026-06-22","passed","2026-06-22","TestUpdateUserApi","test_update_user","",""
"","0","[API] Create user should return 400_BAD_REQUEST when send create user request with invalid data. Case: 'zipcode' has invalid format","tests.api.user","2026-06-22","skipped","2026-06-22","TestCreateUserApi","test_create_user","",""
"","4723","[WEB] Sign up with valid data. Case: 'state' length = max - 1","tests.web.component.auth","2026-06-22","passed","2026-06-22","TestSignUpWeb","test_signup_component","",""
"","0","[WEB] Sign up with invalid data. Case: 'address1' length = min + 1","tests.web.component.auth","2026-06-22","skipped","2026-06-22","TestSignUpWeb","test_signup_component","",""
"","899","[WEB Component] Should delete user name by click on 'Delete Account' button","tests.web.component.base","2026-06-22","passed","2026-06-22","TestHeaderComponent","test_header_component","",""
"","3256","[WEB] Sign up with valid data. Case: 'name' length = max - 1","tests.web.component.auth","2026-06-22","passed","2026-06-22","TestSignUpWeb","test_signup_component","",""
"","5720","[WEB Component] Category filter group should be collapsed after collapse expanded group","tests.web.component.filter","2026-06-22","passed","2026-06-22","TestCategoryFilter","test_category_filter","",""
"","0","[API] Create user should return 400_BAD_REQUEST when send create user request with invalid data. Case: 'email' contains '-' after '@'","tests.api.user","2026-06-22","skipped","2026-06-22","TestCreateUserApi","test_create_user","",""
"","0","[API] Create user should return 400_BAD_REQUEST when send create user request with invalid data. Case: 'address2' is empty","tests.api.user","2026-06-22","skipped","2026-06-22","TestCreateUserApi","test_create_user","",""
"","0","[WEB Component] Pay with invalid card should show error message. Case: name length = max + 1","tests.web.component.payment","2026-06-22","skipped","2026-06-22","TestPaymentComponent","test_payment_component","",""
"","216","[API] Update user should return 200_OK when send update user request with valid data. Case: 'company' length = max - 1","tests.api.user","2026-06-22","passed","2026-06-22","TestUpdateUserApi","test_update_user","",""
"","4844","Purchase products with login before checkout","tests.web.e2e","2026-06-22","passed","2026-06-22","TestPlaceOrder","test_place_order","",""
"","0","[API] Create user should return 400_BAD_REQUEST when send create user request with invalid data. Case: 'name' is empty","tests.api.user","2026-06-22","skipped","2026-06-22","TestCreateUserApi","test_create_user","",""
"","586","[WEB] Should add product review with valid data. Case: 'name' length = min","tests.web.component.review","2026-06-22","passed","2026-06-22","TestReviewComponent","test_review_component","",""
"","0","[API] Update user should return 400_BAD_REQUEST when send update user request with invalid data. Case: 'last_name' is absent","tests.api.user","2026-06-22","skipped","2026-06-22","TestUpdateUserApi","test_update_user","",""
"","0","[API] Update user should return 400_BAD_REQUEST when send update user request with invalid data. Case: 'first_name' is empty","tests.api.user","2026-06-22","skipped","2026-06-22","TestUpdateUserApi","test_update_user","",""
"","717","[WEB] Should add product review with valid data. Case: 'name' length = max","tests.web.component.review","2026-06-22","passed","2026-06-22","TestReviewComponent","test_review_component","",""
"","140","test_search_products_returns_empty_array","tests.api.product","2026-06-22","passed","2026-06-22","TestProductApi","test_product","",""
"","157","[API] Create user should return 200_OK when send create user request with valid data. Case: 'first_name' length = max - 1","tests.api.user","2026-06-22","passed","2026-06-22","TestCreateUserApi","test_create_user","",""
"","4473","[WEB] Sign up with valid data. Case: 'address2' length = min + 1","tests.web.component.auth","2026-06-22","passed","2026-06-22","TestSignUpWeb","test_signup_component","",""
"","0","[WEB] Should not add product review with invalid data. Case: 'message' length = max - 1","tests.web.component.review","2026-06-22","skipped","2026-06-22","TestReviewComponent","test_review_component","",""
"","10047","[WEB Component] Category filter group should be collapsed after expand another group","tests.web.component.filter","2026-06-22","failed","2026-06-22","TestCategoryFilter","test_category_filter","",""
"","3087","[WEB] Sign up with valid data. Case: 'zipcode' length = min + 1","tests.web.component.auth","2026-06-22","passed","2026-06-22","TestSignUpWeb","test_signup_component","",""
"","2410","[WEB Component] Animated product card overlay should have expected data","tests.web.component.product","2026-06-22","passed","2026-06-22","TestAnimatedProductCard","test_animated_product_card_component","",""
"","0","[API] Update user should return 400_BAD_REQUEST when send update user request with invalid data. Case: 'birth_month' is negative","tests.api.user","2026-06-22","skipped","2026-06-22","TestUpdateUserApi","test_update_user","",""
"","0","[WEB] Should not add product review with invalid data. Case: 'email' contains text after domain","tests.web.component.review","2026-06-22","skipped","2026-06-22","TestReviewComponent","test_review_component","",""
"","0","[API] Create user should return 400_BAD_REQUEST when send create user request with invalid data. Case: 'email' not contains username","tests.api.user","2026-06-22","skipped","2026-06-22","TestCreateUserApi","test_create_user","",""
"","242","[API] Create user should return 200_OK when send create user request with valid data. Case: 'company' length = min","tests.api.user","2026-06-22","passed","2026-06-22","TestCreateUserApi","test_create_user","",""
"","0","[API] Create user should return 400_BAD_REQUEST when send create user request with invalid data. Case: 'email' contains text after domain","tests.api.user","2026-06-22","skipped","2026-06-22","TestCreateUserApi","test_create_user","",""
"","0","[WEB Component] Pay with invalid card should show error message. Case: card number all zeros","tests.web.component.payment","2026-06-22","skipped","2026-06-22","TestPaymentComponent","test_payment_component","",""
"","652","[API] Update user should return 200_OK when send update user request with valid data. Case: 'zipcode' length = min + 1","tests.api.user","2026-06-22","passed","2026-06-22","TestUpdateUserApi","test_update_user","",""
"","3152","[WEB Component] Image Carousel should show previous image when scroll left","tests.web.component.carousel","2026-06-22","passed","2026-06-22","TestImageCarousel","test_image_carousel","",""
"","0","[API] Create user should return 400_BAD_REQUEST when send create user request with invalid data. Case: 'email' contains '.' before dog symbol","tests.api.user","2026-06-22","skipped","2026-06-22","TestCreateUserApi","test_create_user","",""
"","7040","Purchase products with login while checkout","tests.web.e2e","2026-06-22","failed","2026-06-22","TestPlaceOrder","test_place_order","",""
"","856","[WEB Component] Add product notification should be closed when click on close button","tests.web.component.base","2026-06-22","passed","2026-06-22","TestNotificationComponent","test_notification_component","",""
"","0","[API] Update user should return 400_BAD_REQUEST when send update user request with invalid data. Case: 'last_name' length = min - 1","tests.api.user","2026-06-22","skipped","2026-06-22","TestUpdateUserApi","test_update_user","",""
"","0","[API] Update user should return 400_BAD_REQUEST when send update user request with invalid data. Case: 'mobile_number' length = min - 1","tests.api.user","2026-06-22","skipped","2026-06-22","TestUpdateUserApi","test_update_user","",""
"","8640","Purchase products with sign up while checkout","tests.web.e2e","2026-06-22","passed","2026-06-22","TestPlaceOrder","test_place_order","",""
"","0","[API] Update user should return 400_BAD_REQUEST when send update user request with invalid data. Case: 'zipcode' is empty","tests.api.user","2026-06-22","skipped","2026-06-22","TestUpdateUserApi","test_update_user","",""
"","0","[WEB] Should not add product review with invalid data. Case: 'name' is absent","tests.web.component.review","2026-06-22","skipped","2026-06-22","TestReviewComponent","test_review_component","",""
"","0","[WEB Component] Pay with invalid card should show error message. Case: expiry month only spaces","tests.web.component.payment","2026-06-22","skipped","2026-06-22","TestPaymentComponent","test_payment_component","",""
"","0","[API] Create user should return 400_BAD_REQUEST when send create user request with invalid data. Case: 'birth_day' is negative","tests.api.user","2026-06-22","skipped","2026-06-22","TestCreateUserApi","test_create_user","",""
"","642","[WEB] Should add product review with valid data. Case: 'email' contains subdomain","tests.web.component.review","2026-06-22","passed","2026-06-22","TestReviewComponent","test_review_component","",""
"","159","[API] Create user should return 200_OK when send create user request with valid data. Case: 'company' length = max","tests.api.user","2026-06-22","passed","2026-06-22","TestCreateUserApi","test_create_user","",""
"","0","[API] Create user should return 400_BAD_REQUEST when send create user request with invalid data. Case: 'city' is empty","tests.api.user","2026-06-22","skipped","2026-06-22","TestCreateUserApi","test_create_user","",""
"","0","[WEB] Sign up with invalid data. Case: 'city' length = min","tests.web.component.auth","2026-06-22","skipped","2026-06-22","TestSignUpWeb","test_signup_component","",""
"","244","[API] Update user should return 200_OK when send update user request with valid data. Case: 'city' length = max","tests.api.user","2026-06-22","passed","2026-06-22","TestUpdateUserApi","test_update_user","",""
"","0","[API] Create user should return 400_BAD_REQUEST when send create user request with invalid data. Case: 'address2' length = min - 1","tests.api.user","2026-06-22","skipped","2026-06-22","TestCreateUserApi","test_create_user","",""
"","0","[WEB Component] Pay with invalid card should show error message. Case: cvc too short","tests.web.component.payment","2026-06-22","skipped","2026-06-22","TestPaymentComponent","test_payment_component","",""
"","0","[API] Update user should return 400_BAD_REQUEST when send update user request with invalid data. Case: 'address1' is absent","tests.api.user","2026-06-22","skipped","2026-06-22","TestUpdateUserApi","test_update_user","",""
"","0","[WEB] Should not add product review with invalid data. Case: 'email' not contains '@' symbol","tests.web.component.review","2026-06-22","skipped","2026-06-22","TestReviewComponent","test_review_component","",""
"","0","[WEB Component] Pay with invalid card should show error message. Case: expiry year only spaces","tests.web.component.payment","2026-06-22","skipped","2026-06-22","TestPaymentComponent","test_payment_component","",""
"","449","[WEB Component] Header has expected screenshot","tests.web.component.base","2026-06-22","passed","2026-06-22","TestHeaderComponent","test_header_component","",""
"","0","[API] Update user should return 400_BAD_REQUEST when send update user request with invalid data. Case: 'address1' length = max + 1","tests.api.user","2026-06-22","skipped","2026-06-22","TestUpdateUserApi","test_update_user","",""
"","1664","[WEB Component] Pay with valid card should show success status message. Case: valid: future year","tests.web.component.payment","2026-06-22","passed","2026-06-22","TestPaymentComponent","test_payment_component","",""
"","365","[API] Update user should return 200_OK when send update user request with valid data. Case: 'city' length = max - 1","tests.api.user","2026-06-22","passed","2026-06-22","TestUpdateUserApi","test_update_user","",""
"","3167","[WEB] Sign up with valid data. Case: 'first_name' length = max","tests.web.component.auth","2026-06-22","passed","2026-06-22","TestSignUpWeb","test_signup_component","",""
"","219","[API] Update user should return 200_OK when send update user request with valid data. Case: 'company' length = min","tests.api.user","2026-06-22","passed","2026-06-22","TestUpdateUserApi","test_update_user","",""
"","0","[API] Create user should return 400_BAD_REQUEST when send create user request with invalid data. Case: 'birth_month' is zero","tests.api.user","2026-06-22","skipped","2026-06-22","TestCreateUserApi","test_create_user","",""
"","1682","[WEB Component] Pay with valid card should show success status message. Case: valid: expiry month min","tests.web.component.payment","2026-06-22","passed","2026-06-22","TestPaymentComponent","test_payment_component","",""
"","0","[API] Update user should return 400_BAD_REQUEST when send update user request with invalid data. Case: 'city' is absent","tests.api.user","2026-06-22","skipped","2026-06-22","TestUpdateUserApi","test_update_user","",""
"","0","[WEB Component] Pay with invalid card should show error message. Case: card number too short","tests.web.component.payment","2026-06-22","skipped","2026-06-22","TestPaymentComponent","test_payment_component","",""
"","622","[WEB Component] Should navigate to login page by click 'Signup / Login' button","tests.web.component.base","2026-06-22","passed","2026-06-22","TestHeaderComponent","test_header_component","",""
"","0","[API] Update user should return 400_BAD_REQUEST when send update user request with invalid data. Case: 'birth_year' is negative","tests.api.user","2026-06-22","skipped","2026-06-22","TestUpdateUserApi","test_update_user","",""
"","0","[WEB] Sign up with invalid data. Case: 'city' length = min + 1","tests.web.component.auth","2026-06-22","skipped","2026-06-22","TestSignUpWeb","test_signup_component","",""
"","0","[WEB] Sign up with invalid data. Case: 'zipcode' length = min","tests.web.component.auth","2026-06-22","skipped","2026-06-22","TestSignUpWeb","test_signup_component","",""
"","0","[WEB Component] Pay with invalid card should show error message. Case: cvc is empty","tests.web.component.payment","2026-06-22","skipped","2026-06-22","TestPaymentComponent","test_payment_component","",""
"","164","[API] Create user should return 200_OK when send create user request with valid data. Case: 'last_name' length = min + 1","tests.api.user","2026-06-22","passed","2026-06-22","TestCreateUserApi","test_create_user","",""
"","1253","[WEB Component] Products Carousel should show previous image when scroll left","tests.web.component.carousel","2026-06-22","passed","2026-06-22","TestProductCarousel","test_product_carousel","",""
"","4136","[WEB] Sign up with valid data. Case: 'address2' length = max - 1","tests.web.component.auth","2026-06-22","passed","2026-06-22","TestSignUpWeb","test_signup_component","",""
"","0","[API] Create user should return 400_BAD_REQUEST when send create user request with invalid data. Case: 'birth_year' is absent","tests.api.user","2026-06-22","skipped","2026-06-22","TestCreateUserApi","test_create_user","",""
"","929","[WEB Component] Should subscribe with valid email","tests.web.component.base","2026-06-22","passed","2026-06-22","TestSubscriptionComponent","test_subscription_component","",""
"","0","[WEB] Should not add product review with invalid data. Case: 'email' contains only special symbols","tests.web.component.review","2026-06-22","skipped","2026-06-22","TestReviewComponent","test_review_component","",""
"","0","[WEB] Should not add product review with invalid data. Case: 'email' contains multiple '@' symbols","tests.web.component.review","2026-06-22","skipped","2026-06-22","TestReviewComponent","test_review_component","",""
"","0","[WEB] Sign up with invalid data. Case: 'address2' length = min","tests.web.component.auth","2026-06-22","skipped","2026-06-22","TestSignUpWeb","test_signup_component","",""
"","0","[WEB Component] Pay with invalid card should show error message. Case: name contains emoji","tests.web.component.payment","2026-06-22","skipped","2026-06-22","TestPaymentComponent","test_payment_component","",""
"","163","[API] Update user should return 404_BAD_REQUEST when send update user request with not existing email","tests.api.user","2026-06-22","passed","2026-06-22","TestUpdateUserApi","test_update_user","",""
"","1869","[WEB Component] Product carousel should have expected product","tests.web.component.carousel","2026-06-22","failed","2026-06-22","TestProductCarousel","test_product_carousel","",""
"","657","[WEB] Should add product review with valid data. Case: 'email' username contains '+'","tests.web.component.review","2026-06-22","passed","2026-06-22","TestReviewComponent","test_review_component","",""
"","0","[WEB] Sign up with invalid data. Case: 'last_name' length = min + 1","tests.web.component.auth","2026-06-22","skipped","2026-06-22","TestSignUpWeb","test_signup_component","",""
"","0","[API] Update user should return 400_BAD_REQUEST when send update user request with invalid data. Case: 'zipcode' length = max + 1","tests.api.user","2026-06-22","skipped","2026-06-22","TestUpdateUserApi","test_update_user","",""
"","0","[WEB Component] Pay with invalid card should show error message. Case: card number too long","tests.web.component.payment","2026-06-22","skipped","2026-06-22","TestPaymentComponent","test_payment_component","",""
"","267","[API] Update user should return 200_OK when send update user request with valid data. Case: 'city' length = min + 1","tests.api.user","2026-06-22","passed","2026-06-22","TestUpdateUserApi","test_update_user","",""
"","150","[API] Create user should return 200_OK when send create user request with valid data. Case: 'address1' length = max","tests.api.user","2026-06-22","passed","2026-06-22","TestCreateUserApi","test_create_user","",""
"","3265","[WEB] Sign up with valid data. Case: 'address1' length = min + 1","tests.web.component.auth","2026-06-22","passed","2026-06-22","TestSignUpWeb","test_signup_component","",""
"","0","[WEB Component] Pay with invalid card should show error message. Case: expiry month is empty","tests.web.component.payment","2026-06-22","skipped","2026-06-22","TestPaymentComponent","test_payment_component","",""
"","0","[WEB] Sign up with invalid data. Case: 'last_name' length = min","tests.web.component.auth","2026-06-22","skipped","2026-06-22","TestSignUpWeb","test_signup_component","",""
"","593","[WEB Component] Should increase all products total price","tests.web.component.product","2026-06-22","passed","2026-06-22","TestProductItem","test_product_item","",""
"","0","[WEB] Sign up with invalid data. Case: 'address2' length = max - 1","tests.web.component.auth","2026-06-22","skipped","2026-06-22","TestSignUpWeb","test_signup_component","",""
"","264","[API] Update user should return 200_OK when send update user request with valid data. Case: 'first_name' length = min + 1","tests.api.user","2026-06-22","passed","2026-06-22","TestUpdateUserApi","test_update_user","",""
"","3381","[WEB] Sign up with valid data. Case: 'company' length = min + 1","tests.web.component.auth","2026-06-22","passed","2026-06-22","TestSignUpWeb","test_signup_component","",""
"","854","[WEB] Should add product review with valid data. Case: 'email' domain name length = 2","tests.web.component.review","2026-06-22","passed","2026-06-22","TestReviewComponent","test_review_component","",""
"","152","[API] Create user should return 200_OK when send create user request with valid data. Case: 'birth_year' = 1","tests.api.user","2026-06-22","passed","2026-06-22","TestCreateUserApi","test_create_user","",""
"","385","[WEB Component] Delivery address has expected data","tests.web.component.address","2026-06-22","passed","2026-06-22","TestAddressComponent","test_address_component","",""
"","0","[API] Create user should return 400_BAD_REQUEST when send create user request with invalid data. Case: 'address1' length = min - 1","tests.api.user","2026-06-22","skipped","2026-06-22","TestCreateUserApi","test_create_user","",""
"","370","[API] Create user should return 200_OK when send create user request with valid data. Case: 'address1' length = max - 1","tests.api.user","2026-06-22","passed","2026-06-22","TestCreateUserApi","test_create_user","",""
"","0","[API] Update user should return 400_BAD_REQUEST when send update user request with invalid data. Case: 'first_name' length = max + 1","tests.api.user","2026-06-22","skipped","2026-06-22","TestUpdateUserApi","test_update_user","",""
"","233","[API] Create user should return 200_OK when send create user request with valid data. Case: 'name' length = min","tests.api.user","2026-06-22","passed","2026-06-22","TestCreateUserApi","test_create_user","",""
"","0","[API] Update user should return 400_BAD_REQUEST when send update user request with invalid data. Case: 'address2' length = min - 1","tests.api.user","2026-06-22","skipped","2026-06-22","TestUpdateUserApi","test_update_user","",""
"","3375","[WEB] Sign up with valid data. Case: 'city' length = max","tests.web.component.auth","2026-06-22","passed","2026-06-22","TestSignUpWeb","test_signup_component","",""
"","3230","[WEB] Sign up with valid data. Case: 'first_name' length = min + 1","tests.web.component.auth","2026-06-22","passed","2026-06-22","TestSignUpWeb","test_signup_component","",""
"","0","[API] Create user should return 400_BAD_REQUEST when send create user request with invalid data. Case: 'zipcode' length = max + 1","tests.api.user","2026-06-22","skipped","2026-06-22","TestCreateUserApi","test_create_user","",""
"","0","[WEB Component] Pay with invalid card should show error message. Case: expiry month = 00","tests.web.component.payment","2026-06-22","skipped","2026-06-22","TestPaymentComponent","test_payment_component","",""
"","0","[API] Create user should return 400_BAD_REQUEST when send create user request with invalid data. Case: 'email' contains text before username","tests.api.user","2026-06-22","skipped","2026-06-22","TestCreateUserApi","test_create_user","",""
"","254","[API] Create user should return 200_OK when send create user request with valid data. Case: 'zipcode' length = min","tests.api.user","2026-06-22","passed","2026-06-22","TestCreateUserApi","test_create_user","",""
"","0","[API] Update user should return 400_BAD_REQUEST when send update user request with invalid data. Case: 'email' contains text after domain","tests.api.user","2026-06-22","skipped","2026-06-22","TestUpdateUserApi","test_update_user","",""
"","0","[WEB Component] Pay with invalid card should show error message. Case: card number contains dashes","tests.web.component.payment","2026-06-22","skipped","2026-06-22","TestPaymentComponent","test_payment_component","",""
"","0","[WEB] Sign up with invalid data. Case: 'birth_month' = 1","tests.web.component.auth","2026-06-22","skipped","2026-06-22","TestSignUpWeb","test_signup_component","",""
"","0","[WEB] Should not add product review with invalid data. Case: 'email' contains mail server as ip and port","tests.web.component.review","2026-06-22","skipped","2026-06-22","TestReviewComponent","test_review_component","",""
"","2340","[WEB Component] Order placed page should have expected screenshot","tests.web.component.payment","2026-06-22","passed","2026-06-22","TestPaymentComponent","test_invoice_file","",""
"","0","[WEB] Sign up with invalid data. Case: 'state' length = max - 1","tests.web.component.auth","2026-06-22","skipped","2026-06-22","TestSignUpWeb","test_signup_component","",""
"","0","[API] Create user should return 400_BAD_REQUEST when send create user request with invalid data. Case: 'state' is empty","tests.api.user","2026-06-22","skipped","2026-06-22","TestCreateUserApi","test_create_user","",""
"","0","[API] Update user should return 400_BAD_REQUEST when send update user request with invalid data. Case: 'company' length = min - 1","tests.api.user","2026-06-22","skipped","2026-06-22","TestUpdateUserApi","test_update_user","",""
"","195","[API] Get csrf should return 200_OK when send get csrf request and contains csrf cookie","tests.api.auth","2026-06-22","passed","2026-06-22","TestAuthApi","test_auth","",""
"","0","[WEB] Sign up with invalid data. Case: 'birth_year' = 10000","tests.web.component.auth","2026-06-22","skipped","2026-06-22","TestSignUpWeb","test_signup_component","",""
"","432","[WEB Component] Header has expected screenshot when authorized","tests.web.component.base","2026-06-22","passed","2026-06-22","TestHeaderComponent","test_header_component","",""
"","0","[API] Create user should return 400_BAD_REQUEST when send create user request with invalid data. Case: 'email' contains multiple '@' symbols","tests.api.user","2026-06-22","skipped","2026-06-22","TestCreateUserApi","test_create_user","",""
"","782","[WEB] Should add product review with valid data. Case: 'email' username is numerical","tests.web.component.review","2026-06-22","passed","2026-06-22","TestReviewComponent","test_review_component","",""
"","0","[API] Update user should return 400_BAD_REQUEST when send update user request with invalid data. Case: 'mobile_number' length = max + 1","tests.api.user","2026-06-22","skipped","2026-06-22","TestUpdateUserApi","test_update_user","",""
"","0","[WEB] Sign up with invalid data. Case: 'city' length = max - 1","tests.web.component.auth","2026-06-22","skipped","2026-06-22","TestSignUpWeb","test_signup_component","",""
"","0","[WEB] Sign up with invalid data. Case: 'name' length = max - 1","tests.web.component.auth","2026-06-22","skipped","2026-06-22","TestSignUpWeb","test_signup_component","",""
"","0","[API] Update user should return 400_BAD_REQUEST when send update user request with invalid data. Case: 'email' contains text before username","tests.api.user","2026-06-22","skipped","2026-06-22","TestUpdateUserApi","test_update_user","",""
"","0","[API] Create user should return 400_BAD_REQUEST when send create user request with invalid data. Case: 'mobile_number' is empty","tests.api.user","2026-06-22","skipped","2026-06-22","TestCreateUserApi","test_create_user","",""
"","0","[API] Update user should return 400_BAD_REQUEST when send update user request with invalid data. Case: 'birth_month' is zero","tests.api.user","2026-06-22","skipped","2026-06-22","TestUpdateUserApi","test_update_user","",""
"","220","[API] Update user should return 200_OK when send update user request with valid data. Case: 'name' length = min + 1","tests.api.user","2026-06-22","passed","2026-06-22","TestUpdateUserApi","test_update_user","",""
"","2536","[WEB Component] Image Carousel should show next image when scroll right","tests.web.component.carousel","2026-06-22","passed","2026-06-22","TestImageCarousel","test_image_carousel","",""
"","3618","[WEB] Sign up with valid data. Case: 'name' length = min + 1","tests.web.component.auth","2026-06-22","passed","2026-06-22","TestSignUpWeb","test_signup_component","",""
"","4058","[WEB] Sign up with valid data. Case: 'address1' length = max","tests.web.component.auth","2026-06-22","passed","2026-06-22","TestSignUpWeb","test_signup_component","",""
"","0","[WEB] Sign up with invalid data. Case: 'zipcode' length = min + 1","tests.web.component.auth","2026-06-22","skipped","2026-06-22","TestSignUpWeb","test_signup_component","",""
"","0","[API] Create user should return 400_BAD_REQUEST when send create user request with invalid data. Case: 'mobile_number' length = min - 1","tests.api.user","2026-06-22","skipped","2026-06-22","TestCreateUserApi","test_create_user","",""
"","0","[WEB] Should not add product review with invalid data. Case: 'email' contains username hieroglyphs instead of username","tests.web.component.review","2026-06-22","skipped","2026-06-22","TestReviewComponent","test_review_component","",""
"","499","[WEB Component] Should navigate to main page by click on header logo","tests.web.component.base","2026-06-22","passed","2026-06-22","TestHeaderComponent","test_header_component","",""
"","187","[API] Create user should return 200_OK when send create user request with valid data. Case: 'zipcode' length = max","tests.api.user","2026-06-22","passed","2026-06-22","TestCreateUserApi","test_create_user","",""
"","292","[API] Update user should return 200_OK when send update user request with valid data. Case: 'zipcode' length = max - 1","tests.api.user","2026-06-22","passed","2026-06-22","TestUpdateUserApi","test_update_user","",""
"","0","[API] Create user should return 400_BAD_REQUEST when send create user request with invalid data. Case: 'name' length = max + 1","tests.api.user","2026-06-22","skipped","2026-06-22","TestCreateUserApi","test_create_user","",""
"","4082","[WEB] Sign up with valid data. Case: 'address2' length = min","tests.web.component.auth","2026-06-22","passed","2026-06-22","TestSignUpWeb","test_signup_component","",""
"","3170","[WEB] Sign up with valid data. Case: 'birth_day' length = 31","tests.web.component.auth","2026-06-22","passed","2026-06-22","TestSignUpWeb","test_signup_component","",""
"","335","[API] Create user should return 200_OK when send create user request with valid data. Case: 'city' length = min","tests.api.user","2026-06-22","passed","2026-06-22","TestCreateUserApi","test_create_user","",""
"","0","[API] Update user should return 400_BAD_REQUEST when send update user request with invalid data. Case: 'address1' length = min - 1","tests.api.user","2026-06-22","skipped","2026-06-22","TestUpdateUserApi","test_update_user","",""
"","145","[API] Create user should return 200_OK when send create user request with valid data. Case: 'city' length = min + 1","tests.api.user","2026-06-22","passed","2026-06-22","TestCreateUserApi","test_create_user","",""
"","1234","[API] Login should return 200_OK when send login request with valid data and contains csrf cookie","tests.api.auth","2026-06-22","passed","2026-06-22","TestAuthApi","test_auth","",""
"","278","[API] Update user should return 200_OK when send update user request with valid data. Case: 'address2' length = max - 1","tests.api.user","2026-06-22","passed","2026-06-22","TestUpdateUserApi","test_update_user","",""
"","5945","[WEB] Sign up with valid data. Case: 'zipcode' length = max - 1","tests.web.component.auth","2026-06-22","passed","2026-06-22","TestSignUpWeb","test_signup_component","",""
"","0","[API] Create user should return 400_BAD_REQUEST when send create user request with invalid data. Case: 'state' length = max + 1","tests.api.user","2026-06-22","skipped","2026-06-22","TestCreateUserApi","test_create_user","",""
"","0","[API] Update user should return 400_BAD_REQUEST when send update user request with invalid data. Case: 'email' contains username hieroglyphs instead of username","tests.api.user","2026-06-22","skipped","2026-06-22","TestUpdateUserApi","test_update_user","",""
"","229","[API] Create user should return 200_OK when send create user request with valid data. Case: 'address2' length = max","tests.api.user","2026-06-22","passed","2026-06-22","TestCreateUserApi","test_create_user","",""
"","0","[API] Create user should return 400_BAD_REQUEST when send create user request with invalid data. Case: 'last_name' length = min - 1","tests.api.user","2026-06-22","skipped","2026-06-22","TestCreateUserApi","test_create_user","",""
"","0","[WEB] Should not add product review with invalid data. Case: 'email' not contains domain","tests.web.component.review","2026-06-22","skipped","2026-06-22","TestReviewComponent","test_review_component","",""
"","0","[API] Update user should return 400_BAD_REQUEST when send update user request with invalid data. Case: 'email' contains domain with one letter","tests.api.user","2026-06-22","skipped","2026-06-22","TestUpdateUserApi","test_update_user","",""
"","214","[API] Update user should return 200_OK when send update user request with valid data. Case: 'address2' length = min + 1","tests.api.user","2026-06-22","passed","2026-06-22","TestUpdateUserApi","test_update_user","",""
"","174","[API] Create user should return 200_OK when send create user request with valid data. Case: 'mobile_number' length = max","tests.api.user","2026-06-22","passed","2026-06-22","TestCreateUserApi","test_create_user","",""
"","3494","[WEB] Sign up with valid data. Case: 'address2' length = max","tests.web.component.auth","2026-06-22","passed","2026-06-22","TestSignUpWeb","test_signup_component","",""
"","0","[WEB] Should not add product review with invalid data. Case: 'email' is empty","tests.web.component.review","2026-06-22","skipped","2026-06-22","TestReviewComponent","test_review_component","",""
"","242","[API] Update user should return 200_OK when send update user request with valid data. Case: 'company' length = min + 1","tests.api.user","2026-06-22","passed","2026-06-22","TestUpdateUserApi","test_update_user","",""
"","558","[WEB Component] Should navigate to products page by click 'Products' button","tests.web.component.base","2026-06-22","passed","2026-06-22","TestHeaderComponent","test_header_component","",""
"","0","[WEB] Sign up with invalid data. Case: 'birth_year' = 1","tests.web.component.auth","2026-06-22","skipped","2026-06-22","TestSignUpWeb","test_signup_component","",""
"","160","[API] Get user should return 200_OK when send get user request and user exists","tests.api.user","2026-06-22","passed","2026-06-22","TestGetUserApi","test_get_user","",""
"","0","[WEB Component] Pay with invalid card should show error message. Case: card number contains special characters","tests.web.component.payment","2026-06-22","skipped","2026-06-22","TestPaymentComponent","test_payment_component","",""
"","461","[WEB Component] Pay with valid card should show success status message. Case: valid: boundary valid number","tests.web.component.payment","2026-06-22","passed","2026-06-22","TestPaymentComponent","test_payment_component","",""
"","1233","[WEB Component] Should add product to cart when click on add to cart button from overlay","tests.web.component.product","2026-06-22","passed","2026-06-22","TestAnimatedProductCard","test_animated_product_card_component","",""
"","0","[WEB] Sign up with invalid data. Case: 'mobile_number' length = max","tests.web.component.auth","2026-06-22","skipped","2026-06-22","TestSignUpWeb","test_signup_component","",""
"","3375","[WEB] Sign up with valid data. Case: 'company' length = max","tests.web.component.auth","2026-06-22","passed","2026-06-22","TestSignUpWeb","test_signup_component","",""
"","393","[API] Update user should return 200_OK when send update user request with valid data. Case: 'last_name' length = min + 1","tests.api.user","2026-06-22","passed","2026-06-22","TestUpdateUserApi","test_update_user","",""
"","221","[API] Update user should return 200_OK when send update user request with valid data. Case: 'birth_year' = 1","tests.api.user","2026-06-22","passed","2026-06-22","TestUpdateUserApi","test_update_user","",""
"","0","[API] Create user should return 400_BAD_REQUEST when send create user request with invalid data. Case: 'address1' is empty","tests.api.user","2026-06-22","skipped","2026-06-22","TestCreateUserApi","test_create_user","",""
"","247","[API] Create user should return 200_OK when send create user request with valid data. Case: 'birth_year' = 10000","tests.api.user","2026-06-22","passed","2026-06-22","TestCreateUserApi","test_create_user","",""
"","0","[API] Create user should return 400_BAD_REQUEST when send create user request with invalid data. Case: 'mobile_number' has invalid format","tests.api.user","2026-06-22","skipped","2026-06-22","TestCreateUserApi","test_create_user","",""
"","417","[WEB Component] Should navigate to cart page by click 'Cart' button","tests.web.component.base","2026-06-22","passed","2026-06-22","TestHeaderComponent","test_header_component","",""
"","0","[WEB] Sign up with invalid data. Case: 'address2' length = max","tests.web.component.auth","2026-06-22","skipped","2026-06-22","TestSignUpWeb","test_signup_component","",""
"","2233","[WEB Component] Add product to cart from product carousel","tests.web.component.carousel","2026-06-22","passed","2026-06-22","TestProductCarousel","test_product_carousel","",""
"","1663","[WEB Component] Pay with valid card should show success status message. Case: valid name contains multiple spaces","tests.web.component.payment","2026-06-22","passed","2026-06-22","TestPaymentComponent","test_payment_component","",""
"","3222","[WEB] Sign up with valid data. Case: 'birth_month' = 1","tests.web.component.auth","2026-06-22","passed","2026-06-22","TestSignUpWeb","test_signup_component","",""
"","1797","[WEB Component] Page scroller scroll page to top","tests.web.component.base","2026-06-22","passed","2026-06-22","TestPageScrollerComponent","test_page_scroller_component","",""
"","225","[API] Update user should return 200_OK when send update user request with valid data. Case: 'zipcode' length = max","tests.api.user","2026-06-22","passed","2026-06-22","TestUpdateUserApi","test_update_user","",""
"","0","[API] Update user should return 400_BAD_REQUEST when send update user request with invalid data. Case: 'email' contains multiple '@' symbols","tests.api.user","2026-06-22","skipped","2026-06-22","TestUpdateUserApi","test_update_user","",""
"","864","[WEB Component] Brand filter should have expected screenshot","tests.web.component.filter","2026-06-22","passed","2026-06-22","TestBrandFilter","test_brand_filter","",""
"","65","[WEB Component] Should visible user name when authorized","tests.web.component.base","2026-06-22","passed","2026-06-22","TestHeaderComponent","test_header_component","",""
"","318","[API] Update user should return 200_OK when send update user request with valid data. Case: 'name' length = max","tests.api.user","2026-06-22","passed","2026-06-22","TestUpdateUserApi","test_update_user","",""
"","0","[API] Update user should return 400_BAD_REQUEST when send update user request with invalid data. Case: 'email' is word","tests.api.user","2026-06-22","skipped","2026-06-22","TestUpdateUserApi","test_update_user","",""
"","535","[WEB Component] Should decrease all products total price","tests.web.component.product","2026-06-22","passed","2026-06-22","TestProductItem","test_product_item","",""
"","407","[API] Update user should return 200_OK when send update user request with valid data. Case: 'city' length = min","tests.api.user","2026-06-22","passed","2026-06-22","TestUpdateUserApi","test_update_user","",""
"","150","[API] Create user should return 200_OK when send create user request with valid data. Case: 'last_name' length = max","tests.api.user","2026-06-22","passed","2026-06-22","TestCreateUserApi","test_create_user","",""
"","0","[WEB] Should not add product review with invalid data. Case: 'email' contains invalid top level domain web","tests.web.component.review","2026-06-22","skipped","2026-06-22","TestReviewComponent","test_review_component","",""
"","153","[API] Create user should return 200_OK when send create user request with valid data. Case: 'first_name' length = min","tests.api.user","2026-06-22","passed","2026-06-22","TestCreateUserApi","test_create_user","",""
"","2580","[WEB Component] Invoice should have expected price","tests.web.component.payment","2026-06-22","passed","2026-06-22","TestPaymentComponent","test_invoice_file","",""
"","0","[WEB] Sign up with invalid data. Case: 'first_name' length = max","tests.web.component.auth","2026-06-22","skipped","2026-06-22","TestSignUpWeb","test_signup_component","",""
"","149","[API] Create user should return 200_OK when send create user request with valid data. Case: 'state' length = min + 1","tests.api.user","2026-06-22","passed","2026-06-22","TestCreateUserApi","test_create_user","",""
"","0","[API] Update user should return 400_BAD_REQUEST when send update user request with invalid data. Case: 'zipcode' is absent","tests.api.user","2026-06-22","skipped","2026-06-22","TestUpdateUserApi","test_update_user","",""
"","0","[API] Update user should return 400_BAD_REQUEST when send update user request with invalid data. Case: 'first_name' length = min - 1","tests.api.user","2026-06-22","skipped","2026-06-22","TestUpdateUserApi","test_update_user","",""
"","2433","[WEB Component] Products Carousel should show next products when scroll right","tests.web.component.carousel","2026-06-22","passed","2026-06-22","TestProductCarousel","test_product_carousel","",""
"","311","[API] Update user should return 200_OK when send update user request with valid data. Case: 'address1' length = max","tests.api.user","2026-06-22","passed","2026-06-22","TestUpdateUserApi","test_update_user","",""
"","0","[API] Update user should return 400_BAD_REQUEST when send update user request with invalid data. Case: 'email' contains invalid top level domain web","tests.api.user","2026-06-22","skipped","2026-06-22","TestUpdateUserApi","test_update_user","",""
"","291","[API] Create user should return 400_BAD_REQUEST when send create user request with existing email","tests.api.user","2026-06-22","passed","2026-06-22","TestCreateUserApi","test_create_user","",""
"","162","[API] Create user should return 200_OK when send create user request with valid data. Case: 'address1' length = min","tests.api.user","2026-06-22","passed","2026-06-22","TestCreateUserApi","test_create_user","",""
"","5307","[WEB Component] Place order without authorization notification proceed to checkout button should navigate to login page","tests.web.component.base","2026-06-22","passed","2026-06-22","TestNotificationComponent","test_notification_component","",""
"","3373","[WEB] Sign up with valid data. Case: 'birth_year' = 1","tests.web.component.auth","2026-06-22","passed","2026-06-22","TestSignUpWeb","test_signup_component","",""
"","3217","[WEB] Sign up with valid data. Case: 'company' length = min","tests.web.component.auth","2026-06-22","passed","2026-06-22","TestSignUpWeb","test_signup_component","",""
"","0","[API] Create user should return 400_BAD_REQUEST when send create user request with invalid data. Case: 'first_name' is empty","tests.api.user","2026-06-22","skipped","2026-06-22","TestCreateUserApi","test_create_user","",""
"","307","test_get_all_products","tests.api.product","2026-06-22","passed","2026-06-22","TestProductApi","test_product","",""
"","0","[API] Update user should return 400_BAD_REQUEST when send update user request with invalid data. Case: 'city' is empty","tests.api.user","2026-06-22","skipped","2026-06-22","TestUpdateUserApi","test_update_user","",""
"","0","[WEB] Sign up with invalid data. Case: 'address1' length = max - 1","tests.web.component.auth","2026-06-22","skipped","2026-06-22","TestSignUpWeb","test_signup_component","",""
"","0","[WEB Component] Pay with invalid card should show error message. Case: card number only spaces","tests.web.component.payment","2026-06-22","skipped","2026-06-22","TestPaymentComponent","test_payment_component","",""
"","239","[API] Update user should return 200_OK when send update user request with valid data. Case: 'mobile_number' length = max - 1","tests.api.user","2026-06-22","passed","2026-06-22","TestUpdateUserApi","test_update_user","",""
"","9667","[WEB] Sign in with valid data","tests.web.component.auth","2026-06-22","passed","2026-06-22","TestLoginWeb","test_login_component","",""
"","0","[API] Create user should return 400_BAD_REQUEST when send create user request with invalid data. Case: 'address1' is absent","tests.api.user","2026-06-22","skipped","2026-06-22","TestCreateUserApi","test_create_user","",""
"","0","[WEB Component] Should not subscribe with invalid email","tests.web.component.base","2026-06-22","skipped","2026-06-22","TestSubscriptionComponent","test_subscription_component","",""
"","151","[API] Create user should return 200_OK when send create user request with valid data. Case: 'first_name' length = max","tests.api.user","2026-06-22","passed","2026-06-22","TestCreateUserApi","test_create_user","",""
"","0","[API] Update user should return 400_BAD_REQUEST when send update user request with invalid data. Case: 'state' is empty","tests.api.user","2026-06-22","skipped","2026-06-22","TestUpdateUserApi","test_update_user","",""
"","220","[API] Update user should return 200_OK when send update user request with valid data. Case: 'birth_year' = 10000","tests.api.user","2026-06-22","passed","2026-06-22","TestUpdateUserApi","test_update_user","",""
"","3286","[WEB] Sign up with valid data. Case: 'state' length = min + 1","tests.web.component.auth","2026-06-22","passed","2026-06-22","TestSignUpWeb","test_signup_component","",""
"","0","[API] Create user should return 400_BAD_REQUEST when send create user request with invalid data. Case: 'company' is empty","tests.api.user","2026-06-22","skipped","2026-06-22","TestCreateUserApi","test_create_user","",""
"","4227","[WEB] Sign up with valid data. Case: 'state' length = max","tests.web.component.auth","2026-06-22","passed","2026-06-22","TestSignUpWeb","test_signup_component","",""
"","2302","[WEB Component] Products Carousel should last products when scroll left on first slide","tests.web.component.carousel","2026-06-22","passed","2026-06-22","TestProductCarousel","test_product_carousel","",""
"","0","[API] Update user should return 400_BAD_REQUEST when send update user request with invalid data. Case: 'email' contains mail server as ip and port","tests.api.user","2026-06-22","skipped","2026-06-22","TestUpdateUserApi","test_update_user","",""
"","0","[WEB] Sign up with invalid data. Case: 'mobile_number' length = min","tests.web.component.auth","2026-06-22","skipped","2026-06-22","TestSignUpWeb","test_signup_component","",""
"","0","[WEB Component] Pay with invalid card should show error message. Case: cvc too long","tests.web.component.payment","2026-06-22","skipped","2026-06-22","TestPaymentComponent","test_payment_component","",""
"","5041","[WEB] Sign up with valid data. Case: 'mobile_number' length = min + 1","tests.web.component.auth","2026-06-22","passed","2026-06-22","TestSignUpWeb","test_signup_component","",""
"","160","[API] Create user should return 200_OK when send create user request with valid data. Case: 'state' length = min","tests.api.user","2026-06-22","passed","2026-06-22","TestCreateUserApi","test_create_user","",""
"","8490","Purchase products with sign up before checkout","tests.web.e2e","2026-06-22","passed","2026-06-22","TestPlaceOrder","test_place_order","",""
"","0","[WEB Component] Pay with invalid card should show error message. Case: name contains newline","tests.web.component.payment","2026-06-22","skipped","2026-06-22","TestPaymentComponent","test_payment_component","",""
"","0","[API] Create user should return 400_BAD_REQUEST when send create user request with invalid data. Case: 'state' length = min - 1","tests.api.user","2026-06-22","skipped","2026-06-22","TestCreateUserApi","test_create_user","",""
"","152","[API] Create user should return 200_OK when send create user request with valid data. Case: 'mobile_number' length = max - 1","tests.api.user","2026-06-22","passed","2026-06-22","TestCreateUserApi","test_create_user","",""
"","3233","[WEB] Sign up with valid data. Case: 'birth_day' = 1","tests.web.component.auth","2026-06-22","passed","2026-06-22","TestSignUpWeb","test_signup_component","",""
"","160","[API] Create user should return 200_OK when send create user request with valid data. Case: 'zipcode' length = max - 1","tests.api.user","2026-06-22","passed","2026-06-22","TestCreateUserApi","test_create_user","",""
"","0","[WEB] Should not add product review with invalid data. Case: 'email' contains text before username","tests.web.component.review","2026-06-22","skipped","2026-06-22","TestReviewComponent","test_review_component","",""
"","0","[API] Update user should return 400_BAD_REQUEST when send update user request with invalid data. Case: 'birth_year' is absent","tests.api.user","2026-06-22","skipped","2026-06-22","TestUpdateUserApi","test_update_user","",""
"","52","[WEB Component] Should have all products expected total price","tests.web.component.product","2026-06-22","passed","2026-06-22","TestProductItem","test_product_item","",""
"","326","[API] Update user should return 200_OK when send update user request with valid data. Case: 'state' length = max","tests.api.user","2026-06-22","passed","2026-06-22","TestUpdateUserApi","test_update_user","",""
"","379","[API] Create user should return 200_OK when send create user request with valid data. Case: 'last_name' length = min","tests.api.user","2026-06-22","passed","2026-06-22","TestCreateUserApi","test_create_user","",""
"","1694","[WEB] Should add product review with valid data. Case: 'message' length = max - 1","tests.web.component.review","2026-06-22","passed","2026-06-22","TestReviewComponent","test_review_component","",""
"","0","[WEB] Sign up with invalid data. Case: 'mobile_number' length = max - 1","tests.web.component.auth","2026-06-22","skipped","2026-06-22","TestSignUpWeb","test_signup_component","",""
"","1856","[WEB Component] Pay with valid card should show success status message. Case: valid: name min length","tests.web.component.payment","2026-06-22","passed","2026-06-22","TestPaymentComponent","test_payment_component","",""
"","3256","[WEB] Sign up with valid data. Case: 'last_name' length = min + 1","tests.web.component.auth","2026-06-22","passed","2026-06-22","TestSignUpWeb","test_signup_component","",""
"","330","[API] Update user should return 200_OK when send update user request with valid data. Case: 'first_name' length = min","tests.api.user","2026-06-22","passed","2026-06-22","TestUpdateUserApi","test_update_user","",""
"","150","Get brands should return 200_OK when send get brands request","tests.api.brand","2026-06-22","passed","2026-06-22","TestBrandApi","test_brand","",""
"","0","[API] Update user should return 400_BAD_REQUEST when send update user request with invalid data. Case: 'birth_year' is zero","tests.api.user","2026-06-22","skipped","2026-06-22","TestUpdateUserApi","test_update_user","",""
"","0","[API] Create user should return 400_BAD_REQUEST when send create user request with invalid data. Case: 'last_name' length = max + 1","tests.api.user","2026-06-22","skipped","2026-06-22","TestCreateUserApi","test_create_user","",""
"","0","[WEB] Sign up with invalid data. Case: 'state' length = max","tests.web.component.auth","2026-06-22","skipped","2026-06-22","TestSignUpWeb","test_signup_component","",""
"","0","[WEB] Sign up with invalid data. Case: 'first_name' length = min + 1","tests.web.component.auth","2026-06-22","skipped","2026-06-22","TestSignUpWeb","test_signup_component","",""
"","0","[API] Update user should return 400_BAD_REQUEST when send update user request with invalid data. Case: 'email' not contains username","tests.api.user","2026-06-22","skipped","2026-06-22","TestUpdateUserApi","test_update_user","",""
"","0","[API] Create user should return 400_BAD_REQUEST when send create user request with invalid data. Case: 'email' contains username hieroglyphs instead of username","tests.api.user","2026-06-22","skipped","2026-06-22","TestCreateUserApi","test_create_user","",""
"","577","[WEB] Should add product review with valid data. Case: 'email' username contains only underscore '-'","tests.web.component.review","2026-06-22","passed","2026-06-22","TestReviewComponent","test_review_component","",""
"","0","[WEB] Sign up with invalid data. Case: 'birth_day' length = 31","tests.web.component.auth","2026-06-22","skipped","2026-06-22","TestSignUpWeb","test_signup_component","",""
"","180","[API] Create user should return 200_OK when send create user request with valid data. Case: 'state' length = max","tests.api.user","2026-06-22","passed","2026-06-22","TestCreateUserApi","test_create_user","",""
"","1692","[WEB Component] Place order without authorization notification should have expected data and screenshot","tests.web.component.base","2026-06-22","passed","2026-06-22","TestNotificationComponent","test_notification_component","",""
"","544","[WEB Component] Animated product card should have expected data","tests.web.component.product","2026-06-22","passed","2026-06-22","TestAnimatedProductCard","test_animated_product_card_component","",""
"","1502","[WEB Component] Should increase product item quantity","tests.web.component.product","2026-06-22","passed","2026-06-22","TestProductItem","test_product_item","",""
"","640","[API] Update user should return 200_OK when send update user request with valid data. Case: 'address2' length = max","tests.api.user","2026-06-22","passed","2026-06-22","TestUpdateUserApi","test_update_user","",""
"","0","[API] Update user should return 400_BAD_REQUEST when send update user request with invalid data. Case: 'birth_year' is invalid positive","tests.api.user","2026-06-22","skipped","2026-06-22","TestUpdateUserApi","test_update_user","",""
"","3126","[WEB] Sign up with valid data. Case: 'birth_year' = 10000","tests.web.component.auth","2026-06-22","passed","2026-06-22","TestSignUpWeb","test_signup_component","",""
"","0","[WEB] Sign up with invalid data. Case: 'name' length = min + 1","tests.web.component.auth","2026-06-22","skipped","2026-06-22","TestSignUpWeb","test_signup_component","",""
"","232","[API] Update user should return 200_OK when send update user request with valid data. Case: 'mobile_number' length = min + 1","tests.api.user","2026-06-22","passed","2026-06-22","TestUpdateUserApi","test_update_user","",""
"","0","[WEB Component] Pay with invalid card should show error message. Case: card number contains spaces","tests.web.component.payment","2026-06-22","skipped","2026-06-22","TestPaymentComponent","test_payment_component","",""
"","345","[API] Update user should return 200_OK when send update user request with valid data. Case: 'zipcode' length = min","tests.api.user","2026-06-22","passed","2026-06-22","TestUpdateUserApi","test_update_user","",""
"","260","[API] Update user should return 200_OK when send update user request with valid data. Case: 'name' length = min","tests.api.user","2026-06-22","passed","2026-06-22","TestUpdateUserApi","test_update_user","",""
"","1704","[WEB Component] Pay with valid card should show success status message. Case: valid: common latin name","tests.web.component.payment","2026-06-22","passed","2026-06-22","TestPaymentComponent","test_payment_component","",""
"","0","[WEB] Sign up with invalid data. Case: 'company' length = min","tests.web.component.auth","2026-06-22","skipped","2026-06-22","TestSignUpWeb","test_signup_component","",""
"","0","[API] Create user should return 400_BAD_REQUEST when send create user request with invalid data. Case: 'last_name' is empty","tests.api.user","2026-06-22","skipped","2026-06-22","TestCreateUserApi","test_create_user","",""
"","0","[API] Update user should return 400_BAD_REQUEST when send update user request with invalid data. Case: 'email' is empty","tests.api.user","2026-06-22","skipped","2026-06-22","TestUpdateUserApi","test_update_user","",""
"","0","[API] Update user should return 400_BAD_REQUEST when send update user request with invalid data. Case: 'mobile_number' is absent","tests.api.user","2026-06-22","skipped","2026-06-22","TestUpdateUserApi","test_update_user","",""
"","0","[API] Update user should return 400_BAD_REQUEST when send update user request with invalid data. Case: 'address1' is empty","tests.api.user","2026-06-22","skipped","2026-06-22","TestUpdateUserApi","test_update_user","",""
"","0","[API] Update user should return 400_BAD_REQUEST when send update user request with invalid data. Case: 'name' length = max + 1","tests.api.user","2026-06-22","skipped","2026-06-22","TestUpdateUserApi","test_update_user","",""
"","1720","[WEB] Should add product review with valid data. Case: 'message' length = max","tests.web.component.review","2026-06-22","passed","2026-06-22","TestReviewComponent","test_review_component","",""
"","0","[API] Update user should return 400_BAD_REQUEST when send update user request with invalid data. Case: 'name' is empty","tests.api.user","2026-06-22","skipped","2026-06-22","TestUpdateUserApi","test_update_user","",""
"","0","[API] Update user should return 400_BAD_REQUEST when send update user request with invalid data. Case: 'email' not contains '@' symbol","tests.api.user","2026-06-22","skipped","2026-06-22","TestUpdateUserApi","test_update_user","",""
"","240","[API] Update user should return 200_OK when send update user request with valid data. Case: 'last_name' length = min","tests.api.user","2026-06-22","passed","2026-06-22","TestUpdateUserApi","test_update_user","",""
"","0","[WEB Component] Pay with invalid card should show error message. Case: expiry year is empty","tests.web.component.payment","2026-06-22","skipped","2026-06-22","TestPaymentComponent","test_payment_component","",""
"","0","[API] Update user should return 400_BAD_REQUEST when send update user request with invalid data. Case: 'name' is absent","tests.api.user","2026-06-22","skipped","2026-06-22","TestUpdateUserApi","test_update_user","",""
"","0","[WEB] Sign up with invalid data. Case: 'last_name' length = max - 1","tests.web.component.auth","2026-06-22","skipped","2026-06-22","TestSignUpWeb","test_signup_component","",""
"","0","[API] Create user should return 400_BAD_REQUEST when send create user request with invalid data. Case: 'company' length = max + 1","tests.api.user","2026-06-22","skipped","2026-06-22","TestCreateUserApi","test_create_user","",""
"","233","[API] Create user should return 200_OK when send create user request with valid data. Case: 'city' length = max - 1","tests.api.user","2026-06-22","passed","2026-06-22","TestCreateUserApi","test_create_user","",""
"","172","[API] Create user should return 200_OK when send create user request with valid data. Case: 'name' length = max - 1","tests.api.user","2026-06-22","passed","2026-06-22","TestCreateUserApi","test_create_user","",""
"","483","[API] Update user should return 200_OK when send update user request with valid data. Case: 'state' length = min + 1","tests.api.user","2026-06-22","passed","2026-06-22","TestUpdateUserApi","test_update_user","",""
"","0","[WEB Component] Pay with invalid card should show error message. Case: expiry month one digit","tests.web.component.payment","2026-06-22","skipped","2026-06-22","TestPaymentComponent","test_payment_component","",""
"","0","[API] Create user should return 400_BAD_REQUEST when send create user request with invalid data. Case: 'state' is absent","tests.api.user","2026-06-22","skipped","2026-06-22","TestCreateUserApi","test_create_user","",""
"","292","[API] Update user should return 200_OK when send update user request with valid data. Case: 'state' length = min","tests.api.user","2026-06-22","passed","2026-06-22","TestUpdateUserApi","test_update_user","",""
"","0","[API] Create user should return 400_BAD_REQUEST when send create user request with invalid data. Case: 'zipcode' length = min - 1","tests.api.user","2026-06-22","skipped","2026-06-22","TestCreateUserApi","test_create_user","",""
"","0","[WEB] Should not add product review with invalid data. Case: 'email' is word","tests.web.component.review","2026-06-22","skipped","2026-06-22","TestReviewComponent","test_review_component","",""
"","834","[WEB] Should add product review with valid data. Case: 'name' length = min + 1","tests.web.component.review","2026-06-22","passed","2026-06-22","TestReviewComponent","test_review_component","",""
"","147","[API] Create user should return 200_OK when send create user request with valid data. Case: 'state' length = max - 1","tests.api.user","2026-06-22","passed","2026-06-22","TestCreateUserApi","test_create_user","",""
"","552","[WEB Component] Should navigate to main page by click on header logo","tests.web.component.base","2026-06-22","passed","2026-06-22","TestHeaderComponent","test_header_component","",""
"","519","[WEB] Should have expected screenshot when not send review","tests.web.component.review","2026-06-22","passed","2026-06-22","TestReviewComponent","test_review_component","",""
"","0","[WEB Component] Pay with invalid card should show error message. Case: name contains special characters","tests.web.component.payment","2026-06-22","skipped","2026-06-22","TestPaymentComponent","test_payment_component","",""
"","0","[API] Update user should return 400_BAD_REQUEST when send update user request with invalid data. Case: 'city' length = max + 1","tests.api.user","2026-06-22","skipped","2026-06-22","TestUpdateUserApi","test_update_user","",""
"","239","[API] Update user should return 200_OK when send update user request with valid data. Case: 'address1' length = min + 1","tests.api.user","2026-06-22","passed","2026-06-22","TestUpdateUserApi","test_update_user","",""
"","3397","[WEB] Sign up with valid data. Case: 'city' length = min + 1","tests.web.component.auth","2026-06-22","passed","2026-06-22","TestSignUpWeb","test_signup_component","",""
"","162","[API] Create user should return 200_OK when send create user request with valid data. Case: 'company' length = min + 1","tests.api.user","2026-06-22","passed","2026-06-22","TestCreateUserApi","test_create_user","",""
"","3570","[WEB] Sign up with valid data. Case: 'mobile_number' length = max - 1","tests.web.component.auth","2026-06-22","passed","2026-06-22","TestSignUpWeb","test_signup_component","",""
"","0","[API] Update user should return 400_BAD_REQUEST when send update user request with invalid data. Case: 'name' length = min - 1","tests.api.user","2026-06-22","skipped","2026-06-22","TestUpdateUserApi","test_update_user","",""
"","0","[API] Update user should return 400_BAD_REQUEST when send update user request with invalid data. Case: 'last_name' is empty","tests.api.user","2026-06-22","skipped","2026-06-22","TestUpdateUserApi","test_update_user","",""
"","0","[API] Create user should return 400_BAD_REQUEST when send create user request with invalid data. Case: 'city' is absent","tests.api.user","2026-06-22","skipped","2026-06-22","TestCreateUserApi","test_create_user","",""
"","1787","[WEB Component] Pay with valid card should show success status message. Case: valid: name max length","tests.web.component.payment","2026-06-22","passed","2026-06-22","TestPaymentComponent","test_payment_component","",""
"","0","[API] Update user should return 400_BAD_REQUEST when send update user request with invalid data. Case: 'email' contains '.' before dog symbol","tests.api.user","2026-06-22","skipped","2026-06-22","TestUpdateUserApi","test_update_user","",""
"","159","[API] Create user should return 200_OK when send create user request with valid data. Case: 'last_name' length = max - 1","tests.api.user","2026-06-22","passed","2026-06-22","TestCreateUserApi","test_create_user","",""
"","3280","[WEB] Sign up with valid data. Case: 'company' length = max - 1","tests.web.component.auth","2026-06-22","passed","2026-06-22","TestSignUpWeb","test_signup_component","",""
"","0","[API] Update user should return 400_BAD_REQUEST when send update user request with invalid data. Case: 'company' length = max + 1","tests.api.user","2026-06-22","skipped","2026-06-22","TestUpdateUserApi","test_update_user","",""
"","3455","[WEB] Sign up with valid data. Case: 'state' length = min","tests.web.component.auth","2026-06-22","passed","2026-06-22","TestSignUpWeb","test_signup_component","",""
"","0","[API] Create user should return 400_BAD_REQUEST when send create user request with invalid data. Case: 'email' contains only special symbols","tests.api.user","2026-06-22","skipped","2026-06-22","TestCreateUserApi","test_create_user","",""
"","1381","[WEB Component] Product details should have expected data","tests.web.component.product","2026-06-22","passed","2026-06-22","TestProductCard","test_product_details_component","",""
"","156","[API] Create user should return 200_OK when send create user request with valid data. Case: 'mobile_number' length = min + 1","tests.api.user","2026-06-22","passed","2026-06-22","TestCreateUserApi","test_create_user","",""
"","0","[WEB] Should not add product review with invalid data. Case: 'email' contains '-' after '@'","tests.web.component.review","2026-06-22","skipped","2026-06-22","TestReviewComponent","test_review_component","",""
"","7760","[WEB] Sign up with valid data. Case: 'zipcode' length = max","tests.web.component.auth","2026-06-22","failed","2026-06-22","TestSignUpWeb","test_signup_component","",""
"","0","[API] Update user should return 400_BAD_REQUEST when send update user request with invalid data. Case: 'state' is absent","tests.api.user","2026-06-22","skipped","2026-06-22","TestUpdateUserApi","test_update_user","",""
"","1007","[WEB Component] Should have expected success status message after sending contact info","tests.web.component.base","2026-06-22","passed","2026-06-22","TestSubscriptionComponent","test_subscription_component","",""
"","0","[WEB] Should not add product review with invalid data. Case: 'message' length = max","tests.web.component.review","2026-06-22","skipped","2026-06-22","TestReviewComponent","test_review_component","",""
"","0","[API] Create user should return 400_BAD_REQUEST when send create user request with invalid data. Case: 'birth_year' is invalid positive","tests.api.user","2026-06-22","skipped","2026-06-22","TestCreateUserApi","test_create_user","",""
"","0","[API] Update user should return 400_BAD_REQUEST when send update user request with invalid data. Case: 'email' contains '-' after '@'","tests.api.user","2026-06-22","skipped","2026-06-22","TestUpdateUserApi","test_update_user","",""
"","0","[API] Create user should return 400_BAD_REQUEST when send create user request with invalid data. Case: 'zipcode' is empty","tests.api.user","2026-06-22","skipped","2026-06-22","TestCreateUserApi","test_create_user","",""
"","152","[API] Create user should return 200_OK when send create user request with valid data. Case: 'zipcode' length = min + 1","tests.api.user","2026-06-22","passed","2026-06-22","TestCreateUserApi","test_create_user","",""
"","0","[API] Create user should return 400_BAD_REQUEST when send create user request with invalid data. Case: 'email' contains invalid top level domain web","tests.api.user","2026-06-22","skipped","2026-06-22","TestCreateUserApi","test_create_user","",""
"","258","[API] Update user should return 200_OK when send update user request with valid data. Case: 'last_name' length = max - 1","tests.api.user","2026-06-22","passed","2026-06-22","TestUpdateUserApi","test_update_user","",""
"","0","[WEB] Sign up with invalid data. Case: 'zipcode' length = max - 1","tests.web.component.auth","2026-06-22","skipped","2026-06-22","TestSignUpWeb","test_signup_component","",""
"","3399","[WEB] Sign up with valid data. Case: 'mobile_number' length = max","tests.web.component.auth","2026-06-22","passed","2026-06-22","TestSignUpWeb","test_signup_component","",""
"","660","[WEB] Should add product review with valid data. Case: 'email' username contains '.'","tests.web.component.review","2026-06-22","passed","2026-06-22","TestReviewComponent","test_review_component","",""
"","153","[API] Create user should return 200_OK when send create user request with valid data. Case: 'address2' length = max - 1","tests.api.user","2026-06-22","passed","2026-06-22","TestCreateUserApi","test_create_user","",""
"","3237","[WEB] Sign up with valid data. Case: 'last_name' length = min","tests.web.component.auth","2026-06-22","passed","2026-06-22","TestSignUpWeb","test_signup_component","",""
"","238","[API] Update user should return 200_OK when send update user request with valid data. Case: 'birth_month' = 1","tests.api.user","2026-06-22","passed","2026-06-22","TestUpdateUserApi","test_update_user","",""
"","0","[WEB] Sign up with invalid data. Case: 'company' length = max","tests.web.component.auth","2026-06-22","skipped","2026-06-22","TestSignUpWeb","test_signup_component","",""
