"DESCRIPTION","DURATION IN MS","NAME","PARENT SUITE","START TIME","STATUS","STOP TIME","SUB SUITE","SUITE","TEST CLASS","TEST METHOD"
"","0","[API] Create user should return 400_BAD_REQUEST when send create user request with invalid data. Case: 'birth_year' is negative","tests.api.user","2026-09-07","skipped","2026-09-07","TestCreateUserApi","test_create_user","",""
"","2832","[WEB] Sign up with valid data. Case: 'city' length = min + 1","tests.web.component.auth","2026-09-07","passed","2026-09-07","TestSignUpWeb","test_signup_component","",""
"","0","[API] Create user should return 400_BAD_REQUEST when send create user request with invalid data. Case: 'company' length = max + 1","tests.api.user","2026-09-07","skipped","2026-09-07","TestCreateUserApi","test_create_user","",""
"","0","[WEB] Should not add product review with invalid data. Case: 'message' length = max","tests.web.component.review","2026-09-07","skipped","2026-09-07","TestReviewComponent","test_review_component","",""
"","1845","[WEB Component] Product details should have expected data","tests.web.component.product","2026-09-07","passed","2026-09-07","TestProductCard","test_product_details_component","",""
"","3055","[WEB] Sign up with valid data. Case: 'name' length = max - 1","tests.web.component.auth","2026-09-07","passed","2026-09-07","TestSignUpWeb","test_signup_component","",""
"","0","[WEB] Sign up with invalid data. Case: 'zipcode' length = min","tests.web.component.auth","2026-09-07","skipped","2026-09-07","TestSignUpWeb","test_signup_component","",""
"","148","[API] Create user should return 200_OK when send create user request with valid data. Case: 'address1' length = min","tests.api.user","2026-09-07","passed","2026-09-07","TestCreateUserApi","test_create_user","",""
"","0","[API] Create user should return 400_BAD_REQUEST when send create user request with invalid data. Case: 'zipcode' has invalid format","tests.api.user","2026-09-07","skipped","2026-09-07","TestCreateUserApi","test_create_user","",""
"","0","[API] Update user should return 400_BAD_REQUEST when send update user request with invalid data. Case: 'birth_year' is invalid positive","tests.api.user","2026-09-07","skipped","2026-09-07","TestUpdateUserApi","test_update_user","",""
"","204","[API] Update user should return 200_OK when send update user request with valid data. Case: 'company' length = min","tests.api.user","2026-09-07","passed","2026-09-07","TestUpdateUserApi","test_update_user","",""
"","0","[API] Create user should return 400_BAD_REQUEST when send create user request with invalid data. Case: 'last_name' is empty","tests.api.user","2026-09-07","skipped","2026-09-07","TestCreateUserApi","test_create_user","",""
"","0","[WEB] Sign up with invalid data. Case: 'mobile_number' length = min","tests.web.component.auth","2026-09-07","skipped","2026-09-07","TestSignUpWeb","test_signup_component","",""
"","0","[WEB] Sign up with invalid data. Case: 'zipcode' length = max","tests.web.component.auth","2026-09-07","skipped","2026-09-07","TestSignUpWeb","test_signup_component","",""
"","3831","[WEB] Sign up with valid data. Case: 'address1' length = min + 1","tests.web.component.auth","2026-09-07","passed","2026-09-07","TestSignUpWeb","test_signup_component","",""
"","200","[API] Update user should return 200_OK when send update user request with valid data. Case: 'name' length = max - 1","tests.api.user","2026-09-07","passed","2026-09-07","TestUpdateUserApi","test_update_user","",""
"","0","[WEB] Sign up with invalid data. Case: 'city' length = min + 1","tests.web.component.auth","2026-09-07","skipped","2026-09-07","TestSignUpWeb","test_signup_component","",""
"","266","[API] Update user should return 200_OK when send update user request with valid data. Case: 'first_name' length = min + 1","tests.api.user","2026-09-07","passed","2026-09-07","TestUpdateUserApi","test_update_user","",""
"","384","[API] Create user should return 200_OK when send create user request with valid data. Case: 'birth_day' length = 31","tests.api.user","2026-09-07","passed","2026-09-07","TestCreateUserApi","test_create_user","",""
"","0","[WEB] Sign up with invalid data. Case: 'last_name' length = min + 1","tests.web.component.auth","2026-09-07","skipped","2026-09-07","TestSignUpWeb","test_signup_component","",""
"","362","[WEB Component] Pay with valid card should show success status message. Case: valid: common latin name","tests.web.component.payment","2026-09-07","passed","2026-09-07","TestPaymentComponent","test_payment_component","",""
"","2664","[WEB] Sign up with valid data. Case: 'birth_month' = 12","tests.web.component.auth","2026-09-07","passed","2026-09-07","TestSignUpWeb","test_signup_component","",""
"","8257","Purchase products with sign up while checkout","tests.web.e2e","2026-09-07","passed","2026-09-07","TestPlaceOrder","test_place_order","",""
"","0","[API] Update user should return 400_BAD_REQUEST when send update user request with invalid data. Case: 'city' length = max + 1","tests.api.user","2026-09-07","skipped","2026-09-07","TestUpdateUserApi","test_update_user","",""
"","4148","[WEB] Sign up with valid data. Case: 'address1' length = min","tests.web.component.auth","2026-09-07","passed","2026-09-07","TestSignUpWeb","test_signup_component","",""
"","200","[API] Update user should return 200_OK when send update user request with valid data. Case: 'address2' length = max","tests.api.user","2026-09-07","passed","2026-09-07","TestUpdateUserApi","test_update_user","",""
"","2761","[WEB] Sign up with valid data. Case: 'first_name' length = max - 1","tests.web.component.auth","2026-09-07","passed","2026-09-07","TestSignUpWeb","test_signup_component","",""
"","154","[API] Create user should return 200_OK when send create user request with valid data. Case: 'mobile_number' length = min","tests.api.user","2026-09-07","passed","2026-09-07","TestCreateUserApi","test_create_user","",""
"","0","[WEB Component] Pay with invalid card should show error message. Case: expiry month contains letters","tests.web.component.payment","2026-09-07","skipped","2026-09-07","TestPaymentComponent","test_payment_component","",""
"","156","Should return user exists when user exists with email and password","tests.api.user","2026-09-07","passed","2026-09-07","TestVerifyLoginApi","test_verify_login","",""
"","485","[WEB] Should add product review with valid data. Case: 'email' username is numerical","tests.web.component.review","2026-09-07","passed","2026-09-07","TestReviewComponent","test_review_component","",""
"","2186","[WEB Component] Product carousel should have expected product","tests.web.component.carousel","2026-09-07","failed","2026-09-07","TestProductCarousel","test_product_carousel","",""
"","150","[API] Delete user should return 200_OK when send delete user request and user exists","tests.api.user","2026-09-07","passed","2026-09-07","TestDeleteUserApi","test_delete_user","",""
"","176","[API] Create user should return 200_OK when send create user request with valid data. Case: 'city' length = min","tests.api.user","2026-09-07","passed","2026-09-07","TestCreateUserApi","test_create_user","",""
"","1663","[WEB Component] Pay with valid card should show success status message. Case: valid name contains multiple spaces","tests.web.component.payment","2026-09-07","passed","2026-09-07","TestPaymentComponent","test_payment_component","",""
"","0","[WEB Component] Pay with invalid card should show error message. Case: cvc too short","tests.web.component.payment","2026-09-07","skipped","2026-09-07","TestPaymentComponent","test_payment_component","",""
"","0","[API] Create user should return 400_BAD_REQUEST when send create user request with invalid data. Case: 'zipcode' length = max + 1","tests.api.user","2026-09-07","skipped","2026-09-07","TestCreateUserApi","test_create_user","",""
"","0","[WEB Component] Pay with invalid card should show error message. Case: card number contains spaces","tests.web.component.payment","2026-09-07","skipped","2026-09-07","TestPaymentComponent","test_payment_component","",""
"","305","[API] Update user should return 200_OK when send update user request with valid data. Case: 'birth_year' = 1","tests.api.user","2026-09-07","passed","2026-09-07","TestUpdateUserApi","test_update_user","",""
"","164","[API] Create user should return 200_OK when send create user request with valid data. Case: 'zipcode' length = min","tests.api.user","2026-09-07","passed","2026-09-07","TestCreateUserApi","test_create_user","",""
"","0","[API] Update user should return 400_BAD_REQUEST when send update user request with invalid data. Case: 'email' contains only special symbols","tests.api.user","2026-09-07","skipped","2026-09-07","TestUpdateUserApi","test_update_user","",""
"","549","[WEB] Should add product review with valid data. Case: 'email' contains subdomain","tests.web.component.review","2026-09-07","passed","2026-09-07","TestReviewComponent","test_review_component","",""
"","1689","[WEB Component] Pay with valid card should show success status message. Case: valid: cvc typical","tests.web.component.payment","2026-09-07","passed","2026-09-07","TestPaymentComponent","test_payment_component","",""
"","0","[WEB Component] Pay with invalid card should show error message. Case: name contains digits","tests.web.component.payment","2026-09-07","skipped","2026-09-07","TestPaymentComponent","test_payment_component","",""
"","258","[API] Update user should return 200_OK when send update user request with valid data. Case: 'city' length = min","tests.api.user","2026-09-07","passed","2026-09-07","TestUpdateUserApi","test_update_user","",""
"","284","[API] Update user should return 200_OK when send update user request with valid data. Case: 'birth_year' = 10000","tests.api.user","2026-09-07","passed","2026-09-07","TestUpdateUserApi","test_update_user","",""
"","0","[API] Create user should return 400_BAD_REQUEST when send create user request with invalid data. Case: 'email' not contains '@' symbol","tests.api.user","2026-09-07","skipped","2026-09-07","TestCreateUserApi","test_create_user","",""
"","0","[WEB] Sign up with invalid data. Case: 'state' length = min","tests.web.component.auth","2026-09-07","skipped","2026-09-07","TestSignUpWeb","test_signup_component","",""
"","172","[API] Create user should return 200_OK when send create user request with valid data. Case: 'first_name' length = max","tests.api.user","2026-09-07","passed","2026-09-07","TestCreateUserApi","test_create_user","",""
"","0","[WEB] Sign up with invalid data. Case: 'zipcode' length = max - 1","tests.web.component.auth","2026-09-07","skipped","2026-09-07","TestSignUpWeb","test_signup_component","",""
"","0","[API] Create user should return 400_BAD_REQUEST when send create user request with invalid data. Case: 'city' is empty","tests.api.user","2026-09-07","skipped","2026-09-07","TestCreateUserApi","test_create_user","",""
"","0","[WEB] Sign up with invalid data. Case: 'address2' length = min","tests.web.component.auth","2026-09-07","skipped","2026-09-07","TestSignUpWeb","test_signup_component","",""
"","209","[API] Update user should return 404_BAD_REQUEST when send update user request with not existing email","tests.api.user","2026-09-07","passed","2026-09-07","TestUpdateUserApi","test_update_user","",""
"","0","[API] Create user should return 400_BAD_REQUEST when send create user request with invalid data. Case: 'birth_year' is zero","tests.api.user","2026-09-07","skipped","2026-09-07","TestCreateUserApi","test_create_user","",""
"","47","[WEB Component] Should have all products expected total price","tests.web.component.product","2026-09-07","passed","2026-09-07","TestProductItem","test_product_item","",""
"","0","[API] Create user should return 400_BAD_REQUEST when send create user request with invalid data. Case: 'birth_day' is zero","tests.api.user","2026-09-07","skipped","2026-09-07","TestCreateUserApi","test_create_user","",""
"","467","[API] Update user should return 200_OK when send update user request with valid data. Case: 'address1' length = max - 1","tests.api.user","2026-09-07","passed","2026-09-07","TestUpdateUserApi","test_update_user","",""
"","433","[API] Create user should return 200_OK when send create user request with valid data. Case: 'last_name' length = max","tests.api.user","2026-09-07","passed","2026-09-07","TestCreateUserApi","test_create_user","",""
"","0","[API] Update user should return 400_BAD_REQUEST when send update user request with invalid data. Case: 'mobile_number' length = max + 1","tests.api.user","2026-09-07","skipped","2026-09-07","TestUpdateUserApi","test_update_user","",""
"","5381","[WEB Component] Category filter should have expected screenshot when group expanded","tests.web.component.filter","2026-09-07","passed","2026-09-07","TestCategoryFilter","test_category_filter","",""
"","3326","[WEB] Sign up with valid data. Case: 'last_name' length = min + 1","tests.web.component.auth","2026-09-07","passed","2026-09-07","TestSignUpWeb","test_signup_component","",""
"","6025","[WEB Component] Can download invoice multiple times","tests.web.component.payment","2026-09-07","passed","2026-09-07","TestPaymentComponent","test_invoice_file","",""
"","0","[API] Update user should return 400_BAD_REQUEST when send update user request with invalid data. Case: 'email' contains multiple '@' symbols","tests.api.user","2026-09-07","skipped","2026-09-07","TestUpdateUserApi","test_update_user","",""
"","0","[WEB Component] Pay with invalid card should show error message. Case: cvc only spaces","tests.web.component.payment","2026-09-07","skipped","2026-09-07","TestPaymentComponent","test_payment_component","",""
"","2544","[WEB] Sign up with valid data. Case: 'company' length = max","tests.web.component.auth","2026-09-07","passed","2026-09-07","TestSignUpWeb","test_signup_component","",""
"","174","[API] Create user should return 200_OK when send create user request with valid data. Case: 'last_name' length = min + 1","tests.api.user","2026-09-07","passed","2026-09-07","TestCreateUserApi","test_create_user","",""
"","0","[WEB] Should not add product review with invalid data. Case: 'email' contains multiple '@' symbols","tests.web.component.review","2026-09-07","skipped","2026-09-07","TestReviewComponent","test_review_component","",""
"","0","[WEB] Sign up with invalid data. Case: 'mobile_number' length = min + 1","tests.web.component.auth","2026-09-07","skipped","2026-09-07","TestSignUpWeb","test_signup_component","",""
"","5142","[WEB Component] Place order without authorization notification proceed to checkout button should navigate to login page","tests.web.component.base","2026-09-07","passed","2026-09-07","TestNotificationComponent","test_notification_component","",""
"","0","[WEB Component] Pay with invalid card should show error message. Case: name length = max + 1","tests.web.component.payment","2026-09-07","skipped","2026-09-07","TestPaymentComponent","test_payment_component","",""
"","0","[API] Create user should return 400_BAD_REQUEST when send create user request with invalid data. Case: 'email' contains username hieroglyphs instead of username","tests.api.user","2026-09-07","skipped","2026-09-07","TestCreateUserApi","test_create_user","",""
"","0","[WEB] Sign up with invalid data. Case: 'city' length = max - 1","tests.web.component.auth","2026-09-07","skipped","2026-09-07","TestSignUpWeb","test_signup_component","",""
"","2790","[WEB] Sign up with valid data. Case: 'mobile_number' length = min","tests.web.component.auth","2026-09-07","passed","2026-09-07","TestSignUpWeb","test_signup_component","",""
"","582","[API] Update user should return 200_OK when send update user request with valid data. Case: 'zipcode' length = max - 1","tests.api.user","2026-09-07","passed","2026-09-07","TestUpdateUserApi","test_update_user","",""
"","0","[API] Update user should return 400_BAD_REQUEST when send update user request with invalid data. Case: 'zipcode' length = max + 1","tests.api.user","2026-09-07","skipped","2026-09-07","TestUpdateUserApi","test_update_user","",""
"","219","[API] Update user should return 200_OK when send update user request with valid data. Case: 'state' length = max - 1","tests.api.user","2026-09-07","passed","2026-09-07","TestUpdateUserApi","test_update_user","",""
"","2932","[WEB] Sign up with valid data. Case: 'last_name' length = max","tests.web.component.auth","2026-09-07","passed","2026-09-07","TestSignUpWeb","test_signup_component","",""
"","376","[WEB Component] Header has expected screenshot","tests.web.component.base","2026-09-07","passed","2026-09-07","TestHeaderComponent","test_header_component","",""
"","0","[WEB] Sign up with invalid data. Case: 'birth_month' = 12","tests.web.component.auth","2026-09-07","skipped","2026-09-07","TestSignUpWeb","test_signup_component","",""
"","529","[WEB Component] Should decrease all products total price","tests.web.component.product","2026-09-07","passed","2026-09-07","TestProductItem","test_product_item","",""
"","329","[WEB Component] Delivery address has expected data","tests.web.component.address","2026-09-07","passed","2026-09-07","TestAddressComponent","test_address_component","",""
"","340","[WEB Component] Billing address has expected data","tests.web.component.address","2026-09-07","passed","2026-09-07","TestAddressComponent","test_address_component","",""
"","0","[WEB] Should not add product review with invalid data. Case: 'email' contains domain with one letter","tests.web.component.review","2026-09-07","skipped","2026-09-07","TestReviewComponent","test_review_component","",""
"","0","[WEB Component] Pay with invalid card should show error message. Case: name length = min - 1","tests.web.component.payment","2026-09-07","skipped","2026-09-07","TestPaymentComponent","test_payment_component","",""
"","0","[API] Update user should return 400_BAD_REQUEST when send update user request with invalid data. Case: 'email' not contains domain","tests.api.user","2026-09-07","skipped","2026-09-07","TestUpdateUserApi","test_update_user","",""
"","2813","[WEB] Sign up with valid data. Case: 'mobile_number' length = max - 1","tests.web.component.auth","2026-09-07","passed","2026-09-07","TestSignUpWeb","test_signup_component","",""
"","3191","[WEB] Sign up with valid data. Case: 'birth_month' = 1","tests.web.component.auth","2026-09-07","passed","2026-09-07","TestSignUpWeb","test_signup_component","",""
"","0","[WEB] Should not add product review with invalid data. Case: 'email' not contains domain","tests.web.component.review","2026-09-07","skipped","2026-09-07","TestReviewComponent","test_review_component","",""
"","0","[API] Update user should return 400_BAD_REQUEST when send update user request with invalid data. Case: 'email' contains '.' before dog symbol","tests.api.user","2026-09-07","skipped","2026-09-07","TestUpdateUserApi","test_update_user","",""
"","436","[API] Get user should return 200_OK when send get user request and user exists","tests.api.user","2026-09-07","passed","2026-09-07","TestGetUserApi","test_get_user","",""
"","152","[API] Create user should return 200_OK when send create user request with valid data. Case: 'zipcode' length = max","tests.api.user","2026-09-07","passed","2026-09-07","TestCreateUserApi","test_create_user","",""
"","452","[API] Update user should return 200_OK when send update user request with valid data. Case: 'last_name' length = min + 1","tests.api.user","2026-09-07","passed","2026-09-07","TestUpdateUserApi","test_update_user","",""
"","0","[WEB] Should not add product review with invalid data. Case: 'email' contains '-' after '@'","tests.web.component.review","2026-09-07","skipped","2026-09-07","TestReviewComponent","test_review_component","",""
"","0","[WEB] Sign up with invalid data. Case: 'birth_day' = 1","tests.web.component.auth","2026-09-07","skipped","2026-09-07","TestSignUpWeb","test_signup_component","",""
"","1692","[WEB Component] Should not add negative products count to cart when click on add to cart button","tests.web.component.product","2026-09-07","passed","2026-09-07","TestProductCard","test_product_details_component","",""
"","1727","[WEB Component] Should add product to cart when click on add to cart button multiple times","tests.web.component.product","2026-09-07","passed","2026-09-07","TestProductCard","test_product_details_component","",""
"","472","[WEB Component] Header has expected screenshot when authorized","tests.web.component.base","2026-09-07","passed","2026-09-07","TestHeaderComponent","test_header_component","",""
"","0","[API] Update user should return 400_BAD_REQUEST when send update user request with invalid data. Case: 'birth_day' is invalid positive","tests.api.user","2026-09-07","skipped","2026-09-07","TestUpdateUserApi","test_update_user","",""
"","492","[API] Update user should return 200_OK when send update user request with valid data. Case: 'name' length = min","tests.api.user","2026-09-07","passed","2026-09-07","TestUpdateUserApi","test_update_user","",""
"","0","[API] Create user should return 400_BAD_REQUEST when send create user request with invalid data. Case: 'city' length = max + 1","tests.api.user","2026-09-07","skipped","2026-09-07","TestCreateUserApi","test_create_user","",""
"","229","[API] Update user should return 200_OK when send update user request with valid data. Case: 'zipcode' length = min","tests.api.user","2026-09-07","passed","2026-09-07","TestUpdateUserApi","test_update_user","",""
"","0","[WEB Component] Pay with invalid card should show error message. Case: expiry year contains letters","tests.web.component.payment","2026-09-07","skipped","2026-09-07","TestPaymentComponent","test_payment_component","",""
"","0","[API] Update user should return 400_BAD_REQUEST when send update user request with invalid data. Case: 'zipcode' has invalid format","tests.api.user","2026-09-07","skipped","2026-09-07","TestUpdateUserApi","test_update_user","",""
"","2198","[WEB Component] Products Carousel should first products when scroll right on last image","tests.web.component.carousel","2026-09-07","passed","2026-09-07","TestProductCarousel","test_product_carousel","",""
"","0","[API] Create user should return 400_BAD_REQUEST when send create user request with invalid data. Case: 'email' contains mail server as ip and port","tests.api.user","2026-09-07","skipped","2026-09-07","TestCreateUserApi","test_create_user","",""
"","352","[API] Create user should return 200_OK when send create user request with valid data. Case: 'name' length = max - 1","tests.api.user","2026-09-07","passed","2026-09-07","TestCreateUserApi","test_create_user","",""
"","1081","[WEB Component] Add product notification should have expected data and screenshot","tests.web.component.base","2026-09-07","passed","2026-09-07","TestNotificationComponent","test_notification_component","",""
"","170","[API] Get user should return 404_NOT_FOUND when send get user request and user not exists","tests.api.user","2026-09-07","passed","2026-09-07","TestGetUserApi","test_get_user","",""
"","2774","[WEB] Sign up with valid data. Case: 'state' length = max","tests.web.component.auth","2026-09-07","passed","2026-09-07","TestSignUpWeb","test_signup_component","",""
"","0","[WEB Component] Pay with invalid card should show error message. Case: expiry month = 00","tests.web.component.payment","2026-09-07","skipped","2026-09-07","TestPaymentComponent","test_payment_component","",""
"","0","[WEB Component] Pay with invalid card should show error message. Case: expiry year too long","tests.web.component.payment","2026-09-07","skipped","2026-09-07","TestPaymentComponent","test_payment_component","",""
"","0","[API] Create user should return 400_BAD_REQUEST when send create user request with invalid data. Case: 'mobile_number' has invalid format","tests.api.user","2026-09-07","skipped","2026-09-07","TestCreateUserApi","test_create_user","",""
"","0","[API] Update user should return 400_BAD_REQUEST when send update user request with invalid data. Case: 'first_name' is absent","tests.api.user","2026-09-07","skipped","2026-09-07","TestUpdateUserApi","test_update_user","",""
"","407","[API] Create user should return 200_OK when send create user request with valid data. Case: 'name' length = min + 1","tests.api.user","2026-09-07","passed","2026-09-07","TestCreateUserApi","test_create_user","",""
"","0","[API] Create user should return 400_BAD_REQUEST when send create user request with invalid data. Case: 'name' length = min - 1","tests.api.user","2026-09-07","skipped","2026-09-07","TestCreateUserApi","test_create_user","",""
"","0","[API] Create user should return 400_BAD_REQUEST when send create user request with invalid data. Case: 'email' not contains domain","tests.api.user","2026-09-07","skipped","2026-09-07","TestCreateUserApi","test_create_user","",""
"","0","[API] Update user should return 400_BAD_REQUEST when send update user request with invalid data. Case: 'email' is empty","tests.api.user","2026-09-07","skipped","2026-09-07","TestUpdateUserApi","test_update_user","",""
"","207","[API] Update user should return 200_OK when send update user request with valid data. Case: 'mobile_number' length = max","tests.api.user","2026-09-07","passed","2026-09-07","TestUpdateUserApi","test_update_user","",""
"","0","[WEB Component] Pay with invalid card should show error message. Case: cvc too long","tests.web.component.payment","2026-09-07","skipped","2026-09-07","TestPaymentComponent","test_payment_component","",""
"","0","[API] Update user should return 400_BAD_REQUEST when send update user request with invalid data. Case: 'email' contains mail server as ip and port","tests.api.user","2026-09-07","skipped","2026-09-07","TestUpdateUserApi","test_update_user","",""
"","2746","[WEB] Sign up with valid data. Case: 'city' length = max - 1","tests.web.component.auth","2026-09-07","passed","2026-09-07","TestSignUpWeb","test_signup_component","",""
"","1313","[WEB Component] Search filter should have expected screenshot","tests.web.component.filter","2026-09-07","passed","2026-09-07","TestSearchFilter","test_search_filter","",""
"","0","[API] Create user should return 400_BAD_REQUEST when send create user request with invalid data. Case: 'email' is word","tests.api.user","2026-09-07","skipped","2026-09-07","TestCreateUserApi","test_create_user","",""
"","885","[WEB] Should add product review with valid data. Case: 'email' has not exists email service","tests.web.component.review","2026-09-07","passed","2026-09-07","TestReviewComponent","test_review_component","",""
"","0","[WEB] Sign up with invalid data. Case: 'address2' length = max - 1","tests.web.component.auth","2026-09-07","skipped","2026-09-07","TestSignUpWeb","test_signup_component","",""
"","0","[API] Create user should return 400_BAD_REQUEST when send create user request with invalid data. Case: 'address1' is absent","tests.api.user","2026-09-07","skipped","2026-09-07","TestCreateUserApi","test_create_user","",""
"","0","[API] Update user should return 400_BAD_REQUEST when send update user request with invalid data. Case: 'birth_day' is negative","tests.api.user","2026-09-07","skipped","2026-09-07","TestUpdateUserApi","test_update_user","",""
"","0","[WEB] Sign up with invalid data. Case: 'state' length = min + 1","tests.web.component.auth","2026-09-07","skipped","2026-09-07","TestSignUpWeb","test_signup_component","",""
"","0","[WEB] Should not add product review with invalid data. Case: 'name' length = min - 1","tests.web.component.review","2026-09-07","skipped","2026-09-07","TestReviewComponent","test_review_component","",""
"","0","[WEB] Sign up with invalid data. Case: 'last_name' length = min","tests.web.component.auth","2026-09-07","skipped","2026-09-07","TestSignUpWeb","test_signup_component","",""
"","0","[API] Update user should return 400_BAD_REQUEST when send update user request with invalid data. Case: 'address1' length = min - 1","tests.api.user","2026-09-07","skipped","2026-09-07","TestUpdateUserApi","test_update_user","",""
"","224","[API] Update user should return 200_OK when send update user request with valid data. Case: 'state' length = min","tests.api.user","2026-09-07","passed","2026-09-07","TestUpdateUserApi","test_update_user","",""
"","363","[WEB Component] Should navigate to main page by click on header logo","tests.web.component.base","2026-09-07","passed","2026-09-07","TestHeaderComponent","test_header_component","",""
"","383","[API] Create user should return 200_OK when send create user request with valid data. Case: 'address1' length = max","tests.api.user","2026-09-07","passed","2026-09-07","TestCreateUserApi","test_create_user","",""
"","2759","[WEB] Sign up with valid data. Case: 'city' length = min","tests.web.component.auth","2026-09-07","passed","2026-09-07","TestSignUpWeb","test_signup_component","",""
"","231","[API] Update user should return 200_OK when send update user request with valid data. Case: 'birth_day' length = 31","tests.api.user","2026-09-07","passed","2026-09-07","TestUpdateUserApi","test_update_user","",""
"","2605","[WEB] Sign up with valid data. Case: 'state' length = max - 1","tests.web.component.auth","2026-09-07","passed","2026-09-07","TestSignUpWeb","test_signup_component","",""
"","524","[WEB Component] Should remove product from cart","tests.web.component.product","2026-09-07","passed","2026-09-07","TestProductItem","test_product_item","",""
"","0","[WEB] Sign up with invalid data. Case: 'city' length = min","tests.web.component.auth","2026-09-07","skipped","2026-09-07","TestSignUpWeb","test_signup_component","",""
"","0","[API] Create user should return 400_BAD_REQUEST when send create user request with invalid data. Case: 'name' length = max + 1","tests.api.user","2026-09-07","skipped","2026-09-07","TestCreateUserApi","test_create_user","",""
"","150","[API] Create user should return 200_OK when send create user request with valid data. Case: 'birth_year' = 1","tests.api.user","2026-09-07","passed","2026-09-07","TestCreateUserApi","test_create_user","",""
"","0","[API] Update user should return 400_BAD_REQUEST when send update user request with invalid data. Case: 'mobile_number' has invalid format","tests.api.user","2026-09-07","skipped","2026-09-07","TestUpdateUserApi","test_update_user","",""
"","1235","[WEB Component] Products Carousel should show previous image when scroll left","tests.web.component.carousel","2026-09-07","passed","2026-09-07","TestProductCarousel","test_product_carousel","",""
"","0","[API] Update user should return 400_BAD_REQUEST when send update user request with invalid data. Case: 'email' contains invalid top level domain web","tests.api.user","2026-09-07","skipped","2026-09-07","TestUpdateUserApi","test_update_user","",""
"","263","[API] Update user should return 200_OK when send update user request with valid data. Case: 'birth_month' = 12","tests.api.user","2026-09-07","passed","2026-09-07","TestUpdateUserApi","test_update_user","",""
"","0","[API] Create user should return 400_BAD_REQUEST when send create user request with invalid data. Case: 'birth_day' is negative","tests.api.user","2026-09-07","skipped","2026-09-07","TestCreateUserApi","test_create_user","",""
"","438","[WEB Component] Should navigate to products page by click 'Products' button","tests.web.component.base","2026-09-07","passed","2026-09-07","TestHeaderComponent","test_header_component","",""
"","339","[WEB Component] Subscription component should have expected screenshot","tests.web.component.base","2026-09-07","failed","2026-09-07","TestSubscriptionComponent","test_subscription_component","",""
"","214","[API] Update user should return 200_OK when send update user request with valid data. Case: 'company' length = max","tests.api.user","2026-09-07","passed","2026-09-07","TestUpdateUserApi","test_update_user","",""
"","0","[WEB Component] Pay with invalid card should show error message. Case: name contains non latin characters","tests.web.component.payment","2026-09-07","skipped","2026-09-07","TestPaymentComponent","test_payment_component","",""
"","0","[WEB] Sign up with invalid data. Case: 'mobile_number' length = max","tests.web.component.auth","2026-09-07","skipped","2026-09-07","TestSignUpWeb","test_signup_component","",""
"","315","[WEB] Should have expected screenshot when not send review","tests.web.component.review","2026-09-07","passed","2026-09-07","TestReviewComponent","test_review_component","",""
"","0","[API] Update user should return 400_BAD_REQUEST when send update user request with invalid data. Case: 'mobile_number' is absent","tests.api.user","2026-09-07","skipped","2026-09-07","TestUpdateUserApi","test_update_user","",""
"","148","[API] Create user should return 200_OK when send create user request with valid data. Case: 'address1' length = min + 1","tests.api.user","2026-09-07","passed","2026-09-07","TestCreateUserApi","test_create_user","",""
"","4229","[WEB] Sign up with valid data. Case: 'name' length = min + 1","tests.web.component.auth","2026-09-07","passed","2026-09-07","TestSignUpWeb","test_signup_component","",""
"","2090","[WEB Component] Brand filter should filters products by brand","tests.web.component.filter","2026-09-07","passed","2026-09-07","TestBrandFilter","test_brand_filter","",""
"","454","[API] Create user should return 400_BAD_REQUEST when send create user request with existing email","tests.api.user","2026-09-07","passed","2026-09-07","TestCreateUserApi","test_create_user","",""
"","0","[API] Create user should return 400_BAD_REQUEST when send create user request with invalid data. Case: 'birth_year' is invalid positive","tests.api.user","2026-09-07","skipped","2026-09-07","TestCreateUserApi","test_create_user","",""
"","0","[WEB Component] Pay with invalid card should show error message. Case: cvc contains letters","tests.web.component.payment","2026-09-07","skipped","2026-09-07","TestPaymentComponent","test_payment_component","",""
"","0","[API] Update user should return 400_BAD_REQUEST when send update user request with invalid data. Case: 'birth_month' is negative","tests.api.user","2026-09-07","skipped","2026-09-07","TestUpdateUserApi","test_update_user","",""
"","164","[API] Create user should return 200_OK when send create user request with valid data. Case: 'last_name' length = max - 1","tests.api.user","2026-09-07","passed","2026-09-07","TestCreateUserApi","test_create_user","",""
"","0","[API] Create user should return 400_BAD_REQUEST when send create user request with invalid data. Case: 'address2' length = max + 1","tests.api.user","2026-09-07","skipped","2026-09-07","TestCreateUserApi","test_create_user","",""
"","264","[API] Update user should return 200_OK when send update user request with valid data. Case: 'zipcode' length = max","tests.api.user","2026-09-07","passed","2026-09-07","TestUpdateUserApi","test_update_user","",""
"","200","[API] Create user should return 200_OK when send create user request with valid data. Case: 'zipcode' length = max - 1","tests.api.user","2026-09-07","passed","2026-09-07","TestCreateUserApi","test_create_user","",""
"","0","[API] Create user should return 400_BAD_REQUEST when send create user request with invalid data. Case: 'email' contains domain with one letter","tests.api.user","2026-09-07","skipped","2026-09-07","TestCreateUserApi","test_create_user","",""
"","0","[API] Update user should return 400_BAD_REQUEST when send update user request with invalid data. Case: 'email' not contains '@' symbol","tests.api.user","2026-09-07","skipped","2026-09-07","TestUpdateUserApi","test_update_user","",""
"","700","[WEB Component] Should have expected success status message after sending contact info","tests.web.component.base","2026-09-07","passed","2026-09-07","TestSubscriptionComponent","test_subscription_component","",""
"","0","[WEB] Sign up with invalid data. Case: 'address1' length = max - 1","tests.web.component.auth","2026-09-07","skipped","2026-09-07","TestSignUpWeb","test_signup_component","",""
"","0","[API] Create user should return 400_BAD_REQUEST when send create user request with invalid data. Case: 'company' is empty","tests.api.user","2026-09-07","skipped","2026-09-07","TestCreateUserApi","test_create_user","",""
"","0","[WEB] Sign up with invalid data. Case: 'last_name' length = max","tests.web.component.auth","2026-09-07","skipped","2026-09-07","TestSignUpWeb","test_signup_component","",""
"","0","[API] Update user should return 400_BAD_REQUEST when send update user request with invalid data. Case: 'state' length = min - 1","tests.api.user","2026-09-07","skipped","2026-09-07","TestUpdateUserApi","test_update_user","",""
"","588","[WEB Component] Should subscribe with valid email","tests.web.component.base","2026-09-07","passed","2026-09-07","TestSubscriptionComponent","test_subscription_component","",""
"","0","[WEB Component] Pay with invalid card should show error message. Case: card number contains special characters","tests.web.component.payment","2026-09-07","skipped","2026-09-07","TestPaymentComponent","test_payment_component","",""
"","473","[WEB Component] Animated product card should have expected data","tests.web.component.product","2026-09-07","passed","2026-09-07","TestAnimatedProductCard","test_animated_product_card_component","",""
"","0","[WEB] Sign up with invalid data. Case: 'address1' length = min","tests.web.component.auth","2026-09-07","skipped","2026-09-07","TestSignUpWeb","test_signup_component","",""
"","0","[API] Update user should return 400_BAD_REQUEST when send update user request with invalid data. Case: 'address1' length = max + 1","tests.api.user","2026-09-07","skipped","2026-09-07","TestUpdateUserApi","test_update_user","",""
"","0","[API] Create user should return 400_BAD_REQUEST when send create user request with invalid data. Case: 'email' contains invalid top level domain web","tests.api.user","2026-09-07","skipped","2026-09-07","TestCreateUserApi","test_create_user","",""
"","0","[API] Create user should return 400_BAD_REQUEST when send create user request with invalid data. Case: 'email' contains only special symbols","tests.api.user","2026-09-07","skipped","2026-09-07","TestCreateUserApi","test_create_user","",""
"","0","[WEB] Sign up with invalid data. Case: 'name' length = min + 1","tests.web.component.auth","2026-09-07","skipped","2026-09-07","TestSignUpWeb","test_signup_component","",""
"","0","[WEB] Sign up with invalid data. Case: 'address1' length = min + 1","tests.web.component.auth","2026-09-07","skipped","2026-09-07","TestSignUpWeb","test_signup_component","",""
"","0","[WEB Component] Pay with invalid card should show error message. Case: card number all zeros","tests.web.component.payment","2026-09-07","skipped","2026-09-07","TestPaymentComponent","test_payment_component","",""
"","0","[WEB Component] Should not subscribe with invalid email","tests.web.component.base","2026-09-07","skipped","2026-09-07","TestSubscriptionComponent","test_subscription_component","",""
"","2548","[WEB] Sign up with valid data. Case: 'last_name' length = max - 1","tests.web.component.auth","2026-09-07","passed","2026-09-07","TestSignUpWeb","test_signup_component","",""
"","0","[WEB] Should not add product review with invalid data. Case: 'email' contains text before username","tests.web.component.review","2026-09-07","skipped","2026-09-07","TestReviewComponent","test_review_component","",""
"","0","[API] Create user should return 400_BAD_REQUEST when send create user request with invalid data. Case: 'mobile_number' is empty","tests.api.user","2026-09-07","skipped","2026-09-07","TestCreateUserApi","test_create_user","",""
"","0","[WEB] Sign up with invalid data. Case: 'address2' length = min + 1","tests.web.component.auth","2026-09-07","skipped","2026-09-07","TestSignUpWeb","test_signup_component","",""
"","0","[API] Update user should return 400_BAD_REQUEST when send update user request with invalid data. Case: 'birth_day' is absent","tests.api.user","2026-09-07","skipped","2026-09-07","TestUpdateUserApi","test_update_user","",""
"","880","[WEB Component] Search filter should filter products by query","tests.web.component.filter","2026-09-07","passed","2026-09-07","TestSearchFilter","test_search_filter","",""
"","1670","[WEB Component] Pay with valid card should show success status message. Case: valid: 16 digits number","tests.web.component.payment","2026-09-07","passed","2026-09-07","TestPaymentComponent","test_payment_component","",""
"","0","[API] Create user should return 400_BAD_REQUEST when send create user request with invalid data. Case: 'birth_month' is absent","tests.api.user","2026-09-07","skipped","2026-09-07","TestCreateUserApi","test_create_user","",""
"","0","[API] Update user should return 400_BAD_REQUEST when send update user request with invalid data. Case: 'city' length = min - 1","tests.api.user","2026-09-07","skipped","2026-09-07","TestUpdateUserApi","test_update_user","",""
"","1780","[WEB Component] Should increase product item quantity","tests.web.component.product","2026-09-07","passed","2026-09-07","TestProductItem","test_product_item","",""
"","0","[API] Update user should return 400_BAD_REQUEST when send update user request with invalid data. Case: 'address2' length = min - 1","tests.api.user","2026-09-07","skipped","2026-09-07","TestUpdateUserApi","test_update_user","",""
"","0","[API] Create user should return 400_BAD_REQUEST when send create user request with invalid data. Case: 'state' length = min - 1","tests.api.user","2026-09-07","skipped","2026-09-07","TestCreateUserApi","test_create_user","",""
"","1192","[WEB Component] Add product to cart from product carousel","tests.web.component.carousel","2026-09-07","passed","2026-09-07","TestProductCarousel","test_product_carousel","",""
"","2499","[WEB Component] Order placed page should have expected screenshot","tests.web.component.payment","2026-09-07","passed","2026-09-07","TestPaymentComponent","test_invoice_file","",""
"","0","[API] Create user should return 400_BAD_REQUEST when send create user request with invalid data. Case: 'state' is empty","tests.api.user","2026-09-07","skipped","2026-09-07","TestCreateUserApi","test_create_user","",""
"","0","[WEB] Should not add product review with invalid data. Case: 'email' contains mail server as ip and port","tests.web.component.review","2026-09-07","skipped","2026-09-07","TestReviewComponent","test_review_component","",""
"","0","[WEB] Sign up with invalid data. Case: 'city' length = max","tests.web.component.auth","2026-09-07","skipped","2026-09-07","TestSignUpWeb","test_signup_component","",""
"","3241","[WEB] Sign up with valid data. Case: 'address1' length = max","tests.web.component.auth","2026-09-07","passed","2026-09-07","TestSignUpWeb","test_signup_component","",""
"","0","[WEB] Sign up with invalid data. Case: 'name' length = min","tests.web.component.auth","2026-09-07","skipped","2026-09-07","TestSignUpWeb","test_signup_component","",""
"","0","[WEB Component] Pay with invalid card should show error message. Case: name contains newline","tests.web.component.payment","2026-09-07","skipped","2026-09-07","TestPaymentComponent","test_payment_component","",""
"","0","[API] Update user should return 400_BAD_REQUEST when send update user request with invalid data. Case: 'last_name' is empty","tests.api.user","2026-09-07","skipped","2026-09-07","TestUpdateUserApi","test_update_user","",""
"","0","[WEB Component] Pay with invalid card should show error message. Case: expiry year in the past","tests.web.component.payment","2026-09-07","skipped","2026-09-07","TestPaymentComponent","test_payment_component","",""
"","167","[API] Create user should return 200_OK when send create user request with valid data. Case: 'address2' length = max","tests.api.user","2026-09-07","passed","2026-09-07","TestCreateUserApi","test_create_user","",""
"","168","[API] Create user should return 200_OK when send create user request with valid data. Case: 'company' length = min + 1","tests.api.user","2026-09-07","passed","2026-09-07","TestCreateUserApi","test_create_user","",""
"","375","Get brands should return 200_OK when send get brands request","tests.api.brand","2026-09-07","passed","2026-09-07","TestBrandApi","test_brand","",""
"","0","[API] Create user should return 400_BAD_REQUEST when send create user request with invalid data. Case: 'zipcode' is empty","tests.api.user","2026-09-07","skipped","2026-09-07","TestCreateUserApi","test_create_user","",""
"","0","[WEB] Sign up with invalid data. Case: 'last_name' length = max - 1","tests.web.component.auth","2026-09-07","skipped","2026-09-07","TestSignUpWeb","test_signup_component","",""
"","0","[WEB] Should not add product review with invalid data. Case: 'message' length = max - 1","tests.web.component.review","2026-09-07","skipped","2026-09-07","TestReviewComponent","test_review_component","",""
"","156","[API] Create user should return 200_OK when send create user request with valid data. Case: 'mobile_number' length = max","tests.api.user","2026-09-07","passed","2026-09-07","TestCreateUserApi","test_create_user","",""
"","2830","[WEB] Sign up with valid data. Case: 'birth_day' = 1","tests.web.component.auth","2026-09-07","passed","2026-09-07","TestSignUpWeb","test_signup_component","",""
"","161","[API] Create user should return 200_OK when send create user request with valid data. Case: 'address2' length = min + 1","tests.api.user","2026-09-07","passed","2026-09-07","TestCreateUserApi","test_create_user","",""
"","0","[API] Create user should return 400_BAD_REQUEST when send create user request with invalid data. Case: 'state' is absent","tests.api.user","2026-09-07","skipped","2026-09-07","TestCreateUserApi","test_create_user","",""
"","2555","[WEB] Sign up with valid data. Case: 'birth_year' = 1","tests.web.component.auth","2026-09-07","passed","2026-09-07","TestSignUpWeb","test_signup_component","",""
"","361","[WEB Component] Should add product to cart when click on add to cart button","tests.web.component.product","2026-09-07","passed","2026-09-07","TestAnimatedProductCard","test_animated_product_card_component","",""
"","236","[API] Create user should return 200_OK when send create user request with valid data. Case: 'city' length = max","tests.api.user","2026-09-07","passed","2026-09-07","TestCreateUserApi","test_create_user","",""
"","0","[WEB] Should not add product review with invalid data. Case: 'email' contains username hieroglyphs instead of username","tests.web.component.review","2026-09-07","skipped","2026-09-07","TestReviewComponent","test_review_component","",""
"","2962","[WEB] Sign up with valid data. Case: 'address2' length = min","tests.web.component.auth","2026-09-07","passed","2026-09-07","TestSignUpWeb","test_signup_component","",""
"","0","[WEB] Should not add product review with invalid data. Case: 'message' length = min + 1","tests.web.component.review","2026-09-07","skipped","2026-09-07","TestReviewComponent","test_review_component","",""
"","0","[API] Update user should return 400_BAD_REQUEST when send update user request with invalid data. Case: 'email' contains domain with one letter","tests.api.user","2026-09-07","skipped","2026-09-07","TestUpdateUserApi","test_update_user","",""
"","0","[API] Create user should return 400_BAD_REQUEST when send create user request with invalid data. Case: 'state' length = max + 1","tests.api.user","2026-09-07","skipped","2026-09-07","TestCreateUserApi","test_create_user","",""
"","0","[API] Update user should return 400_BAD_REQUEST when send update user request with invalid data. Case: 'name' length = max + 1","tests.api.user","2026-09-07","skipped","2026-09-07","TestUpdateUserApi","test_update_user","",""
"","455","[API] Update user should return 200_OK when send update user request with valid data. Case: 'last_name' length = min","tests.api.user","2026-09-07","passed","2026-09-07","TestUpdateUserApi","test_update_user","",""
"","0","[API] Create user should return 400_BAD_REQUEST when send create user request with invalid data. Case: 'city' length = min - 1","tests.api.user","2026-09-07","skipped","2026-09-07","TestCreateUserApi","test_create_user","",""
"","834","[API] Login should return 200_OK when send login request with valid data and contains csrf cookie","tests.api.auth","2026-09-07","passed","2026-09-07","TestAuthApi","test_auth","",""
"","397","[WEB Component] Should delete user name by click on 'Delete Account' button","tests.web.component.base","2026-09-07","passed","2026-09-07","TestHeaderComponent","test_header_component","",""
"","0","[WEB Component] Pay with invalid card should show error message. Case: expiry month one digit","tests.web.component.payment","2026-09-07","skipped","2026-09-07","TestPaymentComponent","test_payment_component","",""
"","58","[WEB Component] Should visible user name when authorized","tests.web.component.base","2026-09-07","passed","2026-09-07","TestHeaderComponent","test_header_component","",""
"","1127","[WEB Component] Product card should have expected data","tests.web.component.product","2026-09-07","skipped","2026-09-07","TestProductCard","test_product_card_component","",""
"","0","[WEB] Sign up with invalid data. Case: 'address1' length = max","tests.web.component.auth","2026-09-07","skipped","2026-09-07","TestSignUpWeb","test_signup_component","",""
"","2220","[WEB Component] Image Carousel should show next image when scroll right","tests.web.component.carousel","2026-09-07","passed","2026-09-07","TestImageCarousel","test_image_carousel","",""
"","0","[API] Update user should return 400_BAD_REQUEST when send update user request with invalid data. Case: 'zipcode' length = min - 1","tests.api.user","2026-09-07","skipped","2026-09-07","TestUpdateUserApi","test_update_user","",""
"","178","[API] Create user should return 200_OK when send create user request with valid data. Case: 'first_name' length = max - 1","tests.api.user","2026-09-07","passed","2026-09-07","TestCreateUserApi","test_create_user","",""
"","0","[API] Create user should return 400_BAD_REQUEST when send create user request with invalid data. Case: 'first_name' length = min - 1","tests.api.user","2026-09-07","skipped","2026-09-07","TestCreateUserApi","test_create_user","",""
"","0","[WEB Component] Pay with invalid card should show error message. Case: cvc is empty","tests.web.component.payment","2026-09-07","skipped","2026-09-07","TestPaymentComponent","test_payment_component","",""
"","237","[API] Update user should return 200_OK when send update user request with valid data. Case: 'mobile_number' length = min","tests.api.user","2026-09-07","passed","2026-09-07","TestUpdateUserApi","test_update_user","",""
"","0","[API] Update user should return 400_BAD_REQUEST when send update user request with invalid data. Case: 'zipcode' is empty","tests.api.user","2026-09-07","skipped","2026-09-07","TestUpdateUserApi","test_update_user","",""
"","0","[WEB Component] Pay with invalid card should show error message. Case: expiry year only spaces","tests.web.component.payment","2026-09-07","skipped","2026-09-07","TestPaymentComponent","test_payment_component","",""
"","547","[API] Update user should return 200_OK when send update user request with valid data. Case: 'city' length = min + 1","tests.api.user","2026-09-07","passed","2026-09-07","TestUpdateUserApi","test_update_user","",""
"","596","[API] Update user should return 200_OK when send update user request with valid data. Case: 'birth_day' = 1","tests.api.user","2026-09-07","passed","2026-09-07","TestUpdateUserApi","test_update_user","",""
"","0","[API] Create user should return 400_BAD_REQUEST when send create user request with invalid data. Case: 'birth_month' is zero","tests.api.user","2026-09-07","skipped","2026-09-07","TestCreateUserApi","test_create_user","",""
"","0","[API] Update user should return 400_BAD_REQUEST when send update user request with invalid data. Case: 'email' is word","tests.api.user","2026-09-07","skipped","2026-09-07","TestUpdateUserApi","test_update_user","",""
"","0","[WEB] Should not add product review with invalid data. Case: 'email' contains '.' before dog symbol","tests.web.component.review","2026-09-07","skipped","2026-09-07","TestReviewComponent","test_review_component","",""
"","0","[WEB Component] Pay with invalid card should show error message. Case: expiry month only spaces","tests.web.component.payment","2026-09-07","skipped","2026-09-07","TestPaymentComponent","test_payment_component","",""
"","0","[API] Update user should return 400_BAD_REQUEST when send update user request with invalid data. Case: 'birth_year' is zero","tests.api.user","2026-09-07","skipped","2026-09-07","TestUpdateUserApi","test_update_user","",""
"","0","[WEB Component] Pay with invalid card should show error message. Case: name contains leading spaces","tests.web.component.payment","2026-09-07","skipped","2026-09-07","TestPaymentComponent","test_payment_component","",""
"","0","[WEB] Should not add product review with invalid data. Case: 'name' length = max + 1","tests.web.component.review","2026-09-07","skipped","2026-09-07","TestReviewComponent","test_review_component","",""
"","395","[API] Update user should return 200_OK when send update user request with valid data. Case: 'address1' length = min","tests.api.user","2026-09-07","passed","2026-09-07","TestUpdateUserApi","test_update_user","",""
"","1080","[WEB Component] Category filter should have expected screenshot when collapsed","tests.web.component.filter","2026-09-07","passed","2026-09-07","TestCategoryFilter","test_category_filter","",""
"","371","[WEB Component] Pay with valid card should show success status message. Case: valid: name min length","tests.web.component.payment","2026-09-07","passed","2026-09-07","TestPaymentComponent","test_payment_component","",""
"","0","[API] Create user should return 400_BAD_REQUEST when send create user request with invalid data. Case: 'address1' length = min - 1","tests.api.user","2026-09-07","skipped","2026-09-07","TestCreateUserApi","test_create_user","",""
"","0","[API] Create user should return 400_BAD_REQUEST when send create user request with invalid data. Case: 'first_name' is empty","tests.api.user","2026-09-07","skipped","2026-09-07","TestCreateUserApi","test_create_user","",""
"","3341","[WEB] Sign up with valid data. Case: 'zipcode' length = min + 1","tests.web.component.auth","2026-09-07","passed","2026-09-07","TestSignUpWeb","test_signup_component","",""
"","1740","[WEB Component] Should add product to cart when click on add to cart button","tests.web.component.product","2026-09-07","passed","2026-09-07","TestProductCard","test_product_details_component","",""
"","803","[WEB Component] Should increase all products total price","tests.web.component.product","2026-09-07","passed","2026-09-07","TestProductItem","test_product_item","",""
"","265","[API] Update user should return 200_OK when send update user request with valid data. Case: 'state' length = max","tests.api.user","2026-09-07","passed","2026-09-07","TestUpdateUserApi","test_update_user","",""
"","296","[WEB Component] Payment component should have expected screenshot","tests.web.component.payment","2026-09-07","passed","2026-09-07","TestPaymentComponent","test_payment_component","",""
"","0","[WEB Component] Pay with invalid card should show error message. Case: card number is empty","tests.web.component.payment","2026-09-07","skipped","2026-09-07","TestPaymentComponent","test_payment_component","",""
"","145","Should return user not found when user password invalid","tests.api.user","2026-09-07","passed","2026-09-07","TestVerifyLoginApi","test_verify_login","",""
"","0","[WEB] Sign up with invalid data. Case: 'company' length = max - 1","tests.web.component.auth","2026-09-07","skipped","2026-09-07","TestSignUpWeb","test_signup_component","",""
"","4119","[WEB] Sign up with valid data. Case: 'birth_day' length = 31","tests.web.component.auth","2026-09-07","passed","2026-09-07","TestSignUpWeb","test_signup_component","",""
"","0","[WEB] Sign up with invalid data. Case: 'company' length = min + 1","tests.web.component.auth","2026-09-07","skipped","2026-09-07","TestSignUpWeb","test_signup_component","",""
"","213","[API] Update user should return 200_OK when send update user request with valid data. Case: 'company' length = min + 1","tests.api.user","2026-09-07","passed","2026-09-07","TestUpdateUserApi","test_update_user","",""
"","544","[WEB] Should add product review with valid data. Case: 'email' username contains '.'","tests.web.component.review","2026-09-07","passed","2026-09-07","TestReviewComponent","test_review_component","",""
"","2786","[WEB Component] Products Carousel should show next products when scroll right","tests.web.component.carousel","2026-09-07","passed","2026-09-07","TestProductCarousel","test_product_carousel","",""
"","156","[API] Create user should return 200_OK when send create user request with valid data. Case: 'city' length = max - 1","tests.api.user","2026-09-07","passed","2026-09-07","TestCreateUserApi","test_create_user","",""
"","0","[API] Create user should return 400_BAD_REQUEST when send create user request with invalid data. Case: 'address1' is empty","tests.api.user","2026-09-07","skipped","2026-09-07","TestCreateUserApi","test_create_user","",""
"","2877","[WEB] Sign up with valid data. Case: 'zipcode' length = max","tests.web.component.auth","2026-09-07","passed","2026-09-07","TestSignUpWeb","test_signup_component","",""
"","825","[WEB Component] Brand filter should have expected screenshot","tests.web.component.filter","2026-09-07","passed","2026-09-07","TestBrandFilter","test_brand_filter","",""
"","0","[API] Update user should return 400_BAD_REQUEST when send update user request with invalid data. Case: 'name' is empty","tests.api.user","2026-09-07","skipped","2026-09-07","TestUpdateUserApi","test_update_user","",""
"","152","[API] Create user should return 200_OK when send create user request with valid data. Case: 'state' length = min","tests.api.user","2026-09-07","passed","2026-09-07","TestCreateUserApi","test_create_user","",""
"","1171","[WEB Component] Image Carousel should show last image when scroll left on first image","tests.web.component.carousel","2026-09-07","passed","2026-09-07","TestImageCarousel","test_image_carousel","",""
"","0","[WEB] Sign up with invalid data. Case: 'name' length = max","tests.web.component.auth","2026-09-07","skipped","2026-09-07","TestSignUpWeb","test_signup_component","",""
"","183","[API] Create user should return 200_OK when send create user request with valid data. Case: 'state' length = max","tests.api.user","2026-09-07","passed","2026-09-07","TestCreateUserApi","test_create_user","",""
"","689","[API] Update user should return 200_OK when send update user request with valid data. Case: 'city' length = max","tests.api.user","2026-09-07","passed","2026-09-07","TestUpdateUserApi","test_update_user","",""
"","2247","[WEB Component] Image Carousel should show previous image when scroll left","tests.web.component.carousel","2026-09-07","passed","2026-09-07","TestImageCarousel","test_image_carousel","",""
"","0","[WEB Component] Pay with invalid card should show error message. Case: card number fails luhn check","tests.web.component.payment","2026-09-07","skipped","2026-09-07","TestPaymentComponent","test_payment_component","",""
"","169","[API] Create user should return 200_OK when send create user request with valid data. Case: 'birth_month' = 1","tests.api.user","2026-09-07","passed","2026-09-07","TestCreateUserApi","test_create_user","",""
"","203","[API] Update user should return 200_OK when send update user request with valid data. Case: 'last_name' length = max","tests.api.user","2026-09-07","passed","2026-09-07","TestUpdateUserApi","test_update_user","",""
"","377","[API] Create user should return 200_OK when send create user request with valid data. Case: 'address2' length = max - 1","tests.api.user","2026-09-07","passed","2026-09-07","TestCreateUserApi","test_create_user","",""
"","0","[WEB Component] Pay with invalid card should show error message. Case: card number too long","tests.web.component.payment","2026-09-07","skipped","2026-09-07","TestPaymentComponent","test_payment_component","",""
"","0","[API] Update user should return 400_BAD_REQUEST when send update user request with invalid data. Case: 'company' is empty","tests.api.user","2026-09-07","skipped","2026-09-07","TestUpdateUserApi","test_update_user","",""
"","539","[WEB] Should add product review with valid data. Case: 'message' length = min + 1","tests.web.component.review","2026-09-07","passed","2026-09-07","TestReviewComponent","test_review_component","",""
"","2528","[WEB] Sign up with valid data. Case: 'birth_year' = 10000","tests.web.component.auth","2026-09-07","passed","2026-09-07","TestSignUpWeb","test_signup_component","",""
"","0","[WEB Component] Pay with invalid card should show error message. Case: cvc all zeros","tests.web.component.payment","2026-09-07","skipped","2026-09-07","TestPaymentComponent","test_payment_component","",""
"","0","[API] Update user should return 400_BAD_REQUEST when send update user request with invalid data. Case: 'first_name' is empty","tests.api.user","2026-09-07","skipped","2026-09-07","TestUpdateUserApi","test_update_user","",""
"","1590","[WEB] Should add product review with valid data. Case: 'message' length = max","tests.web.component.review","2026-09-07","passed","2026-09-07","TestReviewComponent","test_review_component","",""
"","0","[API] Update user should return 400_BAD_REQUEST when send update user request with invalid data. Case: 'address1' is absent","tests.api.user","2026-09-07","skipped","2026-09-07","TestUpdateUserApi","test_update_user","",""
"","0","[WEB] Should not add product review with invalid data. Case: 'message' length = min","tests.web.component.review","2026-09-07","skipped","2026-09-07","TestReviewComponent","test_review_component","",""
"","212","[API] Update user should return 200_OK when send update user request with valid data. Case: 'birth_month' = 1","tests.api.user","2026-09-07","passed","2026-09-07","TestUpdateUserApi","test_update_user","",""
"","0","[API] Create user should return 400_BAD_REQUEST when send create user request with invalid data. Case: 'birth_year' is absent","tests.api.user","2026-09-07","skipped","2026-09-07","TestCreateUserApi","test_create_user","",""
"","152","[API] Create user should return 200_OK when send create user request with valid data. Case: 'company' length = max - 1","tests.api.user","2026-09-07","passed","2026-09-07","TestCreateUserApi","test_create_user","",""
"","0","[API] Create user should return 400_BAD_REQUEST when send create user request with invalid data. Case: 'email' contains text before username","tests.api.user","2026-09-07","skipped","2026-09-07","TestCreateUserApi","test_create_user","",""
"","2773","[WEB] Sign up with valid data. Case: 'first_name' length = min","tests.web.component.auth","2026-09-07","passed","2026-09-07","TestSignUpWeb","test_signup_component","",""
"","0","[WEB Component] Pay with invalid card should show error message. Case: name only spaces","tests.web.component.payment","2026-09-07","skipped","2026-09-07","TestPaymentComponent","test_payment_component","",""
"","252","[API] Update user should return 200_OK when send update user request with valid data. Case: 'city' length = max - 1","tests.api.user","2026-09-07","passed","2026-09-07","TestUpdateUserApi","test_update_user","",""
"","456","[WEB] Should add product review with valid data. Case: 'message' length = min","tests.web.component.review","2026-09-07","passed","2026-09-07","TestReviewComponent","test_review_component","",""
"","0","[WEB] Should not add product review with invalid data. Case: 'email' not contains '@' symbol","tests.web.component.review","2026-09-07","skipped","2026-09-07","TestReviewComponent","test_review_component","",""
"","1253","[WEB Component] Category filter should have expected screenshot when fully expanded","tests.web.component.filter","2026-09-07","passed","2026-09-07","TestCategoryFilter","test_category_filter","",""
"","0","[WEB Component] Pay with invalid card should show error message. Case: card number too short","tests.web.component.payment","2026-09-07","skipped","2026-09-07","TestPaymentComponent","test_payment_component","",""
"","0","[API] Create user should return 400_BAD_REQUEST when send create user request with invalid data. Case: 'city' is absent","tests.api.user","2026-09-07","skipped","2026-09-07","TestCreateUserApi","test_create_user","",""
"","526","[WEB] Should add product review with valid data. Case: 'name' length = min + 1","tests.web.component.review","2026-09-07","passed","2026-09-07","TestReviewComponent","test_review_component","",""
"","0","[WEB Component] Pay with invalid card should show error message. Case: expiry month is empty","tests.web.component.payment","2026-09-07","skipped","2026-09-07","TestPaymentComponent","test_payment_component","",""
"","232","[API] Update user should return 200_OK when send update user request with valid data. Case: 'address2' length = min","tests.api.user","2026-09-07","passed","2026-09-07","TestUpdateUserApi","test_update_user","",""
"","0","[API] Update user should return 400_BAD_REQUEST when send update user request with invalid data. Case: 'birth_month' is zero","tests.api.user","2026-09-07","skipped","2026-09-07","TestUpdateUserApi","test_update_user","",""
"","2585","[WEB] Sign up with valid data. Case: 'mobile_number' length = min + 1","tests.web.component.auth","2026-09-07","passed","2026-09-07","TestSignUpWeb","test_signup_component","",""
"","0","[API] Create user should return 400_BAD_REQUEST when send create user request with invalid data. Case: 'last_name' length = max + 1","tests.api.user","2026-09-07","skipped","2026-09-07","TestCreateUserApi","test_create_user","",""
"","424","[WEB] Should add product review with valid data. Case: 'name' length = min","tests.web.component.review","2026-09-07","passed","2026-09-07","TestReviewComponent","test_review_component","",""
"","0","[API] Update user should return 400_BAD_REQUEST when send update user request with invalid data. Case: 'last_name' length = max + 1","tests.api.user","2026-09-07","skipped","2026-09-07","TestUpdateUserApi","test_update_user","",""
"","152","[API] Create user should return 200_OK when send create user request with valid data. Case: 'last_name' length = min","tests.api.user","2026-09-07","passed","2026-09-07","TestCreateUserApi","test_create_user","",""
"","7851","Purchase products with sign up before checkout","tests.web.e2e","2026-09-07","passed","2026-09-07","TestPlaceOrder","test_place_order","",""
"","174","[API] Get products should return 200_OK and contains expected product title","tests.api.product","2026-09-07","passed","2026-09-07","TestProductApi","test_product","",""
"","0","[API] Update user should return 400_BAD_REQUEST when send update user request with invalid data. Case: 'state' is absent","tests.api.user","2026-09-07","skipped","2026-09-07","TestUpdateUserApi","test_update_user","",""
"","152","[API] Create user should return 200_OK when send create user request with valid data. Case: 'first_name' length = min","tests.api.user","2026-09-07","passed","2026-09-07","TestCreateUserApi","test_create_user","",""
"","0","[API] Create user should return 400_BAD_REQUEST when send create user request with invalid data. Case: 'mobile_number' length = min - 1","tests.api.user","2026-09-07","skipped","2026-09-07","TestCreateUserApi","test_create_user","",""
"","0","[WEB] Sign up with invalid data. Case: 'state' length = max - 1","tests.web.component.auth","2026-09-07","skipped","2026-09-07","TestSignUpWeb","test_signup_component","",""
"","558","[WEB] Should have expected screenshot when send review","tests.web.component.review","2026-09-07","passed","2026-09-07","TestReviewComponent","test_review_component","",""
"","0","[WEB] Should not add product review with invalid data. Case: 'email' is word","tests.web.component.review","2026-09-07","skipped","2026-09-07","TestReviewComponent","test_review_component","",""
"","0","[WEB] Sign up with invalid data. Case: 'mobile_number' length = max - 1","tests.web.component.auth","2026-09-07","skipped","2026-09-07","TestSignUpWeb","test_signup_component","",""
"","2597","[WEB] Sign up with valid data. Case: 'first_name' length = max","tests.web.component.auth","2026-09-07","passed","2026-09-07","TestSignUpWeb","test_signup_component","",""
"","2360","[WEB Component] Animated product card overlay should have expected data","tests.web.component.product","2026-09-07","passed","2026-09-07","TestAnimatedProductCard","test_animated_product_card_component","",""
"","0","[WEB Component] Pay with invalid card should show error message. Case: expiry month = 13","tests.web.component.payment","2026-09-07","skipped","2026-09-07","TestPaymentComponent","test_payment_component","",""
"","1391","[WEB Component] Search filter should return all products when filter by empty query","tests.web.component.filter","2026-09-07","passed","2026-09-07","TestSearchFilter","test_search_filter","",""
"","0","[WEB] Sign up with invalid data. Case: 'first_name' length = max - 1","tests.web.component.auth","2026-09-07","skipped","2026-09-07","TestSignUpWeb","test_signup_component","",""
"","1702","[WEB Component] Pay with valid card should show success status message. Case: valid: expiry month min","tests.web.component.payment","2026-09-07","passed","2026-09-07","TestPaymentComponent","test_payment_component","",""
"","211","[API] Create user should return 200_OK when send create user request with valid data. Case: 'first_name' length = min + 1","tests.api.user","2026-09-07","passed","2026-09-07","TestCreateUserApi","test_create_user","",""
"","0","[WEB] Should not add product review with invalid data. Case: 'email' contains invalid top level domain web","tests.web.component.review","2026-09-07","skipped","2026-09-07","TestReviewComponent","test_review_component","",""
"","0","[API] Create user should return 400_BAD_REQUEST when send create user request with invalid data. Case: 'address2' length = min - 1","tests.api.user","2026-09-07","skipped","2026-09-07","TestCreateUserApi","test_create_user","",""
"","0","[WEB Component] Pay with invalid card should show error message. Case: cvc contains special characters","tests.web.component.payment","2026-09-07","skipped","2026-09-07","TestPaymentComponent","test_payment_component","",""
"","0","[WEB Component] Pay with invalid card should show error message. Case: card number contains letters","tests.web.component.payment","2026-09-07","skipped","2026-09-07","TestPaymentComponent","test_payment_component","",""
"","223","[API] Update user should return 200_OK when send update user request with valid data. Case: 'first_name' length = max - 1","tests.api.user","2026-09-07","passed","2026-09-07","TestUpdateUserApi","test_update_user","",""
"","4460","[WEB Component] Search filter should return empty products catalog","tests.web.component.filter","2026-09-07","passed","2026-09-07","TestSearchFilter","test_search_filter","",""
"","0","[WEB] Should not add product review with invalid data. Case: 'name' is empty","tests.web.component.review","2026-09-07","skipped","2026-09-07","TestReviewComponent","test_review_component","",""
"","0","[API] Create user should return 400_BAD_REQUEST when send create user request with invalid data. Case: 'zipcode' length = min - 1","tests.api.user","2026-09-07","skipped","2026-09-07","TestCreateUserApi","test_create_user","",""
"","3933","[WEB] Sign up with valid data. Case: 'city' length = max","tests.web.component.auth","2026-09-07","passed","2026-09-07","TestSignUpWeb","test_signup_component","",""
"","222","[API] Update user should return 200_OK when send update user request with valid data. Case: 'name' length = max","tests.api.user","2026-09-07","passed","2026-09-07","TestUpdateUserApi","test_update_user","",""
"","0","[API] Update user should return 400_BAD_REQUEST when send update user request with invalid data. Case: 'address2' is empty","tests.api.user","2026-09-07","skipped","2026-09-07","TestUpdateUserApi","test_update_user","",""
"","352","[API] Get csrf should return 200_OK when send get csrf request and contains csrf cookie","tests.api.auth","2026-09-07","passed","2026-09-07","TestAuthApi","test_auth","",""
"","0","[WEB] Should not add product review with invalid data. Case: 'email' contains only special symbols","tests.web.component.review","2026-09-07","skipped","2026-09-07","TestReviewComponent","test_review_component","",""
"","0","[API] Update user should return 400_BAD_REQUEST when send update user request with invalid data. Case: 'company' length = max + 1","tests.api.user","2026-09-07","skipped","2026-09-07","TestUpdateUserApi","test_update_user","",""
"","675","[WEB] Should add product review with valid data. Case: 'email' domain name length = 2","tests.web.component.review","2026-09-07","passed","2026-09-07","TestReviewComponent","test_review_component","",""
"","358","[WEB] Should add product review with valid data. Case: 'email' domain length = 2","tests.web.component.review","2026-09-07","passed","2026-09-07","TestReviewComponent","test_review_component","",""
"","0","[API] Create user should return 400_BAD_REQUEST when send create user request with invalid data. Case: 'first_name' is absent","tests.api.user","2026-09-07","skipped","2026-09-07","TestCreateUserApi","test_create_user","",""
"","364","[WEB] Should add product review with valid data. Case: 'email' username contains '-'","tests.web.component.review","2026-09-07","passed","2026-09-07","TestReviewComponent","test_review_component","",""
"","0","[WEB Component] Pay with invalid card should show error message. Case: expiry year too short","tests.web.component.payment","2026-09-07","skipped","2026-09-07","TestPaymentComponent","test_payment_component","",""
"","2663","[WEB] Sign up with valid data. Case: 'company' length = min","tests.web.component.auth","2026-09-07","passed","2026-09-07","TestSignUpWeb","test_signup_component","",""
"","0","[API] Create user should return 400_BAD_REQUEST when send create user request with invalid data. Case: 'email' contains '.' before dog symbol","tests.api.user","2026-09-07","skipped","2026-09-07","TestCreateUserApi","test_create_user","",""
"","0","[API] Update user should return 400_BAD_REQUEST when send update user request with invalid data. Case: 'city' is empty","tests.api.user","2026-09-07","skipped","2026-09-07","TestUpdateUserApi","test_update_user","",""
"","612","[WEB Component] Product item should navigate to product page when click on item title","tests.web.component.product","2026-09-07","passed","2026-09-07","TestProductItem","test_product_item","",""
"","0","[WEB Component] Pay with invalid card should show error message. Case: name contains emoji","tests.web.component.payment","2026-09-07","skipped","2026-09-07","TestPaymentComponent","test_payment_component","",""
"","0","[API] Update user should return 400_BAD_REQUEST when send update user request with invalid data. Case: 'email' contains username hieroglyphs instead of username","tests.api.user","2026-09-07","skipped","2026-09-07","TestUpdateUserApi","test_update_user","",""
"","0","[WEB] Sign up with invalid data. Case: 'birth_day' length = 31","tests.web.component.auth","2026-09-07","skipped","2026-09-07","TestSignUpWeb","test_signup_component","",""
"","0","[WEB] Sign up with invalid data. Case: 'first_name' length = min + 1","tests.web.component.auth","2026-09-07","skipped","2026-09-07","TestSignUpWeb","test_signup_component","",""
"","166","[API] Create user should return 200_OK when send create user request with valid data. Case: 'birth_month' = 12","tests.api.user","2026-09-07","passed","2026-09-07","TestCreateUserApi","test_create_user","",""
"","208","[API] Create user should return 200_OK when send create user request with valid data. Case: 'city' length = min + 1","tests.api.user","2026-09-07","passed","2026-09-07","TestCreateUserApi","test_create_user","",""
"","0","[WEB] Sign up with invalid data. Case: 'first_name' length = max","tests.web.component.auth","2026-09-07","skipped","2026-09-07","TestSignUpWeb","test_signup_component","",""
"","0","[API] Create user should return 400_BAD_REQUEST when send create user request with invalid data. Case: 'name' is absent","tests.api.user","2026-09-07","skipped","2026-09-07","TestCreateUserApi","test_create_user","",""
"","0","[API] Update user should return 400_BAD_REQUEST when send update user request with invalid data. Case: 'first_name' length = max + 1","tests.api.user","2026-09-07","skipped","2026-09-07","TestUpdateUserApi","test_update_user","",""
"","0","[API] Update user should return 400_BAD_REQUEST when send update user request with invalid data. Case: 'birth_year' is negative","tests.api.user","2026-09-07","skipped","2026-09-07","TestUpdateUserApi","test_update_user","",""
"","0","[WEB Component] Pay with invalid card should show error message. Case: card number contains dashes","tests.web.component.payment","2026-09-07","skipped","2026-09-07","TestPaymentComponent","test_payment_component","",""
"","229","[API] Update user should return 200_OK when send update user request with valid data. Case: 'address2' length = max - 1","tests.api.user","2026-09-07","passed","2026-09-07","TestUpdateUserApi","test_update_user","",""
"","222","[API] Update user should return 200_OK when send update user request with valid data. Case: 'address2' length = min + 1","tests.api.user","2026-09-07","passed","2026-09-07","TestUpdateUserApi","test_update_user","",""
"","275","[API] Update user should return 200_OK when send update user request with valid data. Case: 'first_name' length = min","tests.api.user","2026-09-07","passed","2026-09-07","TestUpdateUserApi","test_update_user","",""
"","1411","[WEB] Should add product review with valid data. Case: 'message' length = max - 1","tests.web.component.review","2026-09-07","passed","2026-09-07","TestReviewComponent","test_review_component","",""
"","0","[WEB] Should not add product review with invalid data. Case: 'email' is empty","tests.web.component.review","2026-09-07","skipped","2026-09-07","TestReviewComponent","test_review_component","",""
"","157","[API] Create user should return 200_OK when send create user request with valid data. Case: 'state' length = max - 1","tests.api.user","2026-09-07","passed","2026-09-07","TestCreateUserApi","test_create_user","",""
"","0","[WEB] Sign up with invalid data. Case: 'state' length = max","tests.web.component.auth","2026-09-07","skipped","2026-09-07","TestSignUpWeb","test_signup_component","",""
"","360","[WEB Component] Pay with valid card should show success status message. Case: valid: future year","tests.web.component.payment","2026-09-07","passed","2026-09-07","TestPaymentComponent","test_payment_component","",""
"","187","[API] Create user should return 200_OK when send create user request with valid data. Case: 'address2' length = min","tests.api.user","2026-09-07","passed","2026-09-07","TestCreateUserApi","test_create_user","",""
"","0","[API] Update user should return 400_BAD_REQUEST when send update user request with invalid data. Case: 'name' length = min - 1","tests.api.user","2026-09-07","skipped","2026-09-07","TestUpdateUserApi","test_update_user","",""
"","1693","[WEB Component] Pay with valid card should show success status message. Case: valid: boundary valid number","tests.web.component.payment","2026-09-07","passed","2026-09-07","TestPaymentComponent","test_payment_component","",""
"","406","[API] Create user should return 200_OK when send create user request with valid data. Case: 'birth_day' = 1","tests.api.user","2026-09-07","passed","2026-09-07","TestCreateUserApi","test_create_user","",""
"","445","[API] Update user should return 200_OK when send update user request with valid data. Case: 'company' length = max - 1","tests.api.user","2026-09-07","passed","2026-09-07","TestUpdateUserApi","test_update_user","",""
"","0","[WEB Component] Pay with invalid card should show error message. Case: name is empty","tests.web.component.payment","2026-09-07","skipped","2026-09-07","TestPaymentComponent","test_payment_component","",""
"","257","[API] Update user should return 200_OK when send update user request with valid data. Case: 'address1' length = max","tests.api.user","2026-09-07","passed","2026-09-07","TestUpdateUserApi","test_update_user","",""
"","2681","[WEB] Sign up with valid data. Case: 'company' length = max - 1","tests.web.component.auth","2026-09-07","passed","2026-09-07","TestSignUpWeb","test_signup_component","",""
"","5446","[WEB Component] Category filter group should be collapsed after collapse expanded group","tests.web.component.filter","2026-09-07","passed","2026-09-07","TestCategoryFilter","test_category_filter","",""
"","3799","[WEB] Sign up with valid data. Case: 'name' length = min","tests.web.component.auth","2026-09-07","passed","2026-09-07","TestSignUpWeb","test_signup_component","",""
"","0","[API] Update user should return 400_BAD_REQUEST when send update user request with invalid data. Case: 'birth_day' is zero","tests.api.user","2026-09-07","skipped","2026-09-07","TestUpdateUserApi","test_update_user","",""
"","2768","[WEB] Sign up with valid data. Case: 'last_name' length = min","tests.web.component.auth","2026-09-07","passed","2026-09-07","TestSignUpWeb","test_signup_component","",""
"","0","[API] Update user should return 400_BAD_REQUEST when send update user request with invalid data. Case: 'email' contains text after domain","tests.api.user","2026-09-07","skipped","2026-09-07","TestUpdateUserApi","test_update_user","",""
"","217","[API] Update user should return 200_OK when send update user request with valid data. Case: 'zipcode' length = min + 1","tests.api.user","2026-09-07","passed","2026-09-07","TestUpdateUserApi","test_update_user","",""
"","0","[API] Create user should return 400_BAD_REQUEST when send create user request with invalid data. Case: 'birth_day' is absent","tests.api.user","2026-09-07","skipped","2026-09-07","TestCreateUserApi","test_create_user","",""
"","0","[API] Create user should return 400_BAD_REQUEST when send create user request with invalid data. Case: 'first_name' length = max + 1","tests.api.user","2026-09-07","skipped","2026-09-07","TestCreateUserApi","test_create_user","",""
"","3198","[WEB] Sign up with valid data. Case: 'address2' length = min + 1","tests.web.component.auth","2026-09-07","passed","2026-09-07","TestSignUpWeb","test_signup_component","",""
"","503","[WEB Component] Should navigate to login page by click 'Signup / Login' button","tests.web.component.base","2026-09-07","passed","2026-09-07","TestHeaderComponent","test_header_component","",""
"","1146","[WEB Component] Should add product to cart when click on add to cart button from overlay","tests.web.component.product","2026-09-07","passed","2026-09-07","TestAnimatedProductCard","test_animated_product_card_component","",""
"","422","[WEB Component] Should open product page when click on view product button","tests.web.component.product","2026-09-07","passed","2026-09-07","TestAnimatedProductCard","test_animated_product_card_component","",""
"","0","[API] Create user should return 400_BAD_REQUEST when send create user request with invalid data. Case: 'company' length = min - 1","tests.api.user","2026-09-07","skipped","2026-09-07","TestCreateUserApi","test_create_user","",""
"","3181","[WEB] Sign up with valid data. Case: 'address2' length = max","tests.web.component.auth","2026-09-07","passed","2026-09-07","TestSignUpWeb","test_signup_component","",""
"","0","[WEB] Sign up with invalid data. Case: 'company' length = max","tests.web.component.auth","2026-09-07","skipped","2026-09-07","TestSignUpWeb","test_signup_component","",""
"","432","[API] Create user should return 200_OK when send create user request with valid data. Case: 'state' length = min + 1","tests.api.user","2026-09-07","passed","2026-09-07","TestCreateUserApi","test_create_user","",""
"","538","[WEB] Should add product review with valid data. Case: 'email' domain contains '-'","tests.web.component.review","2026-09-07","passed","2026-09-07","TestReviewComponent","test_review_component","",""
"","0","[API] Update user should return 400_BAD_REQUEST when send update user request with invalid data. Case: 'state' length = max + 1","tests.api.user","2026-09-07","skipped","2026-09-07","TestUpdateUserApi","test_update_user","",""
"","0","[API] Update user should return 400_BAD_REQUEST when send update user request with invalid data. Case: 'email' contains text before username","tests.api.user","2026-09-07","skipped","2026-09-07","TestUpdateUserApi","test_update_user","",""
"","0","[API] Create user should return 400_BAD_REQUEST when send create user request with invalid data. Case: 'email' contains text after domain","tests.api.user","2026-09-07","skipped","2026-09-07","TestCreateUserApi","test_create_user","",""
"","0","[API] Create user should return 400_BAD_REQUEST when send create user request with invalid data. Case: 'mobile_number' length = max + 1","tests.api.user","2026-09-07","skipped","2026-09-07","TestCreateUserApi","test_create_user","",""
"","2822","[WEB] Sign up with valid data. Case: 'zipcode' length = min","tests.web.component.auth","2026-09-07","passed","2026-09-07","TestSignUpWeb","test_signup_component","",""
"","3052","[WEB] Sign up with valid data. Case: 'state' length = min + 1","tests.web.component.auth","2026-09-07","passed","2026-09-07","TestSignUpWeb","test_signup_component","",""
"","0","[WEB] Sign up with invalid data. Case: 'zipcode' length = min + 1","tests.web.component.auth","2026-09-07","skipped","2026-09-07","TestSignUpWeb","test_signup_component","",""
"","0","[WEB] Sign up with invalid data. Case: 'birth_year' = 1","tests.web.component.auth","2026-09-07","skipped","2026-09-07","TestSignUpWeb","test_signup_component","",""
"","0","[API] Create user should return 400_BAD_REQUEST when send create user request with invalid data. Case: 'birth_month' is invalid positive","tests.api.user","2026-09-07","skipped","2026-09-07","TestCreateUserApi","test_create_user","",""
"","0","[API] Update user should return 400_BAD_REQUEST when send update user request with invalid data. Case: 'company' length = min - 1","tests.api.user","2026-09-07","skipped","2026-09-07","TestUpdateUserApi","test_update_user","",""
"","638","[WEB] Sign in with invalid credentials. Case: {case_title}","tests.web.component.auth","2026-09-07","passed","2026-09-07","TestLoginWeb","test_login_component","",""
"","0","[API] Create user should return 400_BAD_REQUEST when send create user request with invalid data. Case: 'mobile_number' is absent","tests.api.user","2026-09-07","skipped","2026-09-07","TestCreateUserApi","test_create_user","",""
"","0","[API] Create user should return 400_BAD_REQUEST when send create user request with invalid data. Case: 'email' is empty","tests.api.user","2026-09-07","skipped","2026-09-07","TestCreateUserApi","test_create_user","",""
"","1360","[WEB Component] Page scroller scroll page to top","tests.web.component.base","2026-09-07","passed","2026-09-07","TestPageScrollerComponent","test_page_scroller_component","",""
"","148","[API] Create user should return 200_OK when send create user request with valid data. Case: 'mobile_number' length = max - 1","tests.api.user","2026-09-07","passed","2026-09-07","TestCreateUserApi","test_create_user","",""
"","0","[API] Update user should return 400_BAD_REQUEST when send update user request with invalid data. Case: 'address1' is empty","tests.api.user","2026-09-07","skipped","2026-09-07","TestUpdateUserApi","test_update_user","",""
"","5015","[WEB] Sign in with valid data","tests.web.component.auth","2026-09-07","passed","2026-09-07","TestLoginWeb","test_login_component","",""
"","464","[API] Update user should return 200_OK when send update user request with valid data. Case: 'name' length = min + 1","tests.api.user","2026-09-07","passed","2026-09-07","TestUpdateUserApi","test_update_user","",""
"","0","[WEB] Sign up with invalid data. Case: 'address2' length = max","tests.web.component.auth","2026-09-07","skipped","2026-09-07","TestSignUpWeb","test_signup_component","",""
"","0","[WEB Component] Pay with invalid card should show error message. Case: name contains trailing spaces","tests.web.component.payment","2026-09-07","skipped","2026-09-07","TestPaymentComponent","test_payment_component","",""
"","0","[API] Update user should return 400_BAD_REQUEST when send update user request with invalid data. Case: 'last_name' length = min - 1","tests.api.user","2026-09-07","skipped","2026-09-07","TestUpdateUserApi","test_update_user","",""
"","162","[API] Create user should return 200_OK when send create user request with valid data. Case: 'zipcode' length = min + 1","tests.api.user","2026-09-07","passed","2026-09-07","TestCreateUserApi","test_create_user","",""
"","0","[API] Create user should return 400_BAD_REQUEST when send create user request with invalid data. Case: 'email' not contains username","tests.api.user","2026-09-07","skipped","2026-09-07","TestCreateUserApi","test_create_user","",""
"","212","[API] Update user should return 200_OK when send update user request with valid data. Case: 'mobile_number' length = max - 1","tests.api.user","2026-09-07","passed","2026-09-07","TestUpdateUserApi","test_update_user","",""
"","466","[API] Create user should return 200_OK when send create user request with valid data. Case: 'company' length = min","tests.api.user","2026-09-07","passed","2026-09-07","TestCreateUserApi","test_create_user","",""
"","0","[API] Update user should return 400_BAD_REQUEST when send update user request with invalid data. Case: 'address2' length = max + 1","tests.api.user","2026-09-07","skipped","2026-09-07","TestUpdateUserApi","test_update_user","",""
"","379","[API] Delete user should return 404_NOT_FOUND when send delete user request and user not exists","tests.api.user","2026-09-07","passed","2026-09-07","TestDeleteUserApi","test_delete_user","",""
"","225","[API] Update user should return 200_OK when send update user request with valid data. Case: 'mobile_number' length = min + 1","tests.api.user","2026-09-07","passed","2026-09-07","TestUpdateUserApi","test_update_user","",""
"","2724","[WEB] Sign up with valid data. Case: 'name' length = max","tests.web.component.auth","2026-09-07","passed","2026-09-07","TestSignUpWeb","test_signup_component","",""
"","0","[WEB] Sign up with invalid data. Case: 'name' length = max - 1","tests.web.component.auth","2026-09-07","skipped","2026-09-07","TestSignUpWeb","test_signup_component","",""
"","1020","[WEB Component] Product item should have expected data","tests.web.component.product","2026-09-07","passed","2026-09-07","TestProductItem","test_product_item","",""
"","0","[WEB] Sign up with invalid data. Case: 'birth_month' = 1","tests.web.component.auth","2026-09-07","skipped","2026-09-07","TestSignUpWeb","test_signup_component","",""
"","2566","[WEB] Sign up with valid data. Case: 'mobile_number' length = max","tests.web.component.auth","2026-09-07","passed","2026-09-07","TestSignUpWeb","test_signup_component","",""
"","149","[API] Create user should return 200_OK when send create user request with valid data. Case: 'address1' length = max - 1","tests.api.user","2026-09-07","passed","2026-09-07","TestCreateUserApi","test_create_user","",""
"","0","[WEB Component] Pay with invalid card should show error message. Case: card number only spaces","tests.web.component.payment","2026-09-07","skipped","2026-09-07","TestPaymentComponent","test_payment_component","",""
"","0","[API] Update user should return 400_BAD_REQUEST when send update user request with invalid data. Case: 'first_name' length = min - 1","tests.api.user","2026-09-07","skipped","2026-09-07","TestUpdateUserApi","test_update_user","",""
"","2912","[WEB] Sign up with valid data. Case: 'address1' length = max - 1","tests.web.component.auth","2026-09-07","passed","2026-09-07","TestSignUpWeb","test_signup_component","",""
"","0","[API] Update user should return 400_BAD_REQUEST when send update user request with invalid data. Case: 'state' is empty","tests.api.user","2026-09-07","skipped","2026-09-07","TestUpdateUserApi","test_update_user","",""
"","487","[WEB Component] Should navigate to contact us page by click on 'Contact us' button","tests.web.component.base","2026-09-07","passed","2026-09-07","TestHeaderComponent","test_header_component","",""
"","0","[API] Create user should return 400_BAD_REQUEST when send create user request with invalid data. Case: 'email' contains '-' after '@'","tests.api.user","2026-09-07","skipped","2026-09-07","TestCreateUserApi","test_create_user","",""
"","401","[WEB] Should add product review with valid data. Case: 'email' username contains only underscore '-'","tests.web.component.review","2026-09-07","passed","2026-09-07","TestReviewComponent","test_review_component","",""
"","670","[WEB] Should add product review with valid data. Case: 'name' length = max - 1","tests.web.component.review","2026-09-07","passed","2026-09-07","TestReviewComponent","test_review_component","",""
"","0","[WEB] Should not add product review with invalid data. Case: 'name' is absent","tests.web.component.review","2026-09-07","skipped","2026-09-07","TestReviewComponent","test_review_component","",""
"","0","[API] Update user should return 400_BAD_REQUEST when send update user request with invalid data. Case: 'city' is absent","tests.api.user","2026-09-07","skipped","2026-09-07","TestUpdateUserApi","test_update_user","",""
"","207","[API] Update user should return 200_OK when send update user request with valid data. Case: 'first_name' length = max","tests.api.user","2026-09-07","passed","2026-09-07","TestUpdateUserApi","test_update_user","",""
"","409","[WEB Component] Should navigate to cart page by click 'Cart' button","tests.web.component.base","2026-09-07","passed","2026-09-07","TestHeaderComponent","test_header_component","",""
"","219","[API] Create user should return 200_OK when send create user request with valid data. Case: 'mobile_number' length = min + 1","tests.api.user","2026-09-07","passed","2026-09-07","TestCreateUserApi","test_create_user","",""
"","0","[WEB] Sign up with invalid data. Case: 'company' length = min","tests.web.component.auth","2026-09-07","skipped","2026-09-07","TestSignUpWeb","test_signup_component","",""
"","157","[API] Create user should return 200_OK when send create user request with valid data. Case: 'name' length = min","tests.api.user","2026-09-07","passed","2026-09-07","TestCreateUserApi","test_create_user","",""
"","0","[WEB Component] Pay with invalid card should show error message. Case: expiry year is empty","tests.web.component.payment","2026-09-07","skipped","2026-09-07","TestPaymentComponent","test_payment_component","",""
"","453","[WEB] Should add product review with valid data. Case: 'email' username contains '+'","tests.web.component.review","2026-09-07","passed","2026-09-07","TestReviewComponent","test_review_component","",""
"","0","[WEB] Sign up with invalid data. Case: 'first_name' length = min","tests.web.component.auth","2026-09-07","skipped","2026-09-07","TestSignUpWeb","test_signup_component","",""
"","2516","[WEB Component] Image Carousel should show first image when scroll right on last image","tests.web.component.carousel","2026-09-07","passed","2026-09-07","TestImageCarousel","test_image_carousel","",""
"","412","[API] Update user should return 200_OK when send update user request with valid data. Case: 'address1' length = min + 1","tests.api.user","2026-09-07","passed","2026-09-07","TestUpdateUserApi","test_update_user","",""
"","5423","Purchase products with login while checkout","tests.web.e2e","2026-09-07","passed","2026-09-07","TestPlaceOrder","test_place_order","",""
"","0","[API] Update user should return 400_BAD_REQUEST when send update user request with invalid data. Case: 'birth_year' is absent","tests.api.user","2026-09-07","skipped","2026-09-07","TestUpdateUserApi","test_update_user","",""
"","2604","[WEB] Sign up with valid data. Case: 'company' length = min + 1","tests.web.component.auth","2026-09-07","passed","2026-09-07","TestSignUpWeb","test_signup_component","",""
"","0","[API] Update user should return 400_BAD_REQUEST when send update user request with invalid data. Case: 'zipcode' is absent","tests.api.user","2026-09-07","skipped","2026-09-07","TestUpdateUserApi","test_update_user","",""
"","2547","[WEB Component] Products Carousel should last products when scroll left on first slide","tests.web.component.carousel","2026-09-07","passed","2026-09-07","TestProductCarousel","test_product_carousel","",""
"","6390","Purchase products with login before checkout","tests.web.e2e","2026-09-07","passed","2026-09-07","TestPlaceOrder","test_place_order","",""
"","0","[API] Update user should return 400_BAD_REQUEST when send update user request with invalid data. Case: 'birth_month' is absent","tests.api.user","2026-09-07","skipped","2026-09-07","TestUpdateUserApi","test_update_user","",""
"","0","[API] Create user should return 400_BAD_REQUEST when send create user request with invalid data. Case: 'name' is empty","tests.api.user","2026-09-07","skipped","2026-09-07","TestCreateUserApi","test_create_user","",""
"","0","[API] Update user should return 400_BAD_REQUEST when send update user request with invalid data. Case: 'name' is absent","tests.api.user","2026-09-07","skipped","2026-09-07","TestUpdateUserApi","test_update_user","",""
"","0","[API] Update user should return 400_BAD_REQUEST when send update user request with invalid data. Case: 'email' contains '-' after '@'","tests.api.user","2026-09-07","skipped","2026-09-07","TestUpdateUserApi","test_update_user","",""
"","804","[WEB] Should add product review with valid data. Case: 'name' length = max","tests.web.component.review","2026-09-07","passed","2026-09-07","TestReviewComponent","test_review_component","",""
"","0","[API] Create user should return 400_BAD_REQUEST when send create user request with invalid data. Case: 'address1' length = max + 1","tests.api.user","2026-09-07","skipped","2026-09-07","TestCreateUserApi","test_create_user","",""
"","0","[WEB Component] Pay with invalid card should show error message. Case: name contains special characters","tests.web.component.payment","2026-09-07","skipped","2026-09-07","TestPaymentComponent","test_payment_component","",""
"","0","[API] Update user should return 400_BAD_REQUEST when send update user request with invalid data. Case: 'mobile_number' length = min - 1","tests.api.user","2026-09-07","skipped","2026-09-07","TestUpdateUserApi","test_update_user","",""
"","145","test_search_products_returns_empty_array","tests.api.product","2026-09-07","passed","2026-09-07","TestProductApi","test_product","",""
"","0","[API] Update user should return 400_BAD_REQUEST when send update user request with invalid data. Case: 'birth_month' is invalid positive","tests.api.user","2026-09-07","skipped","2026-09-07","TestUpdateUserApi","test_update_user","",""
"","0","[API] Update user should return 400_BAD_REQUEST when send update user request with invalid data. Case: 'email' not contains username","tests.api.user","2026-09-07","skipped","2026-09-07","TestUpdateUserApi","test_update_user","",""
"","0","[API] Create user should return 400_BAD_REQUEST when send create user request with invalid data. Case: 'last_name' is absent","tests.api.user","2026-09-07","skipped","2026-09-07","TestCreateUserApi","test_create_user","",""
"","0","[API] Create user should return 400_BAD_REQUEST when send create user request with invalid data. Case: 'zipcode' is absent","tests.api.user","2026-09-07","skipped","2026-09-07","TestCreateUserApi","test_create_user","",""
"","207","[API] Update user should return 200_OK when send update user request with valid data. Case: 'state' length = min + 1","tests.api.user","2026-09-07","passed","2026-09-07","TestUpdateUserApi","test_update_user","",""
"","170","[API] Create user should return 200_OK when send create user request with valid data. Case: 'birth_year' = 10000","tests.api.user","2026-09-07","passed","2026-09-07","TestCreateUserApi","test_create_user","",""
"","3986","[WEB Component] Invoice should have expected price","tests.web.component.payment","2026-09-07","passed","2026-09-07","TestPaymentComponent","test_invoice_file","",""
"","227","[API] Update user should return 200_OK when send update user request with valid data. Case: 'last_name' length = max - 1","tests.api.user","2026-09-07","passed","2026-09-07","TestUpdateUserApi","test_update_user","",""
"","3234","[WEB] Sign up with valid data. Case: 'address2' length = max - 1","tests.web.component.auth","2026-09-07","passed","2026-09-07","TestSignUpWeb","test_signup_component","",""
"","0","[API] Create user should return 400_BAD_REQUEST when send create user request with invalid data. Case: 'birth_day' is invalid positive","tests.api.user","2026-09-07","skipped","2026-09-07","TestCreateUserApi","test_create_user","",""
"","186","test_get_all_products","tests.api.product","2026-09-07","passed","2026-09-07","TestProductApi","test_product","",""
"","417","[WEB Component] Pay with valid card should show success status message. Case: valid: name max length","tests.web.component.payment","2026-09-07","passed","2026-09-07","TestPaymentComponent","test_payment_component","",""
"","0","[API] Create user should return 400_BAD_REQUEST when send create user request with invalid data. Case: 'last_name' length = min - 1","tests.api.user","2026-09-07","skipped","2026-09-07","TestCreateUserApi","test_create_user","",""
"","0","[API] Create user should return 400_BAD_REQUEST when send create user request with invalid data. Case: 'email' contains multiple '@' symbols","tests.api.user","2026-09-07","skipped","2026-09-07","TestCreateUserApi","test_create_user","",""
"","0","[WEB] Should not add product review with invalid data. Case: 'email' contains text after domain","tests.web.component.review","2026-09-07","skipped","2026-09-07","TestReviewComponent","test_review_component","",""
"","151","[API] Create user should return 200_OK when send create user request with valid data. Case: 'name' length = max","tests.api.user","2026-09-07","passed","2026-09-07","TestCreateUserApi","test_create_user","",""
"","2534","[WEB] Sign up with valid data. Case: 'state' length = min","tests.web.component.auth","2026-09-07","passed","2026-09-07","TestSignUpWeb","test_signup_component","",""
"","1690","[WEB Component] Place order without authorization notification should have expected data and screenshot","tests.web.component.base","2026-09-07","passed","2026-09-07","TestNotificationComponent","test_notification_component","",""
"","0","[WEB] Sign up with invalid data. Case: 'birth_year' = 10000","tests.web.component.auth","2026-09-07","skipped","2026-09-07","TestSignUpWeb","test_signup_component","",""
"","2583","[WEB] Sign up with valid data. Case: 'first_name' length = min + 1","tests.web.component.auth","2026-09-07","passed","2026-09-07","TestSignUpWeb","test_signup_component","",""
"","0","[API] Update user should return 400_BAD_REQUEST when send update user request with invalid data. Case: 'last_name' is absent","tests.api.user","2026-09-07","skipped","2026-09-07","TestUpdateUserApi","test_update_user","",""
"","367","[WEB Component] Pay with valid card should show success status message. Case: valid: expiry month max","tests.web.component.payment","2026-09-07","passed","2026-09-07","TestPaymentComponent","test_payment_component","",""
"","155","[API] Create user should return 200_OK when send create user request with valid data. Case: 'company' length = max","tests.api.user","2026-09-07","passed","2026-09-07","TestCreateUserApi","test_create_user","",""
"","0","[API] Create user should return 400_BAD_REQUEST when send create user request with invalid data. Case: 'birth_month' is negative","tests.api.user","2026-09-07","skipped","2026-09-07","TestCreateUserApi","test_create_user","",""
"","548","[WEB Component] Should add product to cart when click on add to cart button","tests.web.component.product","2026-09-07","passed","2026-09-07","TestProductCard","test_product_card_component","",""
"","0","[API] Create user should return 400_BAD_REQUEST when send create user request with invalid data. Case: 'address2' is empty","tests.api.user","2026-09-07","skipped","2026-09-07","TestCreateUserApi","test_create_user","",""
"","778","[WEB Component] Add product notification should be closed when click on close button","tests.web.component.base","2026-09-07","passed","2026-09-07","TestNotificationComponent","test_notification_component","",""
"","698","[WEB Component] Should navigate to main page by click on header logo","tests.web.component.base","2026-09-07","passed","2026-09-07","TestHeaderComponent","test_header_component","",""
"","0","[WEB] Should not add product review with invalid data. Case: 'email' not contains username","tests.web.component.review","2026-09-07","skipped","2026-09-07","TestReviewComponent","test_review_component","",""
"","9607","[WEB Component] Category filter group should be collapsed after expand another group","tests.web.component.filter","2026-09-07","passed","2026-09-07","TestCategoryFilter","test_category_filter","",""
"","0","[API] Update user should return 400_BAD_REQUEST when send update user request with invalid data. Case: 'mobile_number' is empty","tests.api.user","2026-09-07","skipped","2026-09-07","TestUpdateUserApi","test_update_user","",""
"","2759","[WEB] Sign up with valid data. Case: 'zipcode' length = max - 1","tests.web.component.auth","2026-09-07","passed","2026-09-07","TestSignUpWeb","test_signup_component","",""
