"DESCRIPTION","DURATION IN MS","NAME","PARENT SUITE","START TIME","STATUS","STOP TIME","SUB SUITE","SUITE","TEST CLASS","TEST METHOD"
"","3372","[WEB] Sign up with valid data. Case: 'city' length = min + 1","tests.web.component.auth","Mon Mar 30 06:30:09 UTC 2026","passed","Mon Mar 30 06:30:12 UTC 2026","TestSignUpWeb","test_signup_component","",""
"","132","[API] Create user should return 200_OK when send create user request with valid data. Case: 'first_name' length = min + 1","tests.api.user","Mon Mar 30 06:16:55 UTC 2026","passed","Mon Mar 30 06:16:56 UTC 2026","TestCreateUserApi","test_create_user","",""
"","308","[WEB Component] Product item should navigate to product page when click on item title","tests.web.component.product","Mon Mar 30 06:30:40 UTC 2026","passed","Mon Mar 30 06:30:40 UTC 2026","TestProductItem","test_product_item","",""
"","0","[WEB Component] Pay with invalid card should show error message. Case: cvc contains letters","tests.web.component.payment","Mon Mar 30 06:28:00 UTC 2026","skipped","Mon Mar 30 06:28:00 UTC 2026","TestPaymentComponent","test_payment_component","",""
"","775","[WEB] Should add product review with valid data. Case: 'name' length = max","tests.web.component.review","Mon Mar 30 06:33:56 UTC 2026","passed","Mon Mar 30 06:33:57 UTC 2026","TestReviewComponent","test_review_component","",""
"","0","[WEB] Should not add product review with invalid data. Case: 'email' contains invalid top level domain web","tests.web.component.review","Mon Mar 30 06:35:57 UTC 2026","skipped","Mon Mar 30 06:35:57 UTC 2026","TestReviewComponent","test_review_component","",""
"","0","[API] Update user should return 400_BAD_REQUEST when send update user request with invalid data. Case: 'birth_day' is zero","tests.api.user","Mon Mar 30 06:17:17 UTC 2026","skipped","Mon Mar 30 06:17:17 UTC 2026","TestUpdateUserApi","test_update_user","",""
"","0","[API] Update user should return 400_BAD_REQUEST when send update user request with invalid data. Case: 'birth_year' is absent","tests.api.user","Mon Mar 30 06:17:17 UTC 2026","skipped","Mon Mar 30 06:17:17 UTC 2026","TestUpdateUserApi","test_update_user","",""
"","132","test_search_products_returns_empty_array","tests.api.product","Mon Mar 30 06:16:54 UTC 2026","passed","Mon Mar 30 06:16:54 UTC 2026","TestProductApi","test_product","",""
"","0","[WEB Component] Pay with invalid card should show error message. Case: expiry year is empty","tests.web.component.payment","Mon Mar 30 06:28:00 UTC 2026","skipped","Mon Mar 30 06:28:00 UTC 2026","TestPaymentComponent","test_payment_component","",""
"","2299","[WEB Component] Should add product to cart when click on add to cart button from overlay","tests.web.component.product","Mon Mar 30 06:28:37 UTC 2026","passed","Mon Mar 30 06:28:39 UTC 2026","TestAnimatedProductCard","test_animated_product_card_component","",""
"","0","[API] Update user should return 400_BAD_REQUEST when send update user request with invalid data. Case: 'address1' length = min - 1","tests.api.user","Mon Mar 30 06:17:17 UTC 2026","skipped","Mon Mar 30 06:17:17 UTC 2026","TestUpdateUserApi","test_update_user","",""
"","0","[API] Create user should return 400_BAD_REQUEST when send create user request with invalid data. Case: 'company' length = max + 1","tests.api.user","Mon Mar 30 06:16:51 UTC 2026","skipped","Mon Mar 30 06:16:51 UTC 2026","TestCreateUserApi","test_create_user","",""
"","0","[WEB] Sign up with invalid data. Case: 'first_name' length = min","tests.web.component.auth","Mon Mar 30 06:17:52 UTC 2026","skipped","Mon Mar 30 06:17:52 UTC 2026","TestSignUpWeb","test_signup_component","",""
"","0","[WEB] Sign up with invalid data. Case: 'last_name' length = min","tests.web.component.auth","Mon Mar 30 06:17:52 UTC 2026","skipped","Mon Mar 30 06:17:52 UTC 2026","TestSignUpWeb","test_signup_component","",""
"","1939","[WEB Component] Product carousel should have expected product","tests.web.component.carousel","Mon Mar 30 06:21:58 UTC 2026","failed","Mon Mar 30 06:22:00 UTC 2026","TestProductCarousel","test_product_carousel","",""
"","0","[WEB] Should not add product review with invalid data. Case: 'name' is empty","tests.web.component.review","Mon Mar 30 06:35:57 UTC 2026","skipped","Mon Mar 30 06:35:57 UTC 2026","TestReviewComponent","test_review_component","",""
"","565","[WEB Component] Animated product card should have expected data","tests.web.component.product","Mon Mar 30 06:42:25 UTC 2026","passed","Mon Mar 30 06:42:26 UTC 2026","TestAnimatedProductCard","test_animated_product_card_component","",""
"","0","[WEB] Sign up with invalid data. Case: 'address1' length = min + 1","tests.web.component.auth","Mon Mar 30 06:17:52 UTC 2026","skipped","Mon Mar 30 06:17:52 UTC 2026","TestSignUpWeb","test_signup_component","",""
"","4794","[WEB] Sign up with valid data. Case: 'address1' length = max - 1","tests.web.component.auth","Mon Mar 30 06:32:04 UTC 2026","passed","Mon Mar 30 06:32:08 UTC 2026","TestSignUpWeb","test_signup_component","",""
"","5924","Purchase products with login while checkout","tests.web.e2e","Mon Mar 30 06:37:37 UTC 2026","passed","Mon Mar 30 06:37:43 UTC 2026","TestPlaceOrder","test_place_order","",""
"","0","[WEB] Sign up with invalid data. Case: 'city' length = min + 1","tests.web.component.auth","Mon Mar 30 06:17:52 UTC 2026","skipped","Mon Mar 30 06:17:52 UTC 2026","TestSignUpWeb","test_signup_component","",""
"","3737","[WEB] Sign up with valid data. Case: 'first_name' length = max - 1","tests.web.component.auth","Mon Mar 30 06:20:36 UTC 2026","passed","Mon Mar 30 06:20:40 UTC 2026","TestSignUpWeb","test_signup_component","",""
"","0","[WEB] Sign up with invalid data. Case: 'name' length = max","tests.web.component.auth","Mon Mar 30 06:17:52 UTC 2026","skipped","Mon Mar 30 06:17:52 UTC 2026","TestSignUpWeb","test_signup_component","",""
"","818","[WEB] Should add product review with valid data. Case: 'email' username contains only underscore '-'","tests.web.component.review","Mon Mar 30 06:36:08 UTC 2026","passed","Mon Mar 30 06:36:09 UTC 2026","TestReviewComponent","test_review_component","",""
"","288","[API] Create user should return 200_OK when send create user request with valid data. Case: 'address1' length = max - 1","tests.api.user","Mon Mar 30 06:17:06 UTC 2026","passed","Mon Mar 30 06:17:06 UTC 2026","TestCreateUserApi","test_create_user","",""
"","175","[API] Update user should return 200_OK when send update user request with valid data. Case: 'first_name' length = min + 1","tests.api.user","Mon Mar 30 06:16:57 UTC 2026","passed","Mon Mar 30 06:16:57 UTC 2026","TestUpdateUserApi","test_update_user","",""
"","0","[WEB] Should not add product review with invalid data. Case: 'email' is word","tests.web.component.review","Mon Mar 30 06:35:57 UTC 2026","skipped","Mon Mar 30 06:35:57 UTC 2026","TestReviewComponent","test_review_component","",""
"","0","[API] Update user should return 400_BAD_REQUEST when send update user request with invalid data. Case: 'first_name' length = max + 1","tests.api.user","Mon Mar 30 06:17:17 UTC 2026","skipped","Mon Mar 30 06:17:17 UTC 2026","TestUpdateUserApi","test_update_user","",""
"","223","[API] Update user should return 200_OK when send update user request with valid data. Case: 'city' length = min + 1","tests.api.user","Mon Mar 30 06:17:14 UTC 2026","passed","Mon Mar 30 06:17:15 UTC 2026","TestUpdateUserApi","test_update_user","",""
"","141","[API] Create user should return 200_OK when send create user request with valid data. Case: 'zipcode' length = max","tests.api.user","Mon Mar 30 06:17:09 UTC 2026","passed","Mon Mar 30 06:17:09 UTC 2026","TestCreateUserApi","test_create_user","",""
"","173","[API] Update user should return 200_OK when send update user request with valid data. Case: 'zipcode' length = max","tests.api.user","Mon Mar 30 06:17:17 UTC 2026","passed","Mon Mar 30 06:17:17 UTC 2026","TestUpdateUserApi","test_update_user","",""
"","0","[API] Create user should return 400_BAD_REQUEST when send create user request with invalid data. Case: 'email' contains text after domain","tests.api.user","Mon Mar 30 06:16:51 UTC 2026","skipped","Mon Mar 30 06:16:51 UTC 2026","TestCreateUserApi","test_create_user","",""
"","2661","[WEB Component] Category filter should have expected screenshot when fully expanded","tests.web.component.filter","Mon Mar 30 06:22:29 UTC 2026","passed","Mon Mar 30 06:22:32 UTC 2026","TestCategoryFilter","test_category_filter","",""
"","245","[WEB Component] Should visible user name when authorized","tests.web.component.base","Mon Mar 30 06:19:52 UTC 2026","passed","Mon Mar 30 06:19:52 UTC 2026","TestHeaderComponent","test_header_component","",""
"","0","[API] Create user should return 400_BAD_REQUEST when send create user request with invalid data. Case: 'email' is word","tests.api.user","Mon Mar 30 06:16:51 UTC 2026","skipped","Mon Mar 30 06:16:51 UTC 2026","TestCreateUserApi","test_create_user","",""
"","2998","[WEB Component] Products Carousel should last products when scroll left on first slide","tests.web.component.carousel","Mon Mar 30 06:40:30 UTC 2026","passed","Mon Mar 30 06:40:33 UTC 2026","TestProductCarousel","test_product_carousel","",""
"","4018","[WEB Component] Invoice should have expected price","tests.web.component.payment","Mon Mar 30 06:23:55 UTC 2026","passed","Mon Mar 30 06:23:59 UTC 2026","TestPaymentComponent","test_invoice_file","",""
"","1911","[WEB Component] Pay with valid card should show success status message. Case: valid: name max length","tests.web.component.payment","Mon Mar 30 06:25:04 UTC 2026","passed","Mon Mar 30 06:25:06 UTC 2026","TestPaymentComponent","test_payment_component","",""
"","0","[API] Create user should return 400_BAD_REQUEST when send create user request with invalid data. Case: 'birth_year' is zero","tests.api.user","Mon Mar 30 06:16:51 UTC 2026","skipped","Mon Mar 30 06:16:51 UTC 2026","TestCreateUserApi","test_create_user","",""
"","0","[WEB] Sign up with invalid data. Case: 'mobile_number' length = max - 1","tests.web.component.auth","Mon Mar 30 06:17:52 UTC 2026","skipped","Mon Mar 30 06:17:52 UTC 2026","TestSignUpWeb","test_signup_component","",""
"","0","[API] Update user should return 400_BAD_REQUEST when send update user request with invalid data. Case: 'company' is empty","tests.api.user","Mon Mar 30 06:17:17 UTC 2026","skipped","Mon Mar 30 06:17:17 UTC 2026","TestUpdateUserApi","test_update_user","",""
"","524","[WEB] Should add product review with valid data. Case: 'email' domain length = 2","tests.web.component.review","Mon Mar 30 06:36:28 UTC 2026","passed","Mon Mar 30 06:36:29 UTC 2026","TestReviewComponent","test_review_component","",""
"","0","[API] Create user should return 400_BAD_REQUEST when send create user request with invalid data. Case: 'birth_month' is invalid positive","tests.api.user","Mon Mar 30 06:16:51 UTC 2026","skipped","Mon Mar 30 06:16:51 UTC 2026","TestCreateUserApi","test_create_user","",""
"","221","[API] Update user should return 200_OK when send update user request with valid data. Case: 'state' length = max","tests.api.user","Mon Mar 30 06:17:13 UTC 2026","passed","Mon Mar 30 06:17:13 UTC 2026","TestUpdateUserApi","test_update_user","",""
"","0","[API] Update user should return 400_BAD_REQUEST when send update user request with invalid data. Case: 'mobile_number' is empty","tests.api.user","Mon Mar 30 06:17:17 UTC 2026","skipped","Mon Mar 30 06:17:17 UTC 2026","TestUpdateUserApi","test_update_user","",""
"","0","[API] Create user should return 400_BAD_REQUEST when send create user request with invalid data. Case: 'birth_year' is absent","tests.api.user","Mon Mar 30 06:16:51 UTC 2026","skipped","Mon Mar 30 06:16:51 UTC 2026","TestCreateUserApi","test_create_user","",""
"","3545","[WEB] Sign up with valid data. Case: 'birth_day' = 1","tests.web.component.auth","Mon Mar 30 06:24:24 UTC 2026","passed","Mon Mar 30 06:24:28 UTC 2026","TestSignUpWeb","test_signup_component","",""
"","134","[API] Create user should return 200_OK when send create user request with valid data. Case: 'company' length = max","tests.api.user","Mon Mar 30 06:17:02 UTC 2026","passed","Mon Mar 30 06:17:02 UTC 2026","TestCreateUserApi","test_create_user","",""
"","0","[WEB Component] Pay with invalid card should show error message. Case: expiry month is empty","tests.web.component.payment","Mon Mar 30 06:28:00 UTC 2026","skipped","Mon Mar 30 06:28:00 UTC 2026","TestPaymentComponent","test_payment_component","",""
"","129","[API] Create user should return 200_OK when send create user request with valid data. Case: 'state' length = min + 1","tests.api.user","Mon Mar 30 06:17:03 UTC 2026","passed","Mon Mar 30 06:17:03 UTC 2026","TestCreateUserApi","test_create_user","",""
"","270","[API] Update user should return 200_OK when send update user request with valid data. Case: 'address2' length = min + 1","tests.api.user","Mon Mar 30 06:17:13 UTC 2026","passed","Mon Mar 30 06:17:13 UTC 2026","TestUpdateUserApi","test_update_user","",""
"","3591","[WEB] Sign up with valid data. Case: 'mobile_number' length = max - 1","tests.web.component.auth","Mon Mar 30 06:23:39 UTC 2026","passed","Mon Mar 30 06:23:43 UTC 2026","TestSignUpWeb","test_signup_component","",""
"","3333","[WEB] Sign up with valid data. Case: 'city' length = max - 1","tests.web.component.auth","Mon Mar 30 06:30:31 UTC 2026","passed","Mon Mar 30 06:30:34 UTC 2026","TestSignUpWeb","test_signup_component","",""
"","220","[API] Update user should return 200_OK when send update user request with valid data. Case: 'company' length = max - 1","tests.api.user","Mon Mar 30 06:17:10 UTC 2026","passed","Mon Mar 30 06:17:10 UTC 2026","TestUpdateUserApi","test_update_user","",""
"","5191","[WEB] Sign up with valid data. Case: 'state' length = min + 1","tests.web.component.auth","Mon Mar 30 06:28:33 UTC 2026","passed","Mon Mar 30 06:28:38 UTC 2026","TestSignUpWeb","test_signup_component","",""
"","0","[API] Create user should return 400_BAD_REQUEST when send create user request with invalid data. Case: 'email' contains domain with one letter","tests.api.user","Mon Mar 30 06:16:51 UTC 2026","skipped","Mon Mar 30 06:16:51 UTC 2026","TestCreateUserApi","test_create_user","",""
"","4671","[WEB] Sign up with valid data. Case: 'zipcode' length = max","tests.web.component.auth","Mon Mar 30 06:17:47 UTC 2026","passed","Mon Mar 30 06:17:52 UTC 2026","TestSignUpWeb","test_signup_component","",""
"","2311","[WEB Component] Image Carousel should show first image when scroll right on last image","tests.web.component.carousel","Mon Mar 30 06:39:29 UTC 2026","passed","Mon Mar 30 06:39:32 UTC 2026","TestImageCarousel","test_image_carousel","",""
"","0","[API] Update user should return 400_BAD_REQUEST when send update user request with invalid data. Case: 'first_name' length = min - 1","tests.api.user","Mon Mar 30 06:17:17 UTC 2026","skipped","Mon Mar 30 06:17:17 UTC 2026","TestUpdateUserApi","test_update_user","",""
"","0","[WEB Component] Pay with invalid card should show error message. Case: expiry year too short","tests.web.component.payment","Mon Mar 30 06:28:00 UTC 2026","skipped","Mon Mar 30 06:28:00 UTC 2026","TestPaymentComponent","test_payment_component","",""
"","0","[API] Update user should return 400_BAD_REQUEST when send update user request with invalid data. Case: 'birth_month' is invalid positive","tests.api.user","Mon Mar 30 06:17:17 UTC 2026","skipped","Mon Mar 30 06:17:17 UTC 2026","TestUpdateUserApi","test_update_user","",""
"","0","[API] Create user should return 400_BAD_REQUEST when send create user request with invalid data. Case: 'address2' length = max + 1","tests.api.user","Mon Mar 30 06:16:51 UTC 2026","skipped","Mon Mar 30 06:16:51 UTC 2026","TestCreateUserApi","test_create_user","",""
"","405","[WEB Component] Subscription component should have expected screenshot","tests.web.component.base","Mon Mar 30 06:39:06 UTC 2026","passed","Mon Mar 30 06:39:07 UTC 2026","TestSubscriptionComponent","test_subscription_component","",""
"","0","[WEB Component] Pay with invalid card should show error message. Case: expiry month only spaces","tests.web.component.payment","Mon Mar 30 06:28:00 UTC 2026","skipped","Mon Mar 30 06:28:00 UTC 2026","TestPaymentComponent","test_payment_component","",""
"","1303","[WEB Component] Should subscribe with valid email","tests.web.component.base","Mon Mar 30 06:39:25 UTC 2026","passed","Mon Mar 30 06:39:26 UTC 2026","TestSubscriptionComponent","test_subscription_component","",""
"","55","[WEB Component] Should have all products expected total price","tests.web.component.product","Mon Mar 30 06:31:47 UTC 2026","passed","Mon Mar 30 06:31:47 UTC 2026","TestProductItem","test_product_item","",""
"","132","[API] Create user should return 200_OK when send create user request with valid data. Case: 'city' length = min","tests.api.user","Mon Mar 30 06:17:04 UTC 2026","passed","Mon Mar 30 06:17:04 UTC 2026","TestCreateUserApi","test_create_user","",""
"","0","[WEB] Should not add product review with invalid data. Case: 'email' contains text before username","tests.web.component.review","Mon Mar 30 06:35:57 UTC 2026","skipped","Mon Mar 30 06:35:57 UTC 2026","TestReviewComponent","test_review_component","",""
"","0","[API] Update user should return 400_BAD_REQUEST when send update user request with invalid data. Case: 'email' contains '-' after '@'","tests.api.user","Mon Mar 30 06:17:17 UTC 2026","skipped","Mon Mar 30 06:17:17 UTC 2026","TestUpdateUserApi","test_update_user","",""
"","3561","[WEB] Sign up with valid data. Case: 'city' length = min","tests.web.component.auth","Mon Mar 30 06:29:46 UTC 2026","passed","Mon Mar 30 06:29:50 UTC 2026","TestSignUpWeb","test_signup_component","",""
"","2032","[WEB] Should add product review with valid data. Case: 'message' length = max - 1","tests.web.component.review","Mon Mar 30 06:35:34 UTC 2026","passed","Mon Mar 30 06:35:36 UTC 2026","TestReviewComponent","test_review_component","",""
"","0","[API] Update user should return 400_BAD_REQUEST when send update user request with invalid data. Case: 'zipcode' is absent","tests.api.user","Mon Mar 30 06:17:16 UTC 2026","skipped","Mon Mar 30 06:17:16 UTC 2026","TestUpdateUserApi","test_update_user","",""
"","536","[WEB] Should add product review with valid data. Case: 'message' length = min","tests.web.component.review","Mon Mar 30 06:37:10 UTC 2026","passed","Mon Mar 30 06:37:10 UTC 2026","TestReviewComponent","test_review_component","",""
"","0","[WEB] Sign up with invalid data. Case: 'address2' length = max","tests.web.component.auth","Mon Mar 30 06:17:52 UTC 2026","skipped","Mon Mar 30 06:17:52 UTC 2026","TestSignUpWeb","test_signup_component","",""
"","0","[API] Update user should return 400_BAD_REQUEST when send update user request with invalid data. Case: 'mobile_number' has invalid format","tests.api.user","Mon Mar 30 06:17:17 UTC 2026","skipped","Mon Mar 30 06:17:17 UTC 2026","TestUpdateUserApi","test_update_user","",""
"","194","[API] Update user should return 200_OK when send update user request with valid data. Case: 'name' length = min + 1","tests.api.user","Mon Mar 30 06:16:55 UTC 2026","passed","Mon Mar 30 06:16:55 UTC 2026","TestUpdateUserApi","test_update_user","",""
"","0","[API] Update user should return 400_BAD_REQUEST when send update user request with invalid data. Case: 'name' length = max + 1","tests.api.user","Mon Mar 30 06:17:17 UTC 2026","skipped","Mon Mar 30 06:17:17 UTC 2026","TestUpdateUserApi","test_update_user","",""
"","0","[API] Create user should return 400_BAD_REQUEST when send create user request with invalid data. Case: 'state' length = max + 1","tests.api.user","Mon Mar 30 06:16:51 UTC 2026","skipped","Mon Mar 30 06:16:51 UTC 2026","TestCreateUserApi","test_create_user","",""
"","1208","[WEB Component] Add product notification should have expected data and screenshot","tests.web.component.base","Mon Mar 30 06:38:04 UTC 2026","passed","Mon Mar 30 06:38:06 UTC 2026","TestNotificationComponent","test_notification_component","",""
"","0","[API] Update user should return 400_BAD_REQUEST when send update user request with invalid data. Case: 'state' is empty","tests.api.user","Mon Mar 30 06:17:17 UTC 2026","skipped","Mon Mar 30 06:17:17 UTC 2026","TestUpdateUserApi","test_update_user","",""
"","190","[API] Update user should return 200_OK when send update user request with valid data. Case: 'first_name' length = max - 1","tests.api.user","Mon Mar 30 06:16:58 UTC 2026","passed","Mon Mar 30 06:16:58 UTC 2026","TestUpdateUserApi","test_update_user","",""
"","0","[WEB] Sign up with invalid data. Case: 'birth_year' = 10000","tests.web.component.auth","Mon Mar 30 06:17:52 UTC 2026","skipped","Mon Mar 30 06:17:52 UTC 2026","TestSignUpWeb","test_signup_component","",""
"","0","[WEB] Sign up with invalid data. Case: 'birth_day' = 1","tests.web.component.auth","Mon Mar 30 06:17:52 UTC 2026","skipped","Mon Mar 30 06:17:52 UTC 2026","TestSignUpWeb","test_signup_component","",""
"","0","[API] Create user should return 400_BAD_REQUEST when send create user request with invalid data. Case: 'birth_day' is zero","tests.api.user","Mon Mar 30 06:16:51 UTC 2026","skipped","Mon Mar 30 06:16:51 UTC 2026","TestCreateUserApi","test_create_user","",""
"","0","[WEB] Sign up with invalid data. Case: 'address2' length = min","tests.web.component.auth","Mon Mar 30 06:17:52 UTC 2026","skipped","Mon Mar 30 06:17:52 UTC 2026","TestSignUpWeb","test_signup_component","",""
"","131","[API] Create user should return 200_OK when send create user request with valid data. Case: 'birth_month' = 1","tests.api.user","Mon Mar 30 06:17:00 UTC 2026","passed","Mon Mar 30 06:17:00 UTC 2026","TestCreateUserApi","test_create_user","",""
"","655","[WEB] Should add product review with valid data. Case: 'email' username is numerical","tests.web.component.review","Mon Mar 30 06:35:29 UTC 2026","passed","Mon Mar 30 06:35:30 UTC 2026","TestReviewComponent","test_review_component","",""
"","0","[WEB] Should not add product review with invalid data. Case: 'email' is empty","tests.web.component.review","Mon Mar 30 06:35:57 UTC 2026","skipped","Mon Mar 30 06:35:57 UTC 2026","TestReviewComponent","test_review_component","",""
"","132","[API] Create user should return 200_OK when send create user request with valid data. Case: 'company' length = max - 1","tests.api.user","Mon Mar 30 06:17:02 UTC 2026","passed","Mon Mar 30 06:17:02 UTC 2026","TestCreateUserApi","test_create_user","",""
"","930","[WEB Component] Brand filter should have expected screenshot","tests.web.component.filter","Mon Mar 30 06:41:21 UTC 2026","passed","Mon Mar 30 06:41:21 UTC 2026","TestBrandFilter","test_brand_filter","",""
"","186","[API] Update user should return 200_OK when send update user request with valid data. Case: 'first_name' length = max","tests.api.user","Mon Mar 30 06:16:59 UTC 2026","passed","Mon Mar 30 06:16:59 UTC 2026","TestUpdateUserApi","test_update_user","",""
"","197","[API] Update user should return 200_OK when send update user request with valid data. Case: 'state' length = min","tests.api.user","Mon Mar 30 06:17:11 UTC 2026","passed","Mon Mar 30 06:17:11 UTC 2026","TestUpdateUserApi","test_update_user","",""
"","0","[API] Update user should return 400_BAD_REQUEST when send update user request with invalid data. Case: 'email' contains mail server as ip and port","tests.api.user","Mon Mar 30 06:17:17 UTC 2026","skipped","Mon Mar 30 06:17:17 UTC 2026","TestUpdateUserApi","test_update_user","",""
"","0","[API] Update user should return 400_BAD_REQUEST when send update user request with invalid data. Case: 'last_name' is empty","tests.api.user","Mon Mar 30 06:17:17 UTC 2026","skipped","Mon Mar 30 06:17:17 UTC 2026","TestUpdateUserApi","test_update_user","",""
"","0","[WEB Component] Pay with invalid card should show error message. Case: name length = min - 1","tests.web.component.payment","Mon Mar 30 06:28:00 UTC 2026","skipped","Mon Mar 30 06:28:00 UTC 2026","TestPaymentComponent","test_payment_component","",""
"","0","[WEB] Sign up with invalid data. Case: 'company' length = min","tests.web.component.auth","Mon Mar 30 06:17:52 UTC 2026","skipped","Mon Mar 30 06:17:52 UTC 2026","TestSignUpWeb","test_signup_component","",""
"","0","[WEB] Sign up with invalid data. Case: 'mobile_number' length = min","tests.web.component.auth","Mon Mar 30 06:17:52 UTC 2026","skipped","Mon Mar 30 06:17:52 UTC 2026","TestSignUpWeb","test_signup_component","",""
"","138","[API] Create user should return 200_OK when send create user request with valid data. Case: 'birth_year' = 10000","tests.api.user","Mon Mar 30 06:17:01 UTC 2026","passed","Mon Mar 30 06:17:01 UTC 2026","TestCreateUserApi","test_create_user","",""
"","0","[API] Create user should return 400_BAD_REQUEST when send create user request with invalid data. Case: 'last_name' is absent","tests.api.user","Mon Mar 30 06:16:51 UTC 2026","skipped","Mon Mar 30 06:16:51 UTC 2026","TestCreateUserApi","test_create_user","",""
"","0","[WEB] Sign up with invalid data. Case: 'birth_day' length = 31","tests.web.component.auth","Mon Mar 30 06:17:52 UTC 2026","skipped","Mon Mar 30 06:17:52 UTC 2026","TestSignUpWeb","test_signup_component","",""
"","1756","[WEB Component] Pay with valid card should show success status message. Case: valid: common latin name","tests.web.component.payment","Mon Mar 30 06:25:26 UTC 2026","passed","Mon Mar 30 06:25:27 UTC 2026","TestPaymentComponent","test_payment_component","",""
"","128","[API] Create user should return 200_OK when send create user request with valid data. Case: 'name' length = max","tests.api.user","Mon Mar 30 06:16:55 UTC 2026","passed","Mon Mar 30 06:16:55 UTC 2026","TestCreateUserApi","test_create_user","",""
"","0","[WEB] Should not add product review with invalid data. Case: 'name' length = min - 1","tests.web.component.review","Mon Mar 30 06:35:57 UTC 2026","skipped","Mon Mar 30 06:35:57 UTC 2026","TestReviewComponent","test_review_component","",""
"","1396","[WEB Component] Search filter should have expected screenshot","tests.web.component.filter","Mon Mar 30 06:41:40 UTC 2026","passed","Mon Mar 30 06:41:42 UTC 2026","TestSearchFilter","test_search_filter","",""
"","0","[WEB] Sign up with invalid data. Case: 'zipcode' length = min + 1","tests.web.component.auth","Mon Mar 30 06:17:52 UTC 2026","skipped","Mon Mar 30 06:17:52 UTC 2026","TestSignUpWeb","test_signup_component","",""
"","229","Should return user not found when user password invalid","tests.api.user","Mon Mar 30 06:17:17 UTC 2026","passed","Mon Mar 30 06:17:17 UTC 2026","TestVerifyLoginApi","test_verify_login","",""
"","1363","[WEB] Should add product review with valid data. Case: 'name' length = max - 1","tests.web.component.review","Mon Mar 30 06:33:36 UTC 2026","passed","Mon Mar 30 06:33:37 UTC 2026","TestReviewComponent","test_review_component","",""
"","133","[API] Create user should return 200_OK when send create user request with valid data. Case: 'birth_year' = 1","tests.api.user","Mon Mar 30 06:17:00 UTC 2026","passed","Mon Mar 30 06:17:00 UTC 2026","TestCreateUserApi","test_create_user","",""
"","0","[API] Update user should return 400_BAD_REQUEST when send update user request with invalid data. Case: 'mobile_number' is absent","tests.api.user","Mon Mar 30 06:17:17 UTC 2026","skipped","Mon Mar 30 06:17:17 UTC 2026","TestUpdateUserApi","test_update_user","",""
"","0","[WEB] Sign up with invalid data. Case: 'birth_month' = 1","tests.web.component.auth","Mon Mar 30 06:17:52 UTC 2026","skipped","Mon Mar 30 06:17:52 UTC 2026","TestSignUpWeb","test_signup_component","",""
"","0","[WEB Component] Pay with invalid card should show error message. Case: name contains trailing spaces","tests.web.component.payment","Mon Mar 30 06:28:00 UTC 2026","skipped","Mon Mar 30 06:28:00 UTC 2026","TestPaymentComponent","test_payment_component","",""
"","0","[API] Update user should return 400_BAD_REQUEST when send update user request with invalid data. Case: 'name' is empty","tests.api.user","Mon Mar 30 06:17:17 UTC 2026","skipped","Mon Mar 30 06:17:17 UTC 2026","TestUpdateUserApi","test_update_user","",""
"","0","[WEB Component] Pay with invalid card should show error message. Case: name contains leading spaces","tests.web.component.payment","Mon Mar 30 06:28:00 UTC 2026","skipped","Mon Mar 30 06:28:00 UTC 2026","TestPaymentComponent","test_payment_component","",""
"","0","[WEB] Sign up with invalid data. Case: 'name' length = max - 1","tests.web.component.auth","Mon Mar 30 06:17:52 UTC 2026","skipped","Mon Mar 30 06:17:52 UTC 2026","TestSignUpWeb","test_signup_component","",""
"","220","[API] Update user should return 200_OK when send update user request with valid data. Case: 'birth_day' length = 31","tests.api.user","Mon Mar 30 06:17:05 UTC 2026","passed","Mon Mar 30 06:17:05 UTC 2026","TestUpdateUserApi","test_update_user","",""
"","9966","[WEB] Sign in with valid data","tests.web.component.auth","Mon Mar 30 06:17:23 UTC 2026","passed","Mon Mar 30 06:17:33 UTC 2026","TestLoginWeb","test_login_component","",""
"","0","[API] Create user should return 400_BAD_REQUEST when send create user request with invalid data. Case: 'city' is absent","tests.api.user","Mon Mar 30 06:16:51 UTC 2026","skipped","Mon Mar 30 06:16:51 UTC 2026","TestCreateUserApi","test_create_user","",""
"","0","[WEB Component] Pay with invalid card should show error message. Case: card number contains special characters","tests.web.component.payment","Mon Mar 30 06:28:00 UTC 2026","skipped","Mon Mar 30 06:28:00 UTC 2026","TestPaymentComponent","test_payment_component","",""
"","0","[WEB] Should not add product review with invalid data. Case: 'email' contains username hieroglyphs instead of username","tests.web.component.review","Mon Mar 30 06:35:57 UTC 2026","skipped","Mon Mar 30 06:35:57 UTC 2026","TestReviewComponent","test_review_component","",""
"","873","[WEB Component] Add product notification should be closed when click on close button","tests.web.component.base","Mon Mar 30 06:20:54 UTC 2026","passed","Mon Mar 30 06:20:55 UTC 2026","TestNotificationComponent","test_notification_component","",""
"","1871","[WEB] Should add product review with valid data. Case: 'message' length = max","tests.web.component.review","Mon Mar 30 06:35:55 UTC 2026","passed","Mon Mar 30 06:35:57 UTC 2026","TestReviewComponent","test_review_component","",""
"","5581","[WEB Component] Category filter should have expected screenshot when group expanded","tests.web.component.filter","Mon Mar 30 06:41:11 UTC 2026","failed","Mon Mar 30 06:41:17 UTC 2026","TestCategoryFilter","test_category_filter","",""
"","3564","[WEB] Sign up with valid data. Case: 'last_name' length = min + 1","tests.web.component.auth","Mon Mar 30 06:21:44 UTC 2026","passed","Mon Mar 30 06:21:48 UTC 2026","TestSignUpWeb","test_signup_component","",""
"","139","[API] Create user should return 200_OK when send create user request with valid data. Case: 'last_name' length = max - 1","tests.api.user","Mon Mar 30 06:16:57 UTC 2026","passed","Mon Mar 30 06:16:57 UTC 2026","TestCreateUserApi","test_create_user","",""
"","4865","[WEB] Sign up with valid data. Case: 'last_name' length = max - 1","tests.web.component.auth","Mon Mar 30 06:22:04 UTC 2026","passed","Mon Mar 30 06:22:09 UTC 2026","TestSignUpWeb","test_signup_component","",""
"","540","[WEB Component] Should decrease all products total price","tests.web.component.product","Mon Mar 30 06:32:34 UTC 2026","passed","Mon Mar 30 06:32:35 UTC 2026","TestProductItem","test_product_item","",""
"","0","[API] Update user should return 400_BAD_REQUEST when send update user request with invalid data. Case: 'address1' is empty","tests.api.user","Mon Mar 30 06:17:17 UTC 2026","skipped","Mon Mar 30 06:17:17 UTC 2026","TestUpdateUserApi","test_update_user","",""
"","9772","Purchase products with sign up while checkout","tests.web.e2e","Mon Mar 30 06:36:43 UTC 2026","passed","Mon Mar 30 06:36:53 UTC 2026","TestPlaceOrder","test_place_order","",""
"","0","[WEB Component] Pay with invalid card should show error message. Case: cvc too long","tests.web.component.payment","Mon Mar 30 06:28:00 UTC 2026","skipped","Mon Mar 30 06:28:00 UTC 2026","TestPaymentComponent","test_payment_component","",""
"","804","[WEB] Should have expected screenshot when send review","tests.web.component.review","Mon Mar 30 06:43:15 UTC 2026","passed","Mon Mar 30 06:43:16 UTC 2026","TestReviewComponent","test_review_component","",""
"","1763","[WEB Component] Pay with valid card should show success status message. Case: valid: expiry month max","tests.web.component.payment","Mon Mar 30 06:27:36 UTC 2026","passed","Mon Mar 30 06:27:37 UTC 2026","TestPaymentComponent","test_payment_component","",""
"","3581","[WEB] Sign up with valid data. Case: 'birth_year' = 1","tests.web.component.auth","Mon Mar 30 06:25:55 UTC 2026","passed","Mon Mar 30 06:25:58 UTC 2026","TestSignUpWeb","test_signup_component","",""
"","0","[WEB] Should not add product review with invalid data. Case: 'message' length = max","tests.web.component.review","Mon Mar 30 06:35:57 UTC 2026","skipped","Mon Mar 30 06:35:57 UTC 2026","TestReviewComponent","test_review_component","",""
"","0","[API] Update user should return 400_BAD_REQUEST when send update user request with invalid data. Case: 'birth_day' is invalid positive","tests.api.user","Mon Mar 30 06:17:17 UTC 2026","skipped","Mon Mar 30 06:17:17 UTC 2026","TestUpdateUserApi","test_update_user","",""
"","0","[WEB] Should not add product review with invalid data. Case: 'email' contains domain with one letter","tests.web.component.review","Mon Mar 30 06:35:57 UTC 2026","skipped","Mon Mar 30 06:35:57 UTC 2026","TestReviewComponent","test_review_component","",""
"","0","[API] Create user should return 400_BAD_REQUEST when send create user request with invalid data. Case: 'first_name' length = min - 1","tests.api.user","Mon Mar 30 06:16:51 UTC 2026","skipped","Mon Mar 30 06:16:51 UTC 2026","TestCreateUserApi","test_create_user","",""
"","0","[API] Create user should return 400_BAD_REQUEST when send create user request with invalid data. Case: 'zipcode' is absent","tests.api.user","Mon Mar 30 06:16:51 UTC 2026","skipped","Mon Mar 30 06:16:51 UTC 2026","TestCreateUserApi","test_create_user","",""
"","0","[API] Create user should return 400_BAD_REQUEST when send create user request with invalid data. Case: 'birth_day' is invalid positive","tests.api.user","Mon Mar 30 06:16:51 UTC 2026","skipped","Mon Mar 30 06:16:51 UTC 2026","TestCreateUserApi","test_create_user","",""
"","3513","[WEB] Sign up with valid data. Case: 'birth_month' = 12","tests.web.component.auth","Mon Mar 30 06:25:32 UTC 2026","passed","Mon Mar 30 06:25:36 UTC 2026","TestSignUpWeb","test_signup_component","",""
"","0","[WEB] Should not add product review with invalid data. Case: 'email' contains mail server as ip and port","tests.web.component.review","Mon Mar 30 06:35:57 UTC 2026","skipped","Mon Mar 30 06:35:57 UTC 2026","TestReviewComponent","test_review_component","",""
"","3491","[WEB] Sign up with valid data. Case: 'birth_year' = 10000","tests.web.component.auth","Mon Mar 30 06:26:17 UTC 2026","passed","Mon Mar 30 06:26:21 UTC 2026","TestSignUpWeb","test_signup_component","",""
"","0","[WEB] Sign up with invalid data. Case: 'company' length = min + 1","tests.web.component.auth","Mon Mar 30 06:17:52 UTC 2026","skipped","Mon Mar 30 06:17:52 UTC 2026","TestSignUpWeb","test_signup_component","",""
"","0","[API] Create user should return 400_BAD_REQUEST when send create user request with invalid data. Case: 'company' is empty","tests.api.user","Mon Mar 30 06:16:51 UTC 2026","skipped","Mon Mar 30 06:16:51 UTC 2026","TestCreateUserApi","test_create_user","",""
"","3606","[WEB] Sign up with valid data. Case: 'state' length = min","tests.web.component.auth","Mon Mar 30 06:28:10 UTC 2026","passed","Mon Mar 30 06:28:14 UTC 2026","TestSignUpWeb","test_signup_component","",""
"","0","[WEB] Should not add product review with invalid data. Case: 'message' length = min + 1","tests.web.component.review","Mon Mar 30 06:35:57 UTC 2026","skipped","Mon Mar 30 06:35:57 UTC 2026","TestReviewComponent","test_review_component","",""
"","0","[API] Create user should return 400_BAD_REQUEST when send create user request with invalid data. Case: 'last_name' is empty","tests.api.user","Mon Mar 30 06:16:51 UTC 2026","skipped","Mon Mar 30 06:16:51 UTC 2026","TestCreateUserApi","test_create_user","",""
"","121","Get brands should return 200_OK when send get brands request","tests.api.brand","Mon Mar 30 06:16:53 UTC 2026","passed","Mon Mar 30 06:16:53 UTC 2026","TestBrandApi","test_brand","",""
"","0","[API] Update user should return 400_BAD_REQUEST when send update user request with invalid data. Case: 'state' length = max + 1","tests.api.user","Mon Mar 30 06:17:17 UTC 2026","skipped","Mon Mar 30 06:17:17 UTC 2026","TestUpdateUserApi","test_update_user","",""
"","0","[API] Update user should return 400_BAD_REQUEST when send update user request with invalid data. Case: 'mobile_number' length = max + 1","tests.api.user","Mon Mar 30 06:17:17 UTC 2026","skipped","Mon Mar 30 06:17:17 UTC 2026","TestUpdateUserApi","test_update_user","",""
"","0","[API] Update user should return 400_BAD_REQUEST when send update user request with invalid data. Case: 'company' length = max + 1","tests.api.user","Mon Mar 30 06:17:17 UTC 2026","skipped","Mon Mar 30 06:17:17 UTC 2026","TestUpdateUserApi","test_update_user","",""
"","0","[WEB Component] Pay with invalid card should show error message. Case: expiry year contains letters","tests.web.component.payment","Mon Mar 30 06:28:00 UTC 2026","skipped","Mon Mar 30 06:28:00 UTC 2026","TestPaymentComponent","test_payment_component","",""
"","131","[API] Create user should return 200_OK when send create user request with valid data. Case: 'state' length = min","tests.api.user","Mon Mar 30 06:17:02 UTC 2026","passed","Mon Mar 30 06:17:03 UTC 2026","TestCreateUserApi","test_create_user","",""
"","0","[API] Create user should return 400_BAD_REQUEST when send create user request with invalid data. Case: 'mobile_number' is empty","tests.api.user","Mon Mar 30 06:16:51 UTC 2026","skipped","Mon Mar 30 06:16:51 UTC 2026","TestCreateUserApi","test_create_user","",""
"","0","[API] Update user should return 400_BAD_REQUEST when send update user request with invalid data. Case: 'email' contains invalid top level domain web","tests.api.user","Mon Mar 30 06:17:17 UTC 2026","skipped","Mon Mar 30 06:17:17 UTC 2026","TestUpdateUserApi","test_update_user","",""
"","0","[API] Update user should return 400_BAD_REQUEST when send update user request with invalid data. Case: 'birth_day' is negative","tests.api.user","Mon Mar 30 06:17:17 UTC 2026","skipped","Mon Mar 30 06:17:17 UTC 2026","TestUpdateUserApi","test_update_user","",""
"","0","[WEB] Sign up with invalid data. Case: 'mobile_number' length = min + 1","tests.web.component.auth","Mon Mar 30 06:17:52 UTC 2026","skipped","Mon Mar 30 06:17:52 UTC 2026","TestSignUpWeb","test_signup_component","",""
"","756","[WEB] Should add product review with valid data. Case: 'email' contains subdomain","tests.web.component.review","Mon Mar 30 06:34:35 UTC 2026","passed","Mon Mar 30 06:34:36 UTC 2026","TestReviewComponent","test_review_component","",""
"","266","[API] Delete user should return 404_NOT_FOUND when send delete user request and user not exists","tests.api.user","Mon Mar 30 06:16:53 UTC 2026","passed","Mon Mar 30 06:16:53 UTC 2026","TestDeleteUserApi","test_delete_user","",""
"","0","[WEB Component] Pay with invalid card should show error message. Case: name length = max + 1","tests.web.component.payment","Mon Mar 30 06:28:00 UTC 2026","skipped","Mon Mar 30 06:28:00 UTC 2026","TestPaymentComponent","test_payment_component","",""
"","6291","[WEB] Sign up with valid data. Case: 'zipcode' length = max - 1","tests.web.component.auth","Mon Mar 30 06:17:22 UTC 2026","passed","Mon Mar 30 06:17:28 UTC 2026","TestSignUpWeb","test_signup_component","",""
"","219","[API] Update user should return 200_OK when send update user request with valid data. Case: 'birth_year' = 10000","tests.api.user","Mon Mar 30 06:17:08 UTC 2026","passed","Mon Mar 30 06:17:08 UTC 2026","TestUpdateUserApi","test_update_user","",""
"","4539","[WEB] Sign up with valid data. Case: 'last_name' length = max","tests.web.component.auth","Mon Mar 30 06:22:29 UTC 2026","passed","Mon Mar 30 06:22:34 UTC 2026","TestSignUpWeb","test_signup_component","",""
"","0","[API] Update user should return 400_BAD_REQUEST when send update user request with invalid data. Case: 'email' contains only special symbols","tests.api.user","Mon Mar 30 06:17:17 UTC 2026","skipped","Mon Mar 30 06:17:17 UTC 2026","TestUpdateUserApi","test_update_user","",""
"","1791","[WEB Component] Pay with valid card should show success status message. Case: valid name contains multiple spaces","tests.web.component.payment","Mon Mar 30 06:25:47 UTC 2026","passed","Mon Mar 30 06:25:49 UTC 2026","TestPaymentComponent","test_payment_component","",""
"","1048","[WEB Component] Product details should have expected data","tests.web.component.product","Mon Mar 30 06:42:51 UTC 2026","passed","Mon Mar 30 06:42:52 UTC 2026","TestProductCard","test_product_details_component","",""
"","210","[API] Update user should return 200_OK when send update user request with valid data. Case: 'city' length = max","tests.api.user","Mon Mar 30 06:17:16 UTC 2026","passed","Mon Mar 30 06:17:16 UTC 2026","TestUpdateUserApi","test_update_user","",""
"","3440","[WEB] Sign up with valid data. Case: 'company' length = min + 1","tests.web.component.auth","Mon Mar 30 06:27:02 UTC 2026","passed","Mon Mar 30 06:27:06 UTC 2026","TestSignUpWeb","test_signup_component","",""
"","4802","[WEB] Sign up with valid data. Case: 'address2' length = min","tests.web.component.auth","Mon Mar 30 06:32:52 UTC 2026","passed","Mon Mar 30 06:32:57 UTC 2026","TestSignUpWeb","test_signup_component","",""
"","0","[WEB Component] Pay with invalid card should show error message. Case: cvc too short","tests.web.component.payment","Mon Mar 30 06:28:00 UTC 2026","skipped","Mon Mar 30 06:28:00 UTC 2026","TestPaymentComponent","test_payment_component","",""
"","3555","[WEB] Sign up with valid data. Case: 'address2' length = max - 1","tests.web.component.auth","Mon Mar 30 06:33:40 UTC 2026","passed","Mon Mar 30 06:33:44 UTC 2026","TestSignUpWeb","test_signup_component","",""
"","241","[API] Update user should return 200_OK when send update user request with valid data. Case: 'last_name' length = min","tests.api.user","Mon Mar 30 06:16:59 UTC 2026","passed","Mon Mar 30 06:16:59 UTC 2026","TestUpdateUserApi","test_update_user","",""
"","0","[API] Update user should return 400_BAD_REQUEST when send update user request with invalid data. Case: 'birth_month' is absent","tests.api.user","Mon Mar 30 06:17:17 UTC 2026","skipped","Mon Mar 30 06:17:17 UTC 2026","TestUpdateUserApi","test_update_user","",""
"","0","[API] Update user should return 400_BAD_REQUEST when send update user request with invalid data. Case: 'email' not contains username","tests.api.user","Mon Mar 30 06:17:17 UTC 2026","skipped","Mon Mar 30 06:17:17 UTC 2026","TestUpdateUserApi","test_update_user","",""
"","0","[API] Create user should return 400_BAD_REQUEST when send create user request with invalid data. Case: 'address2' length = min - 1","tests.api.user","Mon Mar 30 06:16:51 UTC 2026","skipped","Mon Mar 30 06:16:51 UTC 2026","TestCreateUserApi","test_create_user","",""
"","0","[API] Create user should return 400_BAD_REQUEST when send create user request with invalid data. Case: 'email' contains multiple '@' symbols","tests.api.user","Mon Mar 30 06:16:51 UTC 2026","skipped","Mon Mar 30 06:16:51 UTC 2026","TestCreateUserApi","test_create_user","",""
"","0","[WEB] Sign up with invalid data. Case: 'state' length = max - 1","tests.web.component.auth","Mon Mar 30 06:17:52 UTC 2026","skipped","Mon Mar 30 06:17:52 UTC 2026","TestSignUpWeb","test_signup_component","",""
"","0","[API] Update user should return 400_BAD_REQUEST when send update user request with invalid data. Case: 'address2' length = min - 1","tests.api.user","Mon Mar 30 06:17:16 UTC 2026","skipped","Mon Mar 30 06:17:16 UTC 2026","TestUpdateUserApi","test_update_user","",""
"","126","[API] Create user should return 200_OK when send create user request with valid data. Case: 'address2' length = min + 1","tests.api.user","Mon Mar 30 06:17:07 UTC 2026","passed","Mon Mar 30 06:17:07 UTC 2026","TestCreateUserApi","test_create_user","",""
"","0","[WEB] Sign up with invalid data. Case: 'address1' length = min","tests.web.component.auth","Mon Mar 30 06:17:52 UTC 2026","skipped","Mon Mar 30 06:17:52 UTC 2026","TestSignUpWeb","test_signup_component","",""
"","0","[WEB Component] Pay with invalid card should show error message. Case: expiry month = 13","tests.web.component.payment","Mon Mar 30 06:28:00 UTC 2026","skipped","Mon Mar 30 06:28:00 UTC 2026","TestPaymentComponent","test_payment_component","",""
"","159","[API] Create user should return 200_OK when send create user request with valid data. Case: 'address2' length = max - 1","tests.api.user","Mon Mar 30 06:17:07 UTC 2026","passed","Mon Mar 30 06:17:07 UTC 2026","TestCreateUserApi","test_create_user","",""
"","0","[WEB] Sign up with invalid data. Case: 'birth_year' = 1","tests.web.component.auth","Mon Mar 30 06:17:52 UTC 2026","skipped","Mon Mar 30 06:17:52 UTC 2026","TestSignUpWeb","test_signup_component","",""
"","219","[API] Update user should return 200_OK when send update user request with valid data. Case: 'address2' length = max","tests.api.user","Mon Mar 30 06:17:14 UTC 2026","passed","Mon Mar 30 06:17:14 UTC 2026","TestUpdateUserApi","test_update_user","",""
"","184","[API] Update user should return 200_OK when send update user request with valid data. Case: 'last_name' length = min + 1","tests.api.user","Mon Mar 30 06:17:00 UTC 2026","passed","Mon Mar 30 06:17:00 UTC 2026","TestUpdateUserApi","test_update_user","",""
"","0","[API] Update user should return 400_BAD_REQUEST when send update user request with invalid data. Case: 'city' is absent","tests.api.user","Mon Mar 30 06:17:17 UTC 2026","skipped","Mon Mar 30 06:17:17 UTC 2026","TestUpdateUserApi","test_update_user","",""
"","0","[WEB] Sign up with invalid data. Case: 'state' length = min + 1","tests.web.component.auth","Mon Mar 30 06:17:52 UTC 2026","skipped","Mon Mar 30 06:17:52 UTC 2026","TestSignUpWeb","test_signup_component","",""
"","539","[WEB] Sign in with invalid credentials. Case: {case_title}","tests.web.component.auth","Mon Mar 30 06:17:54 UTC 2026","passed","Mon Mar 30 06:17:54 UTC 2026","TestLoginWeb","test_login_component","",""
"","0","[API] Update user should return 400_BAD_REQUEST when send update user request with invalid data. Case: 'birth_year' is zero","tests.api.user","Mon Mar 30 06:17:17 UTC 2026","skipped","Mon Mar 30 06:17:17 UTC 2026","TestUpdateUserApi","test_update_user","",""
"","0","[WEB Component] Pay with invalid card should show error message. Case: card number all zeros","tests.web.component.payment","Mon Mar 30 06:28:00 UTC 2026","skipped","Mon Mar 30 06:28:00 UTC 2026","TestPaymentComponent","test_payment_component","",""
"","2367","[WEB Component] Brand filter should filters products by brand","tests.web.component.filter","Mon Mar 30 06:22:08 UTC 2026","passed","Mon Mar 30 06:22:10 UTC 2026","TestBrandFilter","test_brand_filter","",""
"","212","[API] Update user should return 200_OK when send update user request with valid data. Case: 'address2' length = max - 1","tests.api.user","Mon Mar 30 06:17:13 UTC 2026","passed","Mon Mar 30 06:17:14 UTC 2026","TestUpdateUserApi","test_update_user","",""
"","3413","[WEB] Sign up with valid data. Case: 'mobile_number' length = max","tests.web.component.auth","Mon Mar 30 06:24:02 UTC 2026","passed","Mon Mar 30 06:24:05 UTC 2026","TestSignUpWeb","test_signup_component","",""
"","0","[WEB Component] Pay with invalid card should show error message. Case: name contains non latin characters","tests.web.component.payment","Mon Mar 30 06:28:00 UTC 2026","skipped","Mon Mar 30 06:28:00 UTC 2026","TestPaymentComponent","test_payment_component","",""
"","3589","[WEB] Sign up with valid data. Case: 'last_name' length = min","tests.web.component.auth","Mon Mar 30 06:21:21 UTC 2026","passed","Mon Mar 30 06:21:25 UTC 2026","TestSignUpWeb","test_signup_component","",""
"","0","[API] Create user should return 400_BAD_REQUEST when send create user request with invalid data. Case: 'birth_month' is negative","tests.api.user","Mon Mar 30 06:16:51 UTC 2026","skipped","Mon Mar 30 06:16:51 UTC 2026","TestCreateUserApi","test_create_user","",""
"","0","[API] Update user should return 400_BAD_REQUEST when send update user request with invalid data. Case: 'city' is empty","tests.api.user","Mon Mar 30 06:17:17 UTC 2026","skipped","Mon Mar 30 06:17:17 UTC 2026","TestUpdateUserApi","test_update_user","",""
"","0","[API] Create user should return 400_BAD_REQUEST when send create user request with invalid data. Case: 'address1' length = min - 1","tests.api.user","Mon Mar 30 06:16:51 UTC 2026","skipped","Mon Mar 30 06:16:51 UTC 2026","TestCreateUserApi","test_create_user","",""
"","709","[WEB] Should add product review with valid data. Case: 'email' username contains '+'","tests.web.component.review","Mon Mar 30 06:35:15 UTC 2026","passed","Mon Mar 30 06:35:15 UTC 2026","TestReviewComponent","test_review_component","",""
"","3469","[WEB] Sign up with valid data. Case: 'birth_month' = 1","tests.web.component.auth","Mon Mar 30 06:25:10 UTC 2026","passed","Mon Mar 30 06:25:13 UTC 2026","TestSignUpWeb","test_signup_component","",""
"","743","[WEB] Should add product review with valid data. Case: 'name' length = min + 1","tests.web.component.review","Mon Mar 30 06:33:16 UTC 2026","passed","Mon Mar 30 06:33:17 UTC 2026","TestReviewComponent","test_review_component","",""
"","0","[WEB] Should not add product review with invalid data. Case: 'message' length = min","tests.web.component.review","Mon Mar 30 06:35:57 UTC 2026","skipped","Mon Mar 30 06:35:57 UTC 2026","TestReviewComponent","test_review_component","",""
"","0","[API] Create user should return 400_BAD_REQUEST when send create user request with invalid data. Case: 'email' contains invalid top level domain web","tests.api.user","Mon Mar 30 06:16:51 UTC 2026","skipped","Mon Mar 30 06:16:51 UTC 2026","TestCreateUserApi","test_create_user","",""
"","749","[WEB] Should add product review with valid data. Case: 'email' username contains '-'","tests.web.component.review","Mon Mar 30 06:35:10 UTC 2026","passed","Mon Mar 30 06:35:10 UTC 2026","TestReviewComponent","test_review_component","",""
"","0","[API] Create user should return 400_BAD_REQUEST when send create user request with invalid data. Case: 'email' not contains username","tests.api.user","Mon Mar 30 06:16:51 UTC 2026","skipped","Mon Mar 30 06:16:51 UTC 2026","TestCreateUserApi","test_create_user","",""
"","206","[API] Update user should return 200_OK when send update user request with valid data. Case: 'company' length = min","tests.api.user","Mon Mar 30 06:17:08 UTC 2026","passed","Mon Mar 30 06:17:09 UTC 2026","TestUpdateUserApi","test_update_user","",""
"","0","[WEB] Sign up with invalid data. Case: 'zipcode' length = max - 1","tests.web.component.auth","Mon Mar 30 06:17:52 UTC 2026","skipped","Mon Mar 30 06:17:52 UTC 2026","TestSignUpWeb","test_signup_component","",""
"","0","[API] Create user should return 400_BAD_REQUEST when send create user request with invalid data. Case: 'name' is empty","tests.api.user","Mon Mar 30 06:17:09 UTC 2026","skipped","Mon Mar 30 06:17:09 UTC 2026","TestCreateUserApi","test_create_user","",""
"","0","[WEB] Sign up with invalid data. Case: 'city' length = min","tests.web.component.auth","Mon Mar 30 06:17:52 UTC 2026","skipped","Mon Mar 30 06:17:52 UTC 2026","TestSignUpWeb","test_signup_component","",""
"","0","[WEB] Sign up with invalid data. Case: 'last_name' length = max - 1","tests.web.component.auth","Mon Mar 30 06:17:52 UTC 2026","skipped","Mon Mar 30 06:17:52 UTC 2026","TestSignUpWeb","test_signup_component","",""
"","1795","[WEB Component] Pay with valid card should show success status message. Case: valid: future year","tests.web.component.payment","Mon Mar 30 06:27:57 UTC 2026","passed","Mon Mar 30 06:27:59 UTC 2026","TestPaymentComponent","test_payment_component","",""
"","1354","[WEB Component] Place order without authorization notification should have expected data and screenshot","tests.web.component.base","Mon Mar 30 06:38:25 UTC 2026","passed","Mon Mar 30 06:38:27 UTC 2026","TestNotificationComponent","test_notification_component","",""
"","934","[WEB Component] Category filter should have expected screenshot when collapsed","tests.web.component.filter","Mon Mar 30 06:40:52 UTC 2026","passed","Mon Mar 30 06:40:52 UTC 2026","TestCategoryFilter","test_category_filter","",""
"","0","[WEB Component] Pay with invalid card should show error message. Case: card number too short","tests.web.component.payment","Mon Mar 30 06:28:00 UTC 2026","skipped","Mon Mar 30 06:28:00 UTC 2026","TestPaymentComponent","test_payment_component","",""
"","651","[WEB Component] Should increase all products total price","tests.web.component.product","Mon Mar 30 06:32:10 UTC 2026","passed","Mon Mar 30 06:32:11 UTC 2026","TestProductItem","test_product_item","",""
"","1025","[WEB Component] Should not add negative products count to cart when click on add to cart button","tests.web.component.product","Mon Mar 30 06:30:19 UTC 2026","passed","Mon Mar 30 06:30:20 UTC 2026","TestProductCard","test_product_details_component","",""
"","133","[API] Create user should return 200_OK when send create user request with valid data. Case: 'mobile_number' length = max - 1","tests.api.user","Mon Mar 30 06:16:58 UTC 2026","passed","Mon Mar 30 06:16:58 UTC 2026","TestCreateUserApi","test_create_user","",""
"","0","[WEB] Sign up with invalid data. Case: 'first_name' length = min + 1","tests.web.component.auth","Mon Mar 30 06:17:52 UTC 2026","skipped","Mon Mar 30 06:17:52 UTC 2026","TestSignUpWeb","test_signup_component","",""
"","0","[API] Update user should return 400_BAD_REQUEST when send update user request with invalid data. Case: 'email' contains text after domain","tests.api.user","Mon Mar 30 06:17:17 UTC 2026","skipped","Mon Mar 30 06:17:17 UTC 2026","TestUpdateUserApi","test_update_user","",""
"","1298","[WEB Component] Should add product to cart when click on add to cart button","tests.web.component.product","Mon Mar 30 06:29:59 UTC 2026","passed","Mon Mar 30 06:30:00 UTC 2026","TestProductCard","test_product_details_component","",""
"","214","[API] Update user should return 200_OK when send update user request with valid data. Case: 'address1' length = min","tests.api.user","Mon Mar 30 06:17:09 UTC 2026","passed","Mon Mar 30 06:17:10 UTC 2026","TestUpdateUserApi","test_update_user","",""
"","0","[WEB Component] Pay with invalid card should show error message. Case: card number only spaces","tests.web.component.payment","Mon Mar 30 06:28:00 UTC 2026","skipped","Mon Mar 30 06:28:00 UTC 2026","TestPaymentComponent","test_payment_component","",""
"","3549","[WEB] Sign up with valid data. Case: 'company' length = min","tests.web.component.auth","Mon Mar 30 06:26:40 UTC 2026","passed","Mon Mar 30 06:26:43 UTC 2026","TestSignUpWeb","test_signup_component","",""
"","0","[WEB Component] Pay with invalid card should show error message. Case: card number contains spaces","tests.web.component.payment","Mon Mar 30 06:28:00 UTC 2026","skipped","Mon Mar 30 06:28:00 UTC 2026","TestPaymentComponent","test_payment_component","",""
"","0","[WEB Component] Pay with invalid card should show error message. Case: card number fails luhn check","tests.web.component.payment","Mon Mar 30 06:28:00 UTC 2026","skipped","Mon Mar 30 06:28:00 UTC 2026","TestPaymentComponent","test_payment_component","",""
"","212","[API] Update user should return 200_OK when send update user request with valid data. Case: 'name' length = min","tests.api.user","Mon Mar 30 06:16:54 UTC 2026","passed","Mon Mar 30 06:16:54 UTC 2026","TestUpdateUserApi","test_update_user","",""
"","142","[API] Create user should return 200_OK when send create user request with valid data. Case: 'first_name' length = max","tests.api.user","Mon Mar 30 06:16:56 UTC 2026","passed","Mon Mar 30 06:16:56 UTC 2026","TestCreateUserApi","test_create_user","",""
"","2502","[WEB Component] Add product to cart from product carousel","tests.web.component.carousel","Mon Mar 30 06:41:06 UTC 2026","passed","Mon Mar 30 06:41:09 UTC 2026","TestProductCarousel","test_product_carousel","",""
"","0","[API] Update user should return 400_BAD_REQUEST when send update user request with invalid data. Case: 'mobile_number' length = min - 1","tests.api.user","Mon Mar 30 06:17:17 UTC 2026","skipped","Mon Mar 30 06:17:17 UTC 2026","TestUpdateUserApi","test_update_user","",""
"","182","[API] Update user should return 200_OK when send update user request with valid data. Case: 'company' length = max","tests.api.user","Mon Mar 30 06:17:10 UTC 2026","passed","Mon Mar 30 06:17:10 UTC 2026","TestUpdateUserApi","test_update_user","",""
"","0","[API] Update user should return 400_BAD_REQUEST when send update user request with invalid data. Case: 'zipcode' is empty","tests.api.user","Mon Mar 30 06:17:16 UTC 2026","skipped","Mon Mar 30 06:17:16 UTC 2026","TestUpdateUserApi","test_update_user","",""
"","130","[API] Create user should return 200_OK when send create user request with valid data. Case: 'birth_day' = 1","tests.api.user","Mon Mar 30 06:16:59 UTC 2026","passed","Mon Mar 30 06:16:59 UTC 2026","TestCreateUserApi","test_create_user","",""
"","0","[API] Update user should return 400_BAD_REQUEST when send update user request with invalid data. Case: 'city' length = min - 1","tests.api.user","Mon Mar 30 06:17:17 UTC 2026","skipped","Mon Mar 30 06:17:17 UTC 2026","TestUpdateUserApi","test_update_user","",""
"","0","[WEB] Sign up with invalid data. Case: 'address1' length = max","tests.web.component.auth","Mon Mar 30 06:17:52 UTC 2026","skipped","Mon Mar 30 06:17:52 UTC 2026","TestSignUpWeb","test_signup_component","",""
"","0","[API] Create user should return 400_BAD_REQUEST when send create user request with invalid data. Case: 'name' length = min - 1","tests.api.user","Mon Mar 30 06:17:09 UTC 2026","skipped","Mon Mar 30 06:17:09 UTC 2026","TestCreateUserApi","test_create_user","",""
"","0","[WEB Component] Pay with invalid card should show error message. Case: name contains newline","tests.web.component.payment","Mon Mar 30 06:28:00 UTC 2026","skipped","Mon Mar 30 06:28:00 UTC 2026","TestPaymentComponent","test_payment_component","",""
"","4158","[WEB] Sign up with valid data. Case: 'state' length = max","tests.web.component.auth","Mon Mar 30 06:29:23 UTC 2026","passed","Mon Mar 30 06:29:27 UTC 2026","TestSignUpWeb","test_signup_component","",""
"","240","[API] Update user should return 200_OK when send update user request with valid data. Case: 'zipcode' length = min","tests.api.user","Mon Mar 30 06:17:15 UTC 2026","passed","Mon Mar 30 06:17:15 UTC 2026","TestUpdateUserApi","test_update_user","",""
"","0","[WEB] Should not add product review with invalid data. Case: 'email' contains '-' after '@'","tests.web.component.review","Mon Mar 30 06:35:57 UTC 2026","skipped","Mon Mar 30 06:35:57 UTC 2026","TestReviewComponent","test_review_component","",""
"","0","[API] Create user should return 400_BAD_REQUEST when send create user request with invalid data. Case: 'address1' is absent","tests.api.user","Mon Mar 30 06:16:51 UTC 2026","skipped","Mon Mar 30 06:16:51 UTC 2026","TestCreateUserApi","test_create_user","",""
"","0","[WEB] Sign up with invalid data. Case: 'mobile_number' length = max","tests.web.component.auth","Mon Mar 30 06:17:52 UTC 2026","skipped","Mon Mar 30 06:17:52 UTC 2026","TestSignUpWeb","test_signup_component","",""
"","129","[API] Create user should return 200_OK when send create user request with valid data. Case: 'last_name' length = min","tests.api.user","Mon Mar 30 06:16:56 UTC 2026","passed","Mon Mar 30 06:16:57 UTC 2026","TestCreateUserApi","test_create_user","",""
"","314","[API] Get products should return 200_OK and contains expected product title","tests.api.product","Mon Mar 30 06:16:53 UTC 2026","passed","Mon Mar 30 06:16:53 UTC 2026","TestProductApi","test_product","",""
"","131","[API] Create user should return 200_OK when send create user request with valid data. Case: 'name' length = min + 1","tests.api.user","Mon Mar 30 06:16:54 UTC 2026","passed","Mon Mar 30 06:16:54 UTC 2026","TestCreateUserApi","test_create_user","",""
"","0","[API] Update user should return 400_BAD_REQUEST when send update user request with invalid data. Case: 'address1' is absent","tests.api.user","Mon Mar 30 06:17:17 UTC 2026","skipped","Mon Mar 30 06:17:17 UTC 2026","TestUpdateUserApi","test_update_user","",""
"","0","[WEB Component] Pay with invalid card should show error message. Case: name only spaces","tests.web.component.payment","Mon Mar 30 06:28:00 UTC 2026","skipped","Mon Mar 30 06:28:00 UTC 2026","TestPaymentComponent","test_payment_component","",""
"","131","[API] Create user should return 200_OK when send create user request with valid data. Case: 'birth_month' = 12","tests.api.user","Mon Mar 30 06:17:00 UTC 2026","passed","Mon Mar 30 06:17:00 UTC 2026","TestCreateUserApi","test_create_user","",""
"","137","[API] Create user should return 200_OK when send create user request with valid data. Case: 'city' length = max - 1","tests.api.user","Mon Mar 30 06:17:04 UTC 2026","passed","Mon Mar 30 06:17:04 UTC 2026","TestCreateUserApi","test_create_user","",""
"","0","[WEB] Should not add product review with invalid data. Case: 'message' length = max - 1","tests.web.component.review","Mon Mar 30 06:35:57 UTC 2026","skipped","Mon Mar 30 06:35:57 UTC 2026","TestReviewComponent","test_review_component","",""
"","4684","[WEB] Sign up with valid data. Case: 'first_name' length = min","tests.web.component.auth","Mon Mar 30 06:19:46 UTC 2026","passed","Mon Mar 30 06:19:51 UTC 2026","TestSignUpWeb","test_signup_component","",""
"","0","[API] Create user should return 400_BAD_REQUEST when send create user request with invalid data. Case: 'state' length = min - 1","tests.api.user","Mon Mar 30 06:16:51 UTC 2026","skipped","Mon Mar 30 06:16:51 UTC 2026","TestCreateUserApi","test_create_user","",""
"","0","[API] Create user should return 400_BAD_REQUEST when send create user request with invalid data. Case: 'company' length = min - 1","tests.api.user","Mon Mar 30 06:16:51 UTC 2026","skipped","Mon Mar 30 06:16:51 UTC 2026","TestCreateUserApi","test_create_user","",""
"","1385","[WEB Component] Page scroller scroll page to top","tests.web.component.base","Mon Mar 30 06:38:46 UTC 2026","passed","Mon Mar 30 06:38:47 UTC 2026","TestPageScrollerComponent","test_page_scroller_component","",""
"","3595","[WEB] Sign up with valid data. Case: 'name' length = min + 1","tests.web.component.auth","Mon Mar 30 06:18:37 UTC 2026","passed","Mon Mar 30 06:18:41 UTC 2026","TestSignUpWeb","test_signup_component","",""
"","131","[API] Create user should return 200_OK when send create user request with valid data. Case: 'first_name' length = max - 1","tests.api.user","Mon Mar 30 06:16:56 UTC 2026","passed","Mon Mar 30 06:16:56 UTC 2026","TestCreateUserApi","test_create_user","",""
"","0","[API] Update user should return 400_BAD_REQUEST when send update user request with invalid data. Case: 'company' length = min - 1","tests.api.user","Mon Mar 30 06:17:17 UTC 2026","skipped","Mon Mar 30 06:17:17 UTC 2026","TestUpdateUserApi","test_update_user","",""
"","0","[API] Update user should return 400_BAD_REQUEST when send update user request with invalid data. Case: 'email' is empty","tests.api.user","Mon Mar 30 06:17:17 UTC 2026","skipped","Mon Mar 30 06:17:17 UTC 2026","TestUpdateUserApi","test_update_user","",""
"","384","[WEB Component] Header has expected screenshot","tests.web.component.base","Mon Mar 30 06:38:49 UTC 2026","passed","Mon Mar 30 06:38:49 UTC 2026","TestHeaderComponent","test_header_component","",""
"","218","[API] Update user should return 200_OK when send update user request with valid data. Case: 'birth_month' = 12","tests.api.user","Mon Mar 30 06:17:06 UTC 2026","passed","Mon Mar 30 06:17:07 UTC 2026","TestUpdateUserApi","test_update_user","",""
"","384","[WEB Component] Delivery address has expected data","tests.web.component.address","Mon Mar 30 06:38:29 UTC 2026","passed","Mon Mar 30 06:38:29 UTC 2026","TestAddressComponent","test_address_component","",""
"","201","[API] Update user should return 200_OK when send update user request with valid data. Case: 'address1' length = max","tests.api.user","Mon Mar 30 06:17:11 UTC 2026","passed","Mon Mar 30 06:17:11 UTC 2026","TestUpdateUserApi","test_update_user","",""
"","0","[WEB Component] Pay with invalid card should show error message. Case: expiry month contains letters","tests.web.component.payment","Mon Mar 30 06:28:00 UTC 2026","skipped","Mon Mar 30 06:28:00 UTC 2026","TestPaymentComponent","test_payment_component","",""
"","127","[API] Create user should return 200_OK when send create user request with valid data. Case: 'mobile_number' length = min","tests.api.user","Mon Mar 30 06:16:58 UTC 2026","passed","Mon Mar 30 06:16:58 UTC 2026","TestCreateUserApi","test_create_user","",""
"","2433","[WEB Component] Order placed page should have expected screenshot","tests.web.component.payment","Mon Mar 30 06:42:04 UTC 2026","passed","Mon Mar 30 06:42:07 UTC 2026","TestPaymentComponent","test_invoice_file","",""
"","131","[API] Create user should return 200_OK when send create user request with valid data. Case: 'address1' length = min","tests.api.user","Mon Mar 30 06:17:05 UTC 2026","passed","Mon Mar 30 06:17:05 UTC 2026","TestCreateUserApi","test_create_user","",""
"","1400","[WEB Component] Should add product to cart when click on add to cart button multiple times","tests.web.component.product","Mon Mar 30 06:29:38 UTC 2026","passed","Mon Mar 30 06:29:40 UTC 2026","TestProductCard","test_product_details_component","",""
"","0","[API] Update user should return 400_BAD_REQUEST when send update user request with invalid data. Case: 'birth_month' is zero","tests.api.user","Mon Mar 30 06:17:17 UTC 2026","skipped","Mon Mar 30 06:17:17 UTC 2026","TestUpdateUserApi","test_update_user","",""
"","0","[WEB Component] Pay with invalid card should show error message. Case: name contains emoji","tests.web.component.payment","Mon Mar 30 06:28:00 UTC 2026","skipped","Mon Mar 30 06:28:00 UTC 2026","TestPaymentComponent","test_payment_component","",""
"","0","[API] Create user should return 400_BAD_REQUEST when send create user request with invalid data. Case: 'address1' is empty","tests.api.user","Mon Mar 30 06:16:51 UTC 2026","skipped","Mon Mar 30 06:16:51 UTC 2026","TestCreateUserApi","test_create_user","",""
"","5797","[WEB Component] Category filter group should be collapsed after collapse expanded group","tests.web.component.filter","Mon Mar 30 06:41:28 UTC 2026","passed","Mon Mar 30 06:41:34 UTC 2026","TestCategoryFilter","test_category_filter","",""
"","3651","[WEB] Sign up with valid data. Case: 'name' length = max - 1","tests.web.component.auth","Mon Mar 30 06:19:00 UTC 2026","passed","Mon Mar 30 06:19:03 UTC 2026","TestSignUpWeb","test_signup_component","",""
"","0","[WEB] Sign up with invalid data. Case: 'last_name' length = min + 1","tests.web.component.auth","Mon Mar 30 06:17:52 UTC 2026","skipped","Mon Mar 30 06:17:52 UTC 2026","TestSignUpWeb","test_signup_component","",""
"","132","[API] Create user should return 200_OK when send create user request with valid data. Case: 'state' length = max - 1","tests.api.user","Mon Mar 30 06:17:03 UTC 2026","passed","Mon Mar 30 06:17:03 UTC 2026","TestCreateUserApi","test_create_user","",""
"","0","[WEB] Should not add product review with invalid data. Case: 'email' not contains '@' symbol","tests.web.component.review","Mon Mar 30 06:35:57 UTC 2026","skipped","Mon Mar 30 06:35:57 UTC 2026","TestReviewComponent","test_review_component","",""
"","1778","[WEB Component] Pay with valid card should show success status message. Case: valid: name min length","tests.web.component.payment","Mon Mar 30 06:24:42 UTC 2026","passed","Mon Mar 30 06:24:44 UTC 2026","TestPaymentComponent","test_payment_component","",""
"","143","[API] Create user should return 200_OK when send create user request with valid data. Case: 'mobile_number' length = min + 1","tests.api.user","Mon Mar 30 06:16:58 UTC 2026","passed","Mon Mar 30 06:16:58 UTC 2026","TestCreateUserApi","test_create_user","",""
"","0","[API] Update user should return 400_BAD_REQUEST when send update user request with invalid data. Case: 'city' length = max + 1","tests.api.user","Mon Mar 30 06:17:17 UTC 2026","skipped","Mon Mar 30 06:17:17 UTC 2026","TestUpdateUserApi","test_update_user","",""
"","868","[WEB] Should add product review with valid data. Case: 'email' domain name length = 2","tests.web.component.review","Mon Mar 30 06:36:49 UTC 2026","passed","Mon Mar 30 06:36:50 UTC 2026","TestReviewComponent","test_review_component","",""
"","0","[API] Create user should return 400_BAD_REQUEST when send create user request with invalid data. Case: 'email' contains text before username","tests.api.user","Mon Mar 30 06:16:51 UTC 2026","skipped","Mon Mar 30 06:16:51 UTC 2026","TestCreateUserApi","test_create_user","",""
"","3423","[WEB] Sign up with valid data. Case: 'zipcode' length = min","tests.web.component.auth","Mon Mar 30 06:34:25 UTC 2026","passed","Mon Mar 30 06:34:28 UTC 2026","TestSignUpWeb","test_signup_component","",""
"","0","[API] Create user should return 400_BAD_REQUEST when send create user request with invalid data. Case: 'email' contains username hieroglyphs instead of username","tests.api.user","Mon Mar 30 06:16:51 UTC 2026","skipped","Mon Mar 30 06:16:51 UTC 2026","TestCreateUserApi","test_create_user","",""
"","0","[API] Update user should return 400_BAD_REQUEST when send update user request with invalid data. Case: 'email' contains multiple '@' symbols","tests.api.user","Mon Mar 30 06:17:17 UTC 2026","skipped","Mon Mar 30 06:17:17 UTC 2026","TestUpdateUserApi","test_update_user","",""
"","0","[WEB] Should not add product review with invalid data. Case: 'email' contains only special symbols","tests.web.component.review","Mon Mar 30 06:35:57 UTC 2026","skipped","Mon Mar 30 06:35:57 UTC 2026","TestReviewComponent","test_review_component","",""
"","0","[WEB] Sign up with invalid data. Case: 'name' length = min + 1","tests.web.component.auth","Mon Mar 30 06:17:52 UTC 2026","skipped","Mon Mar 30 06:17:52 UTC 2026","TestSignUpWeb","test_signup_component","",""
"","0","[API] Create user should return 400_BAD_REQUEST when send create user request with invalid data. Case: 'state' is absent","tests.api.user","Mon Mar 30 06:16:51 UTC 2026","skipped","Mon Mar 30 06:16:51 UTC 2026","TestCreateUserApi","test_create_user","",""
"","197","[API] Update user should return 200_OK when send update user request with valid data. Case: 'zipcode' length = max - 1","tests.api.user","Mon Mar 30 06:17:16 UTC 2026","passed","Mon Mar 30 06:17:16 UTC 2026","TestUpdateUserApi","test_update_user","",""
"","0","[WEB] Sign up with invalid data. Case: 'company' length = max - 1","tests.web.component.auth","Mon Mar 30 06:17:52 UTC 2026","skipped","Mon Mar 30 06:17:52 UTC 2026","TestSignUpWeb","test_signup_component","",""
"","0","[WEB] Should not add product review with invalid data. Case: 'email' contains '.' before dog symbol","tests.web.component.review","Mon Mar 30 06:35:57 UTC 2026","skipped","Mon Mar 30 06:35:57 UTC 2026","TestReviewComponent","test_review_component","",""
"","394","[WEB Component] Billing address has expected data","tests.web.component.address","Mon Mar 30 06:38:06 UTC 2026","passed","Mon Mar 30 06:38:06 UTC 2026","TestAddressComponent","test_address_component","",""
"","0","[WEB] Sign up with invalid data. Case: 'first_name' length = max - 1","tests.web.component.auth","Mon Mar 30 06:17:52 UTC 2026","skipped","Mon Mar 30 06:17:52 UTC 2026","TestSignUpWeb","test_signup_component","",""
"","4397","[WEB] Sign up with valid data. Case: 'address1' length = min + 1","tests.web.component.auth","Mon Mar 30 06:31:40 UTC 2026","passed","Mon Mar 30 06:31:44 UTC 2026","TestSignUpWeb","test_signup_component","",""
"","0","[API] Create user should return 400_BAD_REQUEST when send create user request with invalid data. Case: 'last_name' length = max + 1","tests.api.user","Mon Mar 30 06:16:51 UTC 2026","skipped","Mon Mar 30 06:16:51 UTC 2026","TestCreateUserApi","test_create_user","",""
"","0","[API] Create user should return 400_BAD_REQUEST when send create user request with invalid data. Case: 'zipcode' is empty","tests.api.user","Mon Mar 30 06:16:51 UTC 2026","skipped","Mon Mar 30 06:16:51 UTC 2026","TestCreateUserApi","test_create_user","",""
"","1137","[WEB Component] Should have expected success status message after sending contact info","tests.web.component.base","Mon Mar 30 06:21:38 UTC 2026","passed","Mon Mar 30 06:21:39 UTC 2026","TestSubscriptionComponent","test_subscription_component","",""
"","0","[API] Create user should return 400_BAD_REQUEST when send create user request with invalid data. Case: 'mobile_number' is absent","tests.api.user","Mon Mar 30 06:16:51 UTC 2026","skipped","Mon Mar 30 06:16:51 UTC 2026","TestCreateUserApi","test_create_user","",""
"","124","[API] Create user should return 200_OK when send create user request with valid data. Case: 'last_name' length = max","tests.api.user","Mon Mar 30 06:16:57 UTC 2026","passed","Mon Mar 30 06:16:58 UTC 2026","TestCreateUserApi","test_create_user","",""
"","1152","[WEB Component] Should navigate to login page by click 'Signup / Login' button","tests.web.component.base","Mon Mar 30 06:19:28 UTC 2026","passed","Mon Mar 30 06:19:30 UTC 2026","TestHeaderComponent","test_header_component","",""
"","0","[WEB] Sign up with invalid data. Case: 'zipcode' length = max","tests.web.component.auth","Mon Mar 30 06:17:52 UTC 2026","skipped","Mon Mar 30 06:17:52 UTC 2026","TestSignUpWeb","test_signup_component","",""
"","5456","Purchase products with login before checkout","tests.web.e2e","Mon Mar 30 06:37:13 UTC 2026","passed","Mon Mar 30 06:37:18 UTC 2026","TestPlaceOrder","test_place_order","",""
"","689","[WEB Component] Should navigate to products page by click 'Products' button","tests.web.component.base","Mon Mar 30 06:18:50 UTC 2026","passed","Mon Mar 30 06:18:51 UTC 2026","TestHeaderComponent","test_header_component","",""
"","0","[API] Create user should return 400_BAD_REQUEST when send create user request with invalid data. Case: 'mobile_number' length = max + 1","tests.api.user","Mon Mar 30 06:16:51 UTC 2026","skipped","Mon Mar 30 06:16:51 UTC 2026","TestCreateUserApi","test_create_user","",""
"","130","[API] Get user should return 404_NOT_FOUND when send get user request and user not exists","tests.api.user","Mon Mar 30 06:16:54 UTC 2026","passed","Mon Mar 30 06:16:54 UTC 2026","TestGetUserApi","test_get_user","",""
"","0","[WEB] Sign up with invalid data. Case: 'address2' length = max - 1","tests.web.component.auth","Mon Mar 30 06:17:52 UTC 2026","skipped","Mon Mar 30 06:17:52 UTC 2026","TestSignUpWeb","test_signup_component","",""
"","1347","[WEB Component] Product item should have expected data","tests.web.component.product","Mon Mar 30 06:43:06 UTC 2026","failed","Mon Mar 30 06:43:07 UTC 2026","TestProductItem","test_product_item","",""
"","139","[API] Create user should return 200_OK when send create user request with valid data. Case: 'mobile_number' length = max","tests.api.user","Mon Mar 30 06:16:59 UTC 2026","passed","Mon Mar 30 06:16:59 UTC 2026","TestCreateUserApi","test_create_user","",""
"","301","[API] Update user should return 200_OK when send update user request with valid data. Case: 'mobile_number' length = min","tests.api.user","Mon Mar 30 06:17:02 UTC 2026","passed","Mon Mar 30 06:17:02 UTC 2026","TestUpdateUserApi","test_update_user","",""
"","243","[API] Update user should return 200_OK when send update user request with valid data. Case: 'birth_month' = 1","tests.api.user","Mon Mar 30 06:17:06 UTC 2026","passed","Mon Mar 30 06:17:06 UTC 2026","TestUpdateUserApi","test_update_user","",""
"","4621","[WEB] Sign up with valid data. Case: 'first_name' length = min + 1","tests.web.component.auth","Mon Mar 30 06:20:11 UTC 2026","passed","Mon Mar 30 06:20:16 UTC 2026","TestSignUpWeb","test_signup_component","",""
"","137","[API] Create user should return 200_OK when send create user request with valid data. Case: 'address1' length = max","tests.api.user","Mon Mar 30 06:17:06 UTC 2026","passed","Mon Mar 30 06:17:06 UTC 2026","TestCreateUserApi","test_create_user","",""
"","221","[API] Create user should return 200_OK when send create user request with valid data. Case: 'city' length = max","tests.api.user","Mon Mar 30 06:17:05 UTC 2026","passed","Mon Mar 30 06:17:05 UTC 2026","TestCreateUserApi","test_create_user","",""
"","0","[API] Update user should return 400_BAD_REQUEST when send update user request with invalid data. Case: 'birth_month' is negative","tests.api.user","Mon Mar 30 06:17:17 UTC 2026","skipped","Mon Mar 30 06:17:17 UTC 2026","TestUpdateUserApi","test_update_user","",""
"","242","[API] Get csrf should return 200_OK when send get csrf request and contains csrf cookie","tests.api.auth","Mon Mar 30 06:16:51 UTC 2026","passed","Mon Mar 30 06:16:52 UTC 2026","TestAuthApi","test_auth","",""
"","197","[API] Update user should return 200_OK when send update user request with valid data. Case: 'mobile_number' length = min + 1","tests.api.user","Mon Mar 30 06:17:02 UTC 2026","passed","Mon Mar 30 06:17:03 UTC 2026","TestUpdateUserApi","test_update_user","",""
"","0","[API] Update user should return 400_BAD_REQUEST when send update user request with invalid data. Case: 'birth_day' is absent","tests.api.user","Mon Mar 30 06:17:17 UTC 2026","skipped","Mon Mar 30 06:17:17 UTC 2026","TestUpdateUserApi","test_update_user","",""
"","0","[WEB] Sign up with invalid data. Case: 'company' length = max","tests.web.component.auth","Mon Mar 30 06:17:52 UTC 2026","skipped","Mon Mar 30 06:17:52 UTC 2026","TestSignUpWeb","test_signup_component","",""
"","0","[API] Update user should return 400_BAD_REQUEST when send update user request with invalid data. Case: 'email' contains username hieroglyphs instead of username","tests.api.user","Mon Mar 30 06:17:17 UTC 2026","skipped","Mon Mar 30 06:17:17 UTC 2026","TestUpdateUserApi","test_update_user","",""
"","520","[WEB] Should add product review with valid data. Case: 'message' length = min + 1","tests.web.component.review","Mon Mar 30 06:37:29 UTC 2026","passed","Mon Mar 30 06:37:30 UTC 2026","TestReviewComponent","test_review_component","",""
"","0","[WEB] Sign up with invalid data. Case: 'address1' length = max - 1","tests.web.component.auth","Mon Mar 30 06:17:52 UTC 2026","skipped","Mon Mar 30 06:17:52 UTC 2026","TestSignUpWeb","test_signup_component","",""
"","0","[WEB Component] Pay with invalid card should show error message. Case: expiry year only spaces","tests.web.component.payment","Mon Mar 30 06:28:00 UTC 2026","skipped","Mon Mar 30 06:28:00 UTC 2026","TestPaymentComponent","test_payment_component","",""
"","209","[API] Update user should return 200_OK when send update user request with valid data. Case: 'birth_day' = 1","tests.api.user","Mon Mar 30 06:17:04 UTC 2026","passed","Mon Mar 30 06:17:05 UTC 2026","TestUpdateUserApi","test_update_user","",""
"","0","[API] Update user should return 400_BAD_REQUEST when send update user request with invalid data. Case: 'last_name' is absent","tests.api.user","Mon Mar 30 06:17:17 UTC 2026","skipped","Mon Mar 30 06:17:17 UTC 2026","TestUpdateUserApi","test_update_user","",""
"","3633","[WEB] Sign up with valid data. Case: 'mobile_number' length = min","tests.web.component.auth","Mon Mar 30 06:22:54 UTC 2026","passed","Mon Mar 30 06:22:57 UTC 2026","TestSignUpWeb","test_signup_component","",""
"","139","[API] Create user should return 200_OK when send create user request with valid data. Case: 'first_name' length = min","tests.api.user","Mon Mar 30 06:16:55 UTC 2026","passed","Mon Mar 30 06:16:55 UTC 2026","TestCreateUserApi","test_create_user","",""
"","0","[WEB] Should not add product review with invalid data. Case: 'email' contains text after domain","tests.web.component.review","Mon Mar 30 06:35:57 UTC 2026","skipped","Mon Mar 30 06:35:57 UTC 2026","TestReviewComponent","test_review_component","",""
"","0","[API] Create user should return 400_BAD_REQUEST when send create user request with invalid data. Case: 'email' not contains '@' symbol","tests.api.user","Mon Mar 30 06:16:51 UTC 2026","skipped","Mon Mar 30 06:16:51 UTC 2026","TestCreateUserApi","test_create_user","",""
"","120","Should return user exists when user exists with email and password","tests.api.user","Mon Mar 30 06:17:17 UTC 2026","passed","Mon Mar 30 06:17:17 UTC 2026","TestVerifyLoginApi","test_verify_login","",""
"","0","[API] Create user should return 400_BAD_REQUEST when send create user request with invalid data. Case: 'first_name' length = max + 1","tests.api.user","Mon Mar 30 06:16:51 UTC 2026","skipped","Mon Mar 30 06:16:51 UTC 2026","TestCreateUserApi","test_create_user","",""
"","1821","[WEB Component] Should increase product item quantity","tests.web.component.product","Mon Mar 30 06:31:02 UTC 2026","passed","Mon Mar 30 06:31:03 UTC 2026","TestProductItem","test_product_item","",""
"","0","[WEB] Should not add product review with invalid data. Case: 'name' is absent","tests.web.component.review","Mon Mar 30 06:35:57 UTC 2026","skipped","Mon Mar 30 06:35:57 UTC 2026","TestReviewComponent","test_review_component","",""
"","0","[API] Create user should return 400_BAD_REQUEST when send create user request with invalid data. Case: 'last_name' length = min - 1","tests.api.user","Mon Mar 30 06:16:51 UTC 2026","skipped","Mon Mar 30 06:16:51 UTC 2026","TestCreateUserApi","test_create_user","",""
"","753","[WEB] Should add product review with valid data. Case: 'email' username contains '.'","tests.web.component.review","Mon Mar 30 06:34:55 UTC 2026","passed","Mon Mar 30 06:34:56 UTC 2026","TestReviewComponent","test_review_component","",""
"","0","[API] Create user should return 400_BAD_REQUEST when send create user request with invalid data. Case: 'city' length = max + 1","tests.api.user","Mon Mar 30 06:16:51 UTC 2026","skipped","Mon Mar 30 06:16:51 UTC 2026","TestCreateUserApi","test_create_user","",""
"","1245","[WEB Component] Products Carousel should first products when scroll right on last image","tests.web.component.carousel","Mon Mar 30 06:40:47 UTC 2026","passed","Mon Mar 30 06:40:48 UTC 2026","TestProductCarousel","test_product_carousel","",""
"","572","[WEB Component] Pay with valid card should show success status message. Case: valid: expiry month min","tests.web.component.payment","Mon Mar 30 06:27:14 UTC 2026","passed","Mon Mar 30 06:27:15 UTC 2026","TestPaymentComponent","test_payment_component","",""
"","176","[API] Update user should return 200_OK when send update user request with valid data. Case: 'name' length = max - 1","tests.api.user","Mon Mar 30 06:16:55 UTC 2026","passed","Mon Mar 30 06:16:56 UTC 2026","TestUpdateUserApi","test_update_user","",""
"","0","[API] Update user should return 400_BAD_REQUEST when send update user request with invalid data. Case: 'email' is word","tests.api.user","Mon Mar 30 06:17:17 UTC 2026","skipped","Mon Mar 30 06:17:17 UTC 2026","TestUpdateUserApi","test_update_user","",""
"","1777","[WEB Component] Pay with valid card should show success status message. Case: valid: cvc typical","tests.web.component.payment","Mon Mar 30 06:26:53 UTC 2026","passed","Mon Mar 30 06:26:54 UTC 2026","TestPaymentComponent","test_payment_component","",""
"","0","[API] Update user should return 400_BAD_REQUEST when send update user request with invalid data. Case: 'zipcode' length = max + 1","tests.api.user","Mon Mar 30 06:17:16 UTC 2026","skipped","Mon Mar 30 06:17:16 UTC 2026","TestUpdateUserApi","test_update_user","",""
"","3615","[WEB] Sign up with valid data. Case: 'mobile_number' length = min + 1","tests.web.component.auth","Mon Mar 30 06:23:17 UTC 2026","passed","Mon Mar 30 06:23:20 UTC 2026","TestSignUpWeb","test_signup_component","",""
"","318","test_get_all_products","tests.api.product","Mon Mar 30 06:16:53 UTC 2026","passed","Mon Mar 30 06:16:53 UTC 2026","TestProductApi","test_product","",""
"","154","[API] Create user should return 200_OK when send create user request with valid data. Case: 'company' length = min + 1","tests.api.user","Mon Mar 30 06:17:01 UTC 2026","passed","Mon Mar 30 06:17:01 UTC 2026","TestCreateUserApi","test_create_user","",""
"","210","[API] Update user should return 200_OK when send update user request with valid data. Case: 'last_name' length = max","tests.api.user","Mon Mar 30 06:17:01 UTC 2026","passed","Mon Mar 30 06:17:01 UTC 2026","TestUpdateUserApi","test_update_user","",""
"","1305","[WEB Component] Products Carousel should show previous image when scroll left","tests.web.component.carousel","Mon Mar 30 06:39:50 UTC 2026","passed","Mon Mar 30 06:39:51 UTC 2026","TestProductCarousel","test_product_carousel","",""
"","0","[API] Update user should return 400_BAD_REQUEST when send update user request with invalid data. Case: 'name' is absent","tests.api.user","Mon Mar 30 06:17:17 UTC 2026","skipped","Mon Mar 30 06:17:17 UTC 2026","TestUpdateUserApi","test_update_user","",""
"","219","[API] Update user should return 200_OK when send update user request with valid data. Case: 'birth_year' = 1","tests.api.user","Mon Mar 30 06:17:07 UTC 2026","passed","Mon Mar 30 06:17:07 UTC 2026","TestUpdateUserApi","test_update_user","",""
"","0","[API] Create user should return 400_BAD_REQUEST when send create user request with invalid data. Case: 'email' contains '.' before dog symbol","tests.api.user","Mon Mar 30 06:16:51 UTC 2026","skipped","Mon Mar 30 06:16:51 UTC 2026","TestCreateUserApi","test_create_user","",""
"","5125","[WEB Component] Place order without authorization notification proceed to checkout button should navigate to login page","tests.web.component.base","Mon Mar 30 06:21:14 UTC 2026","passed","Mon Mar 30 06:21:19 UTC 2026","TestNotificationComponent","test_notification_component","",""
"","130","[API] Delete user should return 200_OK when send delete user request and user exists","tests.api.user","Mon Mar 30 06:16:53 UTC 2026","passed","Mon Mar 30 06:16:53 UTC 2026","TestDeleteUserApi","test_delete_user","",""
"","0","[API] Create user should return 400_BAD_REQUEST when send create user request with invalid data. Case: 'mobile_number' has invalid format","tests.api.user","Mon Mar 30 06:16:51 UTC 2026","skipped","Mon Mar 30 06:16:51 UTC 2026","TestCreateUserApi","test_create_user","",""
"","359","[WEB] Should have expected screenshot when not send review","tests.web.component.review","Mon Mar 30 06:43:10 UTC 2026","passed","Mon Mar 30 06:43:11 UTC 2026","TestReviewComponent","test_review_component","",""
"","0","[API] Create user should return 400_BAD_REQUEST when send create user request with invalid data. Case: 'email' contains mail server as ip and port","tests.api.user","Mon Mar 30 06:16:51 UTC 2026","skipped","Mon Mar 30 06:16:51 UTC 2026","TestCreateUserApi","test_create_user","",""
"","10285","[WEB Component] Category filter group should be collapsed after expand another group","tests.web.component.filter","Mon Mar 30 06:41:52 UTC 2026","passed","Mon Mar 30 06:42:02 UTC 2026","TestCategoryFilter","test_category_filter","",""
"","0","[WEB Component] Pay with invalid card should show error message. Case: name is empty","tests.web.component.payment","Mon Mar 30 06:28:00 UTC 2026","skipped","Mon Mar 30 06:28:00 UTC 2026","TestPaymentComponent","test_payment_component","",""
"","0","[WEB Component] Pay with invalid card should show error message. Case: expiry month one digit","tests.web.component.payment","Mon Mar 30 06:28:00 UTC 2026","skipped","Mon Mar 30 06:28:00 UTC 2026","TestPaymentComponent","test_payment_component","",""
"","0","[WEB] Sign up with invalid data. Case: 'state' length = min","tests.web.component.auth","Mon Mar 30 06:17:52 UTC 2026","skipped","Mon Mar 30 06:17:52 UTC 2026","TestSignUpWeb","test_signup_component","",""
"","0","[WEB Component] Pay with invalid card should show error message. Case: card number is empty","tests.web.component.payment","Mon Mar 30 06:28:00 UTC 2026","skipped","Mon Mar 30 06:28:00 UTC 2026","TestPaymentComponent","test_payment_component","",""
"","4550","[WEB] Sign up with valid data. Case: 'city' length = max","tests.web.component.auth","Mon Mar 30 06:30:53 UTC 2026","passed","Mon Mar 30 06:30:58 UTC 2026","TestSignUpWeb","test_signup_component","",""
"","0","[API] Update user should return 400_BAD_REQUEST when send update user request with invalid data. Case: 'name' length = min - 1","tests.api.user","Mon Mar 30 06:17:17 UTC 2026","skipped","Mon Mar 30 06:17:17 UTC 2026","TestUpdateUserApi","test_update_user","",""
"","131","[API] Create user should return 200_OK when send create user request with valid data. Case: 'city' length = min + 1","tests.api.user","Mon Mar 30 06:17:04 UTC 2026","passed","Mon Mar 30 06:17:04 UTC 2026","TestCreateUserApi","test_create_user","",""
"","0","[API] Create user should return 400_BAD_REQUEST when send create user request with invalid data. Case: 'zipcode' has invalid format","tests.api.user","Mon Mar 30 06:16:51 UTC 2026","skipped","Mon Mar 30 06:16:51 UTC 2026","TestCreateUserApi","test_create_user","",""
"","601","[WEB Component] Should delete user name by click on 'Delete Account' button","tests.web.component.base","Mon Mar 30 06:20:13 UTC 2026","passed","Mon Mar 30 06:20:13 UTC 2026","TestHeaderComponent","test_header_component","",""
"","1367","[WEB Component] Should open product page when click on view product button","tests.web.component.product","Mon Mar 30 06:28:59 UTC 2026","passed","Mon Mar 30 06:29:00 UTC 2026","TestAnimatedProductCard","test_animated_product_card_component","",""
"","3567","[WEB] Sign up with valid data. Case: 'address2' length = min + 1","tests.web.component.auth","Mon Mar 30 06:33:17 UTC 2026","passed","Mon Mar 30 06:33:21 UTC 2026","TestSignUpWeb","test_signup_component","",""
"","0","[API] Create user should return 400_BAD_REQUEST when send create user request with invalid data. Case: 'birth_year' is negative","tests.api.user","Mon Mar 30 06:16:51 UTC 2026","skipped","Mon Mar 30 06:16:51 UTC 2026","TestCreateUserApi","test_create_user","",""
"","0","[WEB] Sign up with invalid data. Case: 'city' length = max - 1","tests.web.component.auth","Mon Mar 30 06:17:52 UTC 2026","skipped","Mon Mar 30 06:17:52 UTC 2026","TestSignUpWeb","test_signup_component","",""
"","0","[API] Update user should return 400_BAD_REQUEST when send update user request with invalid data. Case: 'email' not contains domain","tests.api.user","Mon Mar 30 06:17:17 UTC 2026","skipped","Mon Mar 30 06:17:17 UTC 2026","TestUpdateUserApi","test_update_user","",""
"","553","[WEB Component] Should navigate to main page by click on header logo","tests.web.component.base","Mon Mar 30 06:18:31 UTC 2026","passed","Mon Mar 30 06:18:31 UTC 2026","TestHeaderComponent","test_header_component","",""
"","120","[API] Create user should return 200_OK when send create user request with valid data. Case: 'address2' length = max","tests.api.user","Mon Mar 30 06:17:07 UTC 2026","passed","Mon Mar 30 06:17:08 UTC 2026","TestCreateUserApi","test_create_user","",""
"","4162","[WEB] Sign up with valid data. Case: 'name' length = max","tests.web.component.auth","Mon Mar 30 06:19:22 UTC 2026","passed","Mon Mar 30 06:19:26 UTC 2026","TestSignUpWeb","test_signup_component","",""
"","2158","[WEB Component] Search filter should return all products when filter by empty query","tests.web.component.filter","Mon Mar 30 06:23:12 UTC 2026","passed","Mon Mar 30 06:23:14 UTC 2026","TestSearchFilter","test_search_filter","",""
"","210","[API] Update user should return 200_OK when send update user request with valid data. Case: 'zipcode' length = min + 1","tests.api.user","Mon Mar 30 06:17:15 UTC 2026","passed","Mon Mar 30 06:17:16 UTC 2026","TestUpdateUserApi","test_update_user","",""
"","1102","[WEB] Should add product review with valid data. Case: 'name' length = min","tests.web.component.review","Mon Mar 30 06:32:55 UTC 2026","passed","Mon Mar 30 06:32:56 UTC 2026","TestReviewComponent","test_review_component","",""
"","0","[WEB Component] Pay with invalid card should show error message. Case: expiry year too long","tests.web.component.payment","Mon Mar 30 06:28:00 UTC 2026","skipped","Mon Mar 30 06:28:00 UTC 2026","TestPaymentComponent","test_payment_component","",""
"","2258","[WEB Component] Products Carousel should show next products when scroll right","tests.web.component.carousel","Mon Mar 30 06:40:10 UTC 2026","passed","Mon Mar 30 06:40:12 UTC 2026","TestProductCarousel","test_product_carousel","",""
"","136","[API] Create user should return 200_OK when send create user request with valid data. Case: 'name' length = min","tests.api.user","Mon Mar 30 06:16:54 UTC 2026","passed","Mon Mar 30 06:16:54 UTC 2026","TestCreateUserApi","test_create_user","",""
"","0","[WEB] Sign up with invalid data. Case: 'last_name' length = max","tests.web.component.auth","Mon Mar 30 06:17:52 UTC 2026","skipped","Mon Mar 30 06:17:52 UTC 2026","TestSignUpWeb","test_signup_component","",""
"","3693","[WEB] Sign up with valid data. Case: 'first_name' length = max","tests.web.component.auth","Mon Mar 30 06:20:59 UTC 2026","passed","Mon Mar 30 06:21:02 UTC 2026","TestSignUpWeb","test_signup_component","",""
"","0","[WEB Component] Pay with invalid card should show error message. Case: name contains digits","tests.web.component.payment","Mon Mar 30 06:28:00 UTC 2026","skipped","Mon Mar 30 06:28:00 UTC 2026","TestPaymentComponent","test_payment_component","",""
"","201","[API] Update user should return 200_OK when send update user request with valid data. Case: 'company' length = min + 1","tests.api.user","Mon Mar 30 06:17:09 UTC 2026","passed","Mon Mar 30 06:17:09 UTC 2026","TestUpdateUserApi","test_update_user","",""
"","135","[API] Update user should return 404_BAD_REQUEST when send update user request with not existing email","tests.api.user","Mon Mar 30 06:17:16 UTC 2026","passed","Mon Mar 30 06:17:16 UTC 2026","TestUpdateUserApi","test_update_user","",""
"","134","[API] Create user should return 200_OK when send create user request with valid data. Case: 'state' length = max","tests.api.user","Mon Mar 30 06:17:03 UTC 2026","passed","Mon Mar 30 06:17:03 UTC 2026","TestCreateUserApi","test_create_user","",""
"","0","[WEB Component] Pay with invalid card should show error message. Case: cvc contains special characters","tests.web.component.payment","Mon Mar 30 06:28:00 UTC 2026","skipped","Mon Mar 30 06:28:00 UTC 2026","TestPaymentComponent","test_payment_component","",""
"","1847","[WEB Component] Pay with valid card should show success status message. Case: valid: 16 digits number","tests.web.component.payment","Mon Mar 30 06:26:09 UTC 2026","passed","Mon Mar 30 06:26:11 UTC 2026","TestPaymentComponent","test_payment_component","",""
"","205","[API] Update user should return 200_OK when send update user request with valid data. Case: 'address1' length = min + 1","tests.api.user","Mon Mar 30 06:17:10 UTC 2026","passed","Mon Mar 30 06:17:10 UTC 2026","TestUpdateUserApi","test_update_user","",""
"","0","[WEB] Should not add product review with invalid data. Case: 'name' length = max + 1","tests.web.component.review","Mon Mar 30 06:35:57 UTC 2026","skipped","Mon Mar 30 06:35:57 UTC 2026","TestReviewComponent","test_review_component","",""
"","4498","[WEB Component] Search filter should return empty products catalog","tests.web.component.filter","Mon Mar 30 06:23:33 UTC 2026","passed","Mon Mar 30 06:23:38 UTC 2026","TestSearchFilter","test_search_filter","",""
"","3303","[WEB Component] Image Carousel should show previous image when scroll left","tests.web.component.carousel","Mon Mar 30 06:39:44 UTC 2026","passed","Mon Mar 30 06:39:47 UTC 2026","TestImageCarousel","test_image_carousel","",""
"","0","[API] Update user should return 400_BAD_REQUEST when send update user request with invalid data. Case: 'address2' length = max + 1","tests.api.user","Mon Mar 30 06:17:16 UTC 2026","skipped","Mon Mar 30 06:17:16 UTC 2026","TestUpdateUserApi","test_update_user","",""
"","0","[API] Create user should return 400_BAD_REQUEST when send create user request with invalid data. Case: 'birth_month' is zero","tests.api.user","Mon Mar 30 06:16:51 UTC 2026","skipped","Mon Mar 30 06:16:51 UTC 2026","TestCreateUserApi","test_create_user","",""
"","0","[WEB Component] Pay with invalid card should show error message. Case: cvc all zeros","tests.web.component.payment","Mon Mar 30 06:28:00 UTC 2026","skipped","Mon Mar 30 06:28:00 UTC 2026","TestPaymentComponent","test_payment_component","",""
"","287","[API] Create user should return 200_OK when send create user request with valid data. Case: 'company' length = min","tests.api.user","Mon Mar 30 06:17:01 UTC 2026","passed","Mon Mar 30 06:17:01 UTC 2026","TestCreateUserApi","test_create_user","",""
"","3771","[WEB] Sign up with valid data. Case: 'name' length = min","tests.web.component.auth","Mon Mar 30 06:18:14 UTC 2026","passed","Mon Mar 30 06:18:18 UTC 2026","TestSignUpWeb","test_signup_component","",""
"","0","[API] Create user should return 400_BAD_REQUEST when send create user request with invalid data. Case: 'city' length = min - 1","tests.api.user","Mon Mar 30 06:16:51 UTC 2026","skipped","Mon Mar 30 06:16:51 UTC 2026","TestCreateUserApi","test_create_user","",""
"","128","[API] Create user should return 400_BAD_REQUEST when send create user request with existing email","tests.api.user","Mon Mar 30 06:16:52 UTC 2026","passed","Mon Mar 30 06:16:52 UTC 2026","TestCreateUserApi","test_create_user","",""
"","0","[API] Update user should return 400_BAD_REQUEST when send update user request with invalid data. Case: 'state' length = min - 1","tests.api.user","Mon Mar 30 06:17:17 UTC 2026","skipped","Mon Mar 30 06:17:17 UTC 2026","TestUpdateUserApi","test_update_user","",""
"","0","[API] Update user should return 400_BAD_REQUEST when send update user request with invalid data. Case: 'email' contains domain with one letter","tests.api.user","Mon Mar 30 06:17:17 UTC 2026","skipped","Mon Mar 30 06:17:17 UTC 2026","TestUpdateUserApi","test_update_user","",""
"","152","[API] Create user should return 200_OK when send create user request with valid data. Case: 'birth_day' length = 31","tests.api.user","Mon Mar 30 06:16:59 UTC 2026","passed","Mon Mar 30 06:16:59 UTC 2026","TestCreateUserApi","test_create_user","",""
"","843","[API] Login should return 200_OK when send login request with valid data and contains csrf cookie","tests.api.auth","Mon Mar 30 06:16:52 UTC 2026","passed","Mon Mar 30 06:16:53 UTC 2026","TestAuthApi","test_auth","",""
"","118","[API] Get user should return 200_OK when send get user request and user exists","tests.api.user","Mon Mar 30 06:16:53 UTC 2026","passed","Mon Mar 30 06:16:54 UTC 2026","TestGetUserApi","test_get_user","",""
"","0","[API] Update user should return 400_BAD_REQUEST when send update user request with invalid data. Case: 'email' contains '.' before dog symbol","tests.api.user","Mon Mar 30 06:17:17 UTC 2026","skipped","Mon Mar 30 06:17:17 UTC 2026","TestUpdateUserApi","test_update_user","",""
"","0","[API] Create user should return 400_BAD_REQUEST when send create user request with invalid data. Case: 'state' is empty","tests.api.user","Mon Mar 30 06:16:51 UTC 2026","skipped","Mon Mar 30 06:16:51 UTC 2026","TestCreateUserApi","test_create_user","",""
"","1811","[WEB Component] Pay with valid card should show success status message. Case: valid: boundary valid number","tests.web.component.payment","Mon Mar 30 06:26:31 UTC 2026","passed","Mon Mar 30 06:26:32 UTC 2026","TestPaymentComponent","test_payment_component","",""
"","3605","[WEB] Sign up with valid data. Case: 'company' length = max - 1","tests.web.component.auth","Mon Mar 30 06:27:25 UTC 2026","passed","Mon Mar 30 06:27:28 UTC 2026","TestSignUpWeb","test_signup_component","",""
"","0","[API] Create user should return 400_BAD_REQUEST when send create user request with invalid data. Case: 'city' is empty","tests.api.user","Mon Mar 30 06:16:51 UTC 2026","skipped","Mon Mar 30 06:16:51 UTC 2026","TestCreateUserApi","test_create_user","",""
"","0","[API] Update user should return 400_BAD_REQUEST when send update user request with invalid data. Case: 'birth_year' is negative","tests.api.user","Mon Mar 30 06:17:17 UTC 2026","skipped","Mon Mar 30 06:17:17 UTC 2026","TestUpdateUserApi","test_update_user","",""
"","1884","[WEB Component] Should navigate to contact us page by click on 'Contact us' button","tests.web.component.base","Mon Mar 30 06:20:33 UTC 2026","passed","Mon Mar 30 06:20:35 UTC 2026","TestHeaderComponent","test_header_component","",""
"","0","[API] Update user should return 400_BAD_REQUEST when send update user request with invalid data. Case: 'email' not contains '@' symbol","tests.api.user","Mon Mar 30 06:17:17 UTC 2026","skipped","Mon Mar 30 06:17:17 UTC 2026","TestUpdateUserApi","test_update_user","",""
"","538","[WEB Component] Should navigate to cart page by click 'Cart' button","tests.web.component.base","Mon Mar 30 06:19:10 UTC 2026","passed","Mon Mar 30 06:19:10 UTC 2026","TestHeaderComponent","test_header_component","",""
"","7975","Purchase products with sign up before checkout","tests.web.e2e","Mon Mar 30 06:36:16 UTC 2026","passed","Mon Mar 30 06:36:24 UTC 2026","TestPlaceOrder","test_place_order","",""
"","188","[API] Update user should return 200_OK when send update user request with valid data. Case: 'name' length = max","tests.api.user","Mon Mar 30 06:16:56 UTC 2026","passed","Mon Mar 30 06:16:56 UTC 2026","TestUpdateUserApi","test_update_user","",""
"","0","[WEB] Should not add product review with invalid data. Case: 'email' not contains username","tests.web.component.review","Mon Mar 30 06:35:57 UTC 2026","skipped","Mon Mar 30 06:35:57 UTC 2026","TestReviewComponent","test_review_component","",""
"","0","[API] Update user should return 400_BAD_REQUEST when send update user request with invalid data. Case: 'state' is absent","tests.api.user","Mon Mar 30 06:17:17 UTC 2026","skipped","Mon Mar 30 06:17:17 UTC 2026","TestUpdateUserApi","test_update_user","",""
"","0","[API] Update user should return 400_BAD_REQUEST when send update user request with invalid data. Case: 'birth_year' is invalid positive","tests.api.user","Mon Mar 30 06:17:17 UTC 2026","skipped","Mon Mar 30 06:17:17 UTC 2026","TestUpdateUserApi","test_update_user","",""
"","282","[API] Update user should return 200_OK when send update user request with valid data. Case: 'state' length = max - 1","tests.api.user","Mon Mar 30 06:17:12 UTC 2026","passed","Mon Mar 30 06:17:12 UTC 2026","TestUpdateUserApi","test_update_user","",""
"","235","[API] Update user should return 200_OK when send update user request with valid data. Case: 'city' length = max - 1","tests.api.user","Mon Mar 30 06:17:15 UTC 2026","passed","Mon Mar 30 06:17:15 UTC 2026","TestUpdateUserApi","test_update_user","",""
"","0","[WEB Component] Pay with invalid card should show error message. Case: name contains special characters","tests.web.component.payment","Mon Mar 30 06:28:00 UTC 2026","skipped","Mon Mar 30 06:28:00 UTC 2026","TestPaymentComponent","test_payment_component","",""
"","133","[API] Create user should return 200_OK when send create user request with valid data. Case: 'address1' length = min + 1","tests.api.user","Mon Mar 30 06:17:05 UTC 2026","passed","Mon Mar 30 06:17:05 UTC 2026","TestCreateUserApi","test_create_user","",""
"","0","[WEB Component] Pay with invalid card should show error message. Case: cvc only spaces","tests.web.component.payment","Mon Mar 30 06:28:00 UTC 2026","skipped","Mon Mar 30 06:28:00 UTC 2026","TestPaymentComponent","test_payment_component","",""
"","6180","[WEB Component] Can download invoice multiple times","tests.web.component.payment","Mon Mar 30 06:24:17 UTC 2026","passed","Mon Mar 30 06:24:23 UTC 2026","TestPaymentComponent","test_invoice_file","",""
"","3584","[WEB] Sign up with valid data. Case: 'company' length = max","tests.web.component.auth","Mon Mar 30 06:27:47 UTC 2026","passed","Mon Mar 30 06:27:51 UTC 2026","TestSignUpWeb","test_signup_component","",""
"","0","[API] Update user should return 400_BAD_REQUEST when send update user request with invalid data. Case: 'last_name' length = max + 1","tests.api.user","Mon Mar 30 06:17:17 UTC 2026","skipped","Mon Mar 30 06:17:17 UTC 2026","TestUpdateUserApi","test_update_user","",""
"","812","[WEB Component] Should navigate to main page by click on header logo","tests.web.component.base","Mon Mar 30 06:18:11 UTC 2026","passed","Mon Mar 30 06:18:12 UTC 2026","TestHeaderComponent","test_header_component","",""
"","0","[WEB Component] Pay with invalid card should show error message. Case: card number contains dashes","tests.web.component.payment","Mon Mar 30 06:28:00 UTC 2026","skipped","Mon Mar 30 06:28:00 UTC 2026","TestPaymentComponent","test_payment_component","",""
"","0","[API] Create user should return 400_BAD_REQUEST when send create user request with invalid data. Case: 'birth_day' is absent","tests.api.user","Mon Mar 30 06:16:51 UTC 2026","skipped","Mon Mar 30 06:16:51 UTC 2026","TestCreateUserApi","test_create_user","",""
"","142","[API] Create user should return 200_OK when send create user request with valid data. Case: 'zipcode' length = max - 1","tests.api.user","Mon Mar 30 06:17:08 UTC 2026","passed","Mon Mar 30 06:17:09 UTC 2026","TestCreateUserApi","test_create_user","",""
"","0","[API] Create user should return 400_BAD_REQUEST when send create user request with invalid data. Case: 'email' contains only special symbols","tests.api.user","Mon Mar 30 06:16:51 UTC 2026","skipped","Mon Mar 30 06:16:51 UTC 2026","TestCreateUserApi","test_create_user","",""
"","0","[WEB] Sign up with invalid data. Case: 'birth_month' = 12","tests.web.component.auth","Mon Mar 30 06:17:52 UTC 2026","skipped","Mon Mar 30 06:17:52 UTC 2026","TestSignUpWeb","test_signup_component","",""
"","0","[WEB] Should not add product review with invalid data. Case: 'email' not contains domain","tests.web.component.review","Mon Mar 30 06:35:57 UTC 2026","skipped","Mon Mar 30 06:35:57 UTC 2026","TestReviewComponent","test_review_component","",""
"","0","[API] Update user should return 400_BAD_REQUEST when send update user request with invalid data. Case: 'zipcode' length = min - 1","tests.api.user","Mon Mar 30 06:17:16 UTC 2026","skipped","Mon Mar 30 06:17:16 UTC 2026","TestUpdateUserApi","test_update_user","",""
"","464","[WEB Component] Should remove product from cart","tests.web.component.product","Mon Mar 30 06:31:25 UTC 2026","passed","Mon Mar 30 06:31:26 UTC 2026","TestProductItem","test_product_item","",""
"","0","[API] Create user should return 400_BAD_REQUEST when send create user request with invalid data. Case: 'address2' is empty","tests.api.user","Mon Mar 30 06:16:51 UTC 2026","skipped","Mon Mar 30 06:16:51 UTC 2026","TestCreateUserApi","test_create_user","",""
"","0","[API] Update user should return 400_BAD_REQUEST when send update user request with invalid data. Case: 'last_name' length = min - 1","tests.api.user","Mon Mar 30 06:17:17 UTC 2026","skipped","Mon Mar 30 06:17:17 UTC 2026","TestUpdateUserApi","test_update_user","",""
"","0","[WEB] Sign up with invalid data. Case: 'first_name' length = max","tests.web.component.auth","Mon Mar 30 06:17:52 UTC 2026","skipped","Mon Mar 30 06:17:52 UTC 2026","TestSignUpWeb","test_signup_component","",""
"","0","[WEB] Should not add product review with invalid data. Case: 'email' contains multiple '@' symbols","tests.web.component.review","Mon Mar 30 06:35:57 UTC 2026","skipped","Mon Mar 30 06:35:57 UTC 2026","TestReviewComponent","test_review_component","",""
"","0","[API] Create user should return 400_BAD_REQUEST when send create user request with invalid data. Case: 'email' contains '-' after '@'","tests.api.user","Mon Mar 30 06:16:51 UTC 2026","skipped","Mon Mar 30 06:16:51 UTC 2026","TestCreateUserApi","test_create_user","",""
"","0","[WEB] Sign up with invalid data. Case: 'name' length = min","tests.web.component.auth","Mon Mar 30 06:17:52 UTC 2026","skipped","Mon Mar 30 06:17:52 UTC 2026","TestSignUpWeb","test_signup_component","",""
"","184","[API] Update user should return 200_OK when send update user request with valid data. Case: 'first_name' length = min","tests.api.user","Mon Mar 30 06:16:57 UTC 2026","passed","Mon Mar 30 06:16:57 UTC 2026","TestUpdateUserApi","test_update_user","",""
"","0","[API] Create user should return 400_BAD_REQUEST when send create user request with invalid data. Case: 'name' length = max + 1","tests.api.user","Mon Mar 30 06:17:09 UTC 2026","skipped","Mon Mar 30 06:17:09 UTC 2026","TestCreateUserApi","test_create_user","",""
"","0","[WEB Component] Pay with invalid card should show error message. Case: cvc is empty","tests.web.component.payment","Mon Mar 30 06:28:00 UTC 2026","skipped","Mon Mar 30 06:28:00 UTC 2026","TestPaymentComponent","test_payment_component","",""
"","140","[API] Create user should return 200_OK when send create user request with valid data. Case: 'name' length = max - 1","tests.api.user","Mon Mar 30 06:16:54 UTC 2026","passed","Mon Mar 30 06:16:55 UTC 2026","TestCreateUserApi","test_create_user","",""
"","0","[API] Create user should return 400_BAD_REQUEST when send create user request with invalid data. Case: 'zipcode' length = max + 1","tests.api.user","Mon Mar 30 06:16:51 UTC 2026","skipped","Mon Mar 30 06:16:51 UTC 2026","TestCreateUserApi","test_create_user","",""
"","0","[WEB Component] Pay with invalid card should show error message. Case: card number too long","tests.web.component.payment","Mon Mar 30 06:28:00 UTC 2026","skipped","Mon Mar 30 06:28:00 UTC 2026","TestPaymentComponent","test_payment_component","",""
"","0","[API] Update user should return 400_BAD_REQUEST when send update user request with invalid data. Case: 'email' contains text before username","tests.api.user","Mon Mar 30 06:17:17 UTC 2026","skipped","Mon Mar 30 06:17:17 UTC 2026","TestUpdateUserApi","test_update_user","",""
"","902","[WEB Component] Should add product to cart when click on add to cart button","tests.web.component.product","Mon Mar 30 06:29:19 UTC 2026","passed","Mon Mar 30 06:29:20 UTC 2026","TestProductCard","test_product_card_component","",""
"","0","[API] Create user should return 400_BAD_REQUEST when send create user request with invalid data. Case: 'address1' length = max + 1","tests.api.user","Mon Mar 30 06:16:51 UTC 2026","skipped","Mon Mar 30 06:16:51 UTC 2026","TestCreateUserApi","test_create_user","",""
"","0","[API] Update user should return 400_BAD_REQUEST when send update user request with invalid data. Case: 'first_name' is empty","tests.api.user","Mon Mar 30 06:17:17 UTC 2026","skipped","Mon Mar 30 06:17:17 UTC 2026","TestUpdateUserApi","test_update_user","",""
"","0","[API] Create user should return 400_BAD_REQUEST when send create user request with invalid data. Case: 'birth_year' is invalid positive","tests.api.user","Mon Mar 30 06:16:51 UTC 2026","skipped","Mon Mar 30 06:16:51 UTC 2026","TestCreateUserApi","test_create_user","",""
"","4510","[WEB] Sign up with valid data. Case: 'address1' length = min","tests.web.component.auth","Mon Mar 30 06:31:17 UTC 2026","passed","Mon Mar 30 06:31:21 UTC 2026","TestSignUpWeb","test_signup_component","",""
"","371","[WEB Component] Payment component should have expected screenshot","tests.web.component.payment","Mon Mar 30 06:42:23 UTC 2026","passed","Mon Mar 30 06:42:24 UTC 2026","TestPaymentComponent","test_payment_component","",""
"","0","[API] Create user should return 400_BAD_REQUEST when send create user request with invalid data. Case: 'first_name' is absent","tests.api.user","Mon Mar 30 06:17:09 UTC 2026","skipped","Mon Mar 30 06:17:09 UTC 2026","TestCreateUserApi","test_create_user","",""
"","0","[API] Create user should return 400_BAD_REQUEST when send create user request with invalid data. Case: 'name' is absent","tests.api.user","Mon Mar 30 06:17:09 UTC 2026","skipped","Mon Mar 30 06:17:09 UTC 2026","TestCreateUserApi","test_create_user","",""
"","0","[WEB] Sign up with invalid data. Case: 'address2' length = min + 1","tests.web.component.auth","Mon Mar 30 06:17:52 UTC 2026","skipped","Mon Mar 30 06:17:52 UTC 2026","TestSignUpWeb","test_signup_component","",""
"","0","[API] Create user should return 400_BAD_REQUEST when send create user request with invalid data. Case: 'email' not contains domain","tests.api.user","Mon Mar 30 06:16:51 UTC 2026","skipped","Mon Mar 30 06:16:51 UTC 2026","TestCreateUserApi","test_create_user","",""
"","4708","[WEB] Sign up with valid data. Case: 'address1' length = max","tests.web.component.auth","Mon Mar 30 06:32:28 UTC 2026","passed","Mon Mar 30 06:32:33 UTC 2026","TestSignUpWeb","test_signup_component","",""
"","0","[WEB Component] Pay with invalid card should show error message. Case: expiry month = 00","tests.web.component.payment","Mon Mar 30 06:28:00 UTC 2026","skipped","Mon Mar 30 06:28:00 UTC 2026","TestPaymentComponent","test_payment_component","",""
"","224","[API] Update user should return 200_OK when send update user request with valid data. Case: 'mobile_number' length = max - 1","tests.api.user","Mon Mar 30 06:17:03 UTC 2026","passed","Mon Mar 30 06:17:03 UTC 2026","TestUpdateUserApi","test_update_user","",""
"","0","[WEB Component] Should not subscribe with invalid email","tests.web.component.base","Mon Mar 30 06:39:26 UTC 2026","skipped","Mon Mar 30 06:39:26 UTC 2026","TestSubscriptionComponent","test_subscription_component","",""
"","1277","[WEB Component] Product card should have expected data","tests.web.component.product","Mon Mar 30 06:42:45 UTC 2026","skipped","Mon Mar 30 06:42:46 UTC 2026","TestProductCard","test_product_card_component","",""
"","0","[WEB] Sign up with invalid data. Case: 'city' length = max","tests.web.component.auth","Mon Mar 30 06:17:52 UTC 2026","skipped","Mon Mar 30 06:17:52 UTC 2026","TestSignUpWeb","test_signup_component","",""
"","3431","[WEB] Sign up with valid data. Case: 'address2' length = max","tests.web.component.auth","Mon Mar 30 06:34:03 UTC 2026","passed","Mon Mar 30 06:34:06 UTC 2026","TestSignUpWeb","test_signup_component","",""
"","3498","[WEB] Sign up with valid data. Case: 'birth_day' length = 31","tests.web.component.auth","Mon Mar 30 06:24:47 UTC 2026","passed","Mon Mar 30 06:24:51 UTC 2026","TestSignUpWeb","test_signup_component","",""
"","195","[API] Update user should return 200_OK when send update user request with valid data. Case: 'last_name' length = max - 1","tests.api.user","Mon Mar 30 06:17:00 UTC 2026","passed","Mon Mar 30 06:17:01 UTC 2026","TestUpdateUserApi","test_update_user","",""
"","134","[API] Create user should return 200_OK when send create user request with valid data. Case: 'zipcode' length = min + 1","tests.api.user","Mon Mar 30 06:17:08 UTC 2026","passed","Mon Mar 30 06:17:08 UTC 2026","TestCreateUserApi","test_create_user","",""
"","161","[API] Create user should return 200_OK when send create user request with valid data. Case: 'address2' length = min","tests.api.user","Mon Mar 30 06:17:06 UTC 2026","passed","Mon Mar 30 06:17:07 UTC 2026","TestCreateUserApi","test_create_user","",""
"","0","[API] Update user should return 400_BAD_REQUEST when send update user request with invalid data. Case: 'first_name' is absent","tests.api.user","Mon Mar 30 06:17:17 UTC 2026","skipped","Mon Mar 30 06:17:17 UTC 2026","TestUpdateUserApi","test_update_user","",""
"","754","[WEB] Should add product review with valid data. Case: 'email' domain contains '-'","tests.web.component.review","Mon Mar 30 06:35:49 UTC 2026","passed","Mon Mar 30 06:35:49 UTC 2026","TestReviewComponent","test_review_component","",""
"","0","[API] Create user should return 400_BAD_REQUEST when send create user request with invalid data. Case: 'zipcode' length = min - 1","tests.api.user","Mon Mar 30 06:16:51 UTC 2026","skipped","Mon Mar 30 06:16:51 UTC 2026","TestCreateUserApi","test_create_user","",""
"","0","[WEB] Sign up with invalid data. Case: 'state' length = max","tests.web.component.auth","Mon Mar 30 06:17:52 UTC 2026","skipped","Mon Mar 30 06:17:52 UTC 2026","TestSignUpWeb","test_signup_component","",""
"","0","[API] Update user should return 400_BAD_REQUEST when send update user request with invalid data. Case: 'address1' length = max + 1","tests.api.user","Mon Mar 30 06:17:17 UTC 2026","skipped","Mon Mar 30 06:17:17 UTC 2026","TestUpdateUserApi","test_update_user","",""
"","0","[API] Create user should return 400_BAD_REQUEST when send create user request with invalid data. Case: 'mobile_number' length = min - 1","tests.api.user","Mon Mar 30 06:16:51 UTC 2026","skipped","Mon Mar 30 06:16:51 UTC 2026","TestCreateUserApi","test_create_user","",""
"","1404","[WEB Component] Image Carousel should show last image when scroll left on first image","tests.web.component.carousel","Mon Mar 30 06:40:27 UTC 2026","passed","Mon Mar 30 06:40:28 UTC 2026","TestImageCarousel","test_image_carousel","",""
"","327","[WEB Component] Should add product to cart when click on add to cart button","tests.web.component.product","Mon Mar 30 06:28:17 UTC 2026","passed","Mon Mar 30 06:28:17 UTC 2026","TestAnimatedProductCard","test_animated_product_card_component","",""
"","0","[API] Create user should return 400_BAD_REQUEST when send create user request with invalid data. Case: 'email' is empty","tests.api.user","Mon Mar 30 06:16:51 UTC 2026","skipped","Mon Mar 30 06:16:51 UTC 2026","TestCreateUserApi","test_create_user","",""
"","0","[WEB Component] Pay with invalid card should show error message. Case: card number contains letters","tests.web.component.payment","Mon Mar 30 06:28:00 UTC 2026","skipped","Mon Mar 30 06:28:00 UTC 2026","TestPaymentComponent","test_payment_component","",""
"","4249","[WEB] Sign up with valid data. Case: 'state' length = max - 1","tests.web.component.auth","Mon Mar 30 06:28:59 UTC 2026","passed","Mon Mar 30 06:29:03 UTC 2026","TestSignUpWeb","test_signup_component","",""
"","191","[API] Create user should return 200_OK when send create user request with valid data. Case: 'last_name' length = min + 1","tests.api.user","Mon Mar 30 06:16:57 UTC 2026","passed","Mon Mar 30 06:16:57 UTC 2026","TestCreateUserApi","test_create_user","",""
"","151","[API] Create user should return 200_OK when send create user request with valid data. Case: 'zipcode' length = min","tests.api.user","Mon Mar 30 06:17:08 UTC 2026","passed","Mon Mar 30 06:17:08 UTC 2026","TestCreateUserApi","test_create_user","",""
"","193","[API] Update user should return 200_OK when send update user request with valid data. Case: 'city' length = min","tests.api.user","Mon Mar 30 06:17:14 UTC 2026","passed","Mon Mar 30 06:17:14 UTC 2026","TestUpdateUserApi","test_update_user","",""
"","205","[API] Update user should return 200_OK when send update user request with valid data. Case: 'address1' length = max - 1","tests.api.user","Mon Mar 30 06:17:11 UTC 2026","passed","Mon Mar 30 06:17:11 UTC 2026","TestUpdateUserApi","test_update_user","",""
"","604","[WEB] Should add product review with valid data. Case: 'email' has not exists email service","tests.web.component.review","Mon Mar 30 06:34:16 UTC 2026","passed","Mon Mar 30 06:34:16 UTC 2026","TestReviewComponent","test_review_component","",""
"","1389","[WEB Component] Search filter should filter products by query","tests.web.component.filter","Mon Mar 30 06:22:52 UTC 2026","passed","Mon Mar 30 06:22:53 UTC 2026","TestSearchFilter","test_search_filter","",""
"","0","[API] Update user should return 400_BAD_REQUEST when send update user request with invalid data. Case: 'zipcode' has invalid format","tests.api.user","Mon Mar 30 06:17:16 UTC 2026","skipped","Mon Mar 30 06:17:16 UTC 2026","TestUpdateUserApi","test_update_user","",""
"","0","[API] Create user should return 400_BAD_REQUEST when send create user request with invalid data. Case: 'first_name' is empty","tests.api.user","Mon Mar 30 06:16:51 UTC 2026","skipped","Mon Mar 30 06:16:51 UTC 2026","TestCreateUserApi","test_create_user","",""
"","0","[WEB] Sign up with invalid data. Case: 'zipcode' length = min","tests.web.component.auth","Mon Mar 30 06:17:52 UTC 2026","skipped","Mon Mar 30 06:17:52 UTC 2026","TestSignUpWeb","test_signup_component","",""
"","0","[WEB Component] Pay with invalid card should show error message. Case: expiry year in the past","tests.web.component.payment","Mon Mar 30 06:28:00 UTC 2026","skipped","Mon Mar 30 06:28:00 UTC 2026","TestPaymentComponent","test_payment_component","",""
"","224","[API] Update user should return 200_OK when send update user request with valid data. Case: 'state' length = min + 1","tests.api.user","Mon Mar 30 06:17:12 UTC 2026","passed","Mon Mar 30 06:17:12 UTC 2026","TestUpdateUserApi","test_update_user","",""
"","0","[API] Create user should return 400_BAD_REQUEST when send create user request with invalid data. Case: 'birth_day' is negative","tests.api.user","Mon Mar 30 06:16:51 UTC 2026","skipped","Mon Mar 30 06:16:51 UTC 2026","TestCreateUserApi","test_create_user","",""
"","205","[API] Update user should return 200_OK when send update user request with valid data. Case: 'mobile_number' length = max","tests.api.user","Mon Mar 30 06:17:04 UTC 2026","passed","Mon Mar 30 06:17:04 UTC 2026","TestUpdateUserApi","test_update_user","",""
"","3546","[WEB] Sign up with valid data. Case: 'zipcode' length = min + 1","tests.web.component.auth","Mon Mar 30 06:34:47 UTC 2026","passed","Mon Mar 30 06:34:51 UTC 2026","TestSignUpWeb","test_signup_component","",""
"","0","[API] Update user should return 400_BAD_REQUEST when send update user request with invalid data. Case: 'address2' is empty","tests.api.user","Mon Mar 30 06:17:16 UTC 2026","skipped","Mon Mar 30 06:17:16 UTC 2026","TestUpdateUserApi","test_update_user","",""
"","228","[API] Update user should return 200_OK when send update user request with valid data. Case: 'address2' length = min","tests.api.user","Mon Mar 30 06:17:12 UTC 2026","passed","Mon Mar 30 06:17:12 UTC 2026","TestUpdateUserApi","test_update_user","",""
"","2620","[WEB Component] Animated product card overlay should have expected data","tests.web.component.product","Mon Mar 30 06:42:43 UTC 2026","passed","Mon Mar 30 06:42:46 UTC 2026","TestAnimatedProductCard","test_animated_product_card_component","",""
"","2421","[WEB Component] Image Carousel should show next image when scroll right","tests.web.component.carousel","Mon Mar 30 06:40:06 UTC 2026","passed","Mon Mar 30 06:40:08 UTC 2026","TestImageCarousel","test_image_carousel","",""
"","458","[WEB Component] Header has expected screenshot when authorized","tests.web.component.base","Mon Mar 30 06:39:10 UTC 2026","passed","Mon Mar 30 06:39:10 UTC 2026","TestHeaderComponent","test_header_component","",""
"","0","[API] Create user should return 400_BAD_REQUEST when send create user request with invalid data. Case: 'birth_month' is absent","tests.api.user","Mon Mar 30 06:16:51 UTC 2026","skipped","Mon Mar 30 06:16:51 UTC 2026","TestCreateUserApi","test_create_user","",""
