"DESCRIPTION","DURATION IN MS","NAME","PARENT SUITE","START TIME","STATUS","STOP TIME","SUB SUITE","SUITE","TEST CLASS","TEST METHOD"
"","3798","[WEB] Sign up with valid data. Case: 'last_name' length = max - 1","tests.web.component.auth","2026-09-28","passed","2026-09-28","TestSignUpWeb","test_signup_component","",""
"","103","[API] Create user should return 200_OK when send create user request with valid data. Case: 'address1' length = min + 1","tests.api.user","2026-09-28","passed","2026-09-28","TestCreateUserApi","test_create_user","",""
"","49","[WEB Component] Should have all products expected total price","tests.web.component.product","2026-09-28","passed","2026-09-28","TestProductItem","test_product_item","",""
"","1209","[WEB Component] Category filter should have expected screenshot when collapsed","tests.web.component.filter","2026-09-28","passed","2026-09-28","TestCategoryFilter","test_category_filter","",""
"","709","[WEB Component] Should decrease all products total price","tests.web.component.product","2026-09-28","passed","2026-09-28","TestProductItem","test_product_item","",""
"","0","[API] Update user should return 400_BAD_REQUEST when send update user request with invalid data. Case: 'mobile_number' length = min - 1","tests.api.user","2026-09-28","skipped","2026-09-28","TestUpdateUserApi","test_update_user","",""
"","226","[API] Update user should return 200_OK when send update user request with valid data. Case: 'name' length = min","tests.api.user","2026-09-28","passed","2026-09-28","TestUpdateUserApi","test_update_user","",""
"","0","[WEB Component] Pay with invalid card should show error message. Case: cvc contains letters","tests.web.component.payment","2026-09-28","skipped","2026-09-28","TestPaymentComponent","test_payment_component","",""
"","362","[WEB Component] Header has expected screenshot when authorized","tests.web.component.base","2026-09-28","passed","2026-09-28","TestHeaderComponent","test_header_component","",""
"","2595","[WEB] Sign up with valid data. Case: 'zipcode' length = max","tests.web.component.auth","2026-09-28","passed","2026-09-28","TestSignUpWeb","test_signup_component","",""
"","2512","[WEB] Sign up with valid data. Case: 'address1' length = max - 1","tests.web.component.auth","2026-09-28","passed","2026-09-28","TestSignUpWeb","test_signup_component","",""
"","0","[WEB Component] Pay with invalid card should show error message. Case: card number fails luhn check","tests.web.component.payment","2026-09-28","skipped","2026-09-28","TestPaymentComponent","test_payment_component","",""
"","113","[API] Create user should return 200_OK when send create user request with valid data. Case: 'first_name' length = min + 1","tests.api.user","2026-09-28","passed","2026-09-28","TestCreateUserApi","test_create_user","",""
"","0","[WEB Component] Pay with invalid card should show error message. Case: cvc contains special characters","tests.web.component.payment","2026-09-28","skipped","2026-09-28","TestPaymentComponent","test_payment_component","",""
"","0","[WEB Component] Pay with invalid card should show error message. Case: expiry month one digit","tests.web.component.payment","2026-09-28","skipped","2026-09-28","TestPaymentComponent","test_payment_component","",""
"","0","[WEB Component] Pay with invalid card should show error message. Case: card number too short","tests.web.component.payment","2026-09-28","skipped","2026-09-28","TestPaymentComponent","test_payment_component","",""
"","0","[WEB Component] Pay with invalid card should show error message. Case: cvc is empty","tests.web.component.payment","2026-09-28","skipped","2026-09-28","TestPaymentComponent","test_payment_component","",""
"","0","[WEB] Sign up with invalid data. Case: 'last_name' length = min","tests.web.component.auth","2026-09-28","skipped","2026-09-28","TestSignUpWeb","test_signup_component","",""
"","0","[API] Create user should return 400_BAD_REQUEST when send create user request with invalid data. Case: 'address1' length = max + 1","tests.api.user","2026-09-28","skipped","2026-09-28","TestCreateUserApi","test_create_user","",""
"","0","[WEB] Sign up with invalid data. Case: 'address2' length = min","tests.web.component.auth","2026-09-28","skipped","2026-09-28","TestSignUpWeb","test_signup_component","",""
"","179","[API] Update user should return 200_OK when send update user request with valid data. Case: 'birth_month' = 12","tests.api.user","2026-09-28","passed","2026-09-28","TestUpdateUserApi","test_update_user","",""
"","560","[WEB] Should add product review with valid data. Case: 'name' length = max","tests.web.component.review","2026-09-28","passed","2026-09-28","TestReviewComponent","test_review_component","",""
"","673","[API] Update user should return 200_OK when send update user request with valid data. Case: 'city' length = max - 1","tests.api.user","2026-09-28","passed","2026-09-28","TestUpdateUserApi","test_update_user","",""
"","522","[WEB] Should add product review with valid data. Case: 'message' length = min + 1","tests.web.component.review","2026-09-28","passed","2026-09-28","TestReviewComponent","test_review_component","",""
"","0","[API] Update user should return 400_BAD_REQUEST when send update user request with invalid data. Case: 'email' contains text before username","tests.api.user","2026-09-28","skipped","2026-09-28","TestUpdateUserApi","test_update_user","",""
"","0","[API] Update user should return 400_BAD_REQUEST when send update user request with invalid data. Case: 'city' is empty","tests.api.user","2026-09-28","skipped","2026-09-28","TestUpdateUserApi","test_update_user","",""
"","3331","[WEB] Sign up with valid data. Case: 'state' length = max - 1","tests.web.component.auth","2026-09-28","passed","2026-09-28","TestSignUpWeb","test_signup_component","",""
"","0","[API] Update user should return 400_BAD_REQUEST when send update user request with invalid data. Case: 'email' not contains username","tests.api.user","2026-09-28","skipped","2026-09-28","TestUpdateUserApi","test_update_user","",""
"","0","[API] Create user should return 400_BAD_REQUEST when send create user request with invalid data. Case: 'email' contains '.' before dog symbol","tests.api.user","2026-09-28","skipped","2026-09-28","TestCreateUserApi","test_create_user","",""
"","0","[WEB] Sign up with invalid data. Case: 'address2' length = max","tests.web.component.auth","2026-09-28","skipped","2026-09-28","TestSignUpWeb","test_signup_component","",""
"","2434","[WEB] Sign up with valid data. Case: 'first_name' length = min + 1","tests.web.component.auth","2026-09-28","passed","2026-09-28","TestSignUpWeb","test_signup_component","",""
"","140","test_search_products_returns_empty_array","tests.api.product","2026-09-28","passed","2026-09-28","TestProductApi","test_product","",""
"","0","[API] Update user should return 400_BAD_REQUEST when send update user request with invalid data. Case: 'email' contains text after domain","tests.api.user","2026-09-28","skipped","2026-09-28","TestUpdateUserApi","test_update_user","",""
"","0","[WEB] Should not add product review with invalid data. Case: 'message' length = max","tests.web.component.review","2026-09-28","skipped","2026-09-28","TestReviewComponent","test_review_component","",""
"","0","[WEB] Should not add product review with invalid data. Case: 'message' length = min + 1","tests.web.component.review","2026-09-28","skipped","2026-09-28","TestReviewComponent","test_review_component","",""
"","2167","[WEB Component] Image Carousel should show previous image when scroll left","tests.web.component.carousel","2026-09-28","passed","2026-09-28","TestImageCarousel","test_image_carousel","",""
"","2031","[WEB Component] Order placed page should have expected screenshot","tests.web.component.payment","2026-09-28","passed","2026-09-28","TestPaymentComponent","test_invoice_file","",""
"","0","[API] Update user should return 400_BAD_REQUEST when send update user request with invalid data. Case: 'company' length = max + 1","tests.api.user","2026-09-28","skipped","2026-09-28","TestUpdateUserApi","test_update_user","",""
"","0","[API] Update user should return 400_BAD_REQUEST when send update user request with invalid data. Case: 'mobile_number' length = max + 1","tests.api.user","2026-09-28","skipped","2026-09-28","TestUpdateUserApi","test_update_user","",""
"","0","[API] Update user should return 400_BAD_REQUEST when send update user request with invalid data. Case: 'last_name' length = min - 1","tests.api.user","2026-09-28","skipped","2026-09-28","TestUpdateUserApi","test_update_user","",""
"","0","[API] Create user should return 400_BAD_REQUEST when send create user request with invalid data. Case: 'city' length = max + 1","tests.api.user","2026-09-28","skipped","2026-09-28","TestCreateUserApi","test_create_user","",""
"","0","[WEB] Sign up with invalid data. Case: 'name' length = min","tests.web.component.auth","2026-09-28","skipped","2026-09-28","TestSignUpWeb","test_signup_component","",""
"","713","[WEB Component] Should navigate to cart page by click 'Cart' button","tests.web.component.base","2026-09-28","passed","2026-09-28","TestHeaderComponent","test_header_component","",""
"","109","[API] Create user should return 200_OK when send create user request with valid data. Case: 'address2' length = max","tests.api.user","2026-09-28","passed","2026-09-28","TestCreateUserApi","test_create_user","",""
"","3509","[WEB] Sign up with valid data. Case: 'company' length = max","tests.web.component.auth","2026-09-28","passed","2026-09-28","TestSignUpWeb","test_signup_component","",""
"","0","[WEB] Sign up with invalid data. Case: 'mobile_number' length = min + 1","tests.web.component.auth","2026-09-28","skipped","2026-09-28","TestSignUpWeb","test_signup_component","",""
"","0","[WEB] Sign up with invalid data. Case: 'zipcode' length = max","tests.web.component.auth","2026-09-28","skipped","2026-09-28","TestSignUpWeb","test_signup_component","",""
"","5561","[WEB Component] Category filter group should be collapsed after collapse expanded group","tests.web.component.filter","2026-09-28","passed","2026-09-28","TestCategoryFilter","test_category_filter","",""
"","1","[API] Update user should return 400_BAD_REQUEST when send update user request with invalid data. Case: 'first_name' is empty","tests.api.user","2026-09-28","skipped","2026-09-28","TestUpdateUserApi","test_update_user","",""
"","0","[WEB] Sign up with invalid data. Case: 'company' length = min + 1","tests.web.component.auth","2026-09-28","skipped","2026-09-28","TestSignUpWeb","test_signup_component","",""
"","0","[WEB Component] Pay with invalid card should show error message. Case: cvc too short","tests.web.component.payment","2026-09-28","skipped","2026-09-28","TestPaymentComponent","test_payment_component","",""
"","0","[API] Update user should return 400_BAD_REQUEST when send update user request with invalid data. Case: 'state' length = min - 1","tests.api.user","2026-09-28","skipped","2026-09-28","TestUpdateUserApi","test_update_user","",""
"","431","[WEB] Should add product review with valid data. Case: 'email' username contains only underscore '-'","tests.web.component.review","2026-09-28","passed","2026-09-28","TestReviewComponent","test_review_component","",""
"","368","[WEB Component] Should navigate to main page by click on header logo","tests.web.component.base","2026-09-28","passed","2026-09-28","TestHeaderComponent","test_header_component","",""
"","459","[WEB Component] Add product notification should be closed when click on close button","tests.web.component.base","2026-09-28","passed","2026-09-28","TestNotificationComponent","test_notification_component","",""
"","0","[API] Update user should return 400_BAD_REQUEST when send update user request with invalid data. Case: 'address2' length = max + 1","tests.api.user","2026-09-28","skipped","2026-09-28","TestUpdateUserApi","test_update_user","",""
"","1049","[WEB Component] Should not add negative products count to cart when click on add to cart button","tests.web.component.product","2026-09-28","passed","2026-09-28","TestProductCard","test_product_details_component","",""
"","1209","[WEB Component] Should navigate to products page by click 'Products' button","tests.web.component.base","2026-09-28","passed","2026-09-28","TestHeaderComponent","test_header_component","",""
"","0","[API] Update user should return 400_BAD_REQUEST when send update user request with invalid data. Case: 'city' is absent","tests.api.user","2026-09-28","skipped","2026-09-28","TestUpdateUserApi","test_update_user","",""
"","0","[WEB] Sign up with invalid data. Case: 'company' length = max - 1","tests.web.component.auth","2026-09-28","skipped","2026-09-28","TestSignUpWeb","test_signup_component","",""
"","1680","[WEB Component] Pay with valid card should show success status message. Case: valid: name max length","tests.web.component.payment","2026-09-28","passed","2026-09-28","TestPaymentComponent","test_payment_component","",""
"","0","[WEB] Sign up with invalid data. Case: 'last_name' length = min + 1","tests.web.component.auth","2026-09-28","skipped","2026-09-28","TestSignUpWeb","test_signup_component","",""
"","0","[WEB Component] Pay with invalid card should show error message. Case: name contains non latin characters","tests.web.component.payment","2026-09-28","skipped","2026-09-28","TestPaymentComponent","test_payment_component","",""
"","9546","[WEB Component] Category filter group should be collapsed after expand another group","tests.web.component.filter","2026-09-28","passed","2026-09-28","TestCategoryFilter","test_category_filter","",""
"","0","[API] Update user should return 400_BAD_REQUEST when send update user request with invalid data. Case: 'address1' is empty","tests.api.user","2026-09-28","skipped","2026-09-28","TestUpdateUserApi","test_update_user","",""
"","189","[API] Update user should return 200_OK when send update user request with valid data. Case: 'company' length = min + 1","tests.api.user","2026-09-28","passed","2026-09-28","TestUpdateUserApi","test_update_user","",""
"","0","[API] Create user should return 400_BAD_REQUEST when send create user request with invalid data. Case: 'email' contains text after domain","tests.api.user","2026-09-28","skipped","2026-09-28","TestCreateUserApi","test_create_user","",""
"","2842","[WEB] Sign up with valid data. Case: 'city' length = min","tests.web.component.auth","2026-09-28","passed","2026-09-28","TestSignUpWeb","test_signup_component","",""
"","0","[WEB Component] Pay with invalid card should show error message. Case: name length = min - 1","tests.web.component.payment","2026-09-28","skipped","2026-09-28","TestPaymentComponent","test_payment_component","",""
"","167","[API] Create user should return 200_OK when send create user request with valid data. Case: 'first_name' length = min","tests.api.user","2026-09-28","passed","2026-09-28","TestCreateUserApi","test_create_user","",""
"","0","[API] Update user should return 400_BAD_REQUEST when send update user request with invalid data. Case: 'email' contains username hieroglyphs instead of username","tests.api.user","2026-09-28","skipped","2026-09-28","TestUpdateUserApi","test_update_user","",""
"","2172","[WEB Component] Image Carousel should show next image when scroll right","tests.web.component.carousel","2026-09-28","passed","2026-09-28","TestImageCarousel","test_image_carousel","",""
"","668","[WEB Component] Should increase all products total price","tests.web.component.product","2026-09-28","passed","2026-09-28","TestProductItem","test_product_item","",""
"","215","[API] Update user should return 200_OK when send update user request with valid data. Case: 'city' length = max","tests.api.user","2026-09-28","passed","2026-09-28","TestUpdateUserApi","test_update_user","",""
"","893","[WEB Component] Search filter should filter products by query","tests.web.component.filter","2026-09-28","passed","2026-09-28","TestSearchFilter","test_search_filter","",""
"","0","[API] Create user should return 400_BAD_REQUEST when send create user request with invalid data. Case: 'birth_month' is invalid positive","tests.api.user","2026-09-28","skipped","2026-09-28","TestCreateUserApi","test_create_user","",""
"","0","[API] Update user should return 400_BAD_REQUEST when send update user request with invalid data. Case: 'birth_day' is absent","tests.api.user","2026-09-28","skipped","2026-09-28","TestUpdateUserApi","test_update_user","",""
"","3172","[WEB] Sign up with valid data. Case: 'birth_month' = 1","tests.web.component.auth","2026-09-28","passed","2026-09-28","TestSignUpWeb","test_signup_component","",""
"","204","Should return user not found when user password invalid","tests.api.user","2026-09-28","passed","2026-09-28","TestVerifyLoginApi","test_verify_login","",""
"","0","[API] Create user should return 400_BAD_REQUEST when send create user request with invalid data. Case: 'address1' is empty","tests.api.user","2026-09-28","skipped","2026-09-28","TestCreateUserApi","test_create_user","",""
"","4309","[WEB] Sign up with valid data. Case: 'city' length = max - 1","tests.web.component.auth","2026-09-28","passed","2026-09-28","TestSignUpWeb","test_signup_component","",""
"","120","[API] Create user should return 200_OK when send create user request with valid data. Case: 'address1' length = max","tests.api.user","2026-09-28","passed","2026-09-28","TestCreateUserApi","test_create_user","",""
"","0","[API] Create user should return 400_BAD_REQUEST when send create user request with invalid data. Case: 'birth_month' is zero","tests.api.user","2026-09-28","skipped","2026-09-28","TestCreateUserApi","test_create_user","",""
"","3144","[WEB] Sign up with valid data. Case: 'city' length = max","tests.web.component.auth","2026-09-28","passed","2026-09-28","TestSignUpWeb","test_signup_component","",""
"","122","[API] Create user should return 200_OK when send create user request with valid data. Case: 'mobile_number' length = min","tests.api.user","2026-09-28","passed","2026-09-28","TestCreateUserApi","test_create_user","",""
"","169","[API] Create user should return 200_OK when send create user request with valid data. Case: 'company' length = min","tests.api.user","2026-09-28","passed","2026-09-28","TestCreateUserApi","test_create_user","",""
"","0","[WEB Component] Pay with invalid card should show error message. Case: card number all zeros","tests.web.component.payment","2026-09-28","skipped","2026-09-28","TestPaymentComponent","test_payment_component","",""
"","3162","[WEB] Sign up with valid data. Case: 'name' length = min","tests.web.component.auth","2026-09-28","passed","2026-09-28","TestSignUpWeb","test_signup_component","",""
"","0","[API] Create user should return 400_BAD_REQUEST when send create user request with invalid data. Case: 'email' contains domain with one letter","tests.api.user","2026-09-28","skipped","2026-09-28","TestCreateUserApi","test_create_user","",""
"","0","[WEB] Sign up with invalid data. Case: 'city' length = min + 1","tests.web.component.auth","2026-09-28","skipped","2026-09-28","TestSignUpWeb","test_signup_component","",""
"","0","[API] Update user should return 400_BAD_REQUEST when send update user request with invalid data. Case: 'last_name' is empty","tests.api.user","2026-09-28","skipped","2026-09-28","TestUpdateUserApi","test_update_user","",""
"","0","[API] Create user should return 400_BAD_REQUEST when send create user request with invalid data. Case: 'birth_year' is negative","tests.api.user","2026-09-28","skipped","2026-09-28","TestCreateUserApi","test_create_user","",""
"","281","[API] Update user should return 200_OK when send update user request with valid data. Case: 'address2' length = min + 1","tests.api.user","2026-09-28","passed","2026-09-28","TestUpdateUserApi","test_update_user","",""
"","235","[API] Create user should return 200_OK when send create user request with valid data. Case: 'name' length = max - 1","tests.api.user","2026-09-28","passed","2026-09-28","TestCreateUserApi","test_create_user","",""
"","0","[API] Update user should return 400_BAD_REQUEST when send update user request with invalid data. Case: 'company' is empty","tests.api.user","2026-09-28","skipped","2026-09-28","TestUpdateUserApi","test_update_user","",""
"","0","[API] Update user should return 400_BAD_REQUEST when send update user request with invalid data. Case: 'birth_year' is absent","tests.api.user","2026-09-28","skipped","2026-09-28","TestUpdateUserApi","test_update_user","",""
"","383","[WEB Component] Should add product to cart when click on add to cart button","tests.web.component.product","2026-09-28","passed","2026-09-28","TestAnimatedProductCard","test_animated_product_card_component","",""
"","4446","[WEB] Sign up with valid data. Case: 'zipcode' length = max - 1","tests.web.component.auth","2026-09-28","passed","2026-09-28","TestSignUpWeb","test_signup_component","",""
"","229","[WEB Component] Should visible user name when authorized","tests.web.component.base","2026-09-28","passed","2026-09-28","TestHeaderComponent","test_header_component","",""
"","0","[WEB] Sign up with invalid data. Case: 'address1' length = min","tests.web.component.auth","2026-09-28","skipped","2026-09-28","TestSignUpWeb","test_signup_component","",""
"","0","[API] Create user should return 400_BAD_REQUEST when send create user request with invalid data. Case: 'state' length = max + 1","tests.api.user","2026-09-28","skipped","2026-09-28","TestCreateUserApi","test_create_user","",""
"","2761","[WEB] Sign up with valid data. Case: 'birth_year' = 1","tests.web.component.auth","2026-09-28","passed","2026-09-28","TestSignUpWeb","test_signup_component","",""
"","204","[API] Update user should return 200_OK when send update user request with valid data. Case: 'first_name' length = min","tests.api.user","2026-09-28","passed","2026-09-28","TestUpdateUserApi","test_update_user","",""
"","0","[API] Create user should return 400_BAD_REQUEST when send create user request with invalid data. Case: 'email' contains '-' after '@'","tests.api.user","2026-09-28","skipped","2026-09-28","TestCreateUserApi","test_create_user","",""
"","0","[WEB] Should not add product review with invalid data. Case: 'email' is empty","tests.web.component.review","2026-09-28","skipped","2026-09-28","TestReviewComponent","test_review_component","",""
"","0","[WEB] Sign up with invalid data. Case: 'state' length = max","tests.web.component.auth","2026-09-28","skipped","2026-09-28","TestSignUpWeb","test_signup_component","",""
"","434","[WEB] Should add product review with valid data. Case: 'email' username contains '+'","tests.web.component.review","2026-09-28","passed","2026-09-28","TestReviewComponent","test_review_component","",""
"","0","[WEB Component] Pay with invalid card should show error message. Case: expiry month = 00","tests.web.component.payment","2026-09-28","skipped","2026-09-28","TestPaymentComponent","test_payment_component","",""
"","109","[API] Create user should return 200_OK when send create user request with valid data. Case: 'address1' length = max - 1","tests.api.user","2026-09-28","passed","2026-09-28","TestCreateUserApi","test_create_user","",""
"","0","[WEB] Should not add product review with invalid data. Case: 'email' contains text after domain","tests.web.component.review","2026-09-28","skipped","2026-09-28","TestReviewComponent","test_review_component","",""
"","0","[API] Create user should return 400_BAD_REQUEST when send create user request with invalid data. Case: 'email' is empty","tests.api.user","2026-09-28","skipped","2026-09-28","TestCreateUserApi","test_create_user","",""
"","0","[API] Create user should return 400_BAD_REQUEST when send create user request with invalid data. Case: 'email' not contains username","tests.api.user","2026-09-28","skipped","2026-09-28","TestCreateUserApi","test_create_user","",""
"","0","[WEB] Should not add product review with invalid data. Case: 'name' length = max + 1","tests.web.component.review","2026-09-28","skipped","2026-09-28","TestReviewComponent","test_review_component","",""
"","0","[API] Create user should return 400_BAD_REQUEST when send create user request with invalid data. Case: 'address2' length = max + 1","tests.api.user","2026-09-28","skipped","2026-09-28","TestCreateUserApi","test_create_user","",""
"","0","[API] Create user should return 400_BAD_REQUEST when send create user request with invalid data. Case: 'company' is empty","tests.api.user","2026-09-28","skipped","2026-09-28","TestCreateUserApi","test_create_user","",""
"","0","[WEB] Sign up with invalid data. Case: 'birth_day' length = 31","tests.web.component.auth","2026-09-28","skipped","2026-09-28","TestSignUpWeb","test_signup_component","",""
"","128","[API] Create user should return 200_OK when send create user request with valid data. Case: 'address2' length = max - 1","tests.api.user","2026-09-28","passed","2026-09-28","TestCreateUserApi","test_create_user","",""
"","0","[API] Update user should return 400_BAD_REQUEST when send update user request with invalid data. Case: 'birth_month' is negative","tests.api.user","2026-09-28","skipped","2026-09-28","TestUpdateUserApi","test_update_user","",""
"","0","[API] Update user should return 400_BAD_REQUEST when send update user request with invalid data. Case: 'zipcode' length = min - 1","tests.api.user","2026-09-28","skipped","2026-09-28","TestUpdateUserApi","test_update_user","",""
"","110","[API] Get user should return 200_OK when send get user request and user exists","tests.api.user","2026-09-28","passed","2026-09-28","TestGetUserApi","test_get_user","",""
"","0","[WEB] Should not add product review with invalid data. Case: 'email' is word","tests.web.component.review","2026-09-28","skipped","2026-09-28","TestReviewComponent","test_review_component","",""
"","0","[API] Update user should return 400_BAD_REQUEST when send update user request with invalid data. Case: 'mobile_number' is empty","tests.api.user","2026-09-28","skipped","2026-09-28","TestUpdateUserApi","test_update_user","",""
"","0","[API] Update user should return 400_BAD_REQUEST when send update user request with invalid data. Case: 'company' length = min - 1","tests.api.user","2026-09-28","skipped","2026-09-28","TestUpdateUserApi","test_update_user","",""
"","219","[API] Update user should return 200_OK when send update user request with valid data. Case: 'address1' length = max - 1","tests.api.user","2026-09-28","passed","2026-09-28","TestUpdateUserApi","test_update_user","",""
"","213","[API] Update user should return 200_OK when send update user request with valid data. Case: 'name' length = min + 1","tests.api.user","2026-09-28","passed","2026-09-28","TestUpdateUserApi","test_update_user","",""
"","0","[WEB] Sign up with invalid data. Case: 'address1' length = min + 1","tests.web.component.auth","2026-09-28","skipped","2026-09-28","TestSignUpWeb","test_signup_component","",""
"","0","[WEB] Sign up with invalid data. Case: 'city' length = max","tests.web.component.auth","2026-09-28","skipped","2026-09-28","TestSignUpWeb","test_signup_component","",""
"","0","[WEB Component] Pay with invalid card should show error message. Case: cvc all zeros","tests.web.component.payment","2026-09-28","skipped","2026-09-28","TestPaymentComponent","test_payment_component","",""
"","420","[WEB] Should add product review with valid data. Case: 'email' username contains '.'","tests.web.component.review","2026-09-28","passed","2026-09-28","TestReviewComponent","test_review_component","",""
"","0","[WEB Component] Pay with invalid card should show error message. Case: expiry month = 13","tests.web.component.payment","2026-09-28","skipped","2026-09-28","TestPaymentComponent","test_payment_component","",""
"","103","[API] Delete user should return 404_NOT_FOUND when send delete user request and user not exists","tests.api.user","2026-09-28","passed","2026-09-28","TestDeleteUserApi","test_delete_user","",""
"","0","[API] Create user should return 400_BAD_REQUEST when send create user request with invalid data. Case: 'state' is absent","tests.api.user","2026-09-28","skipped","2026-09-28","TestCreateUserApi","test_create_user","",""
"","0","[WEB] Sign up with invalid data. Case: 'birth_day' = 1","tests.web.component.auth","2026-09-28","skipped","2026-09-28","TestSignUpWeb","test_signup_component","",""
"","120","[API] Create user should return 200_OK when send create user request with valid data. Case: 'company' length = max - 1","tests.api.user","2026-09-28","passed","2026-09-28","TestCreateUserApi","test_create_user","",""
"","1126","[WEB Component] Products Carousel should show previous image when scroll left","tests.web.component.carousel","2026-09-28","passed","2026-09-28","TestProductCarousel","test_product_carousel","",""
"","2721","[WEB] Sign up with valid data. Case: 'address1' length = min","tests.web.component.auth","2026-09-28","passed","2026-09-28","TestSignUpWeb","test_signup_component","",""
"","3629","[WEB] Sign up with valid data. Case: 'last_name' length = max","tests.web.component.auth","2026-09-28","passed","2026-09-28","TestSignUpWeb","test_signup_component","",""
"","0","[WEB] Sign up with invalid data. Case: 'address1' length = max","tests.web.component.auth","2026-09-28","skipped","2026-09-28","TestSignUpWeb","test_signup_component","",""
"","0","[WEB Component] Pay with invalid card should show error message. Case: name is empty","tests.web.component.payment","2026-09-28","skipped","2026-09-28","TestPaymentComponent","test_payment_component","",""
"","122","[API] Create user should return 200_OK when send create user request with valid data. Case: 'name' length = min","tests.api.user","2026-09-28","passed","2026-09-28","TestCreateUserApi","test_create_user","",""
"","355","[WEB Component] Delivery address has expected data","tests.web.component.address","2026-09-28","passed","2026-09-28","TestAddressComponent","test_address_component","",""
"","369","[WEB Component] Should navigate to main page by click on header logo","tests.web.component.base","2026-09-28","passed","2026-09-28","TestHeaderComponent","test_header_component","",""
"","126","[API] Create user should return 200_OK when send create user request with valid data. Case: 'name' length = max","tests.api.user","2026-09-28","passed","2026-09-28","TestCreateUserApi","test_create_user","",""
"","0","[WEB] Sign up with invalid data. Case: 'city' length = min","tests.web.component.auth","2026-09-28","skipped","2026-09-28","TestSignUpWeb","test_signup_component","",""
"","0","[API] Update user should return 400_BAD_REQUEST when send update user request with invalid data. Case: 'birth_day' is zero","tests.api.user","2026-09-28","skipped","2026-09-28","TestUpdateUserApi","test_update_user","",""
"","0","[WEB] Should not add product review with invalid data. Case: 'email' contains only special symbols","tests.web.component.review","2026-09-28","skipped","2026-09-28","TestReviewComponent","test_review_component","",""
"","116","[API] Create user should return 200_OK when send create user request with valid data. Case: 'state' length = max","tests.api.user","2026-09-28","passed","2026-09-28","TestCreateUserApi","test_create_user","",""
"","119","[API] Create user should return 200_OK when send create user request with valid data. Case: 'state' length = min","tests.api.user","2026-09-28","passed","2026-09-28","TestCreateUserApi","test_create_user","",""
"","0","[API] Create user should return 400_BAD_REQUEST when send create user request with invalid data. Case: 'first_name' length = max + 1","tests.api.user","2026-09-28","skipped","2026-09-28","TestCreateUserApi","test_create_user","",""
"","4087","[WEB] Sign up with valid data. Case: 'state' length = min","tests.web.component.auth","2026-09-28","failed","2026-09-28","TestSignUpWeb","test_signup_component","",""
"","229","[API] Update user should return 200_OK when send update user request with valid data. Case: 'last_name' length = max","tests.api.user","2026-09-28","passed","2026-09-28","TestUpdateUserApi","test_update_user","",""
"","5477","[WEB Component] Category filter should have expected screenshot when group expanded","tests.web.component.filter","2026-09-28","failed","2026-09-28","TestCategoryFilter","test_category_filter","",""
"","0","[API] Update user should return 400_BAD_REQUEST when send update user request with invalid data. Case: 'birth_month' is invalid positive","tests.api.user","2026-09-28","skipped","2026-09-28","TestUpdateUserApi","test_update_user","",""
"","514","[WEB Component] Should open product page when click on view product button","tests.web.component.product","2026-09-28","passed","2026-09-28","TestAnimatedProductCard","test_animated_product_card_component","",""
"","626","[API] Login should return 200_OK when send login request with valid data and contains csrf cookie","tests.api.auth","2026-09-28","passed","2026-09-28","TestAuthApi","test_auth","",""
"","0","[API] Update user should return 400_BAD_REQUEST when send update user request with invalid data. Case: 'name' length = max + 1","tests.api.user","2026-09-28","skipped","2026-09-28","TestUpdateUserApi","test_update_user","",""
"","177","[API] Update user should return 200_OK when send update user request with valid data. Case: 'birth_year' = 10000","tests.api.user","2026-09-28","passed","2026-09-28","TestUpdateUserApi","test_update_user","",""
"","0","[WEB] Should not add product review with invalid data. Case: 'name' length = min - 1","tests.web.component.review","2026-09-28","skipped","2026-09-28","TestReviewComponent","test_review_component","",""
"","0","[API] Create user should return 400_BAD_REQUEST when send create user request with invalid data. Case: 'first_name' is empty","tests.api.user","2026-09-28","skipped","2026-09-28","TestCreateUserApi","test_create_user","",""
"","3402","[WEB] Sign up with valid data. Case: 'company' length = min","tests.web.component.auth","2026-09-28","passed","2026-09-28","TestSignUpWeb","test_signup_component","",""
"","0","[WEB Component] Pay with invalid card should show error message. Case: card number only spaces","tests.web.component.payment","2026-09-28","skipped","2026-09-28","TestPaymentComponent","test_payment_component","",""
"","0","[API] Create user should return 400_BAD_REQUEST when send create user request with invalid data. Case: 'address2' is empty","tests.api.user","2026-09-28","skipped","2026-09-28","TestCreateUserApi","test_create_user","",""
"","0","[API] Create user should return 400_BAD_REQUEST when send create user request with invalid data. Case: 'address2' length = min - 1","tests.api.user","2026-09-28","skipped","2026-09-28","TestCreateUserApi","test_create_user","",""
"","0","[API] Update user should return 400_BAD_REQUEST when send update user request with invalid data. Case: 'email' contains '.' before dog symbol","tests.api.user","2026-09-28","skipped","2026-09-28","TestUpdateUserApi","test_update_user","",""
"","451","[WEB] Should add product review with valid data. Case: 'email' domain name length = 2","tests.web.component.review","2026-09-28","passed","2026-09-28","TestReviewComponent","test_review_component","",""
"","1589","[WEB Component] Pay with valid card should show success status message. Case: valid: common latin name","tests.web.component.payment","2026-09-28","passed","2026-09-28","TestPaymentComponent","test_payment_component","",""
"","0","[API] Create user should return 400_BAD_REQUEST when send create user request with invalid data. Case: 'email' contains multiple '@' symbols","tests.api.user","2026-09-28","skipped","2026-09-28","TestCreateUserApi","test_create_user","",""
"","0","[WEB Component] Pay with invalid card should show error message. Case: name only spaces","tests.web.component.payment","2026-09-28","skipped","2026-09-28","TestPaymentComponent","test_payment_component","",""
"","0","[WEB] Sign up with invalid data. Case: 'birth_month' = 12","tests.web.component.auth","2026-09-28","skipped","2026-09-28","TestSignUpWeb","test_signup_component","",""
"","2550","[WEB] Sign up with valid data. Case: 'address2' length = max - 1","tests.web.component.auth","2026-09-28","passed","2026-09-28","TestSignUpWeb","test_signup_component","",""
"","2494","[WEB] Sign up with valid data. Case: 'zipcode' length = min","tests.web.component.auth","2026-09-28","passed","2026-09-28","TestSignUpWeb","test_signup_component","",""
"","141","[API] Create user should return 200_OK when send create user request with valid data. Case: 'company' length = min + 1","tests.api.user","2026-09-28","passed","2026-09-28","TestCreateUserApi","test_create_user","",""
"","0","[API] Update user should return 400_BAD_REQUEST when send update user request with invalid data. Case: 'address1' length = min - 1","tests.api.user","2026-09-28","skipped","2026-09-28","TestUpdateUserApi","test_update_user","",""
"","1374","[WEB Component] Should add product to cart when click on add to cart button","tests.web.component.product","2026-09-28","passed","2026-09-28","TestProductCard","test_product_details_component","",""
"","0","[API] Update user should return 400_BAD_REQUEST when send update user request with invalid data. Case: 'email' is word","tests.api.user","2026-09-28","skipped","2026-09-28","TestUpdateUserApi","test_update_user","",""
"","380","[API] Update user should return 200_OK when send update user request with valid data. Case: 'company' length = max","tests.api.user","2026-09-28","passed","2026-09-28","TestUpdateUserApi","test_update_user","",""
"","165","[API] Create user should return 200_OK when send create user request with valid data. Case: 'city' length = max","tests.api.user","2026-09-28","passed","2026-09-28","TestCreateUserApi","test_create_user","",""
"","0","[WEB Component] Pay with invalid card should show error message. Case: card number contains special characters","tests.web.component.payment","2026-09-28","skipped","2026-09-28","TestPaymentComponent","test_payment_component","",""
"","0","[API] Create user should return 400_BAD_REQUEST when send create user request with invalid data. Case: 'last_name' length = min - 1","tests.api.user","2026-09-28","skipped","2026-09-28","TestCreateUserApi","test_create_user","",""
"","0","[API] Update user should return 400_BAD_REQUEST when send update user request with invalid data. Case: 'state' length = max + 1","tests.api.user","2026-09-28","skipped","2026-09-28","TestUpdateUserApi","test_update_user","",""
"","0","[API] Update user should return 400_BAD_REQUEST when send update user request with invalid data. Case: 'email' not contains domain","tests.api.user","2026-09-28","skipped","2026-09-28","TestUpdateUserApi","test_update_user","",""
"","0","[API] Create user should return 400_BAD_REQUEST when send create user request with invalid data. Case: 'company' length = min - 1","tests.api.user","2026-09-28","skipped","2026-09-28","TestCreateUserApi","test_create_user","",""
"","7555","Purchase products with login while checkout","tests.web.e2e","2026-09-28","passed","2026-09-28","TestPlaceOrder","test_place_order","",""
"","123","[API] Create user should return 200_OK when send create user request with valid data. Case: 'birth_month' = 12","tests.api.user","2026-09-28","passed","2026-09-28","TestCreateUserApi","test_create_user","",""
"","0","[API] Create user should return 400_BAD_REQUEST when send create user request with invalid data. Case: 'address1' is absent","tests.api.user","2026-09-28","skipped","2026-09-28","TestCreateUserApi","test_create_user","",""
"","0","[WEB] Sign up with invalid data. Case: 'zipcode' length = min + 1","tests.web.component.auth","2026-09-28","skipped","2026-09-28","TestSignUpWeb","test_signup_component","",""
"","0","[WEB Component] Pay with invalid card should show error message. Case: name contains special characters","tests.web.component.payment","2026-09-28","skipped","2026-09-28","TestPaymentComponent","test_payment_component","",""
"","201","[API] Update user should return 200_OK when send update user request with valid data. Case: 'company' length = min","tests.api.user","2026-09-28","passed","2026-09-28","TestUpdateUserApi","test_update_user","",""
"","253","[API] Update user should return 200_OK when send update user request with valid data. Case: 'city' length = min","tests.api.user","2026-09-28","passed","2026-09-28","TestUpdateUserApi","test_update_user","",""
"","0","[WEB] Should not add product review with invalid data. Case: 'name' is empty","tests.web.component.review","2026-09-28","skipped","2026-09-28","TestReviewComponent","test_review_component","",""
"","0","[WEB Component] Pay with invalid card should show error message. Case: expiry year only spaces","tests.web.component.payment","2026-09-28","skipped","2026-09-28","TestPaymentComponent","test_payment_component","",""
"","0","[API] Update user should return 400_BAD_REQUEST when send update user request with invalid data. Case: 'birth_month' is zero","tests.api.user","2026-09-28","skipped","2026-09-28","TestUpdateUserApi","test_update_user","",""
"","109","[API] Create user should return 200_OK when send create user request with valid data. Case: 'zipcode' length = min + 1","tests.api.user","2026-09-28","passed","2026-09-28","TestCreateUserApi","test_create_user","",""
"","0","[WEB] Sign up with invalid data. Case: 'first_name' length = min + 1","tests.web.component.auth","2026-09-28","skipped","2026-09-28","TestSignUpWeb","test_signup_component","",""
"","2244","[WEB Component] Products Carousel should last products when scroll left on first slide","tests.web.component.carousel","2026-09-28","passed","2026-09-28","TestProductCarousel","test_product_carousel","",""
"","534","[WEB Component] Header has expected screenshot","tests.web.component.base","2026-09-28","passed","2026-09-28","TestHeaderComponent","test_header_component","",""
"","0","[API] Update user should return 400_BAD_REQUEST when send update user request with invalid data. Case: 'email' contains multiple '@' symbols","tests.api.user","2026-09-28","skipped","2026-09-28","TestUpdateUserApi","test_update_user","",""
"","401","[WEB] Should add product review with valid data. Case: 'email' username is numerical","tests.web.component.review","2026-09-28","passed","2026-09-28","TestReviewComponent","test_review_component","",""
"","368","[WEB Component] Pay with valid card should show success status message. Case: valid: boundary valid number","tests.web.component.payment","2026-09-28","passed","2026-09-28","TestPaymentComponent","test_payment_component","",""
"","0","[API] Create user should return 400_BAD_REQUEST when send create user request with invalid data. Case: 'email' contains invalid top level domain web","tests.api.user","2026-09-28","skipped","2026-09-28","TestCreateUserApi","test_create_user","",""
"","0","[API] Create user should return 400_BAD_REQUEST when send create user request with invalid data. Case: 'name' is empty","tests.api.user","2026-09-28","skipped","2026-09-28","TestCreateUserApi","test_create_user","",""
"","0","[API] Update user should return 400_BAD_REQUEST when send update user request with invalid data. Case: 'address2' is empty","tests.api.user","2026-09-28","skipped","2026-09-28","TestUpdateUserApi","test_update_user","",""
"","308","[WEB Component] Subscription component should have expected screenshot","tests.web.component.base","2026-09-28","passed","2026-09-28","TestSubscriptionComponent","test_subscription_component","",""
"","484","[WEB Component] Animated product card should have expected data","tests.web.component.product","2026-09-28","passed","2026-09-28","TestAnimatedProductCard","test_animated_product_card_component","",""
"","0","[API] Create user should return 400_BAD_REQUEST when send create user request with invalid data. Case: 'birth_year' is invalid positive","tests.api.user","2026-09-28","skipped","2026-09-28","TestCreateUserApi","test_create_user","",""
"","1030","[WEB Component] Products Carousel should first products when scroll right on last image","tests.web.component.carousel","2026-09-28","passed","2026-09-28","TestProductCarousel","test_product_carousel","",""
"","0","[API] Create user should return 400_BAD_REQUEST when send create user request with invalid data. Case: 'email' is word","tests.api.user","2026-09-28","skipped","2026-09-28","TestCreateUserApi","test_create_user","",""
"","0","[API] Update user should return 400_BAD_REQUEST when send update user request with invalid data. Case: 'name' is absent","tests.api.user","2026-09-28","skipped","2026-09-28","TestUpdateUserApi","test_update_user","",""
"","4889","[WEB Component] Place order without authorization notification proceed to checkout button should navigate to login page","tests.web.component.base","2026-09-28","passed","2026-09-28","TestNotificationComponent","test_notification_component","",""
"","1073","[WEB Component] Add product notification should have expected data and screenshot","tests.web.component.base","2026-09-28","passed","2026-09-28","TestNotificationComponent","test_notification_component","",""
"","0","[API] Update user should return 400_BAD_REQUEST when send update user request with invalid data. Case: 'birth_month' is absent","tests.api.user","2026-09-28","skipped","2026-09-28","TestUpdateUserApi","test_update_user","",""
"","0","[API] Create user should return 400_BAD_REQUEST when send create user request with invalid data. Case: 'email' contains only special symbols","tests.api.user","2026-09-28","skipped","2026-09-28","TestCreateUserApi","test_create_user","",""
"","0","[WEB Component] Pay with invalid card should show error message. Case: cvc only spaces","tests.web.component.payment","2026-09-28","skipped","2026-09-28","TestPaymentComponent","test_payment_component","",""
"","0","[API] Update user should return 400_BAD_REQUEST when send update user request with invalid data. Case: 'birth_year' is invalid positive","tests.api.user","2026-09-28","skipped","2026-09-28","TestUpdateUserApi","test_update_user","",""
"","0","[WEB] Sign up with invalid data. Case: 'mobile_number' length = max","tests.web.component.auth","2026-09-28","skipped","2026-09-28","TestSignUpWeb","test_signup_component","",""
"","197","[API] Update user should return 200_OK when send update user request with valid data. Case: 'name' length = max - 1","tests.api.user","2026-09-28","passed","2026-09-28","TestUpdateUserApi","test_update_user","",""
"","2520","[WEB] Sign up with valid data. Case: 'first_name' length = max","tests.web.component.auth","2026-09-28","passed","2026-09-28","TestSignUpWeb","test_signup_component","",""
"","0","[WEB Component] Pay with invalid card should show error message. Case: cvc too long","tests.web.component.payment","2026-09-28","skipped","2026-09-28","TestPaymentComponent","test_payment_component","",""
"","0","[WEB Component] Pay with invalid card should show error message. Case: card number contains spaces","tests.web.component.payment","2026-09-28","skipped","2026-09-28","TestPaymentComponent","test_payment_component","",""
"","1676","[WEB Component] Pay with valid card should show success status message. Case: valid: expiry month max","tests.web.component.payment","2026-09-28","passed","2026-09-28","TestPaymentComponent","test_payment_component","",""
"","4520","[WEB Component] Search filter should return empty products catalog","tests.web.component.filter","2026-09-28","passed","2026-09-28","TestSearchFilter","test_search_filter","",""
"","1516","[WEB Component] Add product to cart from product carousel","tests.web.component.carousel","2026-09-28","passed","2026-09-28","TestProductCarousel","test_product_carousel","",""
"","0","[WEB] Sign up with invalid data. Case: 'last_name' length = max","tests.web.component.auth","2026-09-28","skipped","2026-09-28","TestSignUpWeb","test_signup_component","",""
"","0","[API] Create user should return 400_BAD_REQUEST when send create user request with invalid data. Case: 'state' length = min - 1","tests.api.user","2026-09-28","skipped","2026-09-28","TestCreateUserApi","test_create_user","",""
"","0","[API] Update user should return 400_BAD_REQUEST when send update user request with invalid data. Case: 'first_name' length = min - 1","tests.api.user","2026-09-28","skipped","2026-09-28","TestUpdateUserApi","test_update_user","",""
"","0","[WEB] Should not add product review with invalid data. Case: 'message' length = max - 1","tests.web.component.review","2026-09-28","skipped","2026-09-28","TestReviewComponent","test_review_component","",""
"","0","[API] Update user should return 400_BAD_REQUEST when send update user request with invalid data. Case: 'email' contains domain with one letter","tests.api.user","2026-09-28","skipped","2026-09-28","TestUpdateUserApi","test_update_user","",""
"","117","[API] Update user should return 404_BAD_REQUEST when send update user request with not existing email","tests.api.user","2026-09-28","passed","2026-09-28","TestUpdateUserApi","test_update_user","",""
"","0","[API] Create user should return 400_BAD_REQUEST when send create user request with invalid data. Case: 'last_name' is absent","tests.api.user","2026-09-28","skipped","2026-09-28","TestCreateUserApi","test_create_user","",""
"","242","[API] Get products should return 200_OK and contains expected product title","tests.api.product","2026-09-28","passed","2026-09-28","TestProductApi","test_product","",""
"","6392","[WEB Component] Can download invoice multiple times","tests.web.component.payment","2026-09-28","passed","2026-09-28","TestPaymentComponent","test_invoice_file","",""
"","104","[API] Create user should return 200_OK when send create user request with valid data. Case: 'birth_day' length = 31","tests.api.user","2026-09-28","passed","2026-09-28","TestCreateUserApi","test_create_user","",""
"","289","test_get_all_products","tests.api.product","2026-09-28","passed","2026-09-28","TestProductApi","test_product","",""
"","390","[WEB] Sign in with invalid credentials. Case: {case_title}","tests.web.component.auth","2026-09-28","passed","2026-09-28","TestLoginWeb","test_login_component","",""
"","348","[WEB] Should have expected screenshot when not send review","tests.web.component.review","2026-09-28","passed","2026-09-28","TestReviewComponent","test_review_component","",""
"","0","[API] Update user should return 400_BAD_REQUEST when send update user request with invalid data. Case: 'last_name' length = max + 1","tests.api.user","2026-09-28","skipped","2026-09-28","TestUpdateUserApi","test_update_user","",""
"","214","[API] Update user should return 200_OK when send update user request with valid data. Case: 'address2' length = max","tests.api.user","2026-09-28","passed","2026-09-28","TestUpdateUserApi","test_update_user","",""
"","0","[API] Create user should return 400_BAD_REQUEST when send create user request with invalid data. Case: 'first_name' length = min - 1","tests.api.user","2026-09-28","skipped","2026-09-28","TestCreateUserApi","test_create_user","",""
"","0","[API] Update user should return 400_BAD_REQUEST when send update user request with invalid data. Case: 'city' length = min - 1","tests.api.user","2026-09-28","skipped","2026-09-28","TestUpdateUserApi","test_update_user","",""
"","127","[API] Create user should return 200_OK when send create user request with valid data. Case: 'company' length = max","tests.api.user","2026-09-28","passed","2026-09-28","TestCreateUserApi","test_create_user","",""
"","0","[API] Create user should return 400_BAD_REQUEST when send create user request with invalid data. Case: 'address1' length = min - 1","tests.api.user","2026-09-28","skipped","2026-09-28","TestCreateUserApi","test_create_user","",""
"","105","[API] Create user should return 200_OK when send create user request with valid data. Case: 'address2' length = min + 1","tests.api.user","2026-09-28","passed","2026-09-28","TestCreateUserApi","test_create_user","",""
"","5881","Purchase products with sign up before checkout","tests.web.e2e","2026-09-28","passed","2026-09-28","TestPlaceOrder","test_place_order","",""
"","4507","[WEB Component] Should subscribe with valid email","tests.web.component.base","2026-09-28","failed","2026-09-28","TestSubscriptionComponent","test_subscription_component","",""
"","149","[API] Create user should return 200_OK when send create user request with valid data. Case: 'mobile_number' length = max - 1","tests.api.user","2026-09-28","passed","2026-09-28","TestCreateUserApi","test_create_user","",""
"","0","[API] Update user should return 400_BAD_REQUEST when send update user request with invalid data. Case: 'email' contains mail server as ip and port","tests.api.user","2026-09-28","skipped","2026-09-28","TestUpdateUserApi","test_update_user","",""
"","154","[API] Update user should return 200_OK when send update user request with valid data. Case: 'mobile_number' length = max","tests.api.user","2026-09-28","passed","2026-09-28","TestUpdateUserApi","test_update_user","",""
"","221","[API] Update user should return 200_OK when send update user request with valid data. Case: 'first_name' length = max","tests.api.user","2026-09-28","passed","2026-09-28","TestUpdateUserApi","test_update_user","",""
"","0","[WEB Component] Pay with invalid card should show error message. Case: expiry year too long","tests.web.component.payment","2026-09-28","skipped","2026-09-28","TestPaymentComponent","test_payment_component","",""
"","0","[WEB] Should not add product review with invalid data. Case: 'email' contains '.' before dog symbol","tests.web.component.review","2026-09-28","skipped","2026-09-28","TestReviewComponent","test_review_component","",""
"","323","[WEB Component] Should remove product from cart","tests.web.component.product","2026-09-28","passed","2026-09-28","TestProductItem","test_product_item","",""
"","2486","[WEB] Sign up with valid data. Case: 'last_name' length = min","tests.web.component.auth","2026-09-28","passed","2026-09-28","TestSignUpWeb","test_signup_component","",""
"","109","[API] Create user should return 200_OK when send create user request with valid data. Case: 'state' length = min + 1","tests.api.user","2026-09-28","passed","2026-09-28","TestCreateUserApi","test_create_user","",""
"","252","[API] Update user should return 200_OK when send update user request with valid data. Case: 'state' length = max","tests.api.user","2026-09-28","passed","2026-09-28","TestUpdateUserApi","test_update_user","",""
"","0","[WEB Component] Pay with invalid card should show error message. Case: name contains trailing spaces","tests.web.component.payment","2026-09-28","skipped","2026-09-28","TestPaymentComponent","test_payment_component","",""
"","0","[API] Create user should return 400_BAD_REQUEST when send create user request with invalid data. Case: 'zipcode' length = min - 1","tests.api.user","2026-09-28","skipped","2026-09-28","TestCreateUserApi","test_create_user","",""
"","1087","[WEB Component] Product details should have expected data","tests.web.component.product","2026-09-28","passed","2026-09-28","TestProductCard","test_product_details_component","",""
"","2085","[WEB Component] Products Carousel should show next products when scroll right","tests.web.component.carousel","2026-09-28","passed","2026-09-28","TestProductCarousel","test_product_carousel","",""
"","418","[WEB] Should add product review with valid data. Case: 'email' domain length = 2","tests.web.component.review","2026-09-28","passed","2026-09-28","TestReviewComponent","test_review_component","",""
"","0","[API] Create user should return 400_BAD_REQUEST when send create user request with invalid data. Case: 'mobile_number' is empty","tests.api.user","2026-09-28","skipped","2026-09-28","TestCreateUserApi","test_create_user","",""
"","0","[WEB] Sign up with invalid data. Case: 'first_name' length = max - 1","tests.web.component.auth","2026-09-28","skipped","2026-09-28","TestSignUpWeb","test_signup_component","",""
"","0","[API] Update user should return 400_BAD_REQUEST when send update user request with invalid data. Case: 'first_name' is absent","tests.api.user","2026-09-28","skipped","2026-09-28","TestUpdateUserApi","test_update_user","",""
"","0","[API] Create user should return 400_BAD_REQUEST when send create user request with invalid data. Case: 'zipcode' length = max + 1","tests.api.user","2026-09-28","skipped","2026-09-28","TestCreateUserApi","test_create_user","",""
"","0","[API] Update user should return 400_BAD_REQUEST when send update user request with invalid data. Case: 'birth_year' is zero","tests.api.user","2026-09-28","skipped","2026-09-28","TestUpdateUserApi","test_update_user","",""
"","0","[API] Create user should return 400_BAD_REQUEST when send create user request with invalid data. Case: 'city' is absent","tests.api.user","2026-09-28","skipped","2026-09-28","TestCreateUserApi","test_create_user","",""
"","179","[API] Update user should return 200_OK when send update user request with valid data. Case: 'last_name' length = max - 1","tests.api.user","2026-09-28","passed","2026-09-28","TestUpdateUserApi","test_update_user","",""
"","0","[WEB] Sign up with invalid data. Case: 'first_name' length = min","tests.web.component.auth","2026-09-28","skipped","2026-09-28","TestSignUpWeb","test_signup_component","",""
"","0","[API] Create user should return 400_BAD_REQUEST when send create user request with invalid data. Case: 'birth_year' is zero","tests.api.user","2026-09-28","skipped","2026-09-28","TestCreateUserApi","test_create_user","",""
"","2618","[WEB] Sign up with valid data. Case: 'mobile_number' length = max - 1","tests.web.component.auth","2026-09-28","passed","2026-09-28","TestSignUpWeb","test_signup_component","",""
"","0","[API] Update user should return 400_BAD_REQUEST when send update user request with invalid data. Case: 'zipcode' is empty","tests.api.user","2026-09-28","skipped","2026-09-28","TestUpdateUserApi","test_update_user","",""
"","112","[API] Create user should return 200_OK when send create user request with valid data. Case: 'city' length = min + 1","tests.api.user","2026-09-28","passed","2026-09-28","TestCreateUserApi","test_create_user","",""
"","0","[WEB] Sign up with invalid data. Case: 'first_name' length = max","tests.web.component.auth","2026-09-28","skipped","2026-09-28","TestSignUpWeb","test_signup_component","",""
"","1764","[WEB Component] Pay with valid card should show success status message. Case: valid: expiry month min","tests.web.component.payment","2026-09-28","passed","2026-09-28","TestPaymentComponent","test_payment_component","",""
"","0","[API] Create user should return 400_BAD_REQUEST when send create user request with invalid data. Case: 'mobile_number' length = min - 1","tests.api.user","2026-09-28","skipped","2026-09-28","TestCreateUserApi","test_create_user","",""
"","0","[API] Create user should return 400_BAD_REQUEST when send create user request with invalid data. Case: 'birth_month' is negative","tests.api.user","2026-09-28","skipped","2026-09-28","TestCreateUserApi","test_create_user","",""
"","0","[WEB Component] Should not subscribe with invalid email","tests.web.component.base","2026-09-28","skipped","2026-09-28","TestSubscriptionComponent","test_subscription_component","",""
"","6169","Purchase products with login before checkout","tests.web.e2e","2026-09-28","passed","2026-09-28","TestPlaceOrder","test_place_order","",""
"","0","[API] Create user should return 400_BAD_REQUEST when send create user request with invalid data. Case: 'company' length = max + 1","tests.api.user","2026-09-28","skipped","2026-09-28","TestCreateUserApi","test_create_user","",""
"","0","[WEB Component] Pay with invalid card should show error message. Case: card number contains letters","tests.web.component.payment","2026-09-28","skipped","2026-09-28","TestPaymentComponent","test_payment_component","",""
"","2509","[WEB Component] Animated product card overlay should have expected data","tests.web.component.product","2026-09-28","passed","2026-09-28","TestAnimatedProductCard","test_animated_product_card_component","",""
"","2756","[WEB] Sign up with valid data. Case: 'company' length = min + 1","tests.web.component.auth","2026-09-28","passed","2026-09-28","TestSignUpWeb","test_signup_component","",""
"","0","[WEB] Sign up with invalid data. Case: 'address2' length = max - 1","tests.web.component.auth","2026-09-28","skipped","2026-09-28","TestSignUpWeb","test_signup_component","",""
"","269","[API] Update user should return 200_OK when send update user request with valid data. Case: 'state' length = max - 1","tests.api.user","2026-09-28","passed","2026-09-28","TestUpdateUserApi","test_update_user","",""
"","0","[API] Update user should return 400_BAD_REQUEST when send update user request with invalid data. Case: 'email' contains '-' after '@'","tests.api.user","2026-09-28","skipped","2026-09-28","TestUpdateUserApi","test_update_user","",""
"","0","[WEB Component] Pay with invalid card should show error message. Case: expiry month contains letters","tests.web.component.payment","2026-09-28","skipped","2026-09-28","TestPaymentComponent","test_payment_component","",""
"","0","[API] Create user should return 400_BAD_REQUEST when send create user request with invalid data. Case: 'name' length = min - 1","tests.api.user","2026-09-28","skipped","2026-09-28","TestCreateUserApi","test_create_user","",""
"","648","[WEB Component] Should navigate to login page by click 'Signup / Login' button","tests.web.component.base","2026-09-28","passed","2026-09-28","TestHeaderComponent","test_header_component","",""
"","0","[WEB] Should not add product review with invalid data. Case: 'email' not contains domain","tests.web.component.review","2026-09-28","skipped","2026-09-28","TestReviewComponent","test_review_component","",""
"","0","[API] Update user should return 400_BAD_REQUEST when send update user request with invalid data. Case: 'state' is absent","tests.api.user","2026-09-28","skipped","2026-09-28","TestUpdateUserApi","test_update_user","",""
"","114","[API] Create user should return 200_OK when send create user request with valid data. Case: 'mobile_number' length = min + 1","tests.api.user","2026-09-28","passed","2026-09-28","TestCreateUserApi","test_create_user","",""
"","385","[WEB Component] Pay with valid card should show success status message. Case: valid: name min length","tests.web.component.payment","2026-09-28","passed","2026-09-28","TestPaymentComponent","test_payment_component","",""
"","107","[API] Create user should return 200_OK when send create user request with valid data. Case: 'address1' length = min","tests.api.user","2026-09-28","passed","2026-09-28","TestCreateUserApi","test_create_user","",""
"","1088","[WEB Component] Image Carousel should show last image when scroll left on first image","tests.web.component.carousel","2026-09-28","passed","2026-09-28","TestImageCarousel","test_image_carousel","",""
"","0","[WEB Component] Pay with invalid card should show error message. Case: name contains emoji","tests.web.component.payment","2026-09-28","skipped","2026-09-28","TestPaymentComponent","test_payment_component","",""
"","2514","[WEB] Sign up with valid data. Case: 'first_name' length = max - 1","tests.web.component.auth","2026-09-28","passed","2026-09-28","TestSignUpWeb","test_signup_component","",""
"","0","[API] Update user should return 400_BAD_REQUEST when send update user request with invalid data. Case: 'zipcode' length = max + 1","tests.api.user","2026-09-28","skipped","2026-09-28","TestUpdateUserApi","test_update_user","",""
"","1282","[WEB Component] Brand filter should filters products by brand","tests.web.component.filter","2026-09-28","passed","2026-09-28","TestBrandFilter","test_brand_filter","",""
"","122","[API] Create user should return 200_OK when send create user request with valid data. Case: 'zipcode' length = min","tests.api.user","2026-09-28","passed","2026-09-28","TestCreateUserApi","test_create_user","",""
"","0","[API] Update user should return 400_BAD_REQUEST when send update user request with invalid data. Case: 'city' length = max + 1","tests.api.user","2026-09-28","skipped","2026-09-28","TestUpdateUserApi","test_update_user","",""
"","2797","[WEB] Sign up with valid data. Case: 'birth_year' = 10000","tests.web.component.auth","2026-09-28","passed","2026-09-28","TestSignUpWeb","test_signup_component","",""
"","1839","[WEB Component] Product carousel should have expected product","tests.web.component.carousel","2026-09-28","failed","2026-09-28","TestProductCarousel","test_product_carousel","",""
"","0","[API] Create user should return 400_BAD_REQUEST when send create user request with invalid data. Case: 'email' not contains domain","tests.api.user","2026-09-28","skipped","2026-09-28","TestCreateUserApi","test_create_user","",""
"","0","[WEB] Sign up with invalid data. Case: 'name' length = max","tests.web.component.auth","2026-09-28","skipped","2026-09-28","TestSignUpWeb","test_signup_component","",""
"","0","[WEB] Should not add product review with invalid data. Case: 'email' contains invalid top level domain web","tests.web.component.review","2026-09-28","skipped","2026-09-28","TestReviewComponent","test_review_component","",""
"","0","[WEB] Sign up with invalid data. Case: 'state' length = min + 1","tests.web.component.auth","2026-09-28","skipped","2026-09-28","TestSignUpWeb","test_signup_component","",""
"","0","[WEB] Should not add product review with invalid data. Case: 'name' is absent","tests.web.component.review","2026-09-28","skipped","2026-09-28","TestReviewComponent","test_review_component","",""
"","0","[WEB] Should not add product review with invalid data. Case: 'email' contains text before username","tests.web.component.review","2026-09-28","skipped","2026-09-28","TestReviewComponent","test_review_component","",""
"","0","[WEB] Should not add product review with invalid data. Case: 'email' contains '-' after '@'","tests.web.component.review","2026-09-28","skipped","2026-09-28","TestReviewComponent","test_review_component","",""
"","0","[WEB Component] Pay with invalid card should show error message. Case: name contains digits","tests.web.component.payment","2026-09-28","skipped","2026-09-28","TestPaymentComponent","test_payment_component","",""
"","116","[API] Create user should return 400_BAD_REQUEST when send create user request with existing email","tests.api.user","2026-09-28","passed","2026-09-28","TestCreateUserApi","test_create_user","",""
"","4141","[WEB] Sign up with valid data. Case: 'state' length = max","tests.web.component.auth","2026-09-28","passed","2026-09-28","TestSignUpWeb","test_signup_component","",""
"","0","[WEB] Sign up with invalid data. Case: 'address1' length = max - 1","tests.web.component.auth","2026-09-28","skipped","2026-09-28","TestSignUpWeb","test_signup_component","",""
"","0","[WEB Component] Pay with invalid card should show error message. Case: card number too long","tests.web.component.payment","2026-09-28","skipped","2026-09-28","TestPaymentComponent","test_payment_component","",""
"","107","Should return user exists when user exists with email and password","tests.api.user","2026-09-28","passed","2026-09-28","TestVerifyLoginApi","test_verify_login","",""
"","196","[API] Update user should return 200_OK when send update user request with valid data. Case: 'name' length = max","tests.api.user","2026-09-28","passed","2026-09-28","TestUpdateUserApi","test_update_user","",""
"","0","[API] Create user should return 400_BAD_REQUEST when send create user request with invalid data. Case: 'mobile_number' length = max + 1","tests.api.user","2026-09-28","skipped","2026-09-28","TestCreateUserApi","test_create_user","",""
"","0","[API] Update user should return 400_BAD_REQUEST when send update user request with invalid data. Case: 'last_name' is absent","tests.api.user","2026-09-28","skipped","2026-09-28","TestUpdateUserApi","test_update_user","",""
"","0","[WEB Component] Pay with invalid card should show error message. Case: expiry year in the past","tests.web.component.payment","2026-09-28","skipped","2026-09-28","TestPaymentComponent","test_payment_component","",""
"","0","[API] Create user should return 400_BAD_REQUEST when send create user request with invalid data. Case: 'mobile_number' has invalid format","tests.api.user","2026-09-28","skipped","2026-09-28","TestCreateUserApi","test_create_user","",""
"","0","[API] Update user should return 400_BAD_REQUEST when send update user request with invalid data. Case: 'mobile_number' is absent","tests.api.user","2026-09-28","skipped","2026-09-28","TestUpdateUserApi","test_update_user","",""
"","4136","[WEB] Sign up with valid data. Case: 'name' length = min + 1","tests.web.component.auth","2026-09-28","passed","2026-09-28","TestSignUpWeb","test_signup_component","",""
"","0","[WEB] Sign up with invalid data. Case: 'zipcode' length = min","tests.web.component.auth","2026-09-28","skipped","2026-09-28","TestSignUpWeb","test_signup_component","",""
"","2617","[WEB] Sign up with valid data. Case: 'first_name' length = min","tests.web.component.auth","2026-09-28","passed","2026-09-28","TestSignUpWeb","test_signup_component","",""
"","1667","[WEB Component] Pay with valid card should show success status message. Case: valid: 16 digits number","tests.web.component.payment","2026-09-28","passed","2026-09-28","TestPaymentComponent","test_payment_component","",""
"","616","[WEB] Should have expected screenshot when send review","tests.web.component.review","2026-09-28","passed","2026-09-28","TestReviewComponent","test_review_component","",""
"","0","[API] Update user should return 400_BAD_REQUEST when send update user request with invalid data. Case: 'birth_day' is negative","tests.api.user","2026-09-28","skipped","2026-09-28","TestUpdateUserApi","test_update_user","",""
"","103","[API] Create user should return 200_OK when send create user request with valid data. Case: 'address2' length = min","tests.api.user","2026-09-28","passed","2026-09-28","TestCreateUserApi","test_create_user","",""
"","0","[WEB] Sign up with invalid data. Case: 'birth_year' = 10000","tests.web.component.auth","2026-09-28","skipped","2026-09-28","TestSignUpWeb","test_signup_component","",""
"","0","[WEB Component] Pay with invalid card should show error message. Case: expiry year too short","tests.web.component.payment","2026-09-28","skipped","2026-09-28","TestPaymentComponent","test_payment_component","",""
"","711","[WEB Component] Should add product to cart when click on add to cart button","tests.web.component.product","2026-09-28","passed","2026-09-28","TestProductCard","test_product_card_component","",""
"","0","[WEB Component] Pay with invalid card should show error message. Case: name contains newline","tests.web.component.payment","2026-09-28","skipped","2026-09-28","TestPaymentComponent","test_payment_component","",""
"","270","[WEB Component] Product item should navigate to product page when click on item title","tests.web.component.product","2026-09-28","passed","2026-09-28","TestProductItem","test_product_item","",""
"","0","[API] Update user should return 400_BAD_REQUEST when send update user request with invalid data. Case: 'address1' is absent","tests.api.user","2026-09-28","skipped","2026-09-28","TestUpdateUserApi","test_update_user","",""
"","0","[WEB Component] Pay with invalid card should show error message. Case: expiry month only spaces","tests.web.component.payment","2026-09-28","skipped","2026-09-28","TestPaymentComponent","test_payment_component","",""
"","0","[API] Create user should return 400_BAD_REQUEST when send create user request with invalid data. Case: 'birth_day' is zero","tests.api.user","2026-09-28","skipped","2026-09-28","TestCreateUserApi","test_create_user","",""
"","0","[API] Update user should return 400_BAD_REQUEST when send update user request with invalid data. Case: 'mobile_number' has invalid format","tests.api.user","2026-09-28","skipped","2026-09-28","TestUpdateUserApi","test_update_user","",""
"","7607","Purchase products with sign up while checkout","tests.web.e2e","2026-09-28","passed","2026-09-28","TestPlaceOrder","test_place_order","",""
"","0","[API] Create user should return 400_BAD_REQUEST when send create user request with invalid data. Case: 'name' is absent","tests.api.user","2026-09-28","skipped","2026-09-28","TestCreateUserApi","test_create_user","",""
"","0","[WEB] Should not add product review with invalid data. Case: 'email' contains domain with one letter","tests.web.component.review","2026-09-28","skipped","2026-09-28","TestReviewComponent","test_review_component","",""
"","0","[API] Update user should return 400_BAD_REQUEST when send update user request with invalid data. Case: 'email' contains invalid top level domain web","tests.api.user","2026-09-28","skipped","2026-09-28","TestUpdateUserApi","test_update_user","",""
"","467","[WEB Component] Pay with valid card should show success status message. Case: valid name contains multiple spaces","tests.web.component.payment","2026-09-28","passed","2026-09-28","TestPaymentComponent","test_payment_component","",""
"","1209","[WEB Component] Category filter should have expected screenshot when fully expanded","tests.web.component.filter","2026-09-28","passed","2026-09-28","TestCategoryFilter","test_category_filter","",""
"","1661","[WEB Component] Place order without authorization notification should have expected data and screenshot","tests.web.component.base","2026-09-28","passed","2026-09-28","TestNotificationComponent","test_notification_component","",""
"","116","[API] Create user should return 200_OK when send create user request with valid data. Case: 'birth_year' = 1","tests.api.user","2026-09-28","passed","2026-09-28","TestCreateUserApi","test_create_user","",""
"","0","[API] Create user should return 400_BAD_REQUEST when send create user request with invalid data. Case: 'last_name' length = max + 1","tests.api.user","2026-09-28","skipped","2026-09-28","TestCreateUserApi","test_create_user","",""
"","3308","[WEB] Sign up with valid data. Case: 'birth_day' length = 31","tests.web.component.auth","2026-09-28","passed","2026-09-28","TestSignUpWeb","test_signup_component","",""
"","100","[API] Get user should return 404_NOT_FOUND when send get user request and user not exists","tests.api.user","2026-09-28","passed","2026-09-28","TestGetUserApi","test_get_user","",""
"","0","[API] Create user should return 400_BAD_REQUEST when send create user request with invalid data. Case: 'birth_day' is absent","tests.api.user","2026-09-28","skipped","2026-09-28","TestCreateUserApi","test_create_user","",""
"","3576","[WEB Component] Should add product to cart when click on add to cart button multiple times","tests.web.component.product","2026-09-28","passed","2026-09-28","TestProductCard","test_product_details_component","",""
"","118","[API] Create user should return 200_OK when send create user request with valid data. Case: 'name' length = min + 1","tests.api.user","2026-09-28","passed","2026-09-28","TestCreateUserApi","test_create_user","",""
"","492","[WEB] Should add product review with valid data. Case: 'name' length = max - 1","tests.web.component.review","2026-09-28","passed","2026-09-28","TestReviewComponent","test_review_component","",""
"","321","[WEB Component] Should delete user name by click on 'Delete Account' button","tests.web.component.base","2026-09-28","passed","2026-09-28","TestHeaderComponent","test_header_component","",""
"","0","[WEB] Should not add product review with invalid data. Case: 'email' not contains '@' symbol","tests.web.component.review","2026-09-28","skipped","2026-09-28","TestReviewComponent","test_review_component","",""
"","1293","[WEB] Should add product review with valid data. Case: 'message' length = max - 1","tests.web.component.review","2026-09-28","passed","2026-09-28","TestReviewComponent","test_review_component","",""
"","0","[API] Create user should return 400_BAD_REQUEST when send create user request with invalid data. Case: 'state' is empty","tests.api.user","2026-09-28","skipped","2026-09-28","TestCreateUserApi","test_create_user","",""
"","136","[API] Create user should return 200_OK when send create user request with valid data. Case: 'mobile_number' length = max","tests.api.user","2026-09-28","passed","2026-09-28","TestCreateUserApi","test_create_user","",""
"","192","[API] Update user should return 200_OK when send update user request with valid data. Case: 'birth_day' length = 31","tests.api.user","2026-09-28","passed","2026-09-28","TestUpdateUserApi","test_update_user","",""
"","322","[API] Update user should return 200_OK when send update user request with valid data. Case: 'zipcode' length = min","tests.api.user","2026-09-28","passed","2026-09-28","TestUpdateUserApi","test_update_user","",""
"","0","[WEB] Should not add product review with invalid data. Case: 'message' length = min","tests.web.component.review","2026-09-28","skipped","2026-09-28","TestReviewComponent","test_review_component","",""
"","173","[API] Update user should return 200_OK when send update user request with valid data. Case: 'mobile_number' length = min","tests.api.user","2026-09-28","passed","2026-09-28","TestUpdateUserApi","test_update_user","",""
"","507","[WEB Component] Should navigate to contact us page by click on 'Contact us' button","tests.web.component.base","2026-09-28","passed","2026-09-28","TestHeaderComponent","test_header_component","",""
"","1296","[WEB Component] Search filter should have expected screenshot","tests.web.component.filter","2026-09-28","passed","2026-09-28","TestSearchFilter","test_search_filter","",""
"","2986","[WEB] Sign up with valid data. Case: 'birth_day' = 1","tests.web.component.auth","2026-09-28","passed","2026-09-28","TestSignUpWeb","test_signup_component","",""
"","0","[API] Update user should return 400_BAD_REQUEST when send update user request with invalid data. Case: 'zipcode' has invalid format","tests.api.user","2026-09-28","skipped","2026-09-28","TestUpdateUserApi","test_update_user","",""
"","243","[API] Update user should return 200_OK when send update user request with valid data. Case: 'last_name' length = min + 1","tests.api.user","2026-09-28","passed","2026-09-28","TestUpdateUserApi","test_update_user","",""
"","0","[WEB Component] Pay with invalid card should show error message. Case: name contains leading spaces","tests.web.component.payment","2026-09-28","skipped","2026-09-28","TestPaymentComponent","test_payment_component","",""
"","0","[WEB] Sign up with invalid data. Case: 'mobile_number' length = min","tests.web.component.auth","2026-09-28","skipped","2026-09-28","TestSignUpWeb","test_signup_component","",""
"","0","[WEB] Sign up with invalid data. Case: 'birth_month' = 1","tests.web.component.auth","2026-09-28","skipped","2026-09-28","TestSignUpWeb","test_signup_component","",""
"","0","[WEB] Sign up with invalid data. Case: 'last_name' length = max - 1","tests.web.component.auth","2026-09-28","skipped","2026-09-28","TestSignUpWeb","test_signup_component","",""
"","1550","[WEB Component] Should increase product item quantity","tests.web.component.product","2026-09-28","passed","2026-09-28","TestProductItem","test_product_item","",""
"","316","[API] Create user should return 200_OK when send create user request with valid data. Case: 'first_name' length = max","tests.api.user","2026-09-28","passed","2026-09-28","TestCreateUserApi","test_create_user","",""
"","204","[API] Update user should return 200_OK when send update user request with valid data. Case: 'last_name' length = min","tests.api.user","2026-09-28","passed","2026-09-28","TestUpdateUserApi","test_update_user","",""
"","0","[WEB] Sign up with invalid data. Case: 'zipcode' length = max - 1","tests.web.component.auth","2026-09-28","skipped","2026-09-28","TestSignUpWeb","test_signup_component","",""
"","214","[API] Update user should return 200_OK when send update user request with valid data. Case: 'birth_year' = 1","tests.api.user","2026-09-28","passed","2026-09-28","TestUpdateUserApi","test_update_user","",""
"","0","[API] Create user should return 400_BAD_REQUEST when send create user request with invalid data. Case: 'city' length = min - 1","tests.api.user","2026-09-28","skipped","2026-09-28","TestCreateUserApi","test_create_user","",""
"","0","[WEB] Sign up with invalid data. Case: 'company' length = max","tests.web.component.auth","2026-09-28","skipped","2026-09-28","TestSignUpWeb","test_signup_component","",""
"","0","[API] Create user should return 400_BAD_REQUEST when send create user request with invalid data. Case: 'zipcode' is empty","tests.api.user","2026-09-28","skipped","2026-09-28","TestCreateUserApi","test_create_user","",""
"","220","[API] Update user should return 200_OK when send update user request with valid data. Case: 'company' length = max - 1","tests.api.user","2026-09-28","passed","2026-09-28","TestUpdateUserApi","test_update_user","",""
"","0","[WEB Component] Pay with invalid card should show error message. Case: expiry year is empty","tests.web.component.payment","2026-09-28","skipped","2026-09-28","TestPaymentComponent","test_payment_component","",""
"","292","[API] Update user should return 200_OK when send update user request with valid data. Case: 'address2' length = max - 1","tests.api.user","2026-09-28","passed","2026-09-28","TestUpdateUserApi","test_update_user","",""
"","0","[WEB] Should not add product review with invalid data. Case: 'email' contains username hieroglyphs instead of username","tests.web.component.review","2026-09-28","skipped","2026-09-28","TestReviewComponent","test_review_component","",""
"","528","[WEB] Should add product review with valid data. Case: 'name' length = min","tests.web.component.review","2026-09-28","passed","2026-09-28","TestReviewComponent","test_review_component","",""
"","0","[API] Create user should return 400_BAD_REQUEST when send create user request with invalid data. Case: 'name' length = max + 1","tests.api.user","2026-09-28","skipped","2026-09-28","TestCreateUserApi","test_create_user","",""
"","238","[API] Update user should return 200_OK when send update user request with valid data. Case: 'zipcode' length = max - 1","tests.api.user","2026-09-28","passed","2026-09-28","TestUpdateUserApi","test_update_user","",""
"","0","[API] Create user should return 400_BAD_REQUEST when send create user request with invalid data. Case: 'email' contains username hieroglyphs instead of username","tests.api.user","2026-09-28","skipped","2026-09-28","TestCreateUserApi","test_create_user","",""
"","0","[API] Create user should return 400_BAD_REQUEST when send create user request with invalid data. Case: 'last_name' is empty","tests.api.user","2026-09-28","skipped","2026-09-28","TestCreateUserApi","test_create_user","",""
"","689","[API] Update user should return 200_OK when send update user request with valid data. Case: 'zipcode' length = max","tests.api.user","2026-09-28","passed","2026-09-28","TestUpdateUserApi","test_update_user","",""
"","2483","[WEB] Sign up with valid data. Case: 'zipcode' length = min + 1","tests.web.component.auth","2026-09-28","passed","2026-09-28","TestSignUpWeb","test_signup_component","",""
"","225","[API] Update user should return 200_OK when send update user request with valid data. Case: 'first_name' length = max - 1","tests.api.user","2026-09-28","passed","2026-09-28","TestUpdateUserApi","test_update_user","",""
"","2530","[WEB] Sign up with valid data. Case: 'last_name' length = min + 1","tests.web.component.auth","2026-09-28","passed","2026-09-28","TestSignUpWeb","test_signup_component","",""
"","149","[API] Create user should return 200_OK when send create user request with valid data. Case: 'last_name' length = max - 1","tests.api.user","2026-09-28","passed","2026-09-28","TestCreateUserApi","test_create_user","",""
"","0","[WEB Component] Pay with invalid card should show error message. Case: card number is empty","tests.web.component.payment","2026-09-28","skipped","2026-09-28","TestPaymentComponent","test_payment_component","",""
"","0","[WEB] Should not add product review with invalid data. Case: 'email' not contains username","tests.web.component.review","2026-09-28","skipped","2026-09-28","TestReviewComponent","test_review_component","",""
"","0","[WEB Component] Pay with invalid card should show error message. Case: expiry month is empty","tests.web.component.payment","2026-09-28","skipped","2026-09-28","TestPaymentComponent","test_payment_component","",""
"","288","[WEB Component] Payment component should have expected screenshot","tests.web.component.payment","2026-09-28","passed","2026-09-28","TestPaymentComponent","test_payment_component","",""
"","0","[API] Update user should return 400_BAD_REQUEST when send update user request with invalid data. Case: 'first_name' length = max + 1","tests.api.user","2026-09-28","skipped","2026-09-28","TestUpdateUserApi","test_update_user","",""
"","86","[API] Get csrf should return 200_OK when send get csrf request and contains csrf cookie","tests.api.auth","2026-09-28","passed","2026-09-28","TestAuthApi","test_auth","",""
"","116","[API] Create user should return 200_OK when send create user request with valid data. Case: 'last_name' length = min + 1","tests.api.user","2026-09-28","passed","2026-09-28","TestCreateUserApi","test_create_user","",""
"","199","[API] Update user should return 200_OK when send update user request with valid data. Case: 'address1' length = min + 1","tests.api.user","2026-09-28","passed","2026-09-28","TestUpdateUserApi","test_update_user","",""
"","517","[WEB] Should add product review with valid data. Case: 'name' length = min + 1","tests.web.component.review","2026-09-28","passed","2026-09-28","TestReviewComponent","test_review_component","",""
"","0","[WEB] Sign up with invalid data. Case: 'birth_year' = 1","tests.web.component.auth","2026-09-28","skipped","2026-09-28","TestSignUpWeb","test_signup_component","",""
"","0","[API] Update user should return 400_BAD_REQUEST when send update user request with invalid data. Case: 'email' not contains '@' symbol","tests.api.user","2026-09-28","skipped","2026-09-28","TestUpdateUserApi","test_update_user","",""
"","0","[WEB] Sign up with invalid data. Case: 'company' length = min","tests.web.component.auth","2026-09-28","skipped","2026-09-28","TestSignUpWeb","test_signup_component","",""
"","3114","[WEB] Sign up with valid data. Case: 'company' length = max - 1","tests.web.component.auth","2026-09-28","passed","2026-09-28","TestSignUpWeb","test_signup_component","",""
"","187","[API] Update user should return 200_OK when send update user request with valid data. Case: 'mobile_number' length = min + 1","tests.api.user","2026-09-28","passed","2026-09-28","TestUpdateUserApi","test_update_user","",""
"","0","[API] Create user should return 400_BAD_REQUEST when send create user request with invalid data. Case: 'birth_year' is absent","tests.api.user","2026-09-28","skipped","2026-09-28","TestCreateUserApi","test_create_user","",""
"","110","[API] Create user should return 200_OK when send create user request with valid data. Case: 'city' length = max - 1","tests.api.user","2026-09-28","passed","2026-09-28","TestCreateUserApi","test_create_user","",""
"","346","[API] Update user should return 200_OK when send update user request with valid data. Case: 'zipcode' length = min + 1","tests.api.user","2026-09-28","passed","2026-09-28","TestUpdateUserApi","test_update_user","",""
"","0","[API] Update user should return 400_BAD_REQUEST when send update user request with invalid data. Case: 'address2' length = min - 1","tests.api.user","2026-09-28","skipped","2026-09-28","TestUpdateUserApi","test_update_user","",""
"","0","[WEB] Sign up with invalid data. Case: 'state' length = max - 1","tests.web.component.auth","2026-09-28","skipped","2026-09-28","TestSignUpWeb","test_signup_component","",""
"","1289","[WEB Component] Page scroller scroll page to top","tests.web.component.base","2026-09-28","passed","2026-09-28","TestPageScrollerComponent","test_page_scroller_component","",""
"","3719","[WEB] Sign up with valid data. Case: 'mobile_number' length = min","tests.web.component.auth","2026-09-28","passed","2026-09-28","TestSignUpWeb","test_signup_component","",""
"","0","[API] Update user should return 400_BAD_REQUEST when send update user request with invalid data. Case: 'state' is empty","tests.api.user","2026-09-28","skipped","2026-09-28","TestUpdateUserApi","test_update_user","",""
"","107","[API] Create user should return 200_OK when send create user request with valid data. Case: 'birth_year' = 10000","tests.api.user","2026-09-28","passed","2026-09-28","TestCreateUserApi","test_create_user","",""
"","192","[API] Update user should return 200_OK when send update user request with valid data. Case: 'city' length = min + 1","tests.api.user","2026-09-28","passed","2026-09-28","TestUpdateUserApi","test_update_user","",""
"","2739","[WEB] Sign up with valid data. Case: 'mobile_number' length = max","tests.web.component.auth","2026-09-28","passed","2026-09-28","TestSignUpWeb","test_signup_component","",""
"","177","[API] Update user should return 200_OK when send update user request with valid data. Case: 'birth_day' = 1","tests.api.user","2026-09-28","passed","2026-09-28","TestUpdateUserApi","test_update_user","",""
"","0","[API] Update user should return 400_BAD_REQUEST when send update user request with invalid data. Case: 'zipcode' is absent","tests.api.user","2026-09-28","skipped","2026-09-28","TestUpdateUserApi","test_update_user","",""
"","2576","[WEB] Sign up with valid data. Case: 'name' length = max - 1","tests.web.component.auth","2026-09-28","passed","2026-09-28","TestSignUpWeb","test_signup_component","",""
"","378","[WEB] Should add product review with valid data. Case: 'message' length = min","tests.web.component.review","2026-09-28","passed","2026-09-28","TestReviewComponent","test_review_component","",""
"","120","[API] Create user should return 200_OK when send create user request with valid data. Case: 'last_name' length = min","tests.api.user","2026-09-28","passed","2026-09-28","TestCreateUserApi","test_create_user","",""
"","2573","[WEB] Sign up with valid data. Case: 'state' length = min + 1","tests.web.component.auth","2026-09-28","passed","2026-09-28","TestSignUpWeb","test_signup_component","",""
"","486","[WEB] Should add product review with valid data. Case: 'email' username contains '-'","tests.web.component.review","2026-09-28","passed","2026-09-28","TestReviewComponent","test_review_component","",""
"","0","[API] Update user should return 400_BAD_REQUEST when send update user request with invalid data. Case: 'email' is empty","tests.api.user","2026-09-28","skipped","2026-09-28","TestUpdateUserApi","test_update_user","",""
"","0","[API] Update user should return 400_BAD_REQUEST when send update user request with invalid data. Case: 'email' contains only special symbols","tests.api.user","2026-09-28","skipped","2026-09-28","TestUpdateUserApi","test_update_user","",""
"","713","[WEB Component] Should have expected success status message after sending contact info","tests.web.component.base","2026-09-28","passed","2026-09-28","TestSubscriptionComponent","test_subscription_component","",""
"","534","[WEB] Should add product review with valid data. Case: 'email' domain contains '-'","tests.web.component.review","2026-09-28","passed","2026-09-28","TestReviewComponent","test_review_component","",""
"","512","[WEB Component] Pay with valid card should show success status message. Case: valid: future year","tests.web.component.payment","2026-09-28","passed","2026-09-28","TestPaymentComponent","test_payment_component","",""
"","912","[WEB Component] Product card should have expected data","tests.web.component.product","2026-09-28","skipped","2026-09-28","TestProductCard","test_product_card_component","",""
"","2498","[WEB] Sign up with valid data. Case: 'address1' length = min + 1","tests.web.component.auth","2026-09-28","passed","2026-09-28","TestSignUpWeb","test_signup_component","",""
"","263","[API] Update user should return 200_OK when send update user request with valid data. Case: 'state' length = min + 1","tests.api.user","2026-09-28","passed","2026-09-28","TestUpdateUserApi","test_update_user","",""
"","4282","[WEB Component] Invoice should have expected price","tests.web.component.payment","2026-09-28","passed","2026-09-28","TestPaymentComponent","test_invoice_file","",""
"","1167","[WEB Component] Product item should have expected data","tests.web.component.product","2026-09-28","passed","2026-09-28","TestProductItem","test_product_item","",""
"","188","[API] Update user should return 200_OK when send update user request with valid data. Case: 'address1' length = min","tests.api.user","2026-09-28","passed","2026-09-28","TestUpdateUserApi","test_update_user","",""
"","2536","[WEB] Sign up with valid data. Case: 'address2' length = max","tests.web.component.auth","2026-09-28","passed","2026-09-28","TestSignUpWeb","test_signup_component","",""
"","0","[WEB Component] Pay with invalid card should show error message. Case: card number contains dashes","tests.web.component.payment","2026-09-28","skipped","2026-09-28","TestPaymentComponent","test_payment_component","",""
"","197","[API] Update user should return 200_OK when send update user request with valid data. Case: 'address2' length = min","tests.api.user","2026-09-28","passed","2026-09-28","TestUpdateUserApi","test_update_user","",""
"","433","[WEB] Should add product review with valid data. Case: 'email' contains subdomain","tests.web.component.review","2026-09-28","passed","2026-09-28","TestReviewComponent","test_review_component","",""
"","0","[API] Create user should return 400_BAD_REQUEST when send create user request with invalid data. Case: 'birth_day' is invalid positive","tests.api.user","2026-09-28","skipped","2026-09-28","TestCreateUserApi","test_create_user","",""
"","0","[API] Create user should return 400_BAD_REQUEST when send create user request with invalid data. Case: 'email' contains text before username","tests.api.user","2026-09-28","skipped","2026-09-28","TestCreateUserApi","test_create_user","",""
"","0","[API] Update user should return 400_BAD_REQUEST when send update user request with invalid data. Case: 'birth_day' is invalid positive","tests.api.user","2026-09-28","skipped","2026-09-28","TestUpdateUserApi","test_update_user","",""
"","1586","[WEB Component] Pay with valid card should show success status message. Case: valid: cvc typical","tests.web.component.payment","2026-09-28","passed","2026-09-28","TestPaymentComponent","test_payment_component","",""
"","221","[API] Update user should return 200_OK when send update user request with valid data. Case: 'state' length = min","tests.api.user","2026-09-28","passed","2026-09-28","TestUpdateUserApi","test_update_user","",""
"","0","[API] Create user should return 400_BAD_REQUEST when send create user request with invalid data. Case: 'zipcode' has invalid format","tests.api.user","2026-09-28","skipped","2026-09-28","TestCreateUserApi","test_create_user","",""
"","0","[WEB] Should not add product review with invalid data. Case: 'email' contains multiple '@' symbols","tests.web.component.review","2026-09-28","skipped","2026-09-28","TestReviewComponent","test_review_component","",""
"","2949","[WEB] Sign up with valid data. Case: 'address1' length = max","tests.web.component.auth","2026-09-28","passed","2026-09-28","TestSignUpWeb","test_signup_component","",""
"","0","[API] Create user should return 400_BAD_REQUEST when send create user request with invalid data. Case: 'birth_day' is negative","tests.api.user","2026-09-28","skipped","2026-09-28","TestCreateUserApi","test_create_user","",""
"","0","[API] Update user should return 400_BAD_REQUEST when send update user request with invalid data. Case: 'name' is empty","tests.api.user","2026-09-28","skipped","2026-09-28","TestUpdateUserApi","test_update_user","",""
"","0","[API] Create user should return 400_BAD_REQUEST when send create user request with invalid data. Case: 'email' not contains '@' symbol","tests.api.user","2026-09-28","skipped","2026-09-28","TestCreateUserApi","test_create_user","",""
"","2242","[WEB Component] Image Carousel should show first image when scroll right on last image","tests.web.component.carousel","2026-09-28","passed","2026-09-28","TestImageCarousel","test_image_carousel","",""
"","0","[WEB] Should not add product review with invalid data. Case: 'email' contains mail server as ip and port","tests.web.component.review","2026-09-28","skipped","2026-09-28","TestReviewComponent","test_review_component","",""
"","0","[WEB] Sign up with invalid data. Case: 'address2' length = min + 1","tests.web.component.auth","2026-09-28","skipped","2026-09-28","TestSignUpWeb","test_signup_component","",""
"","111","Get brands should return 200_OK when send get brands request","tests.api.brand","2026-09-28","passed","2026-09-28","TestBrandApi","test_brand","",""
"","3280","[WEB] Sign up with valid data. Case: 'mobile_number' length = min + 1","tests.web.component.auth","2026-09-28","passed","2026-09-28","TestSignUpWeb","test_signup_component","",""
"","0","[API] Update user should return 400_BAD_REQUEST when send update user request with invalid data. Case: 'birth_year' is negative","tests.api.user","2026-09-28","skipped","2026-09-28","TestUpdateUserApi","test_update_user","",""
"","0","[API] Create user should return 400_BAD_REQUEST when send create user request with invalid data. Case: 'zipcode' is absent","tests.api.user","2026-09-28","skipped","2026-09-28","TestCreateUserApi","test_create_user","",""
"","2663","[WEB] Sign up with valid data. Case: 'name' length = max","tests.web.component.auth","2026-09-28","passed","2026-09-28","TestSignUpWeb","test_signup_component","",""
"","1252","[WEB] Should add product review with valid data. Case: 'message' length = max","tests.web.component.review","2026-09-28","passed","2026-09-28","TestReviewComponent","test_review_component","",""
"","220","[API] Update user should return 200_OK when send update user request with valid data. Case: 'mobile_number' length = max - 1","tests.api.user","2026-09-28","passed","2026-09-28","TestUpdateUserApi","test_update_user","",""
"","212","[API] Update user should return 200_OK when send update user request with valid data. Case: 'address1' length = max","tests.api.user","2026-09-28","passed","2026-09-28","TestUpdateUserApi","test_update_user","",""
"","0","[API] Create user should return 400_BAD_REQUEST when send create user request with invalid data. Case: 'first_name' is absent","tests.api.user","2026-09-28","skipped","2026-09-28","TestCreateUserApi","test_create_user","",""
"","0","[WEB Component] Pay with invalid card should show error message. Case: expiry year contains letters","tests.web.component.payment","2026-09-28","skipped","2026-09-28","TestPaymentComponent","test_payment_component","",""
"","111","[API] Create user should return 200_OK when send create user request with valid data. Case: 'state' length = max - 1","tests.api.user","2026-09-28","passed","2026-09-28","TestCreateUserApi","test_create_user","",""
"","0","[API] Create user should return 400_BAD_REQUEST when send create user request with invalid data. Case: 'birth_month' is absent","tests.api.user","2026-09-28","skipped","2026-09-28","TestCreateUserApi","test_create_user","",""
"","4985","[WEB] Sign up with valid data. Case: 'city' length = min + 1","tests.web.component.auth","2026-09-28","passed","2026-09-28","TestSignUpWeb","test_signup_component","",""
"","0","[API] Create user should return 400_BAD_REQUEST when send create user request with invalid data. Case: 'mobile_number' is absent","tests.api.user","2026-09-28","skipped","2026-09-28","TestCreateUserApi","test_create_user","",""
"","323","[WEB] Should add product review with valid data. Case: 'email' has not exists email service","tests.web.component.review","2026-09-28","passed","2026-09-28","TestReviewComponent","test_review_component","",""
"","2992","[WEB] Sign up with valid data. Case: 'birth_month' = 12","tests.web.component.auth","2026-09-28","passed","2026-09-28","TestSignUpWeb","test_signup_component","",""
"","112","[API] Create user should return 200_OK when send create user request with valid data. Case: 'birth_month' = 1","tests.api.user","2026-09-28","passed","2026-09-28","TestCreateUserApi","test_create_user","",""
"","0","[API] Create user should return 400_BAD_REQUEST when send create user request with invalid data. Case: 'city' is empty","tests.api.user","2026-09-28","skipped","2026-09-28","TestCreateUserApi","test_create_user","",""
"","103","[API] Create user should return 200_OK when send create user request with valid data. Case: 'zipcode' length = max - 1","tests.api.user","2026-09-28","passed","2026-09-28","TestCreateUserApi","test_create_user","",""
"","9239","[WEB] Sign in with valid data","tests.web.component.auth","2026-09-28","passed","2026-09-28","TestLoginWeb","test_login_component","",""
"","114","[API] Delete user should return 200_OK when send delete user request and user exists","tests.api.user","2026-09-28","passed","2026-09-28","TestDeleteUserApi","test_delete_user","",""
"","182","[API] Update user should return 200_OK when send update user request with valid data. Case: 'birth_month' = 1","tests.api.user","2026-09-28","passed","2026-09-28","TestUpdateUserApi","test_update_user","",""
"","0","[WEB] Sign up with invalid data. Case: 'state' length = min","tests.web.component.auth","2026-09-28","skipped","2026-09-28","TestSignUpWeb","test_signup_component","",""
"","0","[API] Update user should return 400_BAD_REQUEST when send update user request with invalid data. Case: 'name' length = min - 1","tests.api.user","2026-09-28","skipped","2026-09-28","TestUpdateUserApi","test_update_user","",""
"","0","[API] Update user should return 400_BAD_REQUEST when send update user request with invalid data. Case: 'address1' length = max + 1","tests.api.user","2026-09-28","skipped","2026-09-28","TestUpdateUserApi","test_update_user","",""
"","0","[API] Create user should return 400_BAD_REQUEST when send create user request with invalid data. Case: 'email' contains mail server as ip and port","tests.api.user","2026-09-28","skipped","2026-09-28","TestCreateUserApi","test_create_user","",""
"","2795","[WEB] Sign up with valid data. Case: 'address2' length = min","tests.web.component.auth","2026-09-28","passed","2026-09-28","TestSignUpWeb","test_signup_component","",""
"","329","[WEB Component] Billing address has expected data","tests.web.component.address","2026-09-28","passed","2026-09-28","TestAddressComponent","test_address_component","",""
"","0","[WEB Component] Pay with invalid card should show error message. Case: name length = max + 1","tests.web.component.payment","2026-09-28","skipped","2026-09-28","TestPaymentComponent","test_payment_component","",""
"","0","[WEB] Sign up with invalid data. Case: 'mobile_number' length = max - 1","tests.web.component.auth","2026-09-28","skipped","2026-09-28","TestSignUpWeb","test_signup_component","",""
"","946","[WEB Component] Brand filter should have expected screenshot","tests.web.component.filter","2026-09-28","passed","2026-09-28","TestBrandFilter","test_brand_filter","",""
"","0","[WEB] Sign up with invalid data. Case: 'name' length = min + 1","tests.web.component.auth","2026-09-28","skipped","2026-09-28","TestSignUpWeb","test_signup_component","",""
"","197","[API] Update user should return 200_OK when send update user request with valid data. Case: 'first_name' length = min + 1","tests.api.user","2026-09-28","passed","2026-09-28","TestUpdateUserApi","test_update_user","",""
"","105","[API] Create user should return 200_OK when send create user request with valid data. Case: 'city' length = min","tests.api.user","2026-09-28","passed","2026-09-28","TestCreateUserApi","test_create_user","",""
"","115","[API] Create user should return 200_OK when send create user request with valid data. Case: 'zipcode' length = max","tests.api.user","2026-09-28","passed","2026-09-28","TestCreateUserApi","test_create_user","",""
"","131","[API] Create user should return 200_OK when send create user request with valid data. Case: 'first_name' length = max - 1","tests.api.user","2026-09-28","passed","2026-09-28","TestCreateUserApi","test_create_user","",""
"","1088","[WEB Component] Should add product to cart when click on add to cart button from overlay","tests.web.component.product","2026-09-28","passed","2026-09-28","TestAnimatedProductCard","test_animated_product_card_component","",""
"","3001","[WEB] Sign up with valid data. Case: 'address2' length = min + 1","tests.web.component.auth","2026-09-28","passed","2026-09-28","TestSignUpWeb","test_signup_component","",""
"","0","[WEB] Sign up with invalid data. Case: 'city' length = max - 1","tests.web.component.auth","2026-09-28","skipped","2026-09-28","TestSignUpWeb","test_signup_component","",""
"","118","[API] Create user should return 200_OK when send create user request with valid data. Case: 'last_name' length = max","tests.api.user","2026-09-28","passed","2026-09-28","TestCreateUserApi","test_create_user","",""
"","1429","[WEB Component] Search filter should return all products when filter by empty query","tests.web.component.filter","2026-09-28","passed","2026-09-28","TestSearchFilter","test_search_filter","",""
"","139","[API] Create user should return 200_OK when send create user request with valid data. Case: 'birth_day' = 1","tests.api.user","2026-09-28","passed","2026-09-28","TestCreateUserApi","test_create_user","",""
"","0","[WEB] Sign up with invalid data. Case: 'name' length = max - 1","tests.web.component.auth","2026-09-28","skipped","2026-09-28","TestSignUpWeb","test_signup_component","",""
