"DESCRIPTION","DURATION IN MS","NAME","PARENT SUITE","START TIME","STATUS","STOP TIME","SUB SUITE","SUITE","TEST CLASS","TEST METHOD"
"","266","[API] Update user should return 200_OK when send update user request with valid data. Case: 'last_name' length = min","tests.api.user","Mon Apr 27 07:17:27 UTC 2026","passed","Mon Apr 27 07:17:28 UTC 2026","TestUpdateUserApi","test_update_user","",""
"","0","[WEB] Sign up with invalid data. Case: 'address1' length = min","tests.web.component.auth","Mon Apr 27 07:18:35 UTC 2026","skipped","Mon Apr 27 07:18:35 UTC 2026","TestSignUpWeb","test_signup_component","",""
"","0","[API] Update user should return 400_BAD_REQUEST when send update user request with invalid data. Case: 'city' length = max + 1","tests.api.user","Mon Apr 27 07:17:59 UTC 2026","skipped","Mon Apr 27 07:17:59 UTC 2026","TestUpdateUserApi","test_update_user","",""
"","0","[API] Update user should return 400_BAD_REQUEST when send update user request with invalid data. Case: 'address1' length = max + 1","tests.api.user","Mon Apr 27 07:17:59 UTC 2026","skipped","Mon Apr 27 07:17:59 UTC 2026","TestUpdateUserApi","test_update_user","",""
"","0","[WEB Component] Pay with invalid card should show error message. Case: expiry year too short","tests.web.component.payment","Mon Apr 27 07:29:18 UTC 2026","skipped","Mon Apr 27 07:29:18 UTC 2026","TestPaymentComponent","test_payment_component","",""
"","0","[API] Update user should return 400_BAD_REQUEST when send update user request with invalid data. Case: 'birth_day' is absent","tests.api.user","Mon Apr 27 07:17:59 UTC 2026","skipped","Mon Apr 27 07:17:59 UTC 2026","TestUpdateUserApi","test_update_user","",""
"","0","[API] Create user should return 400_BAD_REQUEST when send create user request with invalid data. Case: 'email' contains '-' after '@'","tests.api.user","Mon Apr 27 07:17:13 UTC 2026","skipped","Mon Apr 27 07:17:13 UTC 2026","TestCreateUserApi","test_create_user","",""
"","377","[API] Update user should return 200_OK when send update user request with valid data. Case: 'city' length = max - 1","tests.api.user","Mon Apr 27 07:17:55 UTC 2026","passed","Mon Apr 27 07:17:56 UTC 2026","TestUpdateUserApi","test_update_user","",""
"","0","[API] Update user should return 400_BAD_REQUEST when send update user request with invalid data. Case: 'mobile_number' is empty","tests.api.user","Mon Apr 27 07:17:59 UTC 2026","skipped","Mon Apr 27 07:17:59 UTC 2026","TestUpdateUserApi","test_update_user","",""
"","0","[WEB] Should not add product review with invalid data. Case: 'email' contains '.' before dog symbol","tests.web.component.review","Mon Apr 27 07:37:30 UTC 2026","skipped","Mon Apr 27 07:37:30 UTC 2026","TestReviewComponent","test_review_component","",""
"","961","[WEB Component] Brand filter should have expected screenshot","tests.web.component.filter","Mon Apr 27 07:43:02 UTC 2026","passed","Mon Apr 27 07:43:03 UTC 2026","TestBrandFilter","test_brand_filter","",""
"","4983","[WEB] Sign up with valid data. Case: 'name' length = max","tests.web.component.auth","Mon Apr 27 07:20:05 UTC 2026","passed","Mon Apr 27 07:20:10 UTC 2026","TestSignUpWeb","test_signup_component","",""
"","497","[WEB] Should add product review with valid data. Case: 'name' length = min","tests.web.component.review","Mon Apr 27 07:34:19 UTC 2026","passed","Mon Apr 27 07:34:19 UTC 2026","TestReviewComponent","test_review_component","",""
"","0","[API] Create user should return 400_BAD_REQUEST when send create user request with invalid data. Case: 'city' is empty","tests.api.user","Mon Apr 27 07:17:13 UTC 2026","skipped","Mon Apr 27 07:17:13 UTC 2026","TestCreateUserApi","test_create_user","",""
"","0","[API] Create user should return 400_BAD_REQUEST when send create user request with invalid data. Case: 'city' length = min - 1","tests.api.user","Mon Apr 27 07:17:13 UTC 2026","skipped","Mon Apr 27 07:17:13 UTC 2026","TestCreateUserApi","test_create_user","",""
"","0","[WEB] Sign up with invalid data. Case: 'birth_day' length = 31","tests.web.component.auth","Mon Apr 27 07:18:35 UTC 2026","skipped","Mon Apr 27 07:18:35 UTC 2026","TestSignUpWeb","test_signup_component","",""
"","104","[WEB Component] Should visible user name when authorized","tests.web.component.base","Mon Apr 27 07:20:36 UTC 2026","passed","Mon Apr 27 07:20:36 UTC 2026","TestHeaderComponent","test_header_component","",""
"","3679","[WEB] Sign up with valid data. Case: 'name' length = min + 1","tests.web.component.auth","Mon Apr 27 07:19:20 UTC 2026","passed","Mon Apr 27 07:19:23 UTC 2026","TestSignUpWeb","test_signup_component","",""
"","503","[API] Update user should return 200_OK when send update user request with valid data. Case: 'birth_day' length = 31","tests.api.user","Mon Apr 27 07:17:37 UTC 2026","passed","Mon Apr 27 07:17:37 UTC 2026","TestUpdateUserApi","test_update_user","",""
"","0","[WEB Component] Pay with invalid card should show error message. Case: expiry month one digit","tests.web.component.payment","Mon Apr 27 07:29:18 UTC 2026","skipped","Mon Apr 27 07:29:18 UTC 2026","TestPaymentComponent","test_payment_component","",""
"","2417","[WEB Component] Products Carousel should last products when scroll left on first slide","tests.web.component.carousel","Mon Apr 27 07:42:13 UTC 2026","passed","Mon Apr 27 07:42:16 UTC 2026","TestProductCarousel","test_product_carousel","",""
"","0","[WEB Component] Pay with invalid card should show error message. Case: expiry month contains letters","tests.web.component.payment","Mon Apr 27 07:29:18 UTC 2026","skipped","Mon Apr 27 07:29:18 UTC 2026","TestPaymentComponent","test_payment_component","",""
"","153","[API] Create user should return 200_OK when send create user request with valid data. Case: 'last_name' length = max - 1","tests.api.user","Mon Apr 27 07:17:24 UTC 2026","passed","Mon Apr 27 07:17:25 UTC 2026","TestCreateUserApi","test_create_user","",""
"","353","[API] Update user should return 200_OK when send update user request with valid data. Case: 'mobile_number' length = max","tests.api.user","Mon Apr 27 07:17:34 UTC 2026","passed","Mon Apr 27 07:17:35 UTC 2026","TestUpdateUserApi","test_update_user","",""
"","724","test_get_all_products","tests.api.product","Mon Apr 27 07:17:15 UTC 2026","passed","Mon Apr 27 07:17:16 UTC 2026","TestProductApi","test_product","",""
"","766","[WEB] Should have expected screenshot when send review","tests.web.component.review","Mon Apr 27 07:45:19 UTC 2026","passed","Mon Apr 27 07:45:20 UTC 2026","TestReviewComponent","test_review_component","",""
"","237","[API] Create user should return 200_OK when send create user request with valid data. Case: 'birth_month' = 12","tests.api.user","Mon Apr 27 07:17:29 UTC 2026","passed","Mon Apr 27 07:17:30 UTC 2026","TestCreateUserApi","test_create_user","",""
"","2225","[WEB Component] Pay with valid card should show success status message. Case: valid: 16 digits number","tests.web.component.payment","Mon Apr 27 07:27:18 UTC 2026","passed","Mon Apr 27 07:27:20 UTC 2026","TestPaymentComponent","test_payment_component","",""
"","4252","[WEB] Sign up with valid data. Case: 'city' length = min","tests.web.component.auth","Mon Apr 27 07:30:59 UTC 2026","passed","Mon Apr 27 07:31:04 UTC 2026","TestSignUpWeb","test_signup_component","",""
"","0","[WEB] Sign up with invalid data. Case: 'last_name' length = max","tests.web.component.auth","Mon Apr 27 07:18:35 UTC 2026","skipped","Mon Apr 27 07:18:35 UTC 2026","TestSignUpWeb","test_signup_component","",""
"","0","[API] Create user should return 400_BAD_REQUEST when send create user request with invalid data. Case: 'email' contains text after domain","tests.api.user","Mon Apr 27 07:17:13 UTC 2026","skipped","Mon Apr 27 07:17:13 UTC 2026","TestCreateUserApi","test_create_user","",""
"","0","[WEB Component] Pay with invalid card should show error message. Case: name length = min - 1","tests.web.component.payment","Mon Apr 27 07:29:18 UTC 2026","skipped","Mon Apr 27 07:29:18 UTC 2026","TestPaymentComponent","test_payment_component","",""
"","799","[WEB] Should add product review with valid data. Case: 'name' length = max - 1","tests.web.component.review","Mon Apr 27 07:35:00 UTC 2026","passed","Mon Apr 27 07:35:01 UTC 2026","TestReviewComponent","test_review_component","",""
"","6618","[WEB Component] Category filter group should be collapsed after collapse expanded group","tests.web.component.filter","Mon Apr 27 07:43:18 UTC 2026","passed","Mon Apr 27 07:43:25 UTC 2026","TestCategoryFilter","test_category_filter","",""
"","2456","[WEB Component] Animated product card overlay should have expected data","tests.web.component.product","Mon Apr 27 07:44:31 UTC 2026","passed","Mon Apr 27 07:44:34 UTC 2026","TestAnimatedProductCard","test_animated_product_card_component","",""
"","456","[WEB Component] Header has expected screenshot","tests.web.component.base","Mon Apr 27 07:40:30 UTC 2026","passed","Mon Apr 27 07:40:31 UTC 2026","TestHeaderComponent","test_header_component","",""
"","1167","[WEB] Should add product review with valid data. Case: 'name' length = max","tests.web.component.review","Mon Apr 27 07:35:27 UTC 2026","passed","Mon Apr 27 07:35:29 UTC 2026","TestReviewComponent","test_review_component","",""
"","2233","[WEB Component] Product carousel should have expected product","tests.web.component.carousel","Mon Apr 27 07:22:45 UTC 2026","failed","Mon Apr 27 07:22:47 UTC 2026","TestProductCarousel","test_product_carousel","",""
"","307","test_search_products_returns_empty_array","tests.api.product","Mon Apr 27 07:17:17 UTC 2026","passed","Mon Apr 27 07:17:17 UTC 2026","TestProductApi","test_product","",""
"","0","[WEB Component] Pay with invalid card should show error message. Case: card number contains spaces","tests.web.component.payment","Mon Apr 27 07:29:18 UTC 2026","skipped","Mon Apr 27 07:29:18 UTC 2026","TestPaymentComponent","test_payment_component","",""
"","299","[API] Update user should return 200_OK when send update user request with valid data. Case: 'address2' length = max","tests.api.user","Mon Apr 27 07:17:52 UTC 2026","passed","Mon Apr 27 07:17:53 UTC 2026","TestUpdateUserApi","test_update_user","",""
"","468","[API] Update user should return 200_OK when send update user request with valid data. Case: 'first_name' length = min","tests.api.user","Mon Apr 27 07:17:23 UTC 2026","passed","Mon Apr 27 07:17:24 UTC 2026","TestUpdateUserApi","test_update_user","",""
"","433","[API] Update user should return 200_OK when send update user request with valid data. Case: 'company' length = max","tests.api.user","Mon Apr 27 07:17:46 UTC 2026","passed","Mon Apr 27 07:17:47 UTC 2026","TestUpdateUserApi","test_update_user","",""
"","0","[WEB Component] Pay with invalid card should show error message. Case: expiry month = 00","tests.web.component.payment","Mon Apr 27 07:29:18 UTC 2026","skipped","Mon Apr 27 07:29:18 UTC 2026","TestPaymentComponent","test_payment_component","",""
"","0","[API] Create user should return 400_BAD_REQUEST when send create user request with invalid data. Case: 'state' is empty","tests.api.user","Mon Apr 27 07:17:13 UTC 2026","skipped","Mon Apr 27 07:17:13 UTC 2026","TestCreateUserApi","test_create_user","",""
"","0","[API] Create user should return 400_BAD_REQUEST when send create user request with invalid data. Case: 'last_name' is empty","tests.api.user","Mon Apr 27 07:17:13 UTC 2026","skipped","Mon Apr 27 07:17:13 UTC 2026","TestCreateUserApi","test_create_user","",""
"","340","[WEB Component] Delivery address has expected data","tests.web.component.address","Mon Apr 27 07:40:11 UTC 2026","passed","Mon Apr 27 07:40:12 UTC 2026","TestAddressComponent","test_address_component","",""
"","0","[API] Create user should return 400_BAD_REQUEST when send create user request with invalid data. Case: 'first_name' is empty","tests.api.user","Mon Apr 27 07:17:13 UTC 2026","skipped","Mon Apr 27 07:17:13 UTC 2026","TestCreateUserApi","test_create_user","",""
"","637","[WEB Component] Should navigate to main page by click on header logo","tests.web.component.base","Mon Apr 27 07:19:14 UTC 2026","passed","Mon Apr 27 07:19:14 UTC 2026","TestHeaderComponent","test_header_component","",""
"","0","[API] Create user should return 400_BAD_REQUEST when send create user request with invalid data. Case: 'email' not contains username","tests.api.user","Mon Apr 27 07:17:13 UTC 2026","skipped","Mon Apr 27 07:17:13 UTC 2026","TestCreateUserApi","test_create_user","",""
"","340","[API] Update user should return 200_OK when send update user request with valid data. Case: 'address2' length = min","tests.api.user","Mon Apr 27 07:17:49 UTC 2026","passed","Mon Apr 27 07:17:50 UTC 2026","TestUpdateUserApi","test_update_user","",""
"","300","[API] Update user should return 200_OK when send update user request with valid data. Case: 'name' length = min + 1","tests.api.user","Mon Apr 27 07:17:18 UTC 2026","passed","Mon Apr 27 07:17:19 UTC 2026","TestUpdateUserApi","test_update_user","",""
"","0","[WEB Component] Pay with invalid card should show error message. Case: expiry year only spaces","tests.web.component.payment","Mon Apr 27 07:29:18 UTC 2026","skipped","Mon Apr 27 07:29:18 UTC 2026","TestPaymentComponent","test_payment_component","",""
"","0","[WEB Component] Pay with invalid card should show error message. Case: name contains non latin characters","tests.web.component.payment","Mon Apr 27 07:29:18 UTC 2026","skipped","Mon Apr 27 07:29:18 UTC 2026","TestPaymentComponent","test_payment_component","",""
"","0","[API] Create user should return 400_BAD_REQUEST when send create user request with invalid data. Case: 'birth_month' is zero","tests.api.user","Mon Apr 27 07:17:13 UTC 2026","skipped","Mon Apr 27 07:17:13 UTC 2026","TestCreateUserApi","test_create_user","",""
"","256","[API] Create user should return 200_OK when send create user request with valid data. Case: 'birth_day' length = 31","tests.api.user","Mon Apr 27 07:17:28 UTC 2026","passed","Mon Apr 27 07:17:28 UTC 2026","TestCreateUserApi","test_create_user","",""
"","1051","[WEB Component] Should add product to cart when click on add to cart button","tests.web.component.product","Mon Apr 27 07:29:35 UTC 2026","passed","Mon Apr 27 07:29:36 UTC 2026","TestAnimatedProductCard","test_animated_product_card_component","",""
"","4325","[WEB] Sign up with valid data. Case: 'mobile_number' length = max","tests.web.component.auth","Mon Apr 27 07:24:56 UTC 2026","passed","Mon Apr 27 07:25:00 UTC 2026","TestSignUpWeb","test_signup_component","",""
"","0","[API] Update user should return 400_BAD_REQUEST when send update user request with invalid data. Case: 'state' is empty","tests.api.user","Mon Apr 27 07:17:59 UTC 2026","skipped","Mon Apr 27 07:17:59 UTC 2026","TestUpdateUserApi","test_update_user","",""
"","5163","[WEB] Sign up with valid data. Case: 'state' length = max - 1","tests.web.component.auth","Mon Apr 27 07:30:08 UTC 2026","passed","Mon Apr 27 07:30:13 UTC 2026","TestSignUpWeb","test_signup_component","",""
"","0","[WEB] Sign up with invalid data. Case: 'birth_year' = 1","tests.web.component.auth","Mon Apr 27 07:18:35 UTC 2026","skipped","Mon Apr 27 07:18:35 UTC 2026","TestSignUpWeb","test_signup_component","",""
"","0","[API] Create user should return 400_BAD_REQUEST when send create user request with invalid data. Case: 'name' length = max + 1","tests.api.user","Mon Apr 27 07:17:44 UTC 2026","skipped","Mon Apr 27 07:17:44 UTC 2026","TestCreateUserApi","test_create_user","",""
"","0","[WEB Component] Pay with invalid card should show error message. Case: name contains digits","tests.web.component.payment","Mon Apr 27 07:29:18 UTC 2026","skipped","Mon Apr 27 07:29:18 UTC 2026","TestPaymentComponent","test_payment_component","",""
"","1948","[WEB Component] Should add product to cart when click on add to cart button","tests.web.component.product","Mon Apr 27 07:30:36 UTC 2026","passed","Mon Apr 27 07:30:38 UTC 2026","TestProductCard","test_product_card_component","",""
"","0","[API] Update user should return 400_BAD_REQUEST when send update user request with invalid data. Case: 'zipcode' is empty","tests.api.user","Mon Apr 27 07:17:57 UTC 2026","skipped","Mon Apr 27 07:17:57 UTC 2026","TestUpdateUserApi","test_update_user","",""
"","0","[API] Update user should return 400_BAD_REQUEST when send update user request with invalid data. Case: 'company' is empty","tests.api.user","Mon Apr 27 07:17:59 UTC 2026","skipped","Mon Apr 27 07:17:59 UTC 2026","TestUpdateUserApi","test_update_user","",""
"","6157","[WEB] Sign up with valid data. Case: 'first_name' length = min","tests.web.component.auth","Mon Apr 27 07:20:30 UTC 2026","passed","Mon Apr 27 07:20:36 UTC 2026","TestSignUpWeb","test_signup_component","",""
"","2250","[WEB Component] Pay with valid card should show success status message. Case: valid: future year","tests.web.component.payment","Mon Apr 27 07:29:15 UTC 2026","passed","Mon Apr 27 07:29:18 UTC 2026","TestPaymentComponent","test_payment_component","",""
"","232","[API] Create user should return 200_OK when send create user request with valid data. Case: 'address1' length = max - 1","tests.api.user","Mon Apr 27 07:17:38 UTC 2026","passed","Mon Apr 27 07:17:38 UTC 2026","TestCreateUserApi","test_create_user","",""
"","0","[WEB Component] Pay with invalid card should show error message. Case: name contains emoji","tests.web.component.payment","Mon Apr 27 07:29:18 UTC 2026","skipped","Mon Apr 27 07:29:18 UTC 2026","TestPaymentComponent","test_payment_component","",""
"","0","[WEB] Sign up with invalid data. Case: 'city' length = min","tests.web.component.auth","Mon Apr 27 07:18:35 UTC 2026","skipped","Mon Apr 27 07:18:35 UTC 2026","TestSignUpWeb","test_signup_component","",""
"","4597","[WEB] Sign up with valid data. Case: 'address1' length = max - 1","tests.web.component.auth","Mon Apr 27 07:33:22 UTC 2026","passed","Mon Apr 27 07:33:27 UTC 2026","TestSignUpWeb","test_signup_component","",""
"","0","[WEB] Should not add product review with invalid data. Case: 'email' not contains '@' symbol","tests.web.component.review","Mon Apr 27 07:37:30 UTC 2026","skipped","Mon Apr 27 07:37:30 UTC 2026","TestReviewComponent","test_review_component","",""
"","50","[WEB Component] Should have all products expected total price","tests.web.component.product","Mon Apr 27 07:33:16 UTC 2026","passed","Mon Apr 27 07:33:16 UTC 2026","TestProductItem","test_product_item","",""
"","755","[API] Update user should return 200_OK when send update user request with valid data. Case: 'city' length = min + 1","tests.api.user","Mon Apr 27 07:17:53 UTC 2026","passed","Mon Apr 27 07:17:54 UTC 2026","TestUpdateUserApi","test_update_user","",""
"","137","[API] Create user should return 200_OK when send create user request with valid data. Case: 'state' length = min + 1","tests.api.user","Mon Apr 27 07:17:33 UTC 2026","passed","Mon Apr 27 07:17:33 UTC 2026","TestCreateUserApi","test_create_user","",""
"","0","[WEB] Should not add product review with invalid data. Case: 'message' length = max","tests.web.component.review","Mon Apr 27 07:37:30 UTC 2026","skipped","Mon Apr 27 07:37:30 UTC 2026","TestReviewComponent","test_review_component","",""
"","4461","[WEB] Sign up with valid data. Case: 'last_name' length = min","tests.web.component.auth","Mon Apr 27 07:22:10 UTC 2026","passed","Mon Apr 27 07:22:14 UTC 2026","TestSignUpWeb","test_signup_component","",""
"","581","[API] Create user should return 400_BAD_REQUEST when send create user request with existing email","tests.api.user","Mon Apr 27 07:17:13 UTC 2026","passed","Mon Apr 27 07:17:14 UTC 2026","TestCreateUserApi","test_create_user","",""
"","633","[API] Create user should return 200_OK when send create user request with valid data. Case: 'address2' length = min","tests.api.user","Mon Apr 27 07:17:39 UTC 2026","passed","Mon Apr 27 07:17:40 UTC 2026","TestCreateUserApi","test_create_user","",""
"","661","[WEB] Should add product review with valid data. Case: 'email' username contains '.'","tests.web.component.review","Mon Apr 27 07:36:27 UTC 2026","passed","Mon Apr 27 07:36:28 UTC 2026","TestReviewComponent","test_review_component","",""
"","1513","[WEB Component] Add product to cart from product carousel","tests.web.component.carousel","Mon Apr 27 07:42:42 UTC 2026","passed","Mon Apr 27 07:42:43 UTC 2026","TestProductCarousel","test_product_carousel","",""
"","297","[API] Update user should return 200_OK when send update user request with valid data. Case: 'last_name' length = max","tests.api.user","Mon Apr 27 07:17:30 UTC 2026","passed","Mon Apr 27 07:17:31 UTC 2026","TestUpdateUserApi","test_update_user","",""
"","143","[API] Create user should return 200_OK when send create user request with valid data. Case: 'company' length = max - 1","tests.api.user","Mon Apr 27 07:17:32 UTC 2026","passed","Mon Apr 27 07:17:32 UTC 2026","TestCreateUserApi","test_create_user","",""
"","0","[WEB] Sign up with invalid data. Case: 'last_name' length = max - 1","tests.web.component.auth","Mon Apr 27 07:18:35 UTC 2026","skipped","Mon Apr 27 07:18:35 UTC 2026","TestSignUpWeb","test_signup_component","",""
"","0","[WEB Component] Pay with invalid card should show error message. Case: expiry year is empty","tests.web.component.payment","Mon Apr 27 07:29:18 UTC 2026","skipped","Mon Apr 27 07:29:18 UTC 2026","TestPaymentComponent","test_payment_component","",""
"","2671","[WEB Component] Pay with valid card should show success status message. Case: valid: name min length","tests.web.component.payment","Mon Apr 27 07:25:43 UTC 2026","passed","Mon Apr 27 07:25:45 UTC 2026","TestPaymentComponent","test_payment_component","",""
"","3944","[WEB] Sign up with valid data. Case: 'zipcode' length = min + 1","tests.web.component.auth","Mon Apr 27 07:36:17 UTC 2026","passed","Mon Apr 27 07:36:21 UTC 2026","TestSignUpWeb","test_signup_component","",""
"","0","[API] Update user should return 400_BAD_REQUEST when send update user request with invalid data. Case: 'mobile_number' length = min - 1","tests.api.user","Mon Apr 27 07:17:59 UTC 2026","skipped","Mon Apr 27 07:17:59 UTC 2026","TestUpdateUserApi","test_update_user","",""
"","0","[WEB Component] Pay with invalid card should show error message. Case: card number contains special characters","tests.web.component.payment","Mon Apr 27 07:29:18 UTC 2026","skipped","Mon Apr 27 07:29:18 UTC 2026","TestPaymentComponent","test_payment_component","",""
"","0","[WEB] Sign up with invalid data. Case: 'mobile_number' length = min + 1","tests.web.component.auth","Mon Apr 27 07:18:35 UTC 2026","skipped","Mon Apr 27 07:18:35 UTC 2026","TestSignUpWeb","test_signup_component","",""
"","284","[API] Update user should return 200_OK when send update user request with valid data. Case: 'address1' length = max","tests.api.user","Mon Apr 27 07:17:48 UTC 2026","passed","Mon Apr 27 07:17:48 UTC 2026","TestUpdateUserApi","test_update_user","",""
"","2764","[WEB Component] Pay with valid card should show success status message. Case: valid: common latin name","tests.web.component.payment","Mon Apr 27 07:26:30 UTC 2026","passed","Mon Apr 27 07:26:33 UTC 2026","TestPaymentComponent","test_payment_component","",""
"","386","[API] Update user should return 200_OK when send update user request with valid data. Case: 'company' length = min + 1","tests.api.user","Mon Apr 27 07:17:44 UTC 2026","passed","Mon Apr 27 07:17:45 UTC 2026","TestUpdateUserApi","test_update_user","",""
"","2346","[WEB Component] Pay with valid card should show success status message. Case: valid: cvc typical","tests.web.component.payment","Mon Apr 27 07:28:05 UTC 2026","passed","Mon Apr 27 07:28:07 UTC 2026","TestPaymentComponent","test_payment_component","",""
"","2542","[WEB Component] Image Carousel should show first image when scroll right on last image","tests.web.component.carousel","Mon Apr 27 07:41:12 UTC 2026","passed","Mon Apr 27 07:41:14 UTC 2026","TestImageCarousel","test_image_carousel","",""
"","0","[API] Create user should return 400_BAD_REQUEST when send create user request with invalid data. Case: 'name' length = min - 1","tests.api.user","Mon Apr 27 07:17:44 UTC 2026","skipped","Mon Apr 27 07:17:44 UTC 2026","TestCreateUserApi","test_create_user","",""
"","0","[WEB] Sign up with invalid data. Case: 'mobile_number' length = max - 1","tests.web.component.auth","Mon Apr 27 07:18:35 UTC 2026","skipped","Mon Apr 27 07:18:35 UTC 2026","TestSignUpWeb","test_signup_component","",""
"","0","[WEB Component] Pay with invalid card should show error message. Case: name is empty","tests.web.component.payment","Mon Apr 27 07:29:18 UTC 2026","skipped","Mon Apr 27 07:29:18 UTC 2026","TestPaymentComponent","test_payment_component","",""
"","0","[API] Create user should return 400_BAD_REQUEST when send create user request with invalid data. Case: 'address1' is absent","tests.api.user","Mon Apr 27 07:17:13 UTC 2026","skipped","Mon Apr 27 07:17:13 UTC 2026","TestCreateUserApi","test_create_user","",""
"","4759","[WEB] Sign up with valid data. Case: 'company' length = max","tests.web.component.auth","Mon Apr 27 07:28:56 UTC 2026","passed","Mon Apr 27 07:29:00 UTC 2026","TestSignUpWeb","test_signup_component","",""
"","0","[WEB] Sign up with invalid data. Case: 'last_name' length = min + 1","tests.web.component.auth","Mon Apr 27 07:18:35 UTC 2026","skipped","Mon Apr 27 07:18:35 UTC 2026","TestSignUpWeb","test_signup_component","",""
"","250","Get brands should return 200_OK when send get brands request","tests.api.brand","Mon Apr 27 07:17:15 UTC 2026","passed","Mon Apr 27 07:17:15 UTC 2026","TestBrandApi","test_brand","",""
"","0","[API] Update user should return 400_BAD_REQUEST when send update user request with invalid data. Case: 'birth_year' is absent","tests.api.user","Mon Apr 27 07:17:59 UTC 2026","skipped","Mon Apr 27 07:17:59 UTC 2026","TestUpdateUserApi","test_update_user","",""
"","154","[API] Create user should return 200_OK when send create user request with valid data. Case: 'mobile_number' length = max","tests.api.user","Mon Apr 27 07:17:27 UTC 2026","passed","Mon Apr 27 07:17:27 UTC 2026","TestCreateUserApi","test_create_user","",""
"","0","[API] Create user should return 400_BAD_REQUEST when send create user request with invalid data. Case: 'last_name' length = min - 1","tests.api.user","Mon Apr 27 07:17:13 UTC 2026","skipped","Mon Apr 27 07:17:13 UTC 2026","TestCreateUserApi","test_create_user","",""
"","128","[API] Create user should return 200_OK when send create user request with valid data. Case: 'city' length = max","tests.api.user","Mon Apr 27 07:17:36 UTC 2026","passed","Mon Apr 27 07:17:37 UTC 2026","TestCreateUserApi","test_create_user","",""
"","4753","[WEB] Sign up with valid data. Case: 'company' length = min + 1","tests.web.component.auth","Mon Apr 27 07:28:07 UTC 2026","passed","Mon Apr 27 07:28:12 UTC 2026","TestSignUpWeb","test_signup_component","",""
"","5618","[WEB] Sign up with valid data. Case: 'zipcode' length = max - 1","tests.web.component.auth","Mon Apr 27 07:18:04 UTC 2026","passed","Mon Apr 27 07:18:10 UTC 2026","TestSignUpWeb","test_signup_component","",""
"","0","[API] Update user should return 400_BAD_REQUEST when send update user request with invalid data. Case: 'state' length = max + 1","tests.api.user","Mon Apr 27 07:17:59 UTC 2026","skipped","Mon Apr 27 07:17:59 UTC 2026","TestUpdateUserApi","test_update_user","",""
"","613","[WEB Component] Should navigate to login page by click 'Signup / Login' button","tests.web.component.base","Mon Apr 27 07:20:12 UTC 2026","passed","Mon Apr 27 07:20:12 UTC 2026","TestHeaderComponent","test_header_component","",""
"","0","[WEB] Sign up with invalid data. Case: 'first_name' length = min","tests.web.component.auth","Mon Apr 27 07:18:35 UTC 2026","skipped","Mon Apr 27 07:18:35 UTC 2026","TestSignUpWeb","test_signup_component","",""
"","314","[API] Update user should return 200_OK when send update user request with valid data. Case: 'state' length = max","tests.api.user","Mon Apr 27 07:17:51 UTC 2026","passed","Mon Apr 27 07:17:51 UTC 2026","TestUpdateUserApi","test_update_user","",""
"","1836","[WEB] Should add product review with valid data. Case: 'message' length = max - 1","tests.web.component.review","Mon Apr 27 07:37:07 UTC 2026","passed","Mon Apr 27 07:37:09 UTC 2026","TestReviewComponent","test_review_component","",""
"","445","[API] Create user should return 200_OK when send create user request with valid data. Case: 'address1' length = min + 1","tests.api.user","Mon Apr 27 07:17:38 UTC 2026","passed","Mon Apr 27 07:17:38 UTC 2026","TestCreateUserApi","test_create_user","",""
"","4874","[WEB] Sign up with valid data. Case: 'last_name' length = min + 1","tests.web.component.auth","Mon Apr 27 07:22:34 UTC 2026","passed","Mon Apr 27 07:22:39 UTC 2026","TestSignUpWeb","test_signup_component","",""
"","247","[API] Create user should return 200_OK when send create user request with valid data. Case: 'birth_day' = 1","tests.api.user","Mon Apr 27 07:17:28 UTC 2026","passed","Mon Apr 27 07:17:28 UTC 2026","TestCreateUserApi","test_create_user","",""
"","173","[API] Update user should return 404_BAD_REQUEST when send update user request with not existing email","tests.api.user","Mon Apr 27 07:17:57 UTC 2026","passed","Mon Apr 27 07:17:58 UTC 2026","TestUpdateUserApi","test_update_user","",""
"","5463","[WEB] Sign up with valid data. Case: 'zipcode' length = max","tests.web.component.auth","Mon Apr 27 07:18:29 UTC 2026","passed","Mon Apr 27 07:18:34 UTC 2026","TestSignUpWeb","test_signup_component","",""
"","0","[API] Create user should return 400_BAD_REQUEST when send create user request with invalid data. Case: 'address1' length = max + 1","tests.api.user","Mon Apr 27 07:17:13 UTC 2026","skipped","Mon Apr 27 07:17:13 UTC 2026","TestCreateUserApi","test_create_user","",""
"","0","[WEB] Sign up with invalid data. Case: 'city' length = max","tests.web.component.auth","Mon Apr 27 07:18:35 UTC 2026","skipped","Mon Apr 27 07:18:35 UTC 2026","TestSignUpWeb","test_signup_component","",""
"","1268","[WEB Component] Products Carousel should show previous image when scroll left","tests.web.component.carousel","Mon Apr 27 07:41:33 UTC 2026","passed","Mon Apr 27 07:41:34 UTC 2026","TestProductCarousel","test_product_carousel","",""
"","1235","[WEB Component] Image Carousel should show last image when scroll left on first image","tests.web.component.carousel","Mon Apr 27 07:42:02 UTC 2026","passed","Mon Apr 27 07:42:03 UTC 2026","TestImageCarousel","test_image_carousel","",""
"","4370","[WEB] Sign up with valid data. Case: 'state' length = min","tests.web.component.auth","Mon Apr 27 07:29:20 UTC 2026","passed","Mon Apr 27 07:29:24 UTC 2026","TestSignUpWeb","test_signup_component","",""
"","136","[API] Get user should return 404_NOT_FOUND when send get user request and user not exists","tests.api.user","Mon Apr 27 07:17:17 UTC 2026","passed","Mon Apr 27 07:17:17 UTC 2026","TestGetUserApi","test_get_user","",""
"","2478","[WEB Component] Products Carousel should show next products when scroll right","tests.web.component.carousel","Mon Apr 27 07:41:52 UTC 2026","passed","Mon Apr 27 07:41:55 UTC 2026","TestProductCarousel","test_product_carousel","",""
"","0","[WEB] Sign up with invalid data. Case: 'state' length = min","tests.web.component.auth","Mon Apr 27 07:18:35 UTC 2026","skipped","Mon Apr 27 07:18:35 UTC 2026","TestSignUpWeb","test_signup_component","",""
"","0","[API] Create user should return 400_BAD_REQUEST when send create user request with invalid data. Case: 'email' contains mail server as ip and port","tests.api.user","Mon Apr 27 07:17:13 UTC 2026","skipped","Mon Apr 27 07:17:13 UTC 2026","TestCreateUserApi","test_create_user","",""
"","0","[WEB] Sign up with invalid data. Case: 'first_name' length = max - 1","tests.web.component.auth","Mon Apr 27 07:18:35 UTC 2026","skipped","Mon Apr 27 07:18:35 UTC 2026","TestSignUpWeb","test_signup_component","",""
"","0","[API] Update user should return 400_BAD_REQUEST when send update user request with invalid data. Case: 'zipcode' length = min - 1","tests.api.user","Mon Apr 27 07:17:57 UTC 2026","skipped","Mon Apr 27 07:17:57 UTC 2026","TestUpdateUserApi","test_update_user","",""
"","229","[API] Create user should return 200_OK when send create user request with valid data. Case: 'name' length = min","tests.api.user","Mon Apr 27 07:17:17 UTC 2026","passed","Mon Apr 27 07:17:17 UTC 2026","TestCreateUserApi","test_create_user","",""
"","1502","[WEB Component] Page scroller scroll page to top","tests.web.component.base","Mon Apr 27 07:40:22 UTC 2026","passed","Mon Apr 27 07:40:23 UTC 2026","TestPageScrollerComponent","test_page_scroller_component","",""
"","0","[WEB] Sign up with invalid data. Case: 'company' length = min","tests.web.component.auth","Mon Apr 27 07:18:35 UTC 2026","skipped","Mon Apr 27 07:18:35 UTC 2026","TestSignUpWeb","test_signup_component","",""
"","0","[WEB] Sign up with invalid data. Case: 'city' length = max - 1","tests.web.component.auth","Mon Apr 27 07:18:35 UTC 2026","skipped","Mon Apr 27 07:18:35 UTC 2026","TestSignUpWeb","test_signup_component","",""
"","0","[WEB] Sign up with invalid data. Case: 'first_name' length = min + 1","tests.web.component.auth","Mon Apr 27 07:18:35 UTC 2026","skipped","Mon Apr 27 07:18:35 UTC 2026","TestSignUpWeb","test_signup_component","",""
"","4992","[WEB] Sign up with valid data. Case: 'first_name' length = max","tests.web.component.auth","Mon Apr 27 07:21:46 UTC 2026","passed","Mon Apr 27 07:21:51 UTC 2026","TestSignUpWeb","test_signup_component","",""
"","337","[API] Create user should return 200_OK when send create user request with valid data. Case: 'zipcode' length = min","tests.api.user","Mon Apr 27 07:17:42 UTC 2026","passed","Mon Apr 27 07:17:42 UTC 2026","TestCreateUserApi","test_create_user","",""
"","407","[API] Update user should return 200_OK when send update user request with valid data. Case: 'name' length = max - 1","tests.api.user","Mon Apr 27 07:17:21 UTC 2026","passed","Mon Apr 27 07:17:21 UTC 2026","TestUpdateUserApi","test_update_user","",""
"","0","[API] Create user should return 400_BAD_REQUEST when send create user request with invalid data. Case: 'email' contains text before username","tests.api.user","Mon Apr 27 07:17:13 UTC 2026","skipped","Mon Apr 27 07:17:13 UTC 2026","TestCreateUserApi","test_create_user","",""
"","0","[API] Update user should return 400_BAD_REQUEST when send update user request with invalid data. Case: 'zipcode' length = max + 1","tests.api.user","Mon Apr 27 07:17:57 UTC 2026","skipped","Mon Apr 27 07:17:57 UTC 2026","TestUpdateUserApi","test_update_user","",""
"","501","[WEB] Should add product review with valid data. Case: 'email' username contains only underscore '-'","tests.web.component.review","Mon Apr 27 07:37:39 UTC 2026","passed","Mon Apr 27 07:37:40 UTC 2026","TestReviewComponent","test_review_component","",""
"","0","[WEB] Sign up with invalid data. Case: 'state' length = max - 1","tests.web.component.auth","Mon Apr 27 07:18:35 UTC 2026","skipped","Mon Apr 27 07:18:35 UTC 2026","TestSignUpWeb","test_signup_component","",""
"","623","[API] Update user should return 200_OK when send update user request with valid data. Case: 'mobile_number' length = max - 1","tests.api.user","Mon Apr 27 07:17:33 UTC 2026","passed","Mon Apr 27 07:17:34 UTC 2026","TestUpdateUserApi","test_update_user","",""
"","1416","[WEB Component] Product details should have expected data","tests.web.component.product","Mon Apr 27 07:44:44 UTC 2026","passed","Mon Apr 27 07:44:45 UTC 2026","TestProductCard","test_product_details_component","",""
"","1136","[WEB Component] Category filter should have expected screenshot when collapsed","tests.web.component.filter","Mon Apr 27 07:42:34 UTC 2026","passed","Mon Apr 27 07:42:36 UTC 2026","TestCategoryFilter","test_category_filter","",""
"","0","[WEB Component] Pay with invalid card should show error message. Case: cvc contains special characters","tests.web.component.payment","Mon Apr 27 07:29:18 UTC 2026","skipped","Mon Apr 27 07:29:18 UTC 2026","TestPaymentComponent","test_payment_component","",""
"","0","[API] Update user should return 400_BAD_REQUEST when send update user request with invalid data. Case: 'company' length = max + 1","tests.api.user","Mon Apr 27 07:17:59 UTC 2026","skipped","Mon Apr 27 07:17:59 UTC 2026","TestUpdateUserApi","test_update_user","",""
"","5220","[WEB] Sign up with valid data. Case: 'mobile_number' length = min","tests.web.component.auth","Mon Apr 27 07:23:43 UTC 2026","passed","Mon Apr 27 07:23:48 UTC 2026","TestSignUpWeb","test_signup_component","",""
"","467","[WEB] Should add product review with valid data. Case: 'email' has not exists email service","tests.web.component.review","Mon Apr 27 07:35:48 UTC 2026","passed","Mon Apr 27 07:35:48 UTC 2026","TestReviewComponent","test_review_component","",""
"","0","[API] Create user should return 400_BAD_REQUEST when send create user request with invalid data. Case: 'mobile_number' is empty","tests.api.user","Mon Apr 27 07:17:13 UTC 2026","skipped","Mon Apr 27 07:17:13 UTC 2026","TestCreateUserApi","test_create_user","",""
"","0","[API] Update user should return 400_BAD_REQUEST when send update user request with invalid data. Case: 'email' contains username hieroglyphs instead of username","tests.api.user","Mon Apr 27 07:17:59 UTC 2026","skipped","Mon Apr 27 07:17:59 UTC 2026","TestUpdateUserApi","test_update_user","",""
"","4489","[WEB] Sign up with valid data. Case: 'birth_year' = 10000","tests.web.component.auth","Mon Apr 27 07:27:19 UTC 2026","passed","Mon Apr 27 07:27:24 UTC 2026","TestSignUpWeb","test_signup_component","",""
"","0","[API] Create user should return 400_BAD_REQUEST when send create user request with invalid data. Case: 'birth_month' is absent","tests.api.user","Mon Apr 27 07:17:13 UTC 2026","skipped","Mon Apr 27 07:17:13 UTC 2026","TestCreateUserApi","test_create_user","",""
"","4564","[WEB] Sign up with valid data. Case: 'first_name' length = max - 1","tests.web.component.auth","Mon Apr 27 07:21:22 UTC 2026","passed","Mon Apr 27 07:21:27 UTC 2026","TestSignUpWeb","test_signup_component","",""
"","4378","[WEB] Sign up with valid data. Case: 'name' length = min","tests.web.component.auth","Mon Apr 27 07:18:56 UTC 2026","passed","Mon Apr 27 07:19:00 UTC 2026","TestSignUpWeb","test_signup_component","",""
"","0","[API] Create user should return 400_BAD_REQUEST when send create user request with invalid data. Case: 'email' contains invalid top level domain web","tests.api.user","Mon Apr 27 07:17:13 UTC 2026","skipped","Mon Apr 27 07:17:13 UTC 2026","TestCreateUserApi","test_create_user","",""
"","0","[WEB Component] Pay with invalid card should show error message. Case: name length = max + 1","tests.web.component.payment","Mon Apr 27 07:29:18 UTC 2026","skipped","Mon Apr 27 07:29:18 UTC 2026","TestPaymentComponent","test_payment_component","",""
"","0","[WEB] Sign up with invalid data. Case: 'company' length = max","tests.web.component.auth","Mon Apr 27 07:18:35 UTC 2026","skipped","Mon Apr 27 07:18:35 UTC 2026","TestSignUpWeb","test_signup_component","",""
"","2296","[WEB Component] Pay with valid card should show success status message. Case: valid: expiry month max","tests.web.component.payment","Mon Apr 27 07:28:53 UTC 2026","passed","Mon Apr 27 07:28:55 UTC 2026","TestPaymentComponent","test_payment_component","",""
"","0","[API] Update user should return 400_BAD_REQUEST when send update user request with invalid data. Case: 'email' contains only special symbols","tests.api.user","Mon Apr 27 07:17:59 UTC 2026","skipped","Mon Apr 27 07:17:59 UTC 2026","TestUpdateUserApi","test_update_user","",""
"","0","[API] Create user should return 400_BAD_REQUEST when send create user request with invalid data. Case: 'zipcode' is absent","tests.api.user","Mon Apr 27 07:17:13 UTC 2026","skipped","Mon Apr 27 07:17:13 UTC 2026","TestCreateUserApi","test_create_user","",""
"","0","[API] Update user should return 400_BAD_REQUEST when send update user request with invalid data. Case: 'address1' is empty","tests.api.user","Mon Apr 27 07:17:59 UTC 2026","skipped","Mon Apr 27 07:17:59 UTC 2026","TestUpdateUserApi","test_update_user","",""
"","4394","[WEB] Sign up with valid data. Case: 'birth_day' = 1","tests.web.component.auth","Mon Apr 27 07:25:20 UTC 2026","passed","Mon Apr 27 07:25:24 UTC 2026","TestSignUpWeb","test_signup_component","",""
"","0","[WEB] Sign up with invalid data. Case: 'mobile_number' length = min","tests.web.component.auth","Mon Apr 27 07:18:35 UTC 2026","skipped","Mon Apr 27 07:18:35 UTC 2026","TestSignUpWeb","test_signup_component","",""
"","4368","[WEB Component] Invoice should have expected price","tests.web.component.payment","Mon Apr 27 07:24:50 UTC 2026","passed","Mon Apr 27 07:24:55 UTC 2026","TestPaymentComponent","test_invoice_file","",""
"","0","[API] Create user should return 400_BAD_REQUEST when send create user request with invalid data. Case: 'address2' length = min - 1","tests.api.user","Mon Apr 27 07:17:13 UTC 2026","skipped","Mon Apr 27 07:17:13 UTC 2026","TestCreateUserApi","test_create_user","",""
"","0","[API] Update user should return 400_BAD_REQUEST when send update user request with invalid data. Case: 'email' not contains username","tests.api.user","Mon Apr 27 07:17:59 UTC 2026","skipped","Mon Apr 27 07:17:59 UTC 2026","TestUpdateUserApi","test_update_user","",""
"","5469","[WEB] Sign up with valid data. Case: 'last_name' length = max - 1","tests.web.component.auth","Mon Apr 27 07:22:51 UTC 2026","passed","Mon Apr 27 07:22:57 UTC 2026","TestSignUpWeb","test_signup_component","",""
"","0","[API] Create user should return 400_BAD_REQUEST when send create user request with invalid data. Case: 'city' length = max + 1","tests.api.user","Mon Apr 27 07:17:13 UTC 2026","skipped","Mon Apr 27 07:17:13 UTC 2026","TestCreateUserApi","test_create_user","",""
"","4866","[WEB] Sign up with valid data. Case: 'birth_day' length = 31","tests.web.component.auth","Mon Apr 27 07:25:44 UTC 2026","passed","Mon Apr 27 07:25:48 UTC 2026","TestSignUpWeb","test_signup_component","",""
"","349","[API] Create user should return 200_OK when send create user request with valid data. Case: 'address2' length = max","tests.api.user","Mon Apr 27 07:17:41 UTC 2026","passed","Mon Apr 27 07:17:42 UTC 2026","TestCreateUserApi","test_create_user","",""
"","0","[WEB] Should not add product review with invalid data. Case: 'message' length = max - 1","tests.web.component.review","Mon Apr 27 07:37:30 UTC 2026","skipped","Mon Apr 27 07:37:30 UTC 2026","TestReviewComponent","test_review_component","",""
"","365","[API] Update user should return 200_OK when send update user request with valid data. Case: 'state' length = max - 1","tests.api.user","Mon Apr 27 07:17:50 UTC 2026","passed","Mon Apr 27 07:17:50 UTC 2026","TestUpdateUserApi","test_update_user","",""
"","0","[API] Create user should return 400_BAD_REQUEST when send create user request with invalid data. Case: 'birth_day' is invalid positive","tests.api.user","Mon Apr 27 07:17:13 UTC 2026","skipped","Mon Apr 27 07:17:13 UTC 2026","TestCreateUserApi","test_create_user","",""
"","584","[API] Update user should return 200_OK when send update user request with valid data. Case: 'birth_year' = 1","tests.api.user","Mon Apr 27 07:17:41 UTC 2026","passed","Mon Apr 27 07:17:41 UTC 2026","TestUpdateUserApi","test_update_user","",""
"","0","[API] Create user should return 400_BAD_REQUEST when send create user request with invalid data. Case: 'state' is absent","tests.api.user","Mon Apr 27 07:17:13 UTC 2026","skipped","Mon Apr 27 07:17:13 UTC 2026","TestCreateUserApi","test_create_user","",""
"","519","[WEB] Should add product review with valid data. Case: 'message' length = min + 1","tests.web.component.review","Mon Apr 27 07:39:02 UTC 2026","passed","Mon Apr 27 07:39:03 UTC 2026","TestReviewComponent","test_review_component","",""
"","2410","[WEB Component] Pay with valid card should show success status message. Case: valid: boundary valid number","tests.web.component.payment","Mon Apr 27 07:27:42 UTC 2026","passed","Mon Apr 27 07:27:44 UTC 2026","TestPaymentComponent","test_payment_component","",""
"","2809","[WEB Component] Pay with valid card should show success status message. Case: valid: expiry month min","tests.web.component.payment","Mon Apr 27 07:28:29 UTC 2026","passed","Mon Apr 27 07:28:32 UTC 2026","TestPaymentComponent","test_payment_component","",""
"","5902","Purchase products with login while checkout","tests.web.e2e","Mon Apr 27 07:39:12 UTC 2026","passed","Mon Apr 27 07:39:18 UTC 2026","TestPlaceOrder","test_place_order","",""
"","1732","[WEB] Should add product review with valid data. Case: 'message' length = max","tests.web.component.review","Mon Apr 27 07:37:28 UTC 2026","passed","Mon Apr 27 07:37:30 UTC 2026","TestReviewComponent","test_review_component","",""
"","2343","[WEB Component] Should increase product item quantity","tests.web.component.product","Mon Apr 27 07:32:27 UTC 2026","passed","Mon Apr 27 07:32:29 UTC 2026","TestProductItem","test_product_item","",""
"","0","[WEB Component] Pay with invalid card should show error message. Case: card number too long","tests.web.component.payment","Mon Apr 27 07:29:18 UTC 2026","skipped","Mon Apr 27 07:29:18 UTC 2026","TestPaymentComponent","test_payment_component","",""
"","151","[API] Create user should return 200_OK when send create user request with valid data. Case: 'state' length = max","tests.api.user","Mon Apr 27 07:17:34 UTC 2026","passed","Mon Apr 27 07:17:34 UTC 2026","TestCreateUserApi","test_create_user","",""
"","0","[WEB Component] Pay with invalid card should show error message. Case: cvc contains letters","tests.web.component.payment","Mon Apr 27 07:29:18 UTC 2026","skipped","Mon Apr 27 07:29:18 UTC 2026","TestPaymentComponent","test_payment_component","",""
"","310","Should return user not found when user password invalid","tests.api.user","Mon Apr 27 07:17:59 UTC 2026","passed","Mon Apr 27 07:17:59 UTC 2026","TestVerifyLoginApi","test_verify_login","",""
"","0","[API] Create user should return 400_BAD_REQUEST when send create user request with invalid data. Case: 'name' is empty","tests.api.user","Mon Apr 27 07:17:44 UTC 2026","skipped","Mon Apr 27 07:17:44 UTC 2026","TestCreateUserApi","test_create_user","",""
"","568","[WEB] Sign in with invalid credentials. Case: {case_title}","tests.web.component.auth","Mon Apr 27 07:18:35 UTC 2026","passed","Mon Apr 27 07:18:36 UTC 2026","TestLoginWeb","test_login_component","",""
"","0","[WEB] Should not add product review with invalid data. Case: 'email' contains multiple '@' symbols","tests.web.component.review","Mon Apr 27 07:37:30 UTC 2026","skipped","Mon Apr 27 07:37:30 UTC 2026","TestReviewComponent","test_review_component","",""
"","0","[API] Update user should return 400_BAD_REQUEST when send update user request with invalid data. Case: 'first_name' is empty","tests.api.user","Mon Apr 27 07:17:59 UTC 2026","skipped","Mon Apr 27 07:17:59 UTC 2026","TestUpdateUserApi","test_update_user","",""
"","10321","[WEB] Sign in with valid data","tests.web.component.auth","Mon Apr 27 07:18:05 UTC 2026","passed","Mon Apr 27 07:18:15 UTC 2026","TestLoginWeb","test_login_component","",""
"","0","[WEB] Sign up with invalid data. Case: 'company' length = max - 1","tests.web.component.auth","Mon Apr 27 07:18:35 UTC 2026","skipped","Mon Apr 27 07:18:35 UTC 2026","TestSignUpWeb","test_signup_component","",""
"","347","[API] Create user should return 200_OK when send create user request with valid data. Case: 'first_name' length = max","tests.api.user","Mon Apr 27 07:17:22 UTC 2026","passed","Mon Apr 27 07:17:23 UTC 2026","TestCreateUserApi","test_create_user","",""
"","0","[API] Create user should return 400_BAD_REQUEST when send create user request with invalid data. Case: 'zipcode' is empty","tests.api.user","Mon Apr 27 07:17:13 UTC 2026","skipped","Mon Apr 27 07:17:13 UTC 2026","TestCreateUserApi","test_create_user","",""
"","4749","[WEB] Sign up with valid data. Case: 'birth_month' = 1","tests.web.component.auth","Mon Apr 27 07:26:08 UTC 2026","passed","Mon Apr 27 07:26:12 UTC 2026","TestSignUpWeb","test_signup_component","",""
"","0","[WEB] Sign up with invalid data. Case: 'name' length = min","tests.web.component.auth","Mon Apr 27 07:18:35 UTC 2026","skipped","Mon Apr 27 07:18:35 UTC 2026","TestSignUpWeb","test_signup_component","",""
"","343","[API] Create user should return 200_OK when send create user request with valid data. Case: 'company' length = min","tests.api.user","Mon Apr 27 07:17:31 UTC 2026","passed","Mon Apr 27 07:17:31 UTC 2026","TestCreateUserApi","test_create_user","",""
"","355","[API] Update user should return 200_OK when send update user request with valid data. Case: 'company' length = max - 1","tests.api.user","Mon Apr 27 07:17:45 UTC 2026","passed","Mon Apr 27 07:17:46 UTC 2026","TestUpdateUserApi","test_update_user","",""
"","231","[API] Create user should return 200_OK when send create user request with valid data. Case: 'last_name' length = max","tests.api.user","Mon Apr 27 07:17:25 UTC 2026","passed","Mon Apr 27 07:17:25 UTC 2026","TestCreateUserApi","test_create_user","",""
"","0","[WEB Component] Pay with invalid card should show error message. Case: name contains leading spaces","tests.web.component.payment","Mon Apr 27 07:29:18 UTC 2026","skipped","Mon Apr 27 07:29:18 UTC 2026","TestPaymentComponent","test_payment_component","",""
"","636","[WEB] Should add product review with valid data. Case: 'email' contains subdomain","tests.web.component.review","Mon Apr 27 07:36:08 UTC 2026","passed","Mon Apr 27 07:36:08 UTC 2026","TestReviewComponent","test_review_component","",""
"","0","[API] Create user should return 400_BAD_REQUEST when send create user request with invalid data. Case: 'mobile_number' length = max + 1","tests.api.user","Mon Apr 27 07:17:13 UTC 2026","skipped","Mon Apr 27 07:17:13 UTC 2026","TestCreateUserApi","test_create_user","",""
"","0","[API] Update user should return 400_BAD_REQUEST when send update user request with invalid data. Case: 'birth_day' is negative","tests.api.user","Mon Apr 27 07:17:59 UTC 2026","skipped","Mon Apr 27 07:17:59 UTC 2026","TestUpdateUserApi","test_update_user","",""
"","4867","[WEB] Sign up with valid data. Case: 'birth_year' = 1","tests.web.component.auth","Mon Apr 27 07:26:55 UTC 2026","passed","Mon Apr 27 07:27:00 UTC 2026","TestSignUpWeb","test_signup_component","",""
"","0","[WEB] Should not add product review with invalid data. Case: 'message' length = min + 1","tests.web.component.review","Mon Apr 27 07:37:30 UTC 2026","skipped","Mon Apr 27 07:37:30 UTC 2026","TestReviewComponent","test_review_component","",""
"","0","[API] Create user should return 400_BAD_REQUEST when send create user request with invalid data. Case: 'company' is empty","tests.api.user","Mon Apr 27 07:17:13 UTC 2026","skipped","Mon Apr 27 07:17:13 UTC 2026","TestCreateUserApi","test_create_user","",""
"","363","[API] Update user should return 200_OK when send update user request with valid data. Case: 'zipcode' length = max","tests.api.user","Mon Apr 27 07:17:58 UTC 2026","passed","Mon Apr 27 07:17:59 UTC 2026","TestUpdateUserApi","test_update_user","",""
"","0","[WEB Component] Pay with invalid card should show error message. Case: cvc is empty","tests.web.component.payment","Mon Apr 27 07:29:18 UTC 2026","skipped","Mon Apr 27 07:29:18 UTC 2026","TestPaymentComponent","test_payment_component","",""
"","2219","[WEB Component] Brand filter should filters products by brand","tests.web.component.filter","Mon Apr 27 07:22:57 UTC 2026","passed","Mon Apr 27 07:23:00 UTC 2026","TestBrandFilter","test_brand_filter","",""
"","0","[API] Update user should return 400_BAD_REQUEST when send update user request with invalid data. Case: 'first_name' length = max + 1","tests.api.user","Mon Apr 27 07:17:59 UTC 2026","skipped","Mon Apr 27 07:17:59 UTC 2026","TestUpdateUserApi","test_update_user","",""
"","0","[WEB Component] Pay with invalid card should show error message. Case: card number contains dashes","tests.web.component.payment","Mon Apr 27 07:29:18 UTC 2026","skipped","Mon Apr 27 07:29:18 UTC 2026","TestPaymentComponent","test_payment_component","",""
"","0","[API] Update user should return 400_BAD_REQUEST when send update user request with invalid data. Case: 'state' is absent","tests.api.user","Mon Apr 27 07:17:59 UTC 2026","skipped","Mon Apr 27 07:17:59 UTC 2026","TestUpdateUserApi","test_update_user","",""
"","0","[WEB Component] Should increase all products total price","tests.web.component.product","Mon Apr 27 07:33:17 UTC 2026","broken","Mon Apr 27 07:33:17 UTC 2026","TestProductItem","test_product_item","",""
"","2401","[WEB Component] Pay with valid card should show success status message. Case: valid name contains multiple spaces","tests.web.component.payment","Mon Apr 27 07:26:54 UTC 2026","passed","Mon Apr 27 07:26:57 UTC 2026","TestPaymentComponent","test_payment_component","",""
"","0","[API] Create user should return 400_BAD_REQUEST when send create user request with invalid data. Case: 'birth_year' is zero","tests.api.user","Mon Apr 27 07:17:13 UTC 2026","skipped","Mon Apr 27 07:17:13 UTC 2026","TestCreateUserApi","test_create_user","",""
"","0","[WEB] Sign up with invalid data. Case: 'zipcode' length = min","tests.web.component.auth","Mon Apr 27 07:18:35 UTC 2026","skipped","Mon Apr 27 07:18:35 UTC 2026","TestSignUpWeb","test_signup_component","",""
"","687","[WEB] Should add product review with valid data. Case: 'email' domain length = 2","tests.web.component.review","Mon Apr 27 07:38:00 UTC 2026","passed","Mon Apr 27 07:38:01 UTC 2026","TestReviewComponent","test_review_component","",""
"","2435","[WEB Component] Category filter should have expected screenshot when fully expanded","tests.web.component.filter","Mon Apr 27 07:23:19 UTC 2026","passed","Mon Apr 27 07:23:22 UTC 2026","TestCategoryFilter","test_category_filter","",""
"","419","[API] Update user should return 200_OK when send update user request with valid data. Case: 'mobile_number' length = min","tests.api.user","Mon Apr 27 07:17:31 UTC 2026","passed","Mon Apr 27 07:17:32 UTC 2026","TestUpdateUserApi","test_update_user","",""
"","0","[WEB Component] Should not subscribe with invalid email","tests.web.component.base","Mon Apr 27 07:41:02 UTC 2026","skipped","Mon Apr 27 07:41:02 UTC 2026","TestSubscriptionComponent","test_subscription_component","",""
"","0","[WEB Component] Pay with invalid card should show error message. Case: card number too short","tests.web.component.payment","Mon Apr 27 07:29:18 UTC 2026","skipped","Mon Apr 27 07:29:18 UTC 2026","TestPaymentComponent","test_payment_component","",""
"","0","[API] Update user should return 400_BAD_REQUEST when send update user request with invalid data. Case: 'first_name' is absent","tests.api.user","Mon Apr 27 07:17:59 UTC 2026","skipped","Mon Apr 27 07:17:59 UTC 2026","TestUpdateUserApi","test_update_user","",""
"","0","[API] Update user should return 400_BAD_REQUEST when send update user request with invalid data. Case: 'last_name' is absent","tests.api.user","Mon Apr 27 07:17:59 UTC 2026","skipped","Mon Apr 27 07:17:59 UTC 2026","TestUpdateUserApi","test_update_user","",""
"","338","[WEB] Should have expected screenshot when not send review","tests.web.component.review","Mon Apr 27 07:45:05 UTC 2026","passed","Mon Apr 27 07:45:05 UTC 2026","TestReviewComponent","test_review_component","",""
"","933","[WEB] Should add product review with valid data. Case: 'email' domain name length = 2","tests.web.component.review","Mon Apr 27 07:38:21 UTC 2026","passed","Mon Apr 27 07:38:22 UTC 2026","TestReviewComponent","test_review_component","",""
"","5186","[WEB Component] Search filter should return empty products catalog","tests.web.component.filter","Mon Apr 27 07:24:26 UTC 2026","passed","Mon Apr 27 07:24:31 UTC 2026","TestSearchFilter","test_search_filter","",""
"","0","[API] Update user should return 400_BAD_REQUEST when send update user request with invalid data. Case: 'mobile_number' length = max + 1","tests.api.user","Mon Apr 27 07:17:59 UTC 2026","skipped","Mon Apr 27 07:17:59 UTC 2026","TestUpdateUserApi","test_update_user","",""
"","147","[API] Create user should return 200_OK when send create user request with valid data. Case: 'city' length = min","tests.api.user","Mon Apr 27 07:17:35 UTC 2026","passed","Mon Apr 27 07:17:35 UTC 2026","TestCreateUserApi","test_create_user","",""
"","0","[API] Create user should return 400_BAD_REQUEST when send create user request with invalid data. Case: 'birth_year' is absent","tests.api.user","Mon Apr 27 07:17:13 UTC 2026","skipped","Mon Apr 27 07:17:13 UTC 2026","TestCreateUserApi","test_create_user","",""
"","658","[WEB Component] Should decrease all products total price","tests.web.component.product","Mon Apr 27 07:33:59 UTC 2026","passed","Mon Apr 27 07:33:59 UTC 2026","TestProductItem","test_product_item","",""
"","0","[WEB Component] Pay with invalid card should show error message. Case: expiry month only spaces","tests.web.component.payment","Mon Apr 27 07:29:18 UTC 2026","skipped","Mon Apr 27 07:29:18 UTC 2026","TestPaymentComponent","test_payment_component","",""
"","1233","[WEB Component] Should not add negative products count to cart when click on add to cart button","tests.web.component.product","Mon Apr 27 07:31:39 UTC 2026","passed","Mon Apr 27 07:31:40 UTC 2026","TestProductCard","test_product_details_component","",""
"","1030","[WEB Component] Should navigate to contact us page by click on 'Contact us' button","tests.web.component.base","Mon Apr 27 07:21:19 UTC 2026","passed","Mon Apr 27 07:21:20 UTC 2026","TestHeaderComponent","test_header_component","",""
"","0","[API] Create user should return 400_BAD_REQUEST when send create user request with invalid data. Case: 'first_name' length = min - 1","tests.api.user","Mon Apr 27 07:17:13 UTC 2026","skipped","Mon Apr 27 07:17:13 UTC 2026","TestCreateUserApi","test_create_user","",""
"","0","[WEB] Sign up with invalid data. Case: 'last_name' length = min","tests.web.component.auth","Mon Apr 27 07:18:35 UTC 2026","skipped","Mon Apr 27 07:18:35 UTC 2026","TestSignUpWeb","test_signup_component","",""
"","6044","[WEB Component] Place order without authorization notification proceed to checkout button should navigate to login page","tests.web.component.base","Mon Apr 27 07:22:00 UTC 2026","passed","Mon Apr 27 07:22:06 UTC 2026","TestNotificationComponent","test_notification_component","",""
"","552","[API] Create user should return 200_OK when send create user request with valid data. Case: 'state' length = max - 1","tests.api.user","Mon Apr 27 07:17:33 UTC 2026","passed","Mon Apr 27 07:17:34 UTC 2026","TestCreateUserApi","test_create_user","",""
"","0","[WEB] Sign up with invalid data. Case: 'name' length = max - 1","tests.web.component.auth","Mon Apr 27 07:18:35 UTC 2026","skipped","Mon Apr 27 07:18:35 UTC 2026","TestSignUpWeb","test_signup_component","",""
"","0","[WEB] Sign up with invalid data. Case: 'birth_month' = 12","tests.web.component.auth","Mon Apr 27 07:18:35 UTC 2026","skipped","Mon Apr 27 07:18:35 UTC 2026","TestSignUpWeb","test_signup_component","",""
"","0","[API] Update user should return 400_BAD_REQUEST when send update user request with invalid data. Case: 'email' contains multiple '@' symbols","tests.api.user","Mon Apr 27 07:17:59 UTC 2026","skipped","Mon Apr 27 07:17:59 UTC 2026","TestUpdateUserApi","test_update_user","",""
"","0","[API] Create user should return 400_BAD_REQUEST when send create user request with invalid data. Case: 'birth_month' is negative","tests.api.user","Mon Apr 27 07:17:13 UTC 2026","skipped","Mon Apr 27 07:17:13 UTC 2026","TestCreateUserApi","test_create_user","",""
"","0","[API] Create user should return 400_BAD_REQUEST when send create user request with invalid data. Case: 'birth_day' is negative","tests.api.user","Mon Apr 27 07:17:13 UTC 2026","skipped","Mon Apr 27 07:17:13 UTC 2026","TestCreateUserApi","test_create_user","",""
"","0","[API] Create user should return 400_BAD_REQUEST when send create user request with invalid data. Case: 'address2' is empty","tests.api.user","Mon Apr 27 07:17:13 UTC 2026","skipped","Mon Apr 27 07:17:13 UTC 2026","TestCreateUserApi","test_create_user","",""
"","0","[WEB] Should not add product review with invalid data. Case: 'email' contains text after domain","tests.web.component.review","Mon Apr 27 07:37:30 UTC 2026","skipped","Mon Apr 27 07:37:30 UTC 2026","TestReviewComponent","test_review_component","",""
"","4645","[WEB] Sign up with valid data. Case: 'city' length = min + 1","tests.web.component.auth","Mon Apr 27 07:31:24 UTC 2026","passed","Mon Apr 27 07:31:28 UTC 2026","TestSignUpWeb","test_signup_component","",""
"","0","[WEB Component] Pay with invalid card should show error message. Case: card number fails luhn check","tests.web.component.payment","Mon Apr 27 07:29:18 UTC 2026","skipped","Mon Apr 27 07:29:18 UTC 2026","TestPaymentComponent","test_payment_component","",""
"","239","[API] Create user should return 200_OK when send create user request with valid data. Case: 'last_name' length = min + 1","tests.api.user","Mon Apr 27 07:17:24 UTC 2026","passed","Mon Apr 27 07:17:24 UTC 2026","TestCreateUserApi","test_create_user","",""
"","0","[API] Update user should return 400_BAD_REQUEST when send update user request with invalid data. Case: 'birth_year' is invalid positive","tests.api.user","Mon Apr 27 07:17:59 UTC 2026","skipped","Mon Apr 27 07:17:59 UTC 2026","TestUpdateUserApi","test_update_user","",""
"","4606","[WEB] Sign up with valid data. Case: 'city' length = max","tests.web.component.auth","Mon Apr 27 07:32:11 UTC 2026","passed","Mon Apr 27 07:32:16 UTC 2026","TestSignUpWeb","test_signup_component","",""
"","0","[WEB] Sign up with invalid data. Case: 'birth_day' = 1","tests.web.component.auth","Mon Apr 27 07:18:35 UTC 2026","skipped","Mon Apr 27 07:18:35 UTC 2026","TestSignUpWeb","test_signup_component","",""
"","1745","[WEB Component] Add product notification should have expected data and screenshot","tests.web.component.base","Mon Apr 27 07:39:40 UTC 2026","passed","Mon Apr 27 07:39:41 UTC 2026","TestNotificationComponent","test_notification_component","",""
"","0","[WEB] Sign up with invalid data. Case: 'state' length = min + 1","tests.web.component.auth","Mon Apr 27 07:18:35 UTC 2026","skipped","Mon Apr 27 07:18:35 UTC 2026","TestSignUpWeb","test_signup_component","",""
"","334","[WEB Component] Payment component should have expected screenshot","tests.web.component.payment","Mon Apr 27 07:44:20 UTC 2026","passed","Mon Apr 27 07:44:20 UTC 2026","TestPaymentComponent","test_payment_component","",""
"","0","[API] Update user should return 400_BAD_REQUEST when send update user request with invalid data. Case: 'email' contains '-' after '@'","tests.api.user","Mon Apr 27 07:17:59 UTC 2026","skipped","Mon Apr 27 07:17:59 UTC 2026","TestUpdateUserApi","test_update_user","",""
"","0","[WEB] Should not add product review with invalid data. Case: 'name' length = max + 1","tests.web.component.review","Mon Apr 27 07:37:30 UTC 2026","skipped","Mon Apr 27 07:37:30 UTC 2026","TestReviewComponent","test_review_component","",""
"","0","[API] Update user should return 400_BAD_REQUEST when send update user request with invalid data. Case: 'last_name' length = max + 1","tests.api.user","Mon Apr 27 07:17:59 UTC 2026","skipped","Mon Apr 27 07:17:59 UTC 2026","TestUpdateUserApi","test_update_user","",""
"","0","[API] Update user should return 400_BAD_REQUEST when send update user request with invalid data. Case: 'birth_month' is negative","tests.api.user","Mon Apr 27 07:17:59 UTC 2026","skipped","Mon Apr 27 07:17:59 UTC 2026","TestUpdateUserApi","test_update_user","",""
"","0","[API] Update user should return 400_BAD_REQUEST when send update user request with invalid data. Case: 'city' length = min - 1","tests.api.user","Mon Apr 27 07:17:59 UTC 2026","skipped","Mon Apr 27 07:17:59 UTC 2026","TestUpdateUserApi","test_update_user","",""
"","222","[API] Create user should return 200_OK when send create user request with valid data. Case: 'first_name' length = min","tests.api.user","Mon Apr 27 07:17:21 UTC 2026","passed","Mon Apr 27 07:17:21 UTC 2026","TestCreateUserApi","test_create_user","",""
"","0","[API] Update user should return 400_BAD_REQUEST when send update user request with invalid data. Case: 'last_name' length = min - 1","tests.api.user","Mon Apr 27 07:17:59 UTC 2026","skipped","Mon Apr 27 07:17:59 UTC 2026","TestUpdateUserApi","test_update_user","",""
"","264","[API] Update user should return 200_OK when send update user request with valid data. Case: 'first_name' length = min + 1","tests.api.user","Mon Apr 27 07:17:24 UTC 2026","passed","Mon Apr 27 07:17:25 UTC 2026","TestUpdateUserApi","test_update_user","",""
"","0","[WEB] Sign up with invalid data. Case: 'mobile_number' length = max","tests.web.component.auth","Mon Apr 27 07:18:35 UTC 2026","skipped","Mon Apr 27 07:18:35 UTC 2026","TestSignUpWeb","test_signup_component","",""
"","5451","[WEB] Sign up with valid data. Case: 'first_name' length = min + 1","tests.web.component.auth","Mon Apr 27 07:20:57 UTC 2026","passed","Mon Apr 27 07:21:02 UTC 2026","TestSignUpWeb","test_signup_component","",""
"","0","[WEB] Sign up with invalid data. Case: 'address1' length = max","tests.web.component.auth","Mon Apr 27 07:18:35 UTC 2026","skipped","Mon Apr 27 07:18:35 UTC 2026","TestSignUpWeb","test_signup_component","",""
"","0","[API] Create user should return 400_BAD_REQUEST when send create user request with invalid data. Case: 'birth_month' is invalid positive","tests.api.user","Mon Apr 27 07:17:13 UTC 2026","skipped","Mon Apr 27 07:17:13 UTC 2026","TestCreateUserApi","test_create_user","",""
"","0","[API] Create user should return 400_BAD_REQUEST when send create user request with invalid data. Case: 'zipcode' length = max + 1","tests.api.user","Mon Apr 27 07:17:13 UTC 2026","skipped","Mon Apr 27 07:17:13 UTC 2026","TestCreateUserApi","test_create_user","",""
"","368","[WEB Component] Should remove product from cart","tests.web.component.product","Mon Apr 27 07:32:53 UTC 2026","passed","Mon Apr 27 07:32:53 UTC 2026","TestProductItem","test_product_item","",""
"","346","[API] Update user should return 200_OK when send update user request with valid data. Case: 'address1' length = min","tests.api.user","Mon Apr 27 07:17:45 UTC 2026","passed","Mon Apr 27 07:17:45 UTC 2026","TestUpdateUserApi","test_update_user","",""
"","0","[API] Create user should return 400_BAD_REQUEST when send create user request with invalid data. Case: 'email' contains domain with one letter","tests.api.user","Mon Apr 27 07:17:13 UTC 2026","skipped","Mon Apr 27 07:17:13 UTC 2026","TestCreateUserApi","test_create_user","",""
"","0","[API] Update user should return 400_BAD_REQUEST when send update user request with invalid data. Case: 'address2' length = max + 1","tests.api.user","Mon Apr 27 07:17:57 UTC 2026","skipped","Mon Apr 27 07:17:57 UTC 2026","TestUpdateUserApi","test_update_user","",""
"","246","[API] Create user should return 200_OK when send create user request with valid data. Case: 'name' length = max - 1","tests.api.user","Mon Apr 27 07:17:18 UTC 2026","passed","Mon Apr 27 07:17:18 UTC 2026","TestCreateUserApi","test_create_user","",""
"","187","[API] Get user should return 200_OK when send get user request and user exists","tests.api.user","Mon Apr 27 07:17:16 UTC 2026","passed","Mon Apr 27 07:17:17 UTC 2026","TestGetUserApi","test_get_user","",""
"","4478","[WEB] Sign up with valid data. Case: 'company' length = min","tests.web.component.auth","Mon Apr 27 07:27:43 UTC 2026","passed","Mon Apr 27 07:27:48 UTC 2026","TestSignUpWeb","test_signup_component","",""
"","0","[API] Create user should return 400_BAD_REQUEST when send create user request with invalid data. Case: 'first_name' length = max + 1","tests.api.user","Mon Apr 27 07:17:13 UTC 2026","skipped","Mon Apr 27 07:17:13 UTC 2026","TestCreateUserApi","test_create_user","",""
"","0","[WEB Component] Pay with invalid card should show error message. Case: name contains newline","tests.web.component.payment","Mon Apr 27 07:29:18 UTC 2026","skipped","Mon Apr 27 07:29:18 UTC 2026","TestPaymentComponent","test_payment_component","",""
"","108","[API] Get csrf should return 200_OK when send get csrf request and contains csrf cookie","tests.api.auth","Mon Apr 27 07:17:13 UTC 2026","passed","Mon Apr 27 07:17:13 UTC 2026","TestAuthApi","test_auth","",""
"","4739","[WEB] Sign up with valid data. Case: 'mobile_number' length = max - 1","tests.web.component.auth","Mon Apr 27 07:24:32 UTC 2026","passed","Mon Apr 27 07:24:37 UTC 2026","TestSignUpWeb","test_signup_component","",""
"","1410","[WEB Component] Products Carousel should first products when scroll right on last image","tests.web.component.carousel","Mon Apr 27 07:42:22 UTC 2026","passed","Mon Apr 27 07:42:23 UTC 2026","TestProductCarousel","test_product_carousel","",""
"","0","[API] Update user should return 400_BAD_REQUEST when send update user request with invalid data. Case: 'email' not contains '@' symbol","tests.api.user","Mon Apr 27 07:17:59 UTC 2026","skipped","Mon Apr 27 07:17:59 UTC 2026","TestUpdateUserApi","test_update_user","",""
"","0","[WEB Component] Pay with invalid card should show error message. Case: expiry month is empty","tests.web.component.payment","Mon Apr 27 07:29:18 UTC 2026","skipped","Mon Apr 27 07:29:18 UTC 2026","TestPaymentComponent","test_payment_component","",""
"","1230","[WEB Component] Product item should have expected data","tests.web.component.product","Mon Apr 27 07:44:59 UTC 2026","passed","Mon Apr 27 07:45:00 UTC 2026","TestProductItem","test_product_item","",""
"","388","[API] Update user should return 200_OK when send update user request with valid data. Case: 'last_name' length = max - 1","tests.api.user","Mon Apr 27 07:17:30 UTC 2026","passed","Mon Apr 27 07:17:30 UTC 2026","TestUpdateUserApi","test_update_user","",""
"","4712","[WEB] Sign up with valid data. Case: 'zipcode' length = min","tests.web.component.auth","Mon Apr 27 07:35:53 UTC 2026","passed","Mon Apr 27 07:35:58 UTC 2026","TestSignUpWeb","test_signup_component","",""
"","5999","[WEB] Sign up with valid data. Case: 'address2' length = max","tests.web.component.auth","Mon Apr 27 07:35:28 UTC 2026","passed","Mon Apr 27 07:35:34 UTC 2026","TestSignUpWeb","test_signup_component","",""
"","0","[API] Create user should return 400_BAD_REQUEST when send create user request with invalid data. Case: 'email' contains multiple '@' symbols","tests.api.user","Mon Apr 27 07:17:13 UTC 2026","skipped","Mon Apr 27 07:17:13 UTC 2026","TestCreateUserApi","test_create_user","",""
"","0","[API] Create user should return 400_BAD_REQUEST when send create user request with invalid data. Case: 'mobile_number' length = min - 1","tests.api.user","Mon Apr 27 07:17:13 UTC 2026","skipped","Mon Apr 27 07:17:13 UTC 2026","TestCreateUserApi","test_create_user","",""
"","0","[WEB Component] Pay with invalid card should show error message. Case: name contains special characters","tests.web.component.payment","Mon Apr 27 07:29:18 UTC 2026","skipped","Mon Apr 27 07:29:18 UTC 2026","TestPaymentComponent","test_payment_component","",""
"","0","[WEB] Sign up with invalid data. Case: 'zipcode' length = max","tests.web.component.auth","Mon Apr 27 07:18:35 UTC 2026","skipped","Mon Apr 27 07:18:35 UTC 2026","TestSignUpWeb","test_signup_component","",""
"","269","[API] Update user should return 200_OK when send update user request with valid data. Case: 'first_name' length = max","tests.api.user","Mon Apr 27 07:17:27 UTC 2026","passed","Mon Apr 27 07:17:27 UTC 2026","TestUpdateUserApi","test_update_user","",""
"","4901","[WEB] Sign up with valid data. Case: 'address1' length = max","tests.web.component.auth","Mon Apr 27 07:33:46 UTC 2026","passed","Mon Apr 27 07:33:51 UTC 2026","TestSignUpWeb","test_signup_component","",""
"","0","[API] Update user should return 400_BAD_REQUEST when send update user request with invalid data. Case: 'city' is absent","tests.api.user","Mon Apr 27 07:17:59 UTC 2026","skipped","Mon Apr 27 07:17:59 UTC 2026","TestUpdateUserApi","test_update_user","",""
"","0","[API] Create user should return 400_BAD_REQUEST when send create user request with invalid data. Case: 'zipcode' has invalid format","tests.api.user","Mon Apr 27 07:17:13 UTC 2026","skipped","Mon Apr 27 07:17:13 UTC 2026","TestCreateUserApi","test_create_user","",""
"","424","[API] Update user should return 200_OK when send update user request with valid data. Case: 'address1' length = max - 1","tests.api.user","Mon Apr 27 07:17:47 UTC 2026","passed","Mon Apr 27 07:17:47 UTC 2026","TestUpdateUserApi","test_update_user","",""
"","0","[WEB] Should not add product review with invalid data. Case: 'email' contains invalid top level domain web","tests.web.component.review","Mon Apr 27 07:37:30 UTC 2026","skipped","Mon Apr 27 07:37:30 UTC 2026","TestReviewComponent","test_review_component","",""
"","0","[WEB] Sign up with invalid data. Case: 'state' length = max","tests.web.component.auth","Mon Apr 27 07:18:35 UTC 2026","skipped","Mon Apr 27 07:18:35 UTC 2026","TestSignUpWeb","test_signup_component","",""
"","5231","[WEB] Sign up with valid data. Case: 'address2' length = max - 1","tests.web.component.auth","Mon Apr 27 07:34:59 UTC 2026","passed","Mon Apr 27 07:35:04 UTC 2026","TestSignUpWeb","test_signup_component","",""
"","0","[API] Create user should return 400_BAD_REQUEST when send create user request with invalid data. Case: 'birth_day' is zero","tests.api.user","Mon Apr 27 07:17:13 UTC 2026","skipped","Mon Apr 27 07:17:13 UTC 2026","TestCreateUserApi","test_create_user","",""
"","0","[API] Update user should return 400_BAD_REQUEST when send update user request with invalid data. Case: 'email' contains text after domain","tests.api.user","Mon Apr 27 07:17:59 UTC 2026","skipped","Mon Apr 27 07:17:59 UTC 2026","TestUpdateUserApi","test_update_user","",""
"","2214","[WEB Component] Search filter should filter products by query","tests.web.component.filter","Mon Apr 27 07:23:42 UTC 2026","passed","Mon Apr 27 07:23:44 UTC 2026","TestSearchFilter","test_search_filter","",""
"","471","[WEB] Should add product review with valid data. Case: 'message' length = min","tests.web.component.review","Mon Apr 27 07:38:41 UTC 2026","passed","Mon Apr 27 07:38:42 UTC 2026","TestReviewComponent","test_review_component","",""
"","11900","Purchase products with sign up before checkout","tests.web.e2e","Mon Apr 27 07:37:49 UTC 2026","passed","Mon Apr 27 07:38:01 UTC 2026","TestPlaceOrder","test_place_order","",""
"","438","[API] Create user should return 200_OK when send create user request with valid data. Case: 'name' length = min + 1","tests.api.user","Mon Apr 27 07:17:17 UTC 2026","passed","Mon Apr 27 07:17:18 UTC 2026","TestCreateUserApi","test_create_user","",""
"","0","[WEB] Sign up with invalid data. Case: 'address2' length = min + 1","tests.web.component.auth","Mon Apr 27 07:18:35 UTC 2026","skipped","Mon Apr 27 07:18:35 UTC 2026","TestSignUpWeb","test_signup_component","",""
"","0","[WEB] Sign up with invalid data. Case: 'address2' length = min","tests.web.component.auth","Mon Apr 27 07:18:35 UTC 2026","skipped","Mon Apr 27 07:18:35 UTC 2026","TestSignUpWeb","test_signup_component","",""
"","164","[API] Create user should return 200_OK when send create user request with valid data. Case: 'city' length = max - 1","tests.api.user","Mon Apr 27 07:17:36 UTC 2026","passed","Mon Apr 27 07:17:36 UTC 2026","TestCreateUserApi","test_create_user","",""
"","942","[WEB Component] Should subscribe with valid email","tests.web.component.base","Mon Apr 27 07:41:01 UTC 2026","passed","Mon Apr 27 07:41:02 UTC 2026","TestSubscriptionComponent","test_subscription_component","",""
"","5719","[WEB Component] Category filter should have expected screenshot when group expanded","tests.web.component.filter","Mon Apr 27 07:42:54 UTC 2026","passed","Mon Apr 27 07:43:00 UTC 2026","TestCategoryFilter","test_category_filter","",""
"","0","[WEB Component] Pay with invalid card should show error message. Case: cvc too short","tests.web.component.payment","Mon Apr 27 07:29:18 UTC 2026","skipped","Mon Apr 27 07:29:18 UTC 2026","TestPaymentComponent","test_payment_component","",""
"","0","[API] Create user should return 400_BAD_REQUEST when send create user request with invalid data. Case: 'last_name' length = max + 1","tests.api.user","Mon Apr 27 07:17:13 UTC 2026","skipped","Mon Apr 27 07:17:13 UTC 2026","TestCreateUserApi","test_create_user","",""
"","1932","[API] Login should return 200_OK when send login request with valid data and contains csrf cookie","tests.api.auth","Mon Apr 27 07:17:13 UTC 2026","passed","Mon Apr 27 07:17:15 UTC 2026","TestAuthApi","test_auth","",""
"","253","[API] Update user should return 200_OK when send update user request with valid data. Case: 'address2' length = max - 1","tests.api.user","Mon Apr 27 07:17:51 UTC 2026","passed","Mon Apr 27 07:17:52 UTC 2026","TestUpdateUserApi","test_update_user","",""
"","829","[API] Update user should return 200_OK when send update user request with valid data. Case: 'zipcode' length = min","tests.api.user","Mon Apr 27 07:17:54 UTC 2026","passed","Mon Apr 27 07:17:55 UTC 2026","TestUpdateUserApi","test_update_user","",""
"","0","[API] Create user should return 400_BAD_REQUEST when send create user request with invalid data. Case: 'company' length = max + 1","tests.api.user","Mon Apr 27 07:17:13 UTC 2026","skipped","Mon Apr 27 07:17:13 UTC 2026","TestCreateUserApi","test_create_user","",""
"","0","[WEB Component] Pay with invalid card should show error message. Case: card number all zeros","tests.web.component.payment","Mon Apr 27 07:29:18 UTC 2026","skipped","Mon Apr 27 07:29:18 UTC 2026","TestPaymentComponent","test_payment_component","",""
"","0","[API] Update user should return 400_BAD_REQUEST when send update user request with invalid data. Case: 'birth_month' is absent","tests.api.user","Mon Apr 27 07:17:59 UTC 2026","skipped","Mon Apr 27 07:17:59 UTC 2026","TestUpdateUserApi","test_update_user","",""
"","0","[API] Update user should return 400_BAD_REQUEST when send update user request with invalid data. Case: 'email' not contains domain","tests.api.user","Mon Apr 27 07:17:59 UTC 2026","skipped","Mon Apr 27 07:17:59 UTC 2026","TestUpdateUserApi","test_update_user","",""
"","368","[API] Create user should return 200_OK when send create user request with valid data. Case: 'birth_month' = 1","tests.api.user","Mon Apr 27 07:17:29 UTC 2026","passed","Mon Apr 27 07:17:29 UTC 2026","TestCreateUserApi","test_create_user","",""
"","0","[API] Create user should return 400_BAD_REQUEST when send create user request with invalid data. Case: 'address1' length = min - 1","tests.api.user","Mon Apr 27 07:17:13 UTC 2026","skipped","Mon Apr 27 07:17:13 UTC 2026","TestCreateUserApi","test_create_user","",""
"","0","[WEB Component] Pay with invalid card should show error message. Case: card number contains letters","tests.web.component.payment","Mon Apr 27 07:29:18 UTC 2026","skipped","Mon Apr 27 07:29:18 UTC 2026","TestPaymentComponent","test_payment_component","",""
"","5926","[WEB] Sign up with valid data. Case: 'address2' length = min + 1","tests.web.component.auth","Mon Apr 27 07:34:33 UTC 2026","passed","Mon Apr 27 07:34:39 UTC 2026","TestSignUpWeb","test_signup_component","",""
"","0","[API] Create user should return 400_BAD_REQUEST when send create user request with invalid data. Case: 'address2' length = max + 1","tests.api.user","Mon Apr 27 07:17:13 UTC 2026","skipped","Mon Apr 27 07:17:13 UTC 2026","TestCreateUserApi","test_create_user","",""
"","3224","[WEB Component] Should add product to cart when click on add to cart button multiple times","tests.web.component.product","Mon Apr 27 07:30:57 UTC 2026","passed","Mon Apr 27 07:31:00 UTC 2026","TestProductCard","test_product_details_component","",""
"","190","Should return user exists when user exists with email and password","tests.api.user","Mon Apr 27 07:17:58 UTC 2026","passed","Mon Apr 27 07:17:58 UTC 2026","TestVerifyLoginApi","test_verify_login","",""
"","388","[API] Create user should return 200_OK when send create user request with valid data. Case: 'address1' length = min","tests.api.user","Mon Apr 27 07:17:37 UTC 2026","passed","Mon Apr 27 07:17:37 UTC 2026","TestCreateUserApi","test_create_user","",""
"","2751","[WEB Component] Search filter should return all products when filter by empty query","tests.web.component.filter","Mon Apr 27 07:24:04 UTC 2026","passed","Mon Apr 27 07:24:06 UTC 2026","TestSearchFilter","test_search_filter","",""
"","0","[WEB] Sign up with invalid data. Case: 'company' length = min + 1","tests.web.component.auth","Mon Apr 27 07:18:35 UTC 2026","skipped","Mon Apr 27 07:18:35 UTC 2026","TestSignUpWeb","test_signup_component","",""
"","0","[WEB Component] Pay with invalid card should show error message. Case: name only spaces","tests.web.component.payment","Mon Apr 27 07:29:18 UTC 2026","skipped","Mon Apr 27 07:29:18 UTC 2026","TestPaymentComponent","test_payment_component","",""
"","497","[WEB Component] Subscription component should have expected screenshot","tests.web.component.base","Mon Apr 27 07:40:42 UTC 2026","passed","Mon Apr 27 07:40:42 UTC 2026","TestSubscriptionComponent","test_subscription_component","",""
"","4611","[WEB] Sign up with valid data. Case: 'address1' length = min + 1","tests.web.component.auth","Mon Apr 27 07:32:59 UTC 2026","passed","Mon Apr 27 07:33:03 UTC 2026","TestSignUpWeb","test_signup_component","",""
"","1197","[WEB Component] Should add product to cart when click on add to cart button from overlay","tests.web.component.product","Mon Apr 27 07:29:55 UTC 2026","passed","Mon Apr 27 07:29:56 UTC 2026","TestAnimatedProductCard","test_animated_product_card_component","",""
"","0","[WEB Component] Pay with invalid card should show error message. Case: card number only spaces","tests.web.component.payment","Mon Apr 27 07:29:18 UTC 2026","skipped","Mon Apr 27 07:29:18 UTC 2026","TestPaymentComponent","test_payment_component","",""
"","289","[API] Update user should return 200_OK when send update user request with valid data. Case: 'zipcode' length = min + 1","tests.api.user","Mon Apr 27 07:17:56 UTC 2026","passed","Mon Apr 27 07:17:56 UTC 2026","TestUpdateUserApi","test_update_user","",""
"","229","[API] Delete user should return 404_NOT_FOUND when send delete user request and user not exists","tests.api.user","Mon Apr 27 07:17:16 UTC 2026","passed","Mon Apr 27 07:17:16 UTC 2026","TestDeleteUserApi","test_delete_user","",""
"","568","[WEB Component] Product item should navigate to product page when click on item title","tests.web.component.product","Mon Apr 27 07:32:03 UTC 2026","passed","Mon Apr 27 07:32:03 UTC 2026","TestProductItem","test_product_item","",""
"","469","[API] Update user should return 200_OK when send update user request with valid data. Case: 'birth_day' = 1","tests.api.user","Mon Apr 27 07:17:36 UTC 2026","passed","Mon Apr 27 07:17:36 UTC 2026","TestUpdateUserApi","test_update_user","",""
"","0","[API] Update user should return 400_BAD_REQUEST when send update user request with invalid data. Case: 'email' contains '.' before dog symbol","tests.api.user","Mon Apr 27 07:17:59 UTC 2026","skipped","Mon Apr 27 07:17:59 UTC 2026","TestUpdateUserApi","test_update_user","",""
"","329","[API] Delete user should return 200_OK when send delete user request and user exists","tests.api.user","Mon Apr 27 07:17:15 UTC 2026","passed","Mon Apr 27 07:17:15 UTC 2026","TestDeleteUserApi","test_delete_user","",""
"","4524","[WEB] Sign up with valid data. Case: 'state' length = min + 1","tests.web.component.auth","Mon Apr 27 07:29:43 UTC 2026","passed","Mon Apr 27 07:29:48 UTC 2026","TestSignUpWeb","test_signup_component","",""
"","0","[API] Update user should return 400_BAD_REQUEST when send update user request with invalid data. Case: 'birth_day' is invalid positive","tests.api.user","Mon Apr 27 07:17:59 UTC 2026","skipped","Mon Apr 27 07:17:59 UTC 2026","TestUpdateUserApi","test_update_user","",""
"","220","[API] Create user should return 200_OK when send create user request with valid data. Case: 'birth_year' = 1","tests.api.user","Mon Apr 27 07:17:30 UTC 2026","passed","Mon Apr 27 07:17:30 UTC 2026","TestCreateUserApi","test_create_user","",""
"","0","[API] Create user should return 400_BAD_REQUEST when send create user request with invalid data. Case: 'state' length = min - 1","tests.api.user","Mon Apr 27 07:17:13 UTC 2026","skipped","Mon Apr 27 07:17:13 UTC 2026","TestCreateUserApi","test_create_user","",""
"","214","[API] Create user should return 200_OK when send create user request with valid data. Case: 'address2' length = min + 1","tests.api.user","Mon Apr 27 07:17:40 UTC 2026","passed","Mon Apr 27 07:17:40 UTC 2026","TestCreateUserApi","test_create_user","",""
"","0","[WEB] Should not add product review with invalid data. Case: 'email' is empty","tests.web.component.review","Mon Apr 27 07:37:30 UTC 2026","skipped","Mon Apr 27 07:37:30 UTC 2026","TestReviewComponent","test_review_component","",""
"","0","[API] Update user should return 400_BAD_REQUEST when send update user request with invalid data. Case: 'birth_year' is negative","tests.api.user","Mon Apr 27 07:17:59 UTC 2026","skipped","Mon Apr 27 07:17:59 UTC 2026","TestUpdateUserApi","test_update_user","",""
"","675","[WEB] Should add product review with valid data. Case: 'email' domain contains '-'","tests.web.component.review","Mon Apr 27 07:37:19 UTC 2026","passed","Mon Apr 27 07:37:20 UTC 2026","TestReviewComponent","test_review_component","",""
"","0","[API] Update user should return 400_BAD_REQUEST when send update user request with invalid data. Case: 'zipcode' is absent","tests.api.user","Mon Apr 27 07:17:57 UTC 2026","skipped","Mon Apr 27 07:17:57 UTC 2026","TestUpdateUserApi","test_update_user","",""
"","0","[API] Create user should return 400_BAD_REQUEST when send create user request with invalid data. Case: 'company' length = min - 1","tests.api.user","Mon Apr 27 07:17:13 UTC 2026","skipped","Mon Apr 27 07:17:13 UTC 2026","TestCreateUserApi","test_create_user","",""
"","350","[API] Update user should return 200_OK when send update user request with valid data. Case: 'city' length = min","tests.api.user","Mon Apr 27 07:17:52 UTC 2026","passed","Mon Apr 27 07:17:52 UTC 2026","TestUpdateUserApi","test_update_user","",""
"","0","[API] Update user should return 400_BAD_REQUEST when send update user request with invalid data. Case: 'state' length = min - 1","tests.api.user","Mon Apr 27 07:17:59 UTC 2026","skipped","Mon Apr 27 07:17:59 UTC 2026","TestUpdateUserApi","test_update_user","",""
"","4538","[WEB] Sign up with valid data. Case: 'address2' length = min","tests.web.component.auth","Mon Apr 27 07:34:10 UTC 2026","passed","Mon Apr 27 07:34:14 UTC 2026","TestSignUpWeb","test_signup_component","",""
"","0","[API] Create user should return 400_BAD_REQUEST when send create user request with invalid data. Case: 'email' contains '.' before dog symbol","tests.api.user","Mon Apr 27 07:17:13 UTC 2026","skipped","Mon Apr 27 07:17:13 UTC 2026","TestCreateUserApi","test_create_user","",""
"","0","[API] Update user should return 400_BAD_REQUEST when send update user request with invalid data. Case: 'birth_day' is zero","tests.api.user","Mon Apr 27 07:17:59 UTC 2026","skipped","Mon Apr 27 07:17:59 UTC 2026","TestUpdateUserApi","test_update_user","",""
"","0","[WEB] Sign up with invalid data. Case: 'address1' length = max - 1","tests.web.component.auth","Mon Apr 27 07:18:35 UTC 2026","skipped","Mon Apr 27 07:18:35 UTC 2026","TestSignUpWeb","test_signup_component","",""
"","0","[API] Update user should return 400_BAD_REQUEST when send update user request with invalid data. Case: 'email' contains text before username","tests.api.user","Mon Apr 27 07:17:59 UTC 2026","skipped","Mon Apr 27 07:17:59 UTC 2026","TestUpdateUserApi","test_update_user","",""
"","2742","[WEB Component] Order placed page should have expected screenshot","tests.web.component.payment","Mon Apr 27 07:43:51 UTC 2026","passed","Mon Apr 27 07:43:53 UTC 2026","TestPaymentComponent","test_invoice_file","",""
"","2378","[WEB Component] Image Carousel should show next image when scroll right","tests.web.component.carousel","Mon Apr 27 07:41:41 UTC 2026","passed","Mon Apr 27 07:41:43 UTC 2026","TestImageCarousel","test_image_carousel","",""
"","0","[WEB] Should not add product review with invalid data. Case: 'name' length = min - 1","tests.web.component.review","Mon Apr 27 07:37:30 UTC 2026","skipped","Mon Apr 27 07:37:30 UTC 2026","TestReviewComponent","test_review_component","",""
"","0","[WEB] Sign up with invalid data. Case: 'address1' length = min + 1","tests.web.component.auth","Mon Apr 27 07:18:35 UTC 2026","skipped","Mon Apr 27 07:18:35 UTC 2026","TestSignUpWeb","test_signup_component","",""
"","1041","[WEB Component] Should have expected success status message after sending contact info","tests.web.component.base","Mon Apr 27 07:22:25 UTC 2026","passed","Mon Apr 27 07:22:26 UTC 2026","TestSubscriptionComponent","test_subscription_component","",""
"","445","[WEB Component] Header has expected screenshot when authorized","tests.web.component.base","Mon Apr 27 07:40:53 UTC 2026","passed","Mon Apr 27 07:40:53 UTC 2026","TestHeaderComponent","test_header_component","",""
"","414","[API] Update user should return 200_OK when send update user request with valid data. Case: 'last_name' length = min + 1","tests.api.user","Mon Apr 27 07:17:28 UTC 2026","passed","Mon Apr 27 07:17:29 UTC 2026","TestUpdateUserApi","test_update_user","",""
"","353","[API] Get products should return 200_OK and contains expected product title","tests.api.product","Mon Apr 27 07:17:16 UTC 2026","passed","Mon Apr 27 07:17:16 UTC 2026","TestProductApi","test_product","",""
"","0","[API] Update user should return 400_BAD_REQUEST when send update user request with invalid data. Case: 'name' length = min - 1","tests.api.user","Mon Apr 27 07:17:59 UTC 2026","skipped","Mon Apr 27 07:17:59 UTC 2026","TestUpdateUserApi","test_update_user","",""
"","0","[API] Update user should return 400_BAD_REQUEST when send update user request with invalid data. Case: 'address2' is empty","tests.api.user","Mon Apr 27 07:17:57 UTC 2026","skipped","Mon Apr 27 07:17:57 UTC 2026","TestUpdateUserApi","test_update_user","",""
"","0","[WEB] Sign up with invalid data. Case: 'first_name' length = max","tests.web.component.auth","Mon Apr 27 07:18:35 UTC 2026","skipped","Mon Apr 27 07:18:35 UTC 2026","TestSignUpWeb","test_signup_component","",""
"","143","[API] Create user should return 200_OK when send create user request with valid data. Case: 'address1' length = max","tests.api.user","Mon Apr 27 07:17:39 UTC 2026","passed","Mon Apr 27 07:17:39 UTC 2026","TestCreateUserApi","test_create_user","",""
"","287","[API] Update user should return 200_OK when send update user request with valid data. Case: 'name' length = min","tests.api.user","Mon Apr 27 07:17:17 UTC 2026","passed","Mon Apr 27 07:17:18 UTC 2026","TestUpdateUserApi","test_update_user","",""
"","313","[API] Create user should return 200_OK when send create user request with valid data. Case: 'first_name' length = min + 1","tests.api.user","Mon Apr 27 07:17:21 UTC 2026","passed","Mon Apr 27 07:17:21 UTC 2026","TestCreateUserApi","test_create_user","",""
"","0","[API] Create user should return 400_BAD_REQUEST when send create user request with invalid data. Case: 'mobile_number' has invalid format","tests.api.user","Mon Apr 27 07:17:13 UTC 2026","skipped","Mon Apr 27 07:17:13 UTC 2026","TestCreateUserApi","test_create_user","",""
"","729","[WEB Component] Should navigate to products page by click 'Products' button","tests.web.component.base","Mon Apr 27 07:19:33 UTC 2026","passed","Mon Apr 27 07:19:34 UTC 2026","TestHeaderComponent","test_header_component","",""
"","244","[API] Update user should return 200_OK when send update user request with valid data. Case: 'birth_month' = 1","tests.api.user","Mon Apr 27 07:17:38 UTC 2026","passed","Mon Apr 27 07:17:38 UTC 2026","TestUpdateUserApi","test_update_user","",""
"","6312","[WEB] Sign up with valid data. Case: 'state' length = max","tests.web.component.auth","Mon Apr 27 07:30:32 UTC 2026","passed","Mon Apr 27 07:30:39 UTC 2026","TestSignUpWeb","test_signup_component","",""
"","364","[API] Update user should return 200_OK when send update user request with valid data. Case: 'city' length = max","tests.api.user","Mon Apr 27 07:17:57 UTC 2026","passed","Mon Apr 27 07:17:57 UTC 2026","TestUpdateUserApi","test_update_user","",""
"","361","[API] Create user should return 200_OK when send create user request with valid data. Case: 'address2' length = max - 1","tests.api.user","Mon Apr 27 07:17:41 UTC 2026","passed","Mon Apr 27 07:17:41 UTC 2026","TestCreateUserApi","test_create_user","",""
"","231","[API] Create user should return 200_OK when send create user request with valid data. Case: 'zipcode' length = min + 1","tests.api.user","Mon Apr 27 07:17:43 UTC 2026","passed","Mon Apr 27 07:17:43 UTC 2026","TestCreateUserApi","test_create_user","",""
"","0","[API] Update user should return 400_BAD_REQUEST when send update user request with invalid data. Case: 'company' length = min - 1","tests.api.user","Mon Apr 27 07:17:59 UTC 2026","skipped","Mon Apr 27 07:17:59 UTC 2026","TestUpdateUserApi","test_update_user","",""
"","0","[API] Create user should return 400_BAD_REQUEST when send create user request with invalid data. Case: 'birth_year' is negative","tests.api.user","Mon Apr 27 07:17:13 UTC 2026","skipped","Mon Apr 27 07:17:13 UTC 2026","TestCreateUserApi","test_create_user","",""
"","0","[API] Update user should return 400_BAD_REQUEST when send update user request with invalid data. Case: 'address1' length = min - 1","tests.api.user","Mon Apr 27 07:17:59 UTC 2026","skipped","Mon Apr 27 07:17:59 UTC 2026","TestUpdateUserApi","test_update_user","",""
"","0","[WEB Component] Pay with invalid card should show error message. Case: expiry year too long","tests.web.component.payment","Mon Apr 27 07:29:18 UTC 2026","skipped","Mon Apr 27 07:29:18 UTC 2026","TestPaymentComponent","test_payment_component","",""
"","352","[API] Create user should return 200_OK when send create user request with valid data. Case: 'first_name' length = max - 1","tests.api.user","Mon Apr 27 07:17:22 UTC 2026","passed","Mon Apr 27 07:17:22 UTC 2026","TestCreateUserApi","test_create_user","",""
"","417","[API] Create user should return 200_OK when send create user request with valid data. Case: 'city' length = min + 1","tests.api.user","Mon Apr 27 07:17:35 UTC 2026","passed","Mon Apr 27 07:17:35 UTC 2026","TestCreateUserApi","test_create_user","",""
"","0","[WEB] Sign up with invalid data. Case: 'city' length = min + 1","tests.web.component.auth","Mon Apr 27 07:18:35 UTC 2026","skipped","Mon Apr 27 07:18:35 UTC 2026","TestSignUpWeb","test_signup_component","",""
"","436","[API] Create user should return 200_OK when send create user request with valid data. Case: 'mobile_number' length = min","tests.api.user","Mon Apr 27 07:17:25 UTC 2026","passed","Mon Apr 27 07:17:26 UTC 2026","TestCreateUserApi","test_create_user","",""
"","621","[WEB] Should add product review with valid data. Case: 'email' username contains '-'","tests.web.component.review","Mon Apr 27 07:36:40 UTC 2026","passed","Mon Apr 27 07:36:41 UTC 2026","TestReviewComponent","test_review_component","",""
"","4956","[WEB] Sign up with valid data. Case: 'mobile_number' length = min + 1","tests.web.component.auth","Mon Apr 27 07:24:08 UTC 2026","passed","Mon Apr 27 07:24:13 UTC 2026","TestSignUpWeb","test_signup_component","",""
"","0","[API] Update user should return 400_BAD_REQUEST when send update user request with invalid data. Case: 'first_name' length = min - 1","tests.api.user","Mon Apr 27 07:17:59 UTC 2026","skipped","Mon Apr 27 07:17:59 UTC 2026","TestUpdateUserApi","test_update_user","",""
"","1115","[WEB Component] Add product notification should be closed when click on close button","tests.web.component.base","Mon Apr 27 07:21:39 UTC 2026","passed","Mon Apr 27 07:21:40 UTC 2026","TestNotificationComponent","test_notification_component","",""
"","450","[WEB Component] Should navigate to cart page by click 'Cart' button","tests.web.component.base","Mon Apr 27 07:19:52 UTC 2026","passed","Mon Apr 27 07:19:53 UTC 2026","TestHeaderComponent","test_header_component","",""
"","0","[API] Create user should return 400_BAD_REQUEST when send create user request with invalid data. Case: 'email' not contains '@' symbol","tests.api.user","Mon Apr 27 07:17:13 UTC 2026","skipped","Mon Apr 27 07:17:13 UTC 2026","TestCreateUserApi","test_create_user","",""
"","0","[API] Create user should return 400_BAD_REQUEST when send create user request with invalid data. Case: 'city' is absent","tests.api.user","Mon Apr 27 07:17:13 UTC 2026","skipped","Mon Apr 27 07:17:13 UTC 2026","TestCreateUserApi","test_create_user","",""
"","273","[API] Update user should return 200_OK when send update user request with valid data. Case: 'name' length = max","tests.api.user","Mon Apr 27 07:17:22 UTC 2026","passed","Mon Apr 27 07:17:22 UTC 2026","TestUpdateUserApi","test_update_user","",""
"","251","[API] Update user should return 200_OK when send update user request with valid data. Case: 'first_name' length = max - 1","tests.api.user","Mon Apr 27 07:17:26 UTC 2026","passed","Mon Apr 27 07:17:26 UTC 2026","TestUpdateUserApi","test_update_user","",""
"","432","[API] Update user should return 200_OK when send update user request with valid data. Case: 'state' length = min","tests.api.user","Mon Apr 27 07:17:48 UTC 2026","passed","Mon Apr 27 07:17:48 UTC 2026","TestUpdateUserApi","test_update_user","",""
"","160","[API] Create user should return 200_OK when send create user request with valid data. Case: 'birth_year' = 10000","tests.api.user","Mon Apr 27 07:17:30 UTC 2026","passed","Mon Apr 27 07:17:30 UTC 2026","TestCreateUserApi","test_create_user","",""
"","0","[WEB] Sign up with invalid data. Case: 'birth_month' = 1","tests.web.component.auth","Mon Apr 27 07:18:35 UTC 2026","skipped","Mon Apr 27 07:18:35 UTC 2026","TestSignUpWeb","test_signup_component","",""
"","396","[API] Update user should return 200_OK when send update user request with valid data. Case: 'zipcode' length = max - 1","tests.api.user","Mon Apr 27 07:17:57 UTC 2026","passed","Mon Apr 27 07:17:58 UTC 2026","TestUpdateUserApi","test_update_user","",""
"","0","[WEB] Should not add product review with invalid data. Case: 'email' contains domain with one letter","tests.web.component.review","Mon Apr 27 07:37:30 UTC 2026","skipped","Mon Apr 27 07:37:30 UTC 2026","TestReviewComponent","test_review_component","",""
"","1431","[WEB Component] Search filter should have expected screenshot","tests.web.component.filter","Mon Apr 27 07:43:24 UTC 2026","passed","Mon Apr 27 07:43:25 UTC 2026","TestSearchFilter","test_search_filter","",""
"","0","[WEB] Sign up with invalid data. Case: 'name' length = min + 1","tests.web.component.auth","Mon Apr 27 07:18:35 UTC 2026","skipped","Mon Apr 27 07:18:35 UTC 2026","TestSignUpWeb","test_signup_component","",""
"","0","[API] Update user should return 400_BAD_REQUEST when send update user request with invalid data. Case: 'email' contains domain with one letter","tests.api.user","Mon Apr 27 07:17:59 UTC 2026","skipped","Mon Apr 27 07:17:59 UTC 2026","TestUpdateUserApi","test_update_user","",""
"","2373","[WEB Component] Pay with valid card should show success status message. Case: valid: name max length","tests.web.component.payment","Mon Apr 27 07:26:06 UTC 2026","passed","Mon Apr 27 07:26:08 UTC 2026","TestPaymentComponent","test_payment_component","",""
"","0","[API] Create user should return 400_BAD_REQUEST when send create user request with invalid data. Case: 'state' length = max + 1","tests.api.user","Mon Apr 27 07:17:13 UTC 2026","skipped","Mon Apr 27 07:17:13 UTC 2026","TestCreateUserApi","test_create_user","",""
"","0","[WEB] Should not add product review with invalid data. Case: 'email' is word","tests.web.component.review","Mon Apr 27 07:37:30 UTC 2026","skipped","Mon Apr 27 07:37:30 UTC 2026","TestReviewComponent","test_review_component","",""
"","5144","[WEB] Sign up with valid data. Case: 'city' length = max - 1","tests.web.component.auth","Mon Apr 27 07:31:47 UTC 2026","passed","Mon Apr 27 07:31:52 UTC 2026","TestSignUpWeb","test_signup_component","",""
"","1139","[WEB Component] Should open product page when click on view product button","tests.web.component.product","Mon Apr 27 07:30:15 UTC 2026","passed","Mon Apr 27 07:30:16 UTC 2026","TestAnimatedProductCard","test_animated_product_card_component","",""
"","5024","[WEB] Sign up with valid data. Case: 'company' length = max - 1","tests.web.component.auth","Mon Apr 27 07:28:31 UTC 2026","passed","Mon Apr 27 07:28:36 UTC 2026","TestSignUpWeb","test_signup_component","",""
"","0","[WEB] Should not add product review with invalid data. Case: 'email' not contains username","tests.web.component.review","Mon Apr 27 07:37:30 UTC 2026","skipped","Mon Apr 27 07:37:30 UTC 2026","TestReviewComponent","test_review_component","",""
"","144","[API] Create user should return 200_OK when send create user request with valid data. Case: 'state' length = min","tests.api.user","Mon Apr 27 07:17:33 UTC 2026","passed","Mon Apr 27 07:17:33 UTC 2026","TestCreateUserApi","test_create_user","",""
"","0","[WEB] Sign up with invalid data. Case: 'birth_year' = 10000","tests.web.component.auth","Mon Apr 27 07:18:35 UTC 2026","skipped","Mon Apr 27 07:18:35 UTC 2026","TestSignUpWeb","test_signup_component","",""
"","0","[API] Create user should return 400_BAD_REQUEST when send create user request with invalid data. Case: 'last_name' is absent","tests.api.user","Mon Apr 27 07:17:13 UTC 2026","skipped","Mon Apr 27 07:17:13 UTC 2026","TestCreateUserApi","test_create_user","",""
"","0","[WEB] Should not add product review with invalid data. Case: 'email' contains mail server as ip and port","tests.web.component.review","Mon Apr 27 07:37:30 UTC 2026","skipped","Mon Apr 27 07:37:30 UTC 2026","TestReviewComponent","test_review_component","",""
"","0","[WEB Component] Pay with invalid card should show error message. Case: expiry year contains letters","tests.web.component.payment","Mon Apr 27 07:29:18 UTC 2026","skipped","Mon Apr 27 07:29:18 UTC 2026","TestPaymentComponent","test_payment_component","",""
"","0","[WEB Component] Pay with invalid card should show error message. Case: expiry year in the past","tests.web.component.payment","Mon Apr 27 07:29:18 UTC 2026","skipped","Mon Apr 27 07:29:18 UTC 2026","TestPaymentComponent","test_payment_component","",""
"","0","[WEB Component] Pay with invalid card should show error message. Case: card number is empty","tests.web.component.payment","Mon Apr 27 07:29:18 UTC 2026","skipped","Mon Apr 27 07:29:18 UTC 2026","TestPaymentComponent","test_payment_component","",""
"","0","[API] Create user should return 400_BAD_REQUEST when send create user request with invalid data. Case: 'name' is absent","tests.api.user","Mon Apr 27 07:17:44 UTC 2026","skipped","Mon Apr 27 07:17:44 UTC 2026","TestCreateUserApi","test_create_user","",""
"","0","[WEB] Sign up with invalid data. Case: 'zipcode' length = min + 1","tests.web.component.auth","Mon Apr 27 07:18:35 UTC 2026","skipped","Mon Apr 27 07:18:35 UTC 2026","TestSignUpWeb","test_signup_component","",""
"","174","[API] Update user should return 200_OK when send update user request with valid data. Case: 'mobile_number' length = min + 1","tests.api.user","Mon Apr 27 07:17:32 UTC 2026","passed","Mon Apr 27 07:17:33 UTC 2026","TestUpdateUserApi","test_update_user","",""
"","0","[API] Update user should return 400_BAD_REQUEST when send update user request with invalid data. Case: 'email' contains invalid top level domain web","tests.api.user","Mon Apr 27 07:17:59 UTC 2026","skipped","Mon Apr 27 07:17:59 UTC 2026","TestUpdateUserApi","test_update_user","",""
"","0","[WEB] Sign up with invalid data. Case: 'address2' length = max","tests.web.component.auth","Mon Apr 27 07:18:35 UTC 2026","skipped","Mon Apr 27 07:18:35 UTC 2026","TestSignUpWeb","test_signup_component","",""
"","2002","[WEB Component] Should add product to cart when click on add to cart button","tests.web.component.product","Mon Apr 27 07:31:19 UTC 2026","passed","Mon Apr 27 07:31:21 UTC 2026","TestProductCard","test_product_details_component","",""
"","0","[WEB Component] Pay with invalid card should show error message. Case: cvc only spaces","tests.web.component.payment","Mon Apr 27 07:29:18 UTC 2026","skipped","Mon Apr 27 07:29:18 UTC 2026","TestPaymentComponent","test_payment_component","",""
"","0","[WEB] Should not add product review with invalid data. Case: 'email' contains text before username","tests.web.component.review","Mon Apr 27 07:37:30 UTC 2026","skipped","Mon Apr 27 07:37:30 UTC 2026","TestReviewComponent","test_review_component","",""
"","287","[API] Update user should return 200_OK when send update user request with valid data. Case: 'company' length = min","tests.api.user","Mon Apr 27 07:17:43 UTC 2026","passed","Mon Apr 27 07:17:44 UTC 2026","TestUpdateUserApi","test_update_user","",""
"","0","[WEB Component] Pay with invalid card should show error message. Case: cvc too long","tests.web.component.payment","Mon Apr 27 07:29:18 UTC 2026","skipped","Mon Apr 27 07:29:18 UTC 2026","TestPaymentComponent","test_payment_component","",""
"","12273","Purchase products with sign up while checkout","tests.web.e2e","Mon Apr 27 07:38:22 UTC 2026","passed","Mon Apr 27 07:38:34 UTC 2026","TestPlaceOrder","test_place_order","",""
"","258","[API] Create user should return 200_OK when send create user request with valid data. Case: 'zipcode' length = max - 1","tests.api.user","Mon Apr 27 07:17:43 UTC 2026","passed","Mon Apr 27 07:17:44 UTC 2026","TestCreateUserApi","test_create_user","",""
"","10260","[WEB Component] Category filter group should be collapsed after expand another group","tests.web.component.filter","Mon Apr 27 07:43:45 UTC 2026","passed","Mon Apr 27 07:43:55 UTC 2026","TestCategoryFilter","test_category_filter","",""
"","0","[API] Create user should return 400_BAD_REQUEST when send create user request with invalid data. Case: 'address1' is empty","tests.api.user","Mon Apr 27 07:17:13 UTC 2026","skipped","Mon Apr 27 07:17:13 UTC 2026","TestCreateUserApi","test_create_user","",""
"","3972","[WEB] Sign up with valid data. Case: 'birth_month' = 12","tests.web.component.auth","Mon Apr 27 07:26:32 UTC 2026","passed","Mon Apr 27 07:26:36 UTC 2026","TestSignUpWeb","test_signup_component","",""
"","372","[API] Update user should return 200_OK when send update user request with valid data. Case: 'address1' length = min + 1","tests.api.user","Mon Apr 27 07:17:46 UTC 2026","passed","Mon Apr 27 07:17:46 UTC 2026","TestUpdateUserApi","test_update_user","",""
"","0","[API] Update user should return 400_BAD_REQUEST when send update user request with invalid data. Case: 'birth_month' is invalid positive","tests.api.user","Mon Apr 27 07:17:59 UTC 2026","skipped","Mon Apr 27 07:17:59 UTC 2026","TestUpdateUserApi","test_update_user","",""
"","0","[WEB Component] Pay with invalid card should show error message. Case: expiry month = 13","tests.web.component.payment","Mon Apr 27 07:29:18 UTC 2026","skipped","Mon Apr 27 07:29:18 UTC 2026","TestPaymentComponent","test_payment_component","",""
"","0","[WEB] Should not add product review with invalid data. Case: 'name' is absent","tests.web.component.review","Mon Apr 27 07:37:30 UTC 2026","skipped","Mon Apr 27 07:37:30 UTC 2026","TestReviewComponent","test_review_component","",""
"","6440","[WEB] Sign up with valid data. Case: 'last_name' length = max","tests.web.component.auth","Mon Apr 27 07:23:16 UTC 2026","passed","Mon Apr 27 07:23:23 UTC 2026","TestSignUpWeb","test_signup_component","",""
"","0","[API] Update user should return 400_BAD_REQUEST when send update user request with invalid data. Case: 'name' is empty","tests.api.user","Mon Apr 27 07:17:59 UTC 2026","skipped","Mon Apr 27 07:17:59 UTC 2026","TestUpdateUserApi","test_update_user","",""
"","0","[API] Update user should return 400_BAD_REQUEST when send update user request with invalid data. Case: 'mobile_number' has invalid format","tests.api.user","Mon Apr 27 07:17:59 UTC 2026","skipped","Mon Apr 27 07:17:59 UTC 2026","TestUpdateUserApi","test_update_user","",""
"","0","[API] Create user should return 400_BAD_REQUEST when send create user request with invalid data. Case: 'birth_year' is invalid positive","tests.api.user","Mon Apr 27 07:17:13 UTC 2026","skipped","Mon Apr 27 07:17:13 UTC 2026","TestCreateUserApi","test_create_user","",""
"","501","[WEB] Should add product review with valid data. Case: 'name' length = min + 1","tests.web.component.review","Mon Apr 27 07:34:39 UTC 2026","passed","Mon Apr 27 07:34:40 UTC 2026","TestReviewComponent","test_review_component","",""
"","2311","[WEB Component] Image Carousel should show previous image when scroll left","tests.web.component.carousel","Mon Apr 27 07:41:20 UTC 2026","passed","Mon Apr 27 07:41:23 UTC 2026","TestImageCarousel","test_image_carousel","",""
"","0","[API] Create user should return 400_BAD_REQUEST when send create user request with invalid data. Case: 'first_name' is absent","tests.api.user","Mon Apr 27 07:17:44 UTC 2026","skipped","Mon Apr 27 07:17:44 UTC 2026","TestCreateUserApi","test_create_user","",""
"","0","[API] Create user should return 400_BAD_REQUEST when send create user request with invalid data. Case: 'zipcode' length = min - 1","tests.api.user","Mon Apr 27 07:17:13 UTC 2026","skipped","Mon Apr 27 07:17:13 UTC 2026","TestCreateUserApi","test_create_user","",""
"","0","[API] Update user should return 400_BAD_REQUEST when send update user request with invalid data. Case: 'email' is empty","tests.api.user","Mon Apr 27 07:17:59 UTC 2026","skipped","Mon Apr 27 07:17:59 UTC 2026","TestUpdateUserApi","test_update_user","",""
"","1173","[WEB Component] Should delete user name by click on 'Delete Account' button","tests.web.component.base","Mon Apr 27 07:20:59 UTC 2026","passed","Mon Apr 27 07:21:00 UTC 2026","TestHeaderComponent","test_header_component","",""
"","583","[API] Update user should return 200_OK when send update user request with valid data. Case: 'birth_month' = 12","tests.api.user","Mon Apr 27 07:17:39 UTC 2026","passed","Mon Apr 27 07:17:40 UTC 2026","TestUpdateUserApi","test_update_user","",""
"","6872","[WEB Component] Can download invoice multiple times","tests.web.component.payment","Mon Apr 27 07:25:15 UTC 2026","passed","Mon Apr 27 07:25:22 UTC 2026","TestPaymentComponent","test_invoice_file","",""
"","2462","[WEB Component] Place order without authorization notification should have expected data and screenshot","tests.web.component.base","Mon Apr 27 07:40:01 UTC 2026","passed","Mon Apr 27 07:40:03 UTC 2026","TestNotificationComponent","test_notification_component","",""
"","0","[WEB] Should not add product review with invalid data. Case: 'email' not contains domain","tests.web.component.review","Mon Apr 27 07:37:30 UTC 2026","skipped","Mon Apr 27 07:37:30 UTC 2026","TestReviewComponent","test_review_component","",""
"","354","[API] Create user should return 200_OK when send create user request with valid data. Case: 'mobile_number' length = min + 1","tests.api.user","Mon Apr 27 07:17:26 UTC 2026","passed","Mon Apr 27 07:17:26 UTC 2026","TestCreateUserApi","test_create_user","",""
"","484","[API] Create user should return 200_OK when send create user request with valid data. Case: 'company' length = min + 1","tests.api.user","Mon Apr 27 07:17:31 UTC 2026","passed","Mon Apr 27 07:17:32 UTC 2026","TestCreateUserApi","test_create_user","",""
"","485","[WEB] Should add product review with valid data. Case: 'email' username contains '+'","tests.web.component.review","Mon Apr 27 07:36:47 UTC 2026","passed","Mon Apr 27 07:36:48 UTC 2026","TestReviewComponent","test_review_component","",""
"","0","[API] Create user should return 400_BAD_REQUEST when send create user request with invalid data. Case: 'email' contains only special symbols","tests.api.user","Mon Apr 27 07:17:13 UTC 2026","skipped","Mon Apr 27 07:17:13 UTC 2026","TestCreateUserApi","test_create_user","",""
"","0","[API] Update user should return 400_BAD_REQUEST when send update user request with invalid data. Case: 'mobile_number' is absent","tests.api.user","Mon Apr 27 07:17:59 UTC 2026","skipped","Mon Apr 27 07:17:59 UTC 2026","TestUpdateUserApi","test_update_user","",""
"","824","[WEB Component] Animated product card should have expected data","tests.web.component.product","Mon Apr 27 07:44:12 UTC 2026","passed","Mon Apr 27 07:44:13 UTC 2026","TestAnimatedProductCard","test_animated_product_card_component","",""
"","0","[WEB] Should not add product review with invalid data. Case: 'name' is empty","tests.web.component.review","Mon Apr 27 07:37:30 UTC 2026","skipped","Mon Apr 27 07:37:30 UTC 2026","TestReviewComponent","test_review_component","",""
"","498","[API] Update user should return 200_OK when send update user request with valid data. Case: 'state' length = min + 1","tests.api.user","Mon Apr 27 07:17:49 UTC 2026","passed","Mon Apr 27 07:17:49 UTC 2026","TestUpdateUserApi","test_update_user","",""
"","0","[API] Create user should return 400_BAD_REQUEST when send create user request with invalid data. Case: 'email' is empty","tests.api.user","Mon Apr 27 07:17:13 UTC 2026","skipped","Mon Apr 27 07:17:13 UTC 2026","TestCreateUserApi","test_create_user","",""
"","0","[API] Create user should return 400_BAD_REQUEST when send create user request with invalid data. Case: 'mobile_number' is absent","tests.api.user","Mon Apr 27 07:17:13 UTC 2026","skipped","Mon Apr 27 07:17:13 UTC 2026","TestCreateUserApi","test_create_user","",""
"","0","[API] Update user should return 400_BAD_REQUEST when send update user request with invalid data. Case: 'name' length = max + 1","tests.api.user","Mon Apr 27 07:17:59 UTC 2026","skipped","Mon Apr 27 07:17:59 UTC 2026","TestUpdateUserApi","test_update_user","",""
"","473","[API] Update user should return 200_OK when send update user request with valid data. Case: 'address2' length = min + 1","tests.api.user","Mon Apr 27 07:17:50 UTC 2026","passed","Mon Apr 27 07:17:51 UTC 2026","TestUpdateUserApi","test_update_user","",""
"","0","[API] Create user should return 400_BAD_REQUEST when send create user request with invalid data. Case: 'email' not contains domain","tests.api.user","Mon Apr 27 07:17:13 UTC 2026","skipped","Mon Apr 27 07:17:13 UTC 2026","TestCreateUserApi","test_create_user","",""
"","411","[API] Create user should return 200_OK when send create user request with valid data. Case: 'last_name' length = min","tests.api.user","Mon Apr 27 07:17:23 UTC 2026","passed","Mon Apr 27 07:17:24 UTC 2026","TestCreateUserApi","test_create_user","",""
"","0","[API] Update user should return 400_BAD_REQUEST when send update user request with invalid data. Case: 'name' is absent","tests.api.user","Mon Apr 27 07:17:59 UTC 2026","skipped","Mon Apr 27 07:17:59 UTC 2026","TestUpdateUserApi","test_update_user","",""
"","122","[API] Create user should return 200_OK when send create user request with valid data. Case: 'company' length = max","tests.api.user","Mon Apr 27 07:17:32 UTC 2026","passed","Mon Apr 27 07:17:33 UTC 2026","TestCreateUserApi","test_create_user","",""
"","0","[API] Update user should return 400_BAD_REQUEST when send update user request with invalid data. Case: 'zipcode' has invalid format","tests.api.user","Mon Apr 27 07:17:57 UTC 2026","skipped","Mon Apr 27 07:17:57 UTC 2026","TestUpdateUserApi","test_update_user","",""
"","952","[WEB Component] Should navigate to main page by click on header logo","tests.web.component.base","Mon Apr 27 07:18:54 UTC 2026","passed","Mon Apr 27 07:18:55 UTC 2026","TestHeaderComponent","test_header_component","",""
"","0","[WEB] Sign up with invalid data. Case: 'address2' length = max - 1","tests.web.component.auth","Mon Apr 27 07:18:35 UTC 2026","skipped","Mon Apr 27 07:18:35 UTC 2026","TestSignUpWeb","test_signup_component","",""
"","0","[WEB] Should not add product review with invalid data. Case: 'email' contains username hieroglyphs instead of username","tests.web.component.review","Mon Apr 27 07:37:30 UTC 2026","skipped","Mon Apr 27 07:37:30 UTC 2026","TestReviewComponent","test_review_component","",""
"","146","[API] Create user should return 200_OK when send create user request with valid data. Case: 'mobile_number' length = max - 1","tests.api.user","Mon Apr 27 07:17:27 UTC 2026","passed","Mon Apr 27 07:17:27 UTC 2026","TestCreateUserApi","test_create_user","",""
"","0","[API] Create user should return 400_BAD_REQUEST when send create user request with invalid data. Case: 'birth_day' is absent","tests.api.user","Mon Apr 27 07:17:13 UTC 2026","skipped","Mon Apr 27 07:17:13 UTC 2026","TestCreateUserApi","test_create_user","",""
"","1760","[WEB Component] Product card should have expected data","tests.web.component.product","Mon Apr 27 07:44:38 UTC 2026","skipped","Mon Apr 27 07:44:40 UTC 2026","TestProductCard","test_product_card_component","",""
"","0","[API] Update user should return 400_BAD_REQUEST when send update user request with invalid data. Case: 'last_name' is empty","tests.api.user","Mon Apr 27 07:17:59 UTC 2026","skipped","Mon Apr 27 07:17:59 UTC 2026","TestUpdateUserApi","test_update_user","",""
"","905","[API] Create user should return 200_OK when send create user request with valid data. Case: 'name' length = max","tests.api.user","Mon Apr 27 07:17:19 UTC 2026","passed","Mon Apr 27 07:17:20 UTC 2026","TestCreateUserApi","test_create_user","",""
"","0","[API] Update user should return 400_BAD_REQUEST when send update user request with invalid data. Case: 'email' is word","tests.api.user","Mon Apr 27 07:17:59 UTC 2026","skipped","Mon Apr 27 07:17:59 UTC 2026","TestUpdateUserApi","test_update_user","",""
"","3799","[WEB] Sign up with valid data. Case: 'name' length = max - 1","tests.web.component.auth","Mon Apr 27 07:19:42 UTC 2026","passed","Mon Apr 27 07:19:46 UTC 2026","TestSignUpWeb","test_signup_component","",""
"","0","[API] Update user should return 400_BAD_REQUEST when send update user request with invalid data. Case: 'city' is empty","tests.api.user","Mon Apr 27 07:17:59 UTC 2026","skipped","Mon Apr 27 07:17:59 UTC 2026","TestUpdateUserApi","test_update_user","",""
"","0","[WEB] Should not add product review with invalid data. Case: 'message' length = min","tests.web.component.review","Mon Apr 27 07:37:30 UTC 2026","skipped","Mon Apr 27 07:37:30 UTC 2026","TestReviewComponent","test_review_component","",""
"","167","[API] Create user should return 200_OK when send create user request with valid data. Case: 'zipcode' length = max","tests.api.user","Mon Apr 27 07:17:44 UTC 2026","passed","Mon Apr 27 07:17:44 UTC 2026","TestCreateUserApi","test_create_user","",""
"","0","[WEB] Should not add product review with invalid data. Case: 'email' contains only special symbols","tests.web.component.review","Mon Apr 27 07:37:30 UTC 2026","skipped","Mon Apr 27 07:37:30 UTC 2026","TestReviewComponent","test_review_component","",""
"","0","[WEB Component] Pay with invalid card should show error message. Case: cvc all zeros","tests.web.component.payment","Mon Apr 27 07:29:18 UTC 2026","skipped","Mon Apr 27 07:29:18 UTC 2026","TestPaymentComponent","test_payment_component","",""
"","0","[WEB] Sign up with invalid data. Case: 'zipcode' length = max - 1","tests.web.component.auth","Mon Apr 27 07:18:35 UTC 2026","skipped","Mon Apr 27 07:18:35 UTC 2026","TestSignUpWeb","test_signup_component","",""
"","0","[API] Update user should return 400_BAD_REQUEST when send update user request with invalid data. Case: 'birth_month' is zero","tests.api.user","Mon Apr 27 07:17:59 UTC 2026","skipped","Mon Apr 27 07:17:59 UTC 2026","TestUpdateUserApi","test_update_user","",""
"","373","[WEB Component] Billing address has expected data","tests.web.component.address","Mon Apr 27 07:39:44 UTC 2026","passed","Mon Apr 27 07:39:44 UTC 2026","TestAddressComponent","test_address_component","",""
"","0","[API] Update user should return 400_BAD_REQUEST when send update user request with invalid data. Case: 'birth_year' is zero","tests.api.user","Mon Apr 27 07:17:59 UTC 2026","skipped","Mon Apr 27 07:17:59 UTC 2026","TestUpdateUserApi","test_update_user","",""
"","0","[WEB] Sign up with invalid data. Case: 'name' length = max","tests.web.component.auth","Mon Apr 27 07:18:35 UTC 2026","skipped","Mon Apr 27 07:18:35 UTC 2026","TestSignUpWeb","test_signup_component","",""
"","0","[API] Update user should return 400_BAD_REQUEST when send update user request with invalid data. Case: 'address2' length = min - 1","tests.api.user","Mon Apr 27 07:17:57 UTC 2026","skipped","Mon Apr 27 07:17:57 UTC 2026","TestUpdateUserApi","test_update_user","",""
"","0","[WEB] Should not add product review with invalid data. Case: 'email' contains '-' after '@'","tests.web.component.review","Mon Apr 27 07:37:30 UTC 2026","skipped","Mon Apr 27 07:37:30 UTC 2026","TestReviewComponent","test_review_component","",""
"","4475","[WEB] Sign up with valid data. Case: 'address1' length = min","tests.web.component.auth","Mon Apr 27 07:32:35 UTC 2026","passed","Mon Apr 27 07:32:39 UTC 2026","TestSignUpWeb","test_signup_component","",""
"","8466","Purchase products with login before checkout","tests.web.e2e","Mon Apr 27 07:38:54 UTC 2026","failed","Mon Apr 27 07:39:03 UTC 2026","TestPlaceOrder","test_place_order","",""
"","0","[WEB Component] Pay with invalid card should show error message. Case: name contains trailing spaces","tests.web.component.payment","Mon Apr 27 07:29:18 UTC 2026","skipped","Mon Apr 27 07:29:18 UTC 2026","TestPaymentComponent","test_payment_component","",""
"","0","[API] Update user should return 400_BAD_REQUEST when send update user request with invalid data. Case: 'email' contains mail server as ip and port","tests.api.user","Mon Apr 27 07:17:59 UTC 2026","skipped","Mon Apr 27 07:17:59 UTC 2026","TestUpdateUserApi","test_update_user","",""
"","0","[API] Update user should return 400_BAD_REQUEST when send update user request with invalid data. Case: 'address1' is absent","tests.api.user","Mon Apr 27 07:17:59 UTC 2026","skipped","Mon Apr 27 07:17:59 UTC 2026","TestUpdateUserApi","test_update_user","",""
"","0","[API] Create user should return 400_BAD_REQUEST when send create user request with invalid data. Case: 'email' contains username hieroglyphs instead of username","tests.api.user","Mon Apr 27 07:17:13 UTC 2026","skipped","Mon Apr 27 07:17:13 UTC 2026","TestCreateUserApi","test_create_user","",""
"","631","[WEB] Should add product review with valid data. Case: 'email' username is numerical","tests.web.component.review","Mon Apr 27 07:37:00 UTC 2026","passed","Mon Apr 27 07:37:00 UTC 2026","TestReviewComponent","test_review_component","",""
"","0","[API] Create user should return 400_BAD_REQUEST when send create user request with invalid data. Case: 'email' is word","tests.api.user","Mon Apr 27 07:17:13 UTC 2026","skipped","Mon Apr 27 07:17:13 UTC 2026","TestCreateUserApi","test_create_user","",""
"","365","[API] Update user should return 200_OK when send update user request with valid data. Case: 'birth_year' = 10000","tests.api.user","Mon Apr 27 07:17:42 UTC 2026","passed","Mon Apr 27 07:17:42 UTC 2026","TestUpdateUserApi","test_update_user","",""
