"DESCRIPTION","DURATION IN MS","NAME","PARENT SUITE","START TIME","STATUS","STOP TIME","SUB SUITE","SUITE","TEST CLASS","TEST METHOD"
"","3215","[WEB] Sign up with valid data. Case: 'birth_month' = 12","tests.web.component.auth","2026-07-06","passed","2026-07-06","TestSignUpWeb","test_signup_component","",""
"","246","[API] Create user should return 200_OK when send create user request with valid data. Case: 'last_name' length = min","tests.api.user","2026-07-06","passed","2026-07-06","TestCreateUserApi","test_create_user","",""
"","429","[API] Create user should return 200_OK when send create user request with valid data. Case: 'birth_year' = 1","tests.api.user","2026-07-06","passed","2026-07-06","TestCreateUserApi","test_create_user","",""
"","0","[API] Update user should return 400_BAD_REQUEST when send update user request with invalid data. Case: 'email' not contains '@' symbol","tests.api.user","2026-07-06","skipped","2026-07-06","TestUpdateUserApi","test_update_user","",""
"","0","[API] Create user should return 400_BAD_REQUEST when send create user request with invalid data. Case: 'zipcode' length = max + 1","tests.api.user","2026-07-06","skipped","2026-07-06","TestCreateUserApi","test_create_user","",""
"","4849","[WEB] Sign up with valid data. Case: 'address2' length = max","tests.web.component.auth","2026-07-06","passed","2026-07-06","TestSignUpWeb","test_signup_component","",""
"","261","[API] Update user should return 200_OK when send update user request with valid data. Case: 'address2' length = max","tests.api.user","2026-07-06","passed","2026-07-06","TestUpdateUserApi","test_update_user","",""
"","488","[API] Update user should return 200_OK when send update user request with valid data. Case: 'first_name' length = max","tests.api.user","2026-07-06","passed","2026-07-06","TestUpdateUserApi","test_update_user","",""
"","1232","[WEB Component] Products Carousel should first products when scroll right on last image","tests.web.component.carousel","2026-07-06","passed","2026-07-06","TestProductCarousel","test_product_carousel","",""
"","339","[WEB Component] Should navigate to cart page by click 'Cart' button","tests.web.component.base","2026-07-06","passed","2026-07-06","TestHeaderComponent","test_header_component","",""
"","14409","[WEB] Sign up with valid data. Case: 'last_name' length = max","tests.web.component.auth","2026-07-06","failed","2026-07-06","TestSignUpWeb","test_signup_component","",""
"","0","[WEB] Should not add product review with invalid data. Case: 'email' contains only special symbols","tests.web.component.review","2026-07-06","skipped","2026-07-06","TestReviewComponent","test_review_component","",""
"","0","[WEB Component] Pay with invalid card should show error message. Case: expiry month is empty","tests.web.component.payment","2026-07-06","skipped","2026-07-06","TestPaymentComponent","test_payment_component","",""
"","0","[WEB] Sign up with invalid data. Case: 'state' length = min","tests.web.component.auth","2026-07-06","skipped","2026-07-06","TestSignUpWeb","test_signup_component","",""
"","358","[API] Update user should return 200_OK when send update user request with valid data. Case: 'state' length = max - 1","tests.api.user","2026-07-06","passed","2026-07-06","TestUpdateUserApi","test_update_user","",""
"","0","[WEB Component] Should not subscribe with invalid email","tests.web.component.base","2026-07-06","skipped","2026-07-06","TestSubscriptionComponent","test_subscription_component","",""
"","3598","[WEB] Sign up with valid data. Case: 'zipcode' length = min + 1","tests.web.component.auth","2026-07-06","passed","2026-07-06","TestSignUpWeb","test_signup_component","",""
"","3647","[WEB] Sign up with valid data. Case: 'first_name' length = min","tests.web.component.auth","2026-07-06","passed","2026-07-06","TestSignUpWeb","test_signup_component","",""
"","358","[API] Create user should return 200_OK when send create user request with valid data. Case: 'city' length = min","tests.api.user","2026-07-06","passed","2026-07-06","TestCreateUserApi","test_create_user","",""
"","0","[API] Create user should return 400_BAD_REQUEST when send create user request with invalid data. Case: 'name' length = max + 1","tests.api.user","2026-07-06","skipped","2026-07-06","TestCreateUserApi","test_create_user","",""
"","0","[API] Update user should return 400_BAD_REQUEST when send update user request with invalid data. Case: 'zipcode' length = max + 1","tests.api.user","2026-07-06","skipped","2026-07-06","TestUpdateUserApi","test_update_user","",""
"","0","[API] Update user should return 400_BAD_REQUEST when send update user request with invalid data. Case: 'address1' length = max + 1","tests.api.user","2026-07-06","skipped","2026-07-06","TestUpdateUserApi","test_update_user","",""
"","3214","[WEB] Sign up with valid data. Case: 'mobile_number' length = max - 1","tests.web.component.auth","2026-07-06","passed","2026-07-06","TestSignUpWeb","test_signup_component","",""
"","259","[API] Create user should return 200_OK when send create user request with valid data. Case: 'last_name' length = min + 1","tests.api.user","2026-07-06","passed","2026-07-06","TestCreateUserApi","test_create_user","",""
"","0","[API] Create user should return 400_BAD_REQUEST when send create user request with invalid data. Case: 'company' is empty","tests.api.user","2026-07-06","skipped","2026-07-06","TestCreateUserApi","test_create_user","",""
"","310","[API] Update user should return 200_OK when send update user request with valid data. Case: 'mobile_number' length = max","tests.api.user","2026-07-06","passed","2026-07-06","TestUpdateUserApi","test_update_user","",""
"","0","[WEB Component] Pay with invalid card should show error message. Case: cvc is empty","tests.web.component.payment","2026-07-06","skipped","2026-07-06","TestPaymentComponent","test_payment_component","",""
"","458","[API] Create user should return 200_OK when send create user request with valid data. Case: 'address1' length = min","tests.api.user","2026-07-06","passed","2026-07-06","TestCreateUserApi","test_create_user","",""
"","4686","[WEB] Sign up with valid data. Case: 'address2' length = max - 1","tests.web.component.auth","2026-07-06","passed","2026-07-06","TestSignUpWeb","test_signup_component","",""
"","1930","[WEB Component] Pay with valid card should show success status message. Case: valid: name max length","tests.web.component.payment","2026-07-06","passed","2026-07-06","TestPaymentComponent","test_payment_component","",""
"","0","[API] Create user should return 400_BAD_REQUEST when send create user request with invalid data. Case: 'birth_year' is absent","tests.api.user","2026-07-06","skipped","2026-07-06","TestCreateUserApi","test_create_user","",""
"","0","[API] Create user should return 400_BAD_REQUEST when send create user request with invalid data. Case: 'email' contains only special symbols","tests.api.user","2026-07-06","skipped","2026-07-06","TestCreateUserApi","test_create_user","",""
"","0","[API] Update user should return 400_BAD_REQUEST when send update user request with invalid data. Case: 'address2' length = min - 1","tests.api.user","2026-07-06","skipped","2026-07-06","TestUpdateUserApi","test_update_user","",""
"","1602","[WEB Component] Image Carousel should show last image when scroll left on first image","tests.web.component.carousel","2026-07-06","passed","2026-07-06","TestImageCarousel","test_image_carousel","",""
"","0","[API] Create user should return 400_BAD_REQUEST when send create user request with invalid data. Case: 'email' contains text before username","tests.api.user","2026-07-06","skipped","2026-07-06","TestCreateUserApi","test_create_user","",""
"","0","[WEB Component] Pay with invalid card should show error message. Case: name contains leading spaces","tests.web.component.payment","2026-07-06","skipped","2026-07-06","TestPaymentComponent","test_payment_component","",""
"","0","[API] Create user should return 400_BAD_REQUEST when send create user request with invalid data. Case: 'zipcode' is absent","tests.api.user","2026-07-06","skipped","2026-07-06","TestCreateUserApi","test_create_user","",""
"","1725","[WEB Component] Pay with valid card should show success status message. Case: valid: future year","tests.web.component.payment","2026-07-06","passed","2026-07-06","TestPaymentComponent","test_payment_component","",""
"","0","[WEB] Sign up with invalid data. Case: 'company' length = max - 1","tests.web.component.auth","2026-07-06","skipped","2026-07-06","TestSignUpWeb","test_signup_component","",""
"","0","[API] Update user should return 400_BAD_REQUEST when send update user request with invalid data. Case: 'state' is empty","tests.api.user","2026-07-06","skipped","2026-07-06","TestUpdateUserApi","test_update_user","",""
"","0","[WEB] Should not add product review with invalid data. Case: 'message' length = min + 1","tests.web.component.review","2026-07-06","skipped","2026-07-06","TestReviewComponent","test_review_component","",""
"","0","[API] Update user should return 400_BAD_REQUEST when send update user request with invalid data. Case: 'email' contains '-' after '@'","tests.api.user","2026-07-06","skipped","2026-07-06","TestUpdateUserApi","test_update_user","",""
"","0","[WEB Component] Pay with invalid card should show error message. Case: name only spaces","tests.web.component.payment","2026-07-06","skipped","2026-07-06","TestPaymentComponent","test_payment_component","",""
"","0","[API] Update user should return 400_BAD_REQUEST when send update user request with invalid data. Case: 'name' length = max + 1","tests.api.user","2026-07-06","skipped","2026-07-06","TestUpdateUserApi","test_update_user","",""
"","0","[API] Update user should return 400_BAD_REQUEST when send update user request with invalid data. Case: 'birth_year' is negative","tests.api.user","2026-07-06","skipped","2026-07-06","TestUpdateUserApi","test_update_user","",""
"","2612","[WEB Component] Order placed page should have expected screenshot","tests.web.component.payment","2026-07-06","passed","2026-07-06","TestPaymentComponent","test_invoice_file","",""
"","0","[API] Create user should return 400_BAD_REQUEST when send create user request with invalid data. Case: 'zipcode' has invalid format","tests.api.user","2026-07-06","skipped","2026-07-06","TestCreateUserApi","test_create_user","",""
"","3345","[WEB] Sign up with valid data. Case: 'last_name' length = min + 1","tests.web.component.auth","2026-07-06","passed","2026-07-06","TestSignUpWeb","test_signup_component","",""
"","244","[API] Update user should return 404_BAD_REQUEST when send update user request with not existing email","tests.api.user","2026-07-06","passed","2026-07-06","TestUpdateUserApi","test_update_user","",""
"","1145","[WEB Component] Products Carousel should show previous image when scroll left","tests.web.component.carousel","2026-07-06","passed","2026-07-06","TestProductCarousel","test_product_carousel","",""
"","0","[WEB] Should not add product review with invalid data. Case: 'email' is empty","tests.web.component.review","2026-07-06","skipped","2026-07-06","TestReviewComponent","test_review_component","",""
"","3452","[WEB] Sign up with valid data. Case: 'mobile_number' length = min + 1","tests.web.component.auth","2026-07-06","passed","2026-07-06","TestSignUpWeb","test_signup_component","",""
"","0","[API] Create user should return 400_BAD_REQUEST when send create user request with invalid data. Case: 'birth_month' is absent","tests.api.user","2026-07-06","skipped","2026-07-06","TestCreateUserApi","test_create_user","",""
"","0","[API] Create user should return 400_BAD_REQUEST when send create user request with invalid data. Case: 'mobile_number' length = min - 1","tests.api.user","2026-07-06","skipped","2026-07-06","TestCreateUserApi","test_create_user","",""
"","604","[WEB] Should add product review with valid data. Case: 'name' length = min","tests.web.component.review","2026-07-06","passed","2026-07-06","TestReviewComponent","test_review_component","",""
"","0","[API] Update user should return 400_BAD_REQUEST when send update user request with invalid data. Case: 'email' contains only special symbols","tests.api.user","2026-07-06","skipped","2026-07-06","TestUpdateUserApi","test_update_user","",""
"","8020","Purchase products with sign up while checkout","tests.web.e2e","2026-07-06","passed","2026-07-06","TestPlaceOrder","test_place_order","",""
"","1027","[WEB Component] Should have expected success status message after sending contact info","tests.web.component.base","2026-07-06","passed","2026-07-06","TestSubscriptionComponent","test_subscription_component","",""
"","0","[API] Update user should return 400_BAD_REQUEST when send update user request with invalid data. Case: 'email' contains text after domain","tests.api.user","2026-07-06","skipped","2026-07-06","TestUpdateUserApi","test_update_user","",""
"","0","[API] Update user should return 400_BAD_REQUEST when send update user request with invalid data. Case: 'email' contains mail server as ip and port","tests.api.user","2026-07-06","skipped","2026-07-06","TestUpdateUserApi","test_update_user","",""
"","0","[API] Update user should return 400_BAD_REQUEST when send update user request with invalid data. Case: 'address2' is empty","tests.api.user","2026-07-06","skipped","2026-07-06","TestUpdateUserApi","test_update_user","",""
"","0","[WEB Component] Pay with invalid card should show error message. Case: cvc contains letters","tests.web.component.payment","2026-07-06","skipped","2026-07-06","TestPaymentComponent","test_payment_component","",""
"","3391","[WEB] Sign up with valid data. Case: 'city' length = min","tests.web.component.auth","2026-07-06","passed","2026-07-06","TestSignUpWeb","test_signup_component","",""
"","548","[WEB Component] Should navigate to contact us page by click on 'Contact us' button","tests.web.component.base","2026-07-06","passed","2026-07-06","TestHeaderComponent","test_header_component","",""
"","0","[WEB] Sign up with invalid data. Case: 'mobile_number' length = min","tests.web.component.auth","2026-07-06","skipped","2026-07-06","TestSignUpWeb","test_signup_component","",""
"","0","[WEB Component] Pay with invalid card should show error message. Case: cvc only spaces","tests.web.component.payment","2026-07-06","skipped","2026-07-06","TestPaymentComponent","test_payment_component","",""
"","197","[API] Create user should return 200_OK when send create user request with valid data. Case: 'zipcode' length = min + 1","tests.api.user","2026-07-06","passed","2026-07-06","TestCreateUserApi","test_create_user","",""
"","0","[API] Create user should return 400_BAD_REQUEST when send create user request with invalid data. Case: 'first_name' is absent","tests.api.user","2026-07-06","skipped","2026-07-06","TestCreateUserApi","test_create_user","",""
"","0","[WEB] Should not add product review with invalid data. Case: 'email' contains invalid top level domain web","tests.web.component.review","2026-07-06","skipped","2026-07-06","TestReviewComponent","test_review_component","",""
"","509","[WEB] Should add product review with valid data. Case: 'email' username is numerical","tests.web.component.review","2026-07-06","passed","2026-07-06","TestReviewComponent","test_review_component","",""
"","0","[WEB Component] Pay with invalid card should show error message. Case: name contains non latin characters","tests.web.component.payment","2026-07-06","skipped","2026-07-06","TestPaymentComponent","test_payment_component","",""
"","279","[API] Update user should return 200_OK when send update user request with valid data. Case: 'name' length = max","tests.api.user","2026-07-06","passed","2026-07-06","TestUpdateUserApi","test_update_user","",""
"","0","[API] Update user should return 400_BAD_REQUEST when send update user request with invalid data. Case: 'email' contains invalid top level domain web","tests.api.user","2026-07-06","skipped","2026-07-06","TestUpdateUserApi","test_update_user","",""
"","245","[API] Create user should return 200_OK when send create user request with valid data. Case: 'birth_month' = 1","tests.api.user","2026-07-06","passed","2026-07-06","TestCreateUserApi","test_create_user","",""
"","381","[API] Update user should return 200_OK when send update user request with valid data. Case: 'city' length = min","tests.api.user","2026-07-06","passed","2026-07-06","TestUpdateUserApi","test_update_user","",""
"","355","[API] Update user should return 200_OK when send update user request with valid data. Case: 'zipcode' length = min","tests.api.user","2026-07-06","passed","2026-07-06","TestUpdateUserApi","test_update_user","",""
"","0","[WEB Component] Pay with invalid card should show error message. Case: name contains newline","tests.web.component.payment","2026-07-06","skipped","2026-07-06","TestPaymentComponent","test_payment_component","",""
"","0","[WEB Component] Pay with invalid card should show error message. Case: expiry month = 13","tests.web.component.payment","2026-07-06","skipped","2026-07-06","TestPaymentComponent","test_payment_component","",""
"","287","[API] Update user should return 200_OK when send update user request with valid data. Case: 'name' length = min + 1","tests.api.user","2026-07-06","passed","2026-07-06","TestUpdateUserApi","test_update_user","",""
"","0","[WEB] Sign up with invalid data. Case: 'address1' length = min","tests.web.component.auth","2026-07-06","skipped","2026-07-06","TestSignUpWeb","test_signup_component","",""
"","1061","[WEB Component] Should navigate to login page by click 'Signup / Login' button","tests.web.component.base","2026-07-06","passed","2026-07-06","TestHeaderComponent","test_header_component","",""
"","0","[API] Update user should return 400_BAD_REQUEST when send update user request with invalid data. Case: 'email' contains text before username","tests.api.user","2026-07-06","skipped","2026-07-06","TestUpdateUserApi","test_update_user","",""
"","1972","[WEB Component] Product card should have expected data","tests.web.component.product","2026-07-06","skipped","2026-07-06","TestProductCard","test_product_card_component","",""
"","0","[WEB] Sign up with invalid data. Case: 'last_name' length = min + 1","tests.web.component.auth","2026-07-06","skipped","2026-07-06","TestSignUpWeb","test_signup_component","",""
"","375","[API] Update user should return 200_OK when send update user request with valid data. Case: 'birth_day' = 1","tests.api.user","2026-07-06","passed","2026-07-06","TestUpdateUserApi","test_update_user","",""
"","1386","[WEB Component] Search filter should have expected screenshot","tests.web.component.filter","2026-07-06","passed","2026-07-06","TestSearchFilter","test_search_filter","",""
"","221","test_search_products_returns_empty_array","tests.api.product","2026-07-06","passed","2026-07-06","TestProductApi","test_product","",""
"","237","[API] Create user should return 200_OK when send create user request with valid data. Case: 'first_name' length = max","tests.api.user","2026-07-06","passed","2026-07-06","TestCreateUserApi","test_create_user","",""
"","0","[API] Update user should return 400_BAD_REQUEST when send update user request with invalid data. Case: 'last_name' is absent","tests.api.user","2026-07-06","skipped","2026-07-06","TestUpdateUserApi","test_update_user","",""
"","0","[WEB] Sign up with invalid data. Case: 'birth_year' = 10000","tests.web.component.auth","2026-07-06","skipped","2026-07-06","TestSignUpWeb","test_signup_component","",""
"","4018","[WEB Component] Invoice should have expected price","tests.web.component.payment","2026-07-06","passed","2026-07-06","TestPaymentComponent","test_invoice_file","",""
"","0","[WEB] Should not add product review with invalid data. Case: 'email' contains text before username","tests.web.component.review","2026-07-06","skipped","2026-07-06","TestReviewComponent","test_review_component","",""
"","0","[API] Create user should return 400_BAD_REQUEST when send create user request with invalid data. Case: 'birth_day' is zero","tests.api.user","2026-07-06","skipped","2026-07-06","TestCreateUserApi","test_create_user","",""
"","1431","[API] Login should return 200_OK when send login request with valid data and contains csrf cookie","tests.api.auth","2026-07-06","passed","2026-07-06","TestAuthApi","test_auth","",""
"","0","[WEB] Sign up with invalid data. Case: 'birth_year' = 1","tests.web.component.auth","2026-07-06","skipped","2026-07-06","TestSignUpWeb","test_signup_component","",""
"","0","[WEB] Sign up with invalid data. Case: 'birth_month' = 12","tests.web.component.auth","2026-07-06","skipped","2026-07-06","TestSignUpWeb","test_signup_component","",""
"","0","[API] Create user should return 400_BAD_REQUEST when send create user request with invalid data. Case: 'last_name' is absent","tests.api.user","2026-07-06","skipped","2026-07-06","TestCreateUserApi","test_create_user","",""
"","144","[API] Create user should return 200_OK when send create user request with valid data. Case: 'company' length = max","tests.api.user","2026-07-06","passed","2026-07-06","TestCreateUserApi","test_create_user","",""
"","623","[WEB] Should add product review with valid data. Case: 'email' domain contains '-'","tests.web.component.review","2026-07-06","passed","2026-07-06","TestReviewComponent","test_review_component","",""
"","851","[WEB] Should add product review with valid data. Case: 'email' has not exists email service","tests.web.component.review","2026-07-06","passed","2026-07-06","TestReviewComponent","test_review_component","",""
"","0","[WEB Component] Pay with invalid card should show error message. Case: cvc too long","tests.web.component.payment","2026-07-06","skipped","2026-07-06","TestPaymentComponent","test_payment_component","",""
"","5644","[WEB Component] Category filter group should be collapsed after collapse expanded group","tests.web.component.filter","2026-07-06","passed","2026-07-06","TestCategoryFilter","test_category_filter","",""
"","1696","[WEB Component] Pay with valid card should show success status message. Case: valid: boundary valid number","tests.web.component.payment","2026-07-06","passed","2026-07-06","TestPaymentComponent","test_payment_component","",""
"","0","[API] Create user should return 400_BAD_REQUEST when send create user request with invalid data. Case: 'address2' is empty","tests.api.user","2026-07-06","skipped","2026-07-06","TestCreateUserApi","test_create_user","",""
"","0","[API] Update user should return 400_BAD_REQUEST when send update user request with invalid data. Case: 'name' is empty","tests.api.user","2026-07-06","skipped","2026-07-06","TestUpdateUserApi","test_update_user","",""
"","407","Should return user exists when user exists with email and password","tests.api.user","2026-07-06","passed","2026-07-06","TestVerifyLoginApi","test_verify_login","",""
"","0","[API] Create user should return 400_BAD_REQUEST when send create user request with invalid data. Case: 'mobile_number' is empty","tests.api.user","2026-07-06","skipped","2026-07-06","TestCreateUserApi","test_create_user","",""
"","331","[WEB Component] Should add product to cart when click on add to cart button","tests.web.component.product","2026-07-06","passed","2026-07-06","TestAnimatedProductCard","test_animated_product_card_component","",""
"","360","[API] Update user should return 200_OK when send update user request with valid data. Case: 'address2' length = min + 1","tests.api.user","2026-07-06","passed","2026-07-06","TestUpdateUserApi","test_update_user","",""
"","0","[WEB Component] Pay with invalid card should show error message. Case: expiry year too short","tests.web.component.payment","2026-07-06","skipped","2026-07-06","TestPaymentComponent","test_payment_component","",""
"","0","[WEB] Should not add product review with invalid data. Case: 'name' length = max + 1","tests.web.component.review","2026-07-06","skipped","2026-07-06","TestReviewComponent","test_review_component","",""
"","0","[API] Create user should return 400_BAD_REQUEST when send create user request with invalid data. Case: 'email' not contains '@' symbol","tests.api.user","2026-07-06","skipped","2026-07-06","TestCreateUserApi","test_create_user","",""
"","595","[WEB Component] Should decrease all products total price","tests.web.component.product","2026-07-06","passed","2026-07-06","TestProductItem","test_product_item","",""
"","460","[API] Create user should return 200_OK when send create user request with valid data. Case: 'city' length = min + 1","tests.api.user","2026-07-06","passed","2026-07-06","TestCreateUserApi","test_create_user","",""
"","3323","[WEB] Sign up with valid data. Case: 'birth_month' = 1","tests.web.component.auth","2026-07-06","passed","2026-07-06","TestSignUpWeb","test_signup_component","",""
"","2260","[WEB Component] Products Carousel should last products when scroll left on first slide","tests.web.component.carousel","2026-07-06","passed","2026-07-06","TestProductCarousel","test_product_carousel","",""
"","0","[API] Update user should return 400_BAD_REQUEST when send update user request with invalid data. Case: 'zipcode' has invalid format","tests.api.user","2026-07-06","skipped","2026-07-06","TestUpdateUserApi","test_update_user","",""
"","3523","[WEB] Sign up with valid data. Case: 'name' length = min","tests.web.component.auth","2026-07-06","passed","2026-07-06","TestSignUpWeb","test_signup_component","",""
"","0","[WEB] Sign up with invalid data. Case: 'city' length = max","tests.web.component.auth","2026-07-06","skipped","2026-07-06","TestSignUpWeb","test_signup_component","",""
"","0","[API] Create user should return 400_BAD_REQUEST when send create user request with invalid data. Case: 'email' not contains username","tests.api.user","2026-07-06","skipped","2026-07-06","TestCreateUserApi","test_create_user","",""
"","322","[API] Update user should return 200_OK when send update user request with valid data. Case: 'company' length = max","tests.api.user","2026-07-06","passed","2026-07-06","TestUpdateUserApi","test_update_user","",""
"","359","[API] Create user should return 200_OK when send create user request with valid data. Case: 'first_name' length = min + 1","tests.api.user","2026-07-06","passed","2026-07-06","TestCreateUserApi","test_create_user","",""
"","343","[API] Create user should return 200_OK when send create user request with valid data. Case: 'zipcode' length = max - 1","tests.api.user","2026-07-06","passed","2026-07-06","TestCreateUserApi","test_create_user","",""
"","3204","[WEB] Sign up with valid data. Case: 'city' length = min + 1","tests.web.component.auth","2026-07-06","passed","2026-07-06","TestSignUpWeb","test_signup_component","",""
"","505","[WEB] Should add product review with valid data. Case: 'message' length = min + 1","tests.web.component.review","2026-07-06","passed","2026-07-06","TestReviewComponent","test_review_component","",""
"","497","[WEB Component] Should navigate to products page by click 'Products' button","tests.web.component.base","2026-07-06","passed","2026-07-06","TestHeaderComponent","test_header_component","",""
"","0","[API] Create user should return 400_BAD_REQUEST when send create user request with invalid data. Case: 'city' length = min - 1","tests.api.user","2026-07-06","skipped","2026-07-06","TestCreateUserApi","test_create_user","",""
"","0","[API] Update user should return 400_BAD_REQUEST when send update user request with invalid data. Case: 'last_name' is empty","tests.api.user","2026-07-06","skipped","2026-07-06","TestUpdateUserApi","test_update_user","",""
"","796","[WEB Component] Should subscribe with valid email","tests.web.component.base","2026-07-06","passed","2026-07-06","TestSubscriptionComponent","test_subscription_component","",""
"","0","[API] Update user should return 400_BAD_REQUEST when send update user request with invalid data. Case: 'email' not contains domain","tests.api.user","2026-07-06","skipped","2026-07-06","TestUpdateUserApi","test_update_user","",""
"","0","[WEB] Sign up with invalid data. Case: 'company' length = min","tests.web.component.auth","2026-07-06","skipped","2026-07-06","TestSignUpWeb","test_signup_component","",""
"","469","Get brands should return 200_OK when send get brands request","tests.api.brand","2026-07-06","passed","2026-07-06","TestBrandApi","test_brand","",""
"","0","[API] Update user should return 400_BAD_REQUEST when send update user request with invalid data. Case: 'city' length = max + 1","tests.api.user","2026-07-06","skipped","2026-07-06","TestUpdateUserApi","test_update_user","",""
"","559","[API] Update user should return 200_OK when send update user request with valid data. Case: 'mobile_number' length = max - 1","tests.api.user","2026-07-06","passed","2026-07-06","TestUpdateUserApi","test_update_user","",""
"","0","[WEB Component] Pay with invalid card should show error message. Case: card number too short","tests.web.component.payment","2026-07-06","skipped","2026-07-06","TestPaymentComponent","test_payment_component","",""
"","0","[API] Create user should return 400_BAD_REQUEST when send create user request with invalid data. Case: 'name' is empty","tests.api.user","2026-07-06","skipped","2026-07-06","TestCreateUserApi","test_create_user","",""
"","377","[WEB Component] Header has expected screenshot when authorized","tests.web.component.base","2026-07-06","passed","2026-07-06","TestHeaderComponent","test_header_component","",""
"","956","[API] Create user should return 200_OK when send create user request with valid data. Case: 'address1' length = min + 1","tests.api.user","2026-07-06","passed","2026-07-06","TestCreateUserApi","test_create_user","",""
"","278","[API] Update user should return 200_OK when send update user request with valid data. Case: 'first_name' length = min","tests.api.user","2026-07-06","passed","2026-07-06","TestUpdateUserApi","test_update_user","",""
"","386","[WEB Component] Subscription component should have expected screenshot","tests.web.component.base","2026-07-06","passed","2026-07-06","TestSubscriptionComponent","test_subscription_component","",""
"","1224","[WEB Component] Product details should have expected data","tests.web.component.product","2026-07-06","passed","2026-07-06","TestProductCard","test_product_details_component","",""
"","0","[API] Update user should return 400_BAD_REQUEST when send update user request with invalid data. Case: 'mobile_number' is empty","tests.api.user","2026-07-06","skipped","2026-07-06","TestUpdateUserApi","test_update_user","",""
"","0","[WEB Component] Pay with invalid card should show error message. Case: cvc all zeros","tests.web.component.payment","2026-07-06","skipped","2026-07-06","TestPaymentComponent","test_payment_component","",""
"","3178","[WEB] Sign up with valid data. Case: 'birth_year' = 1","tests.web.component.auth","2026-07-06","passed","2026-07-06","TestSignUpWeb","test_signup_component","",""
"","0","[WEB Component] Pay with invalid card should show error message. Case: card number contains spaces","tests.web.component.payment","2026-07-06","skipped","2026-07-06","TestPaymentComponent","test_payment_component","",""
"","191","[API] Create user should return 400_BAD_REQUEST when send create user request with existing email","tests.api.user","2026-07-06","passed","2026-07-06","TestCreateUserApi","test_create_user","",""
"","1875","[WEB Component] Product carousel should have expected product","tests.web.component.carousel","2026-07-06","failed","2026-07-06","TestProductCarousel","test_product_carousel","",""
"","0","[WEB] Should not add product review with invalid data. Case: 'email' contains text after domain","tests.web.component.review","2026-07-06","skipped","2026-07-06","TestReviewComponent","test_review_component","",""
"","242","[API] Create user should return 200_OK when send create user request with valid data. Case: 'birth_day' = 1","tests.api.user","2026-07-06","passed","2026-07-06","TestCreateUserApi","test_create_user","",""
"","9622","Purchase products with sign up before checkout","tests.web.e2e","2026-07-06","passed","2026-07-06","TestPlaceOrder","test_place_order","",""
"","0","[API] Create user should return 400_BAD_REQUEST when send create user request with invalid data. Case: 'name' length = min - 1","tests.api.user","2026-07-06","skipped","2026-07-06","TestCreateUserApi","test_create_user","",""
"","3276","[WEB] Sign up with valid data. Case: 'first_name' length = max - 1","tests.web.component.auth","2026-07-06","passed","2026-07-06","TestSignUpWeb","test_signup_component","",""
"","0","[WEB] Should not add product review with invalid data. Case: 'email' contains '.' before dog symbol","tests.web.component.review","2026-07-06","skipped","2026-07-06","TestReviewComponent","test_review_component","",""
"","0","[API] Update user should return 400_BAD_REQUEST when send update user request with invalid data. Case: 'city' length = min - 1","tests.api.user","2026-07-06","skipped","2026-07-06","TestUpdateUserApi","test_update_user","",""
"","0","[WEB] Sign up with invalid data. Case: 'zipcode' length = min + 1","tests.web.component.auth","2026-07-06","skipped","2026-07-06","TestSignUpWeb","test_signup_component","",""
"","2502","[WEB Component] Products Carousel should show next products when scroll right","tests.web.component.carousel","2026-07-06","passed","2026-07-06","TestProductCarousel","test_product_carousel","",""
"","0","[WEB] Sign up with invalid data. Case: 'address2' length = max - 1","tests.web.component.auth","2026-07-06","skipped","2026-07-06","TestSignUpWeb","test_signup_component","",""
"","640","[API] Create user should return 200_OK when send create user request with valid data. Case: 'address2' length = min + 1","tests.api.user","2026-07-06","passed","2026-07-06","TestCreateUserApi","test_create_user","",""
"","0","[API] Create user should return 400_BAD_REQUEST when send create user request with invalid data. Case: 'birth_month' is invalid positive","tests.api.user","2026-07-06","skipped","2026-07-06","TestCreateUserApi","test_create_user","",""
"","330","[API] Create user should return 200_OK when send create user request with valid data. Case: 'name' length = min + 1","tests.api.user","2026-07-06","passed","2026-07-06","TestCreateUserApi","test_create_user","",""
"","3293","[WEB] Sign up with valid data. Case: 'name' length = min + 1","tests.web.component.auth","2026-07-06","passed","2026-07-06","TestSignUpWeb","test_signup_component","",""
"","0","[API] Update user should return 400_BAD_REQUEST when send update user request with invalid data. Case: 'email' contains '.' before dog symbol","tests.api.user","2026-07-06","skipped","2026-07-06","TestUpdateUserApi","test_update_user","",""
"","314","[API] Create user should return 200_OK when send create user request with valid data. Case: 'birth_month' = 12","tests.api.user","2026-07-06","passed","2026-07-06","TestCreateUserApi","test_create_user","",""
"","0","[API] Update user should return 400_BAD_REQUEST when send update user request with invalid data. Case: 'birth_day' is negative","tests.api.user","2026-07-06","skipped","2026-07-06","TestUpdateUserApi","test_update_user","",""
"","1018","[WEB] Should add product review with valid data. Case: 'name' length = max","tests.web.component.review","2026-07-06","passed","2026-07-06","TestReviewComponent","test_review_component","",""
"","0","[API] Update user should return 400_BAD_REQUEST when send update user request with invalid data. Case: 'birth_year' is absent","tests.api.user","2026-07-06","skipped","2026-07-06","TestUpdateUserApi","test_update_user","",""
"","0","[WEB Component] Pay with invalid card should show error message. Case: name length = min - 1","tests.web.component.payment","2026-07-06","skipped","2026-07-06","TestPaymentComponent","test_payment_component","",""
"","152","[API] Get user should return 404_NOT_FOUND when send get user request and user not exists","tests.api.user","2026-07-06","passed","2026-07-06","TestGetUserApi","test_get_user","",""
"","3692","[WEB] Sign up with valid data. Case: 'address1' length = max - 1","tests.web.component.auth","2026-07-06","passed","2026-07-06","TestSignUpWeb","test_signup_component","",""
"","3366","[WEB] Sign up with valid data. Case: 'address1' length = min + 1","tests.web.component.auth","2026-07-06","passed","2026-07-06","TestSignUpWeb","test_signup_component","",""
"","4736","[WEB] Sign up with valid data. Case: 'state' length = max - 1","tests.web.component.auth","2026-07-06","passed","2026-07-06","TestSignUpWeb","test_signup_component","",""
"","197","[API] Get user should return 200_OK when send get user request and user exists","tests.api.user","2026-07-06","passed","2026-07-06","TestGetUserApi","test_get_user","",""
"","0","[API] Update user should return 400_BAD_REQUEST when send update user request with invalid data. Case: 'company' length = min - 1","tests.api.user","2026-07-06","skipped","2026-07-06","TestUpdateUserApi","test_update_user","",""
"","564","[WEB] Should add product review with valid data. Case: 'email' username contains '.'","tests.web.component.review","2026-07-06","passed","2026-07-06","TestReviewComponent","test_review_component","",""
"","0","[WEB Component] Pay with invalid card should show error message. Case: card number contains dashes","tests.web.component.payment","2026-07-06","skipped","2026-07-06","TestPaymentComponent","test_payment_component","",""
"","0","[API] Create user should return 400_BAD_REQUEST when send create user request with invalid data. Case: 'first_name' is empty","tests.api.user","2026-07-06","skipped","2026-07-06","TestCreateUserApi","test_create_user","",""
"","12267","[WEB Component] Category filter should have expected screenshot when fully expanded","tests.web.component.filter","2026-07-06","failed","2026-07-06","TestCategoryFilter","test_category_filter","",""
"","0","[WEB] Sign up with invalid data. Case: 'address1' length = max","tests.web.component.auth","2026-07-06","skipped","2026-07-06","TestSignUpWeb","test_signup_component","",""
"","0","[API] Create user should return 400_BAD_REQUEST when send create user request with invalid data. Case: 'email' contains multiple '@' symbols","tests.api.user","2026-07-06","skipped","2026-07-06","TestCreateUserApi","test_create_user","",""
"","6404","[WEB Component] Can download invoice multiple times","tests.web.component.payment","2026-07-06","passed","2026-07-06","TestPaymentComponent","test_invoice_file","",""
"","0","[WEB Component] Pay with invalid card should show error message. Case: card number contains letters","tests.web.component.payment","2026-07-06","skipped","2026-07-06","TestPaymentComponent","test_payment_component","",""
"","4578","[WEB] Sign up with valid data. Case: 'zipcode' length = max","tests.web.component.auth","2026-07-06","passed","2026-07-06","TestSignUpWeb","test_signup_component","",""
"","544","[API] Update user should return 200_OK when send update user request with valid data. Case: 'city' length = max","tests.api.user","2026-07-06","passed","2026-07-06","TestUpdateUserApi","test_update_user","",""
"","0","[API] Update user should return 400_BAD_REQUEST when send update user request with invalid data. Case: 'mobile_number' length = min - 1","tests.api.user","2026-07-06","skipped","2026-07-06","TestUpdateUserApi","test_update_user","",""
"","0","[WEB] Sign up with invalid data. Case: 'birth_month' = 1","tests.web.component.auth","2026-07-06","skipped","2026-07-06","TestSignUpWeb","test_signup_component","",""
"","609","[API] Get products should return 200_OK and contains expected product title","tests.api.product","2026-07-06","passed","2026-07-06","TestProductApi","test_product","",""
"","247","[API] Create user should return 200_OK when send create user request with valid data. Case: 'state' length = max - 1","tests.api.user","2026-07-06","passed","2026-07-06","TestCreateUserApi","test_create_user","",""
"","0","[API] Update user should return 400_BAD_REQUEST when send update user request with invalid data. Case: 'birth_month' is zero","tests.api.user","2026-07-06","skipped","2026-07-06","TestUpdateUserApi","test_update_user","",""
"","604","[WEB] Should add product review with valid data. Case: 'email' username contains only underscore '-'","tests.web.component.review","2026-07-06","passed","2026-07-06","TestReviewComponent","test_review_component","",""
"","0","[API] Create user should return 400_BAD_REQUEST when send create user request with invalid data. Case: 'city' is absent","tests.api.user","2026-07-06","skipped","2026-07-06","TestCreateUserApi","test_create_user","",""
"","171","[API] Create user should return 200_OK when send create user request with valid data. Case: 'zipcode' length = min","tests.api.user","2026-07-06","passed","2026-07-06","TestCreateUserApi","test_create_user","",""
"","0","[API] Create user should return 400_BAD_REQUEST when send create user request with invalid data. Case: 'birth_day' is invalid positive","tests.api.user","2026-07-06","skipped","2026-07-06","TestCreateUserApi","test_create_user","",""
"","0","[WEB] Sign up with invalid data. Case: 'state' length = min + 1","tests.web.component.auth","2026-07-06","skipped","2026-07-06","TestSignUpWeb","test_signup_component","",""
"","1786","[WEB] Should add product review with valid data. Case: 'message' length = max - 1","tests.web.component.review","2026-07-06","passed","2026-07-06","TestReviewComponent","test_review_component","",""
"","0","[WEB] Sign up with invalid data. Case: 'zipcode' length = min","tests.web.component.auth","2026-07-06","skipped","2026-07-06","TestSignUpWeb","test_signup_component","",""
"","1827","[WEB Component] Place order without authorization notification should have expected data and screenshot","tests.web.component.base","2026-07-06","passed","2026-07-06","TestNotificationComponent","test_notification_component","",""
"","0","[WEB Component] Pay with invalid card should show error message. Case: name contains trailing spaces","tests.web.component.payment","2026-07-06","skipped","2026-07-06","TestPaymentComponent","test_payment_component","",""
"","346","[API] Create user should return 200_OK when send create user request with valid data. Case: 'mobile_number' length = max - 1","tests.api.user","2026-07-06","passed","2026-07-06","TestCreateUserApi","test_create_user","",""
"","0","[WEB] Sign up with invalid data. Case: 'company' length = max","tests.web.component.auth","2026-07-06","skipped","2026-07-06","TestSignUpWeb","test_signup_component","",""
"","518","[WEB Component] Pay with valid card should show success status message. Case: valid name contains multiple spaces","tests.web.component.payment","2026-07-06","passed","2026-07-06","TestPaymentComponent","test_payment_component","",""
"","0","[WEB] Should not add product review with invalid data. Case: 'name' is empty","tests.web.component.review","2026-07-06","skipped","2026-07-06","TestReviewComponent","test_review_component","",""
"","3212","[WEB] Sign up with valid data. Case: 'state' length = min","tests.web.component.auth","2026-07-06","passed","2026-07-06","TestSignUpWeb","test_signup_component","",""
"","644","[WEB] Should add product review with valid data. Case: 'name' length = max - 1","tests.web.component.review","2026-07-06","passed","2026-07-06","TestReviewComponent","test_review_component","",""
"","373","[API] Update user should return 200_OK when send update user request with valid data. Case: 'last_name' length = min","tests.api.user","2026-07-06","passed","2026-07-06","TestUpdateUserApi","test_update_user","",""
"","232","[API] Create user should return 200_OK when send create user request with valid data. Case: 'company' length = max - 1","tests.api.user","2026-07-06","passed","2026-07-06","TestCreateUserApi","test_create_user","",""
"","0","[API] Update user should return 400_BAD_REQUEST when send update user request with invalid data. Case: 'email' contains multiple '@' symbols","tests.api.user","2026-07-06","skipped","2026-07-06","TestUpdateUserApi","test_update_user","",""
"","0","[API] Update user should return 400_BAD_REQUEST when send update user request with invalid data. Case: 'zipcode' length = min - 1","tests.api.user","2026-07-06","skipped","2026-07-06","TestUpdateUserApi","test_update_user","",""
"","1487","[WEB Component] Page scroller scroll page to top","tests.web.component.base","2026-07-06","passed","2026-07-06","TestPageScrollerComponent","test_page_scroller_component","",""
"","3277","[WEB] Sign up with valid data. Case: 'company' length = max - 1","tests.web.component.auth","2026-07-06","passed","2026-07-06","TestSignUpWeb","test_signup_component","",""
"","0","[API] Create user should return 400_BAD_REQUEST when send create user request with invalid data. Case: 'address1' is absent","tests.api.user","2026-07-06","skipped","2026-07-06","TestCreateUserApi","test_create_user","",""
"","485","[API] Create user should return 200_OK when send create user request with valid data. Case: 'last_name' length = max - 1","tests.api.user","2026-07-06","passed","2026-07-06","TestCreateUserApi","test_create_user","",""
"","0","[WEB] Sign up with invalid data. Case: 'city' length = min","tests.web.component.auth","2026-07-06","skipped","2026-07-06","TestSignUpWeb","test_signup_component","",""
"","3351","[WEB] Sign up with valid data. Case: 'first_name' length = min + 1","tests.web.component.auth","2026-07-06","passed","2026-07-06","TestSignUpWeb","test_signup_component","",""
"","0","[WEB Component] Pay with invalid card should show error message. Case: expiry year in the past","tests.web.component.payment","2026-07-06","skipped","2026-07-06","TestPaymentComponent","test_payment_component","",""
"","9736","[WEB Component] Category filter group should be collapsed after expand another group","tests.web.component.filter","2026-07-06","passed","2026-07-06","TestCategoryFilter","test_category_filter","",""
"","0","[API] Create user should return 400_BAD_REQUEST when send create user request with invalid data. Case: 'name' is absent","tests.api.user","2026-07-06","skipped","2026-07-06","TestCreateUserApi","test_create_user","",""
"","688","[WEB Component] Should open product page when click on view product button","tests.web.component.product","2026-07-06","passed","2026-07-06","TestAnimatedProductCard","test_animated_product_card_component","",""
"","3271","[WEB] Sign up with valid data. Case: 'city' length = max - 1","tests.web.component.auth","2026-07-06","passed","2026-07-06","TestSignUpWeb","test_signup_component","",""
"","762","[WEB] Should add product review with valid data. Case: 'email' username contains '-'","tests.web.component.review","2026-07-06","passed","2026-07-06","TestReviewComponent","test_review_component","",""
"","454","[API] Update user should return 200_OK when send update user request with valid data. Case: 'address1' length = min + 1","tests.api.user","2026-07-06","passed","2026-07-06","TestUpdateUserApi","test_update_user","",""
"","0","[WEB] Should not add product review with invalid data. Case: 'email' contains mail server as ip and port","tests.web.component.review","2026-07-06","skipped","2026-07-06","TestReviewComponent","test_review_component","",""
"","487","[API] Update user should return 200_OK when send update user request with valid data. Case: 'address2' length = min","tests.api.user","2026-07-06","passed","2026-07-06","TestUpdateUserApi","test_update_user","",""
"","249","[API] Create user should return 200_OK when send create user request with valid data. Case: 'mobile_number' length = min","tests.api.user","2026-07-06","passed","2026-07-06","TestCreateUserApi","test_create_user","",""
"","0","[API] Create user should return 400_BAD_REQUEST when send create user request with invalid data. Case: 'state' length = max + 1","tests.api.user","2026-07-06","skipped","2026-07-06","TestCreateUserApi","test_create_user","",""
"","151","[API] Create user should return 200_OK when send create user request with valid data. Case: 'birth_day' length = 31","tests.api.user","2026-07-06","passed","2026-07-06","TestCreateUserApi","test_create_user","",""
"","412","[API] Create user should return 200_OK when send create user request with valid data. Case: 'mobile_number' length = max","tests.api.user","2026-07-06","passed","2026-07-06","TestCreateUserApi","test_create_user","",""
"","1132","[WEB Component] Should not add negative products count to cart when click on add to cart button","tests.web.component.product","2026-07-06","passed","2026-07-06","TestProductCard","test_product_details_component","",""
"","134","[API] Create user should return 200_OK when send create user request with valid data. Case: 'first_name' length = min","tests.api.user","2026-07-06","passed","2026-07-06","TestCreateUserApi","test_create_user","",""
"","1151","[WEB Component] Add product notification should have expected data and screenshot","tests.web.component.base","2026-07-06","passed","2026-07-06","TestNotificationComponent","test_notification_component","",""
"","0","[WEB] Sign up with invalid data. Case: 'state' length = max","tests.web.component.auth","2026-07-06","skipped","2026-07-06","TestSignUpWeb","test_signup_component","",""
"","0","[API] Update user should return 400_BAD_REQUEST when send update user request with invalid data. Case: 'address1' is absent","tests.api.user","2026-07-06","skipped","2026-07-06","TestUpdateUserApi","test_update_user","",""
"","0","[WEB Component] Pay with invalid card should show error message. Case: cvc contains special characters","tests.web.component.payment","2026-07-06","skipped","2026-07-06","TestPaymentComponent","test_payment_component","",""
"","2309","[WEB Component] Image Carousel should show first image when scroll right on last image","tests.web.component.carousel","2026-07-06","passed","2026-07-06","TestImageCarousel","test_image_carousel","",""
"","0","[API] Update user should return 400_BAD_REQUEST when send update user request with invalid data. Case: 'first_name' is empty","tests.api.user","2026-07-06","skipped","2026-07-06","TestUpdateUserApi","test_update_user","",""
"","240","[API] Update user should return 200_OK when send update user request with valid data. Case: 'city' length = min + 1","tests.api.user","2026-07-06","passed","2026-07-06","TestUpdateUserApi","test_update_user","",""
"","163","[API] Create user should return 200_OK when send create user request with valid data. Case: 'birth_year' = 10000","tests.api.user","2026-07-06","passed","2026-07-06","TestCreateUserApi","test_create_user","",""
"","514","[API] Delete user should return 200_OK when send delete user request and user exists","tests.api.user","2026-07-06","passed","2026-07-06","TestDeleteUserApi","test_delete_user","",""
"","348","[WEB] Should have expected screenshot when not send review","tests.web.component.review","2026-07-06","passed","2026-07-06","TestReviewComponent","test_review_component","",""
"","3140","[WEB] Sign up with valid data. Case: 'last_name' length = min","tests.web.component.auth","2026-07-06","passed","2026-07-06","TestSignUpWeb","test_signup_component","",""
"","0","[WEB] Should not add product review with invalid data. Case: 'email' contains domain with one letter","tests.web.component.review","2026-07-06","skipped","2026-07-06","TestReviewComponent","test_review_component","",""
"","0","[WEB Component] Pay with invalid card should show error message. Case: name length = max + 1","tests.web.component.payment","2026-07-06","skipped","2026-07-06","TestPaymentComponent","test_payment_component","",""
"","1677","[WEB Component] Pay with valid card should show success status message. Case: valid: expiry month min","tests.web.component.payment","2026-07-06","passed","2026-07-06","TestPaymentComponent","test_payment_component","",""
"","935","[WEB Component] Category filter should have expected screenshot when collapsed","tests.web.component.filter","2026-07-06","passed","2026-07-06","TestCategoryFilter","test_category_filter","",""
"","0","[WEB] Sign up with invalid data. Case: 'name' length = max","tests.web.component.auth","2026-07-06","skipped","2026-07-06","TestSignUpWeb","test_signup_component","",""
"","4206","[WEB] Sign up with valid data. Case: 'mobile_number' length = max","tests.web.component.auth","2026-07-06","passed","2026-07-06","TestSignUpWeb","test_signup_component","",""
"","0","[WEB] Sign up with invalid data. Case: 'name' length = min","tests.web.component.auth","2026-07-06","skipped","2026-07-06","TestSignUpWeb","test_signup_component","",""
"","0","[API] Update user should return 400_BAD_REQUEST when send update user request with invalid data. Case: 'mobile_number' length = max + 1","tests.api.user","2026-07-06","skipped","2026-07-06","TestUpdateUserApi","test_update_user","",""
"","0","[API] Update user should return 400_BAD_REQUEST when send update user request with invalid data. Case: 'city' is absent","tests.api.user","2026-07-06","skipped","2026-07-06","TestUpdateUserApi","test_update_user","",""
"","426","[API] Delete user should return 404_NOT_FOUND when send delete user request and user not exists","tests.api.user","2026-07-06","passed","2026-07-06","TestDeleteUserApi","test_delete_user","",""
"","3224","[WEB] Sign up with valid data. Case: 'address1' length = min","tests.web.component.auth","2026-07-06","passed","2026-07-06","TestSignUpWeb","test_signup_component","",""
"","6151","[WEB Component] Category filter should have expected screenshot when group expanded","tests.web.component.filter","2026-07-06","passed","2026-07-06","TestCategoryFilter","test_category_filter","",""
"","367","[API] Update user should return 200_OK when send update user request with valid data. Case: 'name' length = min","tests.api.user","2026-07-06","passed","2026-07-06","TestUpdateUserApi","test_update_user","",""
"","160","[API] Create user should return 200_OK when send create user request with valid data. Case: 'name' length = max - 1","tests.api.user","2026-07-06","passed","2026-07-06","TestCreateUserApi","test_create_user","",""
"","0","[API] Create user should return 400_BAD_REQUEST when send create user request with invalid data. Case: 'address1' length = max + 1","tests.api.user","2026-07-06","skipped","2026-07-06","TestCreateUserApi","test_create_user","",""
"","0","[WEB] Should not add product review with invalid data. Case: 'email' is word","tests.web.component.review","2026-07-06","skipped","2026-07-06","TestReviewComponent","test_review_component","",""
"","0","[WEB Component] Pay with invalid card should show error message. Case: name contains special characters","tests.web.component.payment","2026-07-06","skipped","2026-07-06","TestPaymentComponent","test_payment_component","",""
"","1331","[WEB Component] Should add product to cart when click on add to cart button","tests.web.component.product","2026-07-06","passed","2026-07-06","TestProductCard","test_product_details_component","",""
"","4343","[WEB] Sign up with valid data. Case: 'last_name' length = max - 1","tests.web.component.auth","2026-07-06","passed","2026-07-06","TestSignUpWeb","test_signup_component","",""
"","713","[WEB Component] Animated product card should have expected data","tests.web.component.product","2026-07-06","passed","2026-07-06","TestAnimatedProductCard","test_animated_product_card_component","",""
"","0","[WEB] Sign up with invalid data. Case: 'mobile_number' length = max - 1","tests.web.component.auth","2026-07-06","skipped","2026-07-06","TestSignUpWeb","test_signup_component","",""
"","437","[WEB Component] Delivery address has expected data","tests.web.component.address","2026-07-06","passed","2026-07-06","TestAddressComponent","test_address_component","",""
"","1662","[WEB Component] Pay with valid card should show success status message. Case: valid: 16 digits number","tests.web.component.payment","2026-07-06","passed","2026-07-06","TestPaymentComponent","test_payment_component","",""
"","0","[WEB] Should not add product review with invalid data. Case: 'name' length = min - 1","tests.web.component.review","2026-07-06","skipped","2026-07-06","TestReviewComponent","test_review_component","",""
"","1802","[WEB] Should add product review with valid data. Case: 'message' length = max","tests.web.component.review","2026-07-06","passed","2026-07-06","TestReviewComponent","test_review_component","",""
"","0","[API] Create user should return 400_BAD_REQUEST when send create user request with invalid data. Case: 'birth_year' is zero","tests.api.user","2026-07-06","skipped","2026-07-06","TestCreateUserApi","test_create_user","",""
"","3453","[WEB] Sign up with valid data. Case: 'address2' length = min + 1","tests.web.component.auth","2026-07-06","passed","2026-07-06","TestSignUpWeb","test_signup_component","",""
"","3615","[WEB] Sign up with valid data. Case: 'company' length = min","tests.web.component.auth","2026-07-06","passed","2026-07-06","TestSignUpWeb","test_signup_component","",""
"","0","[WEB] Sign up with invalid data. Case: 'birth_day' length = 31","tests.web.component.auth","2026-07-06","skipped","2026-07-06","TestSignUpWeb","test_signup_component","",""
"","0","[API] Update user should return 400_BAD_REQUEST when send update user request with invalid data. Case: 'address2' length = max + 1","tests.api.user","2026-07-06","skipped","2026-07-06","TestUpdateUserApi","test_update_user","",""
"","0","[API] Update user should return 400_BAD_REQUEST when send update user request with invalid data. Case: 'birth_year' is invalid positive","tests.api.user","2026-07-06","skipped","2026-07-06","TestUpdateUserApi","test_update_user","",""
"","135","[API] Create user should return 200_OK when send create user request with valid data. Case: 'company' length = min + 1","tests.api.user","2026-07-06","passed","2026-07-06","TestCreateUserApi","test_create_user","",""
"","0","[WEB] Sign up with invalid data. Case: 'address2' length = min + 1","tests.web.component.auth","2026-07-06","skipped","2026-07-06","TestSignUpWeb","test_signup_component","",""
"","2410","[WEB Component] Image Carousel should show next image when scroll right","tests.web.component.carousel","2026-07-06","passed","2026-07-06","TestImageCarousel","test_image_carousel","",""
"","0","[WEB] Should not add product review with invalid data. Case: 'message' length = max - 1","tests.web.component.review","2026-07-06","skipped","2026-07-06","TestReviewComponent","test_review_component","",""
"","583","[API] Update user should return 200_OK when send update user request with valid data. Case: 'company' length = min + 1","tests.api.user","2026-07-06","passed","2026-07-06","TestUpdateUserApi","test_update_user","",""
"","3408","[WEB] Sign up with valid data. Case: 'address1' length = max","tests.web.component.auth","2026-07-06","passed","2026-07-06","TestSignUpWeb","test_signup_component","",""
"","4569","[WEB Component] Search filter should return empty products catalog","tests.web.component.filter","2026-07-06","passed","2026-07-06","TestSearchFilter","test_search_filter","",""
"","308","[API] Create user should return 200_OK when send create user request with valid data. Case: 'city' length = max","tests.api.user","2026-07-06","passed","2026-07-06","TestCreateUserApi","test_create_user","",""
"","1964","[WEB Component] Should add product to cart when click on add to cart button multiple times","tests.web.component.product","2026-07-06","passed","2026-07-06","TestProductCard","test_product_details_component","",""
"","3513","[WEB] Sign up with valid data. Case: 'mobile_number' length = min","tests.web.component.auth","2026-07-06","passed","2026-07-06","TestSignUpWeb","test_signup_component","",""
"","0","[WEB Component] Pay with invalid card should show error message. Case: card number only spaces","tests.web.component.payment","2026-07-06","skipped","2026-07-06","TestPaymentComponent","test_payment_component","",""
"","0","[API] Update user should return 400_BAD_REQUEST when send update user request with invalid data. Case: 'mobile_number' is absent","tests.api.user","2026-07-06","skipped","2026-07-06","TestUpdateUserApi","test_update_user","",""
"","267","[API] Create user should return 200_OK when send create user request with valid data. Case: 'name' length = max","tests.api.user","2026-07-06","passed","2026-07-06","TestCreateUserApi","test_create_user","",""
"","1268","[WEB Component] Product item should have expected data","tests.web.component.product","2026-07-06","failed","2026-07-06","TestProductItem","test_product_item","",""
"","57","[WEB Component] Should have all products expected total price","tests.web.component.product","2026-07-06","passed","2026-07-06","TestProductItem","test_product_item","",""
"","458","[API] Create user should return 200_OK when send create user request with valid data. Case: 'address2' length = min","tests.api.user","2026-07-06","passed","2026-07-06","TestCreateUserApi","test_create_user","",""
"","0","[WEB] Should not add product review with invalid data. Case: 'message' length = max","tests.web.component.review","2026-07-06","skipped","2026-07-06","TestReviewComponent","test_review_component","",""
"","0","[WEB] Sign up with invalid data. Case: 'city' length = min + 1","tests.web.component.auth","2026-07-06","skipped","2026-07-06","TestSignUpWeb","test_signup_component","",""
"","982","[WEB Component] Add product to cart from product carousel","tests.web.component.carousel","2026-07-06","passed","2026-07-06","TestProductCarousel","test_product_carousel","",""
"","0","[WEB Component] Pay with invalid card should show error message. Case: card number all zeros","tests.web.component.payment","2026-07-06","skipped","2026-07-06","TestPaymentComponent","test_payment_component","",""
"","0","[API] Update user should return 400_BAD_REQUEST when send update user request with invalid data. Case: 'email' is word","tests.api.user","2026-07-06","skipped","2026-07-06","TestUpdateUserApi","test_update_user","",""
"","0","[API] Create user should return 400_BAD_REQUEST when send create user request with invalid data. Case: 'zipcode' is empty","tests.api.user","2026-07-06","skipped","2026-07-06","TestCreateUserApi","test_create_user","",""
"","0","[API] Update user should return 400_BAD_REQUEST when send update user request with invalid data. Case: 'company' is empty","tests.api.user","2026-07-06","skipped","2026-07-06","TestUpdateUserApi","test_update_user","",""
"","373","[WEB Component] Should remove product from cart","tests.web.component.product","2026-07-06","passed","2026-07-06","TestProductItem","test_product_item","",""
"","0","[WEB] Should not add product review with invalid data. Case: 'email' not contains domain","tests.web.component.review","2026-07-06","skipped","2026-07-06","TestReviewComponent","test_review_component","",""
"","5185","[WEB Component] Place order without authorization notification proceed to checkout button should navigate to login page","tests.web.component.base","2026-07-06","passed","2026-07-06","TestNotificationComponent","test_notification_component","",""
"","669","[WEB] Should add product review with valid data. Case: 'name' length = min + 1","tests.web.component.review","2026-07-06","passed","2026-07-06","TestReviewComponent","test_review_component","",""
"","0","[WEB] Sign up with invalid data. Case: 'first_name' length = min + 1","tests.web.component.auth","2026-07-06","skipped","2026-07-06","TestSignUpWeb","test_signup_component","",""
"","377","[API] Update user should return 200_OK when send update user request with valid data. Case: 'zipcode' length = min + 1","tests.api.user","2026-07-06","passed","2026-07-06","TestUpdateUserApi","test_update_user","",""
"","1678","[WEB Component] Pay with valid card should show success status message. Case: valid: cvc typical","tests.web.component.payment","2026-07-06","passed","2026-07-06","TestPaymentComponent","test_payment_component","",""
"","0","[WEB Component] Pay with invalid card should show error message. Case: card number contains special characters","tests.web.component.payment","2026-07-06","skipped","2026-07-06","TestPaymentComponent","test_payment_component","",""
"","451","[API] Create user should return 200_OK when send create user request with valid data. Case: 'mobile_number' length = min + 1","tests.api.user","2026-07-06","passed","2026-07-06","TestCreateUserApi","test_create_user","",""
"","0","[API] Create user should return 400_BAD_REQUEST when send create user request with invalid data. Case: 'email' is empty","tests.api.user","2026-07-06","skipped","2026-07-06","TestCreateUserApi","test_create_user","",""
"","260","[API] Create user should return 200_OK when send create user request with valid data. Case: 'first_name' length = max - 1","tests.api.user","2026-07-06","passed","2026-07-06","TestCreateUserApi","test_create_user","",""
"","0","[API] Create user should return 400_BAD_REQUEST when send create user request with invalid data. Case: 'mobile_number' length = max + 1","tests.api.user","2026-07-06","skipped","2026-07-06","TestCreateUserApi","test_create_user","",""
"","0","[API] Update user should return 400_BAD_REQUEST when send update user request with invalid data. Case: 'state' length = min - 1","tests.api.user","2026-07-06","skipped","2026-07-06","TestUpdateUserApi","test_update_user","",""
"","730","[WEB] Should add product review with valid data. Case: 'email' domain length = 2","tests.web.component.review","2026-07-06","passed","2026-07-06","TestReviewComponent","test_review_component","",""
"","0","[API] Update user should return 400_BAD_REQUEST when send update user request with invalid data. Case: 'mobile_number' has invalid format","tests.api.user","2026-07-06","skipped","2026-07-06","TestUpdateUserApi","test_update_user","",""
"","292","[API] Update user should return 200_OK when send update user request with valid data. Case: 'first_name' length = min + 1","tests.api.user","2026-07-06","passed","2026-07-06","TestUpdateUserApi","test_update_user","",""
"","0","[WEB Component] Pay with invalid card should show error message. Case: expiry month contains letters","tests.web.component.payment","2026-07-06","skipped","2026-07-06","TestPaymentComponent","test_payment_component","",""
"","288","[API] Update user should return 200_OK when send update user request with valid data. Case: 'mobile_number' length = min","tests.api.user","2026-07-06","passed","2026-07-06","TestUpdateUserApi","test_update_user","",""
"","0","[API] Update user should return 400_BAD_REQUEST when send update user request with invalid data. Case: 'zipcode' is empty","tests.api.user","2026-07-06","skipped","2026-07-06","TestUpdateUserApi","test_update_user","",""
"","395","[API] Update user should return 200_OK when send update user request with valid data. Case: 'zipcode' length = max","tests.api.user","2026-07-06","passed","2026-07-06","TestUpdateUserApi","test_update_user","",""
"","857","[WEB] Should add product review with valid data. Case: 'email' domain name length = 2","tests.web.component.review","2026-07-06","passed","2026-07-06","TestReviewComponent","test_review_component","",""
"","259","[API] Update user should return 200_OK when send update user request with valid data. Case: 'birth_month' = 12","tests.api.user","2026-07-06","passed","2026-07-06","TestUpdateUserApi","test_update_user","",""
"","0","[API] Create user should return 400_BAD_REQUEST when send create user request with invalid data. Case: 'first_name' length = min - 1","tests.api.user","2026-07-06","skipped","2026-07-06","TestCreateUserApi","test_create_user","",""
"","0","[API] Create user should return 400_BAD_REQUEST when send create user request with invalid data. Case: 'zipcode' length = min - 1","tests.api.user","2026-07-06","skipped","2026-07-06","TestCreateUserApi","test_create_user","",""
"","3248","[WEB] Sign up with valid data. Case: 'first_name' length = max","tests.web.component.auth","2026-07-06","passed","2026-07-06","TestSignUpWeb","test_signup_component","",""
"","0","[API] Create user should return 400_BAD_REQUEST when send create user request with invalid data. Case: 'email' contains invalid top level domain web","tests.api.user","2026-07-06","skipped","2026-07-06","TestCreateUserApi","test_create_user","",""
"","0","[API] Create user should return 400_BAD_REQUEST when send create user request with invalid data. Case: 'address2' length = max + 1","tests.api.user","2026-07-06","skipped","2026-07-06","TestCreateUserApi","test_create_user","",""
"","828","[WEB Component] Should navigate to main page by click on header logo","tests.web.component.base","2026-07-06","passed","2026-07-06","TestHeaderComponent","test_header_component","",""
"","0","[API] Create user should return 400_BAD_REQUEST when send create user request with invalid data. Case: 'address1' is empty","tests.api.user","2026-07-06","skipped","2026-07-06","TestCreateUserApi","test_create_user","",""
"","429","[WEB Component] Billing address has expected data","tests.web.component.address","2026-07-06","passed","2026-07-06","TestAddressComponent","test_address_component","",""
"","0","[API] Update user should return 400_BAD_REQUEST when send update user request with invalid data. Case: 'name' is absent","tests.api.user","2026-07-06","skipped","2026-07-06","TestUpdateUserApi","test_update_user","",""
"","0","[API] Create user should return 400_BAD_REQUEST when send create user request with invalid data. Case: 'email' contains domain with one letter","tests.api.user","2026-07-06","skipped","2026-07-06","TestCreateUserApi","test_create_user","",""
"","432","[WEB Component] Should navigate to main page by click on header logo","tests.web.component.base","2026-07-06","passed","2026-07-06","TestHeaderComponent","test_header_component","",""
"","1812","[WEB Component] Search filter should return all products when filter by empty query","tests.web.component.filter","2026-07-06","passed","2026-07-06","TestSearchFilter","test_search_filter","",""
"","473","[WEB] Should add product review with valid data. Case: 'message' length = min","tests.web.component.review","2026-07-06","passed","2026-07-06","TestReviewComponent","test_review_component","",""
"","0","[API] Create user should return 400_BAD_REQUEST when send create user request with invalid data. Case: 'first_name' length = max + 1","tests.api.user","2026-07-06","skipped","2026-07-06","TestCreateUserApi","test_create_user","",""
"","857","[API] Update user should return 200_OK when send update user request with valid data. Case: 'address2' length = max - 1","tests.api.user","2026-07-06","passed","2026-07-06","TestUpdateUserApi","test_update_user","",""
"","0","[API] Create user should return 400_BAD_REQUEST when send create user request with invalid data. Case: 'last_name' is empty","tests.api.user","2026-07-06","skipped","2026-07-06","TestCreateUserApi","test_create_user","",""
"","160","[API] Create user should return 200_OK when send create user request with valid data. Case: 'address2' length = max - 1","tests.api.user","2026-07-06","passed","2026-07-06","TestCreateUserApi","test_create_user","",""
"","3291","[WEB] Sign up with valid data. Case: 'zipcode' length = min","tests.web.component.auth","2026-07-06","passed","2026-07-06","TestSignUpWeb","test_signup_component","",""
"","2818","[WEB Component] Animated product card overlay should have expected data","tests.web.component.product","2026-07-06","passed","2026-07-06","TestAnimatedProductCard","test_animated_product_card_component","",""
"","670","[WEB Component] Should increase all products total price","tests.web.component.product","2026-07-06","passed","2026-07-06","TestProductItem","test_product_item","",""
"","0","[API] Update user should return 400_BAD_REQUEST when send update user request with invalid data. Case: 'company' length = max + 1","tests.api.user","2026-07-06","skipped","2026-07-06","TestUpdateUserApi","test_update_user","",""
"","0","[WEB] Sign up with invalid data. Case: 'address2' length = max","tests.web.component.auth","2026-07-06","skipped","2026-07-06","TestSignUpWeb","test_signup_component","",""
"","1147","[WEB] Should add product review with valid data. Case: 'email' contains subdomain","tests.web.component.review","2026-07-06","passed","2026-07-06","TestReviewComponent","test_review_component","",""
"","3473","[WEB] Sign up with valid data. Case: 'birth_day' length = 31","tests.web.component.auth","2026-07-06","passed","2026-07-06","TestSignUpWeb","test_signup_component","",""
"","271","[API] Create user should return 200_OK when send create user request with valid data. Case: 'state' length = max","tests.api.user","2026-07-06","passed","2026-07-06","TestCreateUserApi","test_create_user","",""
"","0","[WEB] Sign up with invalid data. Case: 'name' length = max - 1","tests.web.component.auth","2026-07-06","skipped","2026-07-06","TestSignUpWeb","test_signup_component","",""
"","0","[API] Update user should return 400_BAD_REQUEST when send update user request with invalid data. Case: 'state' is absent","tests.api.user","2026-07-06","skipped","2026-07-06","TestUpdateUserApi","test_update_user","",""
"","558","[WEB] Should add product review with valid data. Case: 'email' username contains '+'","tests.web.component.review","2026-07-06","passed","2026-07-06","TestReviewComponent","test_review_component","",""
"","346","[API] Update user should return 200_OK when send update user request with valid data. Case: 'birth_year' = 1","tests.api.user","2026-07-06","passed","2026-07-06","TestUpdateUserApi","test_update_user","",""
"","1370","[WEB Component] Should increase product item quantity","tests.web.component.product","2026-07-06","passed","2026-07-06","TestProductItem","test_product_item","",""
"","0","[API] Update user should return 400_BAD_REQUEST when send update user request with invalid data. Case: 'address1' is empty","tests.api.user","2026-07-06","skipped","2026-07-06","TestUpdateUserApi","test_update_user","",""
"","7235","Purchase products with login while checkout","tests.web.e2e","2026-07-06","failed","2026-07-06","TestPlaceOrder","test_place_order","",""
"","0","[API] Update user should return 400_BAD_REQUEST when send update user request with invalid data. Case: 'email' not contains username","tests.api.user","2026-07-06","skipped","2026-07-06","TestUpdateUserApi","test_update_user","",""
"","0","[API] Update user should return 400_BAD_REQUEST when send update user request with invalid data. Case: 'email' contains domain with one letter","tests.api.user","2026-07-06","skipped","2026-07-06","TestUpdateUserApi","test_update_user","",""
"","3388","[WEB] Sign up with valid data. Case: 'city' length = max","tests.web.component.auth","2026-07-06","passed","2026-07-06","TestSignUpWeb","test_signup_component","",""
"","0","[WEB Component] Pay with invalid card should show error message. Case: expiry year is empty","tests.web.component.payment","2026-07-06","skipped","2026-07-06","TestPaymentComponent","test_payment_component","",""
"","0","[WEB] Should not add product review with invalid data. Case: 'email' not contains username","tests.web.component.review","2026-07-06","skipped","2026-07-06","TestReviewComponent","test_review_component","",""
"","0","[API] Create user should return 400_BAD_REQUEST when send create user request with invalid data. Case: 'address2' length = min - 1","tests.api.user","2026-07-06","skipped","2026-07-06","TestCreateUserApi","test_create_user","",""
"","4943","Purchase products with login before checkout","tests.web.e2e","2026-07-06","passed","2026-07-06","TestPlaceOrder","test_place_order","",""
"","321","[API] Update user should return 200_OK when send update user request with valid data. Case: 'state' length = max","tests.api.user","2026-07-06","passed","2026-07-06","TestUpdateUserApi","test_update_user","",""
"","346","[API] Update user should return 200_OK when send update user request with valid data. Case: 'city' length = max - 1","tests.api.user","2026-07-06","passed","2026-07-06","TestUpdateUserApi","test_update_user","",""
"","550","[API] Update user should return 200_OK when send update user request with valid data. Case: 'zipcode' length = max - 1","tests.api.user","2026-07-06","passed","2026-07-06","TestUpdateUserApi","test_update_user","",""
"","653","[API] Create user should return 200_OK when send create user request with valid data. Case: 'address1' length = max - 1","tests.api.user","2026-07-06","passed","2026-07-06","TestCreateUserApi","test_create_user","",""
"","0","[API] Create user should return 400_BAD_REQUEST when send create user request with invalid data. Case: 'company' length = min - 1","tests.api.user","2026-07-06","skipped","2026-07-06","TestCreateUserApi","test_create_user","",""
"","497","[WEB Component] Should delete user name by click on 'Delete Account' button","tests.web.component.base","2026-07-06","passed","2026-07-06","TestHeaderComponent","test_header_component","",""
"","389","[API] Update user should return 200_OK when send update user request with valid data. Case: 'last_name' length = max - 1","tests.api.user","2026-07-06","passed","2026-07-06","TestUpdateUserApi","test_update_user","",""
"","3896","[WEB] Sign up with valid data. Case: 'state' length = max","tests.web.component.auth","2026-07-06","passed","2026-07-06","TestSignUpWeb","test_signup_component","",""
"","705","[API] Update user should return 200_OK when send update user request with valid data. Case: 'first_name' length = max - 1","tests.api.user","2026-07-06","passed","2026-07-06","TestUpdateUserApi","test_update_user","",""
"","3561","[WEB] Sign up with valid data. Case: 'name' length = max - 1","tests.web.component.auth","2026-07-06","passed","2026-07-06","TestSignUpWeb","test_signup_component","",""
"","0","[API] Update user should return 400_BAD_REQUEST when send update user request with invalid data. Case: 'state' length = max + 1","tests.api.user","2026-07-06","skipped","2026-07-06","TestUpdateUserApi","test_update_user","",""
"","3163","[WEB] Sign up with valid data. Case: 'birth_year' = 10000","tests.web.component.auth","2026-07-06","passed","2026-07-06","TestSignUpWeb","test_signup_component","",""
"","0","[API] Create user should return 400_BAD_REQUEST when send create user request with invalid data. Case: 'email' not contains domain","tests.api.user","2026-07-06","skipped","2026-07-06","TestCreateUserApi","test_create_user","",""
"","399","[API] Update user should return 200_OK when send update user request with valid data. Case: 'mobile_number' length = min + 1","tests.api.user","2026-07-06","passed","2026-07-06","TestUpdateUserApi","test_update_user","",""
"","0","[API] Update user should return 400_BAD_REQUEST when send update user request with invalid data. Case: 'birth_month' is negative","tests.api.user","2026-07-06","skipped","2026-07-06","TestUpdateUserApi","test_update_user","",""
"","546","[WEB] Sign in with invalid credentials. Case: {case_title}","tests.web.component.auth","2026-07-06","passed","2026-07-06","TestLoginWeb","test_login_component","",""
"","0","[WEB Component] Pay with invalid card should show error message. Case: cvc too short","tests.web.component.payment","2026-07-06","skipped","2026-07-06","TestPaymentComponent","test_payment_component","",""
"","0","[API] Update user should return 400_BAD_REQUEST when send update user request with invalid data. Case: 'address1' length = min - 1","tests.api.user","2026-07-06","skipped","2026-07-06","TestUpdateUserApi","test_update_user","",""
"","0","[WEB Component] Pay with invalid card should show error message. Case: name is empty","tests.web.component.payment","2026-07-06","skipped","2026-07-06","TestPaymentComponent","test_payment_component","",""
"","0","[API] Create user should return 400_BAD_REQUEST when send create user request with invalid data. Case: 'state' length = min - 1","tests.api.user","2026-07-06","skipped","2026-07-06","TestCreateUserApi","test_create_user","",""
"","0","[API] Create user should return 400_BAD_REQUEST when send create user request with invalid data. Case: 'email' contains text after domain","tests.api.user","2026-07-06","skipped","2026-07-06","TestCreateUserApi","test_create_user","",""
"","472","[WEB Component] Pay with valid card should show success status message. Case: valid: expiry month max","tests.web.component.payment","2026-07-06","passed","2026-07-06","TestPaymentComponent","test_payment_component","",""
"","3047","[WEB Component] Should add product to cart when click on add to cart button","tests.web.component.product","2026-07-06","passed","2026-07-06","TestProductCard","test_product_card_component","",""
"","309","[WEB Component] Product item should navigate to product page when click on item title","tests.web.component.product","2026-07-06","passed","2026-07-06","TestProductItem","test_product_item","",""
"","1344","[WEB Component] Should add product to cart when click on add to cart button from overlay","tests.web.component.product","2026-07-06","passed","2026-07-06","TestAnimatedProductCard","test_animated_product_card_component","",""
"","2051","[WEB Component] Pay with valid card should show success status message. Case: valid: name min length","tests.web.component.payment","2026-07-06","passed","2026-07-06","TestPaymentComponent","test_payment_component","",""
"","0","[WEB] Sign up with invalid data. Case: 'last_name' length = max - 1","tests.web.component.auth","2026-07-06","skipped","2026-07-06","TestSignUpWeb","test_signup_component","",""
"","147","[WEB Component] Should visible user name when authorized","tests.web.component.base","2026-07-06","passed","2026-07-06","TestHeaderComponent","test_header_component","",""
"","0","[WEB Component] Pay with invalid card should show error message. Case: expiry month only spaces","tests.web.component.payment","2026-07-06","skipped","2026-07-06","TestPaymentComponent","test_payment_component","",""
"","264","[API] Update user should return 200_OK when send update user request with valid data. Case: 'address1' length = min","tests.api.user","2026-07-06","passed","2026-07-06","TestUpdateUserApi","test_update_user","",""
"","0","[API] Create user should return 400_BAD_REQUEST when send create user request with invalid data. Case: 'birth_day' is absent","tests.api.user","2026-07-06","skipped","2026-07-06","TestCreateUserApi","test_create_user","",""
"","0","[API] Create user should return 400_BAD_REQUEST when send create user request with invalid data. Case: 'birth_month' is zero","tests.api.user","2026-07-06","skipped","2026-07-06","TestCreateUserApi","test_create_user","",""
"","403","[WEB Component] Header has expected screenshot","tests.web.component.base","2026-07-06","passed","2026-07-06","TestHeaderComponent","test_header_component","",""
"","243","[API] Update user should return 200_OK when send update user request with valid data. Case: 'state' length = min","tests.api.user","2026-07-06","passed","2026-07-06","TestUpdateUserApi","test_update_user","",""
"","0","[WEB] Sign up with invalid data. Case: 'name' length = min + 1","tests.web.component.auth","2026-07-06","skipped","2026-07-06","TestSignUpWeb","test_signup_component","",""
"","0","[WEB] Sign up with invalid data. Case: 'address1' length = max - 1","tests.web.component.auth","2026-07-06","skipped","2026-07-06","TestSignUpWeb","test_signup_component","",""
"","689","[API] Update user should return 200_OK when send update user request with valid data. Case: 'birth_month' = 1","tests.api.user","2026-07-06","passed","2026-07-06","TestUpdateUserApi","test_update_user","",""
"","0","[WEB Component] Pay with invalid card should show error message. Case: card number too long","tests.web.component.payment","2026-07-06","skipped","2026-07-06","TestPaymentComponent","test_payment_component","",""
"","0","[API] Create user should return 400_BAD_REQUEST when send create user request with invalid data. Case: 'birth_year' is negative","tests.api.user","2026-07-06","skipped","2026-07-06","TestCreateUserApi","test_create_user","",""
"","363","[API] Create user should return 200_OK when send create user request with valid data. Case: 'last_name' length = max","tests.api.user","2026-07-06","passed","2026-07-06","TestCreateUserApi","test_create_user","",""
"","926","[WEB Component] Brand filter should have expected screenshot","tests.web.component.filter","2026-07-06","passed","2026-07-06","TestBrandFilter","test_brand_filter","",""
"","0","[WEB] Sign up with invalid data. Case: 'address1' length = min + 1","tests.web.component.auth","2026-07-06","skipped","2026-07-06","TestSignUpWeb","test_signup_component","",""
"","0","[API] Create user should return 400_BAD_REQUEST when send create user request with invalid data. Case: 'last_name' length = max + 1","tests.api.user","2026-07-06","skipped","2026-07-06","TestCreateUserApi","test_create_user","",""
"","0","[API] Create user should return 400_BAD_REQUEST when send create user request with invalid data. Case: 'birth_month' is negative","tests.api.user","2026-07-06","skipped","2026-07-06","TestCreateUserApi","test_create_user","",""
"","0","[API] Create user should return 400_BAD_REQUEST when send create user request with invalid data. Case: 'email' contains '-' after '@'","tests.api.user","2026-07-06","skipped","2026-07-06","TestCreateUserApi","test_create_user","",""
"","0","[WEB] Sign up with invalid data. Case: 'last_name' length = max","tests.web.component.auth","2026-07-06","skipped","2026-07-06","TestSignUpWeb","test_signup_component","",""
"","0","[API] Update user should return 400_BAD_REQUEST when send update user request with invalid data. Case: 'last_name' length = min - 1","tests.api.user","2026-07-06","skipped","2026-07-06","TestUpdateUserApi","test_update_user","",""
"","0","[WEB] Should not add product review with invalid data. Case: 'email' not contains '@' symbol","tests.web.component.review","2026-07-06","skipped","2026-07-06","TestReviewComponent","test_review_component","",""
"","0","[WEB] Should not add product review with invalid data. Case: 'name' is absent","tests.web.component.review","2026-07-06","skipped","2026-07-06","TestReviewComponent","test_review_component","",""
"","0","[WEB Component] Pay with invalid card should show error message. Case: expiry year only spaces","tests.web.component.payment","2026-07-06","skipped","2026-07-06","TestPaymentComponent","test_payment_component","",""
"","0","[WEB Component] Pay with invalid card should show error message. Case: expiry month = 00","tests.web.component.payment","2026-07-06","skipped","2026-07-06","TestPaymentComponent","test_payment_component","",""
"","458","Should return user not found when user password invalid","tests.api.user","2026-07-06","passed","2026-07-06","TestVerifyLoginApi","test_verify_login","",""
"","6791","[WEB] Sign up with valid data. Case: 'zipcode' length = max - 1","tests.web.component.auth","2026-07-06","passed","2026-07-06","TestSignUpWeb","test_signup_component","",""
"","317","[WEB Component] Payment component should have expected screenshot","tests.web.component.payment","2026-07-06","passed","2026-07-06","TestPaymentComponent","test_payment_component","",""
"","2551","[WEB Component] Pay with valid card should show success status message. Case: valid: common latin name","tests.web.component.payment","2026-07-06","passed","2026-07-06","TestPaymentComponent","test_payment_component","",""
"","0","[API] Create user should return 400_BAD_REQUEST when send create user request with invalid data. Case: 'birth_day' is negative","tests.api.user","2026-07-06","skipped","2026-07-06","TestCreateUserApi","test_create_user","",""
"","0","[WEB] Sign up with invalid data. Case: 'birth_day' = 1","tests.web.component.auth","2026-07-06","skipped","2026-07-06","TestSignUpWeb","test_signup_component","",""
"","0","[API] Update user should return 400_BAD_REQUEST when send update user request with invalid data. Case: 'first_name' length = max + 1","tests.api.user","2026-07-06","skipped","2026-07-06","TestUpdateUserApi","test_update_user","",""
"","3243","[WEB] Sign up with valid data. Case: 'birth_day' = 1","tests.web.component.auth","2026-07-06","passed","2026-07-06","TestSignUpWeb","test_signup_component","",""
"","253","[API] Create user should return 200_OK when send create user request with valid data. Case: 'address1' length = max","tests.api.user","2026-07-06","passed","2026-07-06","TestCreateUserApi","test_create_user","",""
"","0","[API] Create user should return 400_BAD_REQUEST when send create user request with invalid data. Case: 'address1' length = min - 1","tests.api.user","2026-07-06","skipped","2026-07-06","TestCreateUserApi","test_create_user","",""
"","0","[WEB] Sign up with invalid data. Case: 'zipcode' length = max - 1","tests.web.component.auth","2026-07-06","skipped","2026-07-06","TestSignUpWeb","test_signup_component","",""
"","0","[WEB] Sign up with invalid data. Case: 'first_name' length = min","tests.web.component.auth","2026-07-06","skipped","2026-07-06","TestSignUpWeb","test_signup_component","",""
"","832","[API] Update user should return 200_OK when send update user request with valid data. Case: 'address1' length = max","tests.api.user","2026-07-06","passed","2026-07-06","TestUpdateUserApi","test_update_user","",""
"","692","[API] Update user should return 200_OK when send update user request with valid data. Case: 'birth_day' length = 31","tests.api.user","2026-07-06","passed","2026-07-06","TestUpdateUserApi","test_update_user","",""
"","326","[API] Create user should return 200_OK when send create user request with valid data. Case: 'city' length = max - 1","tests.api.user","2026-07-06","passed","2026-07-06","TestCreateUserApi","test_create_user","",""
"","328","[API] Create user should return 200_OK when send create user request with valid data. Case: 'zipcode' length = max","tests.api.user","2026-07-06","passed","2026-07-06","TestCreateUserApi","test_create_user","",""
"","0","[WEB Component] Pay with invalid card should show error message. Case: expiry year contains letters","tests.web.component.payment","2026-07-06","skipped","2026-07-06","TestPaymentComponent","test_payment_component","",""
"","2728","[WEB Component] Image Carousel should show previous image when scroll left","tests.web.component.carousel","2026-07-06","passed","2026-07-06","TestImageCarousel","test_image_carousel","",""
"","830","test_get_all_products","tests.api.product","2026-07-06","passed","2026-07-06","TestProductApi","test_product","",""
"","0","[API] Update user should return 400_BAD_REQUEST when send update user request with invalid data. Case: 'birth_day' is invalid positive","tests.api.user","2026-07-06","skipped","2026-07-06","TestUpdateUserApi","test_update_user","",""
"","0","[API] Create user should return 400_BAD_REQUEST when send create user request with invalid data. Case: 'city' length = max + 1","tests.api.user","2026-07-06","skipped","2026-07-06","TestCreateUserApi","test_create_user","",""
"","0","[WEB] Sign up with invalid data. Case: 'zipcode' length = max","tests.web.component.auth","2026-07-06","skipped","2026-07-06","TestSignUpWeb","test_signup_component","",""
"","0","[API] Create user should return 400_BAD_REQUEST when send create user request with invalid data. Case: 'city' is empty","tests.api.user","2026-07-06","skipped","2026-07-06","TestCreateUserApi","test_create_user","",""
"","0","[API] Update user should return 400_BAD_REQUEST when send update user request with invalid data. Case: 'birth_month' is invalid positive","tests.api.user","2026-07-06","skipped","2026-07-06","TestUpdateUserApi","test_update_user","",""
"","0","[WEB Component] Pay with invalid card should show error message. Case: expiry year too long","tests.web.component.payment","2026-07-06","skipped","2026-07-06","TestPaymentComponent","test_payment_component","",""
"","3226","[WEB] Sign up with valid data. Case: 'company' length = min + 1","tests.web.component.auth","2026-07-06","passed","2026-07-06","TestSignUpWeb","test_signup_component","",""
"","0","[WEB Component] Pay with invalid card should show error message. Case: expiry month one digit","tests.web.component.payment","2026-07-06","skipped","2026-07-06","TestPaymentComponent","test_payment_component","",""
"","0","[WEB] Sign up with invalid data. Case: 'state' length = max - 1","tests.web.component.auth","2026-07-06","skipped","2026-07-06","TestSignUpWeb","test_signup_component","",""
"","0","[API] Create user should return 400_BAD_REQUEST when send create user request with invalid data. Case: 'mobile_number' has invalid format","tests.api.user","2026-07-06","skipped","2026-07-06","TestCreateUserApi","test_create_user","",""
"","742","[API] Update user should return 200_OK when send update user request with valid data. Case: 'address1' length = max - 1","tests.api.user","2026-07-06","passed","2026-07-06","TestUpdateUserApi","test_update_user","",""
"","399","[API] Update user should return 200_OK when send update user request with valid data. Case: 'company' length = min","tests.api.user","2026-07-06","passed","2026-07-06","TestUpdateUserApi","test_update_user","",""
"","140","[API] Create user should return 200_OK when send create user request with valid data. Case: 'name' length = min","tests.api.user","2026-07-06","passed","2026-07-06","TestCreateUserApi","test_create_user","",""
"","10515","[WEB] Sign in with valid data","tests.web.component.auth","2026-07-06","passed","2026-07-06","TestLoginWeb","test_login_component","",""
"","254","[API] Create user should return 200_OK when send create user request with valid data. Case: 'company' length = min","tests.api.user","2026-07-06","passed","2026-07-06","TestCreateUserApi","test_create_user","",""
"","233","[API] Create user should return 200_OK when send create user request with valid data. Case: 'state' length = min + 1","tests.api.user","2026-07-06","passed","2026-07-06","TestCreateUserApi","test_create_user","",""
"","262","[API] Get csrf should return 200_OK when send get csrf request and contains csrf cookie","tests.api.auth","2026-07-06","passed","2026-07-06","TestAuthApi","test_auth","",""
"","0","[WEB Component] Pay with invalid card should show error message. Case: card number fails luhn check","tests.web.component.payment","2026-07-06","skipped","2026-07-06","TestPaymentComponent","test_payment_component","",""
"","4180","[WEB] Sign up with valid data. Case: 'state' length = min + 1","tests.web.component.auth","2026-07-06","passed","2026-07-06","TestSignUpWeb","test_signup_component","",""
"","0","[API] Update user should return 400_BAD_REQUEST when send update user request with invalid data. Case: 'email' is empty","tests.api.user","2026-07-06","skipped","2026-07-06","TestUpdateUserApi","test_update_user","",""
"","0","[API] Update user should return 400_BAD_REQUEST when send update user request with invalid data. Case: 'first_name' is absent","tests.api.user","2026-07-06","skipped","2026-07-06","TestUpdateUserApi","test_update_user","",""
"","0","[API] Update user should return 400_BAD_REQUEST when send update user request with invalid data. Case: 'email' contains username hieroglyphs instead of username","tests.api.user","2026-07-06","skipped","2026-07-06","TestUpdateUserApi","test_update_user","",""
"","0","[WEB] Sign up with invalid data. Case: 'address2' length = min","tests.web.component.auth","2026-07-06","skipped","2026-07-06","TestSignUpWeb","test_signup_component","",""
"","0","[API] Update user should return 400_BAD_REQUEST when send update user request with invalid data. Case: 'birth_day' is zero","tests.api.user","2026-07-06","skipped","2026-07-06","TestUpdateUserApi","test_update_user","",""
"","0","[WEB] Sign up with invalid data. Case: 'city' length = max - 1","tests.web.component.auth","2026-07-06","skipped","2026-07-06","TestSignUpWeb","test_signup_component","",""
"","0","[API] Update user should return 400_BAD_REQUEST when send update user request with invalid data. Case: 'city' is empty","tests.api.user","2026-07-06","skipped","2026-07-06","TestUpdateUserApi","test_update_user","",""
"","1658","[WEB Component] Search filter should filter products by query","tests.web.component.filter","2026-07-06","passed","2026-07-06","TestSearchFilter","test_search_filter","",""
"","425","[API] Update user should return 200_OK when send update user request with valid data. Case: 'company' length = max - 1","tests.api.user","2026-07-06","passed","2026-07-06","TestUpdateUserApi","test_update_user","",""
"","0","[API] Create user should return 400_BAD_REQUEST when send create user request with invalid data. Case: 'email' is word","tests.api.user","2026-07-06","skipped","2026-07-06","TestCreateUserApi","test_create_user","",""
"","0","[WEB] Should not add product review with invalid data. Case: 'email' contains username hieroglyphs instead of username","tests.web.component.review","2026-07-06","skipped","2026-07-06","TestReviewComponent","test_review_component","",""
"","224","[API] Create user should return 200_OK when send create user request with valid data. Case: 'state' length = min","tests.api.user","2026-07-06","passed","2026-07-06","TestCreateUserApi","test_create_user","",""
"","713","[WEB Component] Add product notification should be closed when click on close button","tests.web.component.base","2026-07-06","passed","2026-07-06","TestNotificationComponent","test_notification_component","",""
"","0","[WEB] Should not add product review with invalid data. Case: 'email' contains '-' after '@'","tests.web.component.review","2026-07-06","skipped","2026-07-06","TestReviewComponent","test_review_component","",""
"","0","[WEB Component] Pay with invalid card should show error message. Case: card number is empty","tests.web.component.payment","2026-07-06","skipped","2026-07-06","TestPaymentComponent","test_payment_component","",""
"","0","[WEB] Sign up with invalid data. Case: 'last_name' length = min","tests.web.component.auth","2026-07-06","skipped","2026-07-06","TestSignUpWeb","test_signup_component","",""
"","0","[API] Update user should return 400_BAD_REQUEST when send update user request with invalid data. Case: 'birth_year' is zero","tests.api.user","2026-07-06","skipped","2026-07-06","TestUpdateUserApi","test_update_user","",""
"","0","[WEB Component] Pay with invalid card should show error message. Case: name contains digits","tests.web.component.payment","2026-07-06","skipped","2026-07-06","TestPaymentComponent","test_payment_component","",""
"","0","[API] Update user should return 400_BAD_REQUEST when send update user request with invalid data. Case: 'zipcode' is absent","tests.api.user","2026-07-06","skipped","2026-07-06","TestUpdateUserApi","test_update_user","",""
"","964","[API] Update user should return 200_OK when send update user request with valid data. Case: 'state' length = min + 1","tests.api.user","2026-07-06","passed","2026-07-06","TestUpdateUserApi","test_update_user","",""
"","0","[API] Create user should return 400_BAD_REQUEST when send create user request with invalid data. Case: 'last_name' length = min - 1","tests.api.user","2026-07-06","skipped","2026-07-06","TestCreateUserApi","test_create_user","",""
"","0","[WEB] Sign up with invalid data. Case: 'mobile_number' length = min + 1","tests.web.component.auth","2026-07-06","skipped","2026-07-06","TestSignUpWeb","test_signup_component","",""
"","4873","[WEB] Sign up with valid data. Case: 'name' length = max","tests.web.component.auth","2026-07-06","passed","2026-07-06","TestSignUpWeb","test_signup_component","",""
"","0","[API] Create user should return 400_BAD_REQUEST when send create user request with invalid data. Case: 'state' is empty","tests.api.user","2026-07-06","skipped","2026-07-06","TestCreateUserApi","test_create_user","",""
"","0","[API] Create user should return 400_BAD_REQUEST when send create user request with invalid data. Case: 'email' contains username hieroglyphs instead of username","tests.api.user","2026-07-06","skipped","2026-07-06","TestCreateUserApi","test_create_user","",""
"","0","[WEB] Sign up with invalid data. Case: 'company' length = min + 1","tests.web.component.auth","2026-07-06","skipped","2026-07-06","TestSignUpWeb","test_signup_component","",""
"","0","[API] Update user should return 400_BAD_REQUEST when send update user request with invalid data. Case: 'first_name' length = min - 1","tests.api.user","2026-07-06","skipped","2026-07-06","TestUpdateUserApi","test_update_user","",""
"","1","[API] Update user should return 400_BAD_REQUEST when send update user request with invalid data. Case: 'last_name' length = max + 1","tests.api.user","2026-07-06","skipped","2026-07-06","TestUpdateUserApi","test_update_user","",""
"","0","[WEB] Should not add product review with invalid data. Case: 'message' length = min","tests.web.component.review","2026-07-06","skipped","2026-07-06","TestReviewComponent","test_review_component","",""
"","240","[API] Create user should return 200_OK when send create user request with valid data. Case: 'address2' length = max","tests.api.user","2026-07-06","passed","2026-07-06","TestCreateUserApi","test_create_user","",""
"","3215","[WEB] Sign up with valid data. Case: 'company' length = max","tests.web.component.auth","2026-07-06","passed","2026-07-06","TestSignUpWeb","test_signup_component","",""
"","0","[API] Update user should return 400_BAD_REQUEST when send update user request with invalid data. Case: 'birth_month' is absent","tests.api.user","2026-07-06","skipped","2026-07-06","TestUpdateUserApi","test_update_user","",""
"","339","[API] Update user should return 200_OK when send update user request with valid data. Case: 'last_name' length = max","tests.api.user","2026-07-06","passed","2026-07-06","TestUpdateUserApi","test_update_user","",""
"","0","[WEB] Should not add product review with invalid data. Case: 'email' contains multiple '@' symbols","tests.web.component.review","2026-07-06","skipped","2026-07-06","TestReviewComponent","test_review_component","",""
"","410","[API] Update user should return 200_OK when send update user request with valid data. Case: 'birth_year' = 10000","tests.api.user","2026-07-06","passed","2026-07-06","TestUpdateUserApi","test_update_user","",""
"","778","[WEB] Should have expected screenshot when send review","tests.web.component.review","2026-07-06","passed","2026-07-06","TestReviewComponent","test_review_component","",""
"","0","[WEB] Sign up with invalid data. Case: 'mobile_number' length = max","tests.web.component.auth","2026-07-06","skipped","2026-07-06","TestSignUpWeb","test_signup_component","",""
"","650","[API] Update user should return 200_OK when send update user request with valid data. Case: 'last_name' length = min + 1","tests.api.user","2026-07-06","passed","2026-07-06","TestUpdateUserApi","test_update_user","",""
"","1216","[WEB Component] Brand filter should filters products by brand","tests.web.component.filter","2026-07-06","passed","2026-07-06","TestBrandFilter","test_brand_filter","",""
"","0","[API] Create user should return 400_BAD_REQUEST when send create user request with invalid data. Case: 'birth_year' is invalid positive","tests.api.user","2026-07-06","skipped","2026-07-06","TestCreateUserApi","test_create_user","",""
"","287","[API] Update user should return 200_OK when send update user request with valid data. Case: 'name' length = max - 1","tests.api.user","2026-07-06","passed","2026-07-06","TestUpdateUserApi","test_update_user","",""
"","0","[API] Create user should return 400_BAD_REQUEST when send create user request with invalid data. Case: 'email' contains '.' before dog symbol","tests.api.user","2026-07-06","skipped","2026-07-06","TestCreateUserApi","test_create_user","",""
"","0","[API] Create user should return 400_BAD_REQUEST when send create user request with invalid data. Case: 'state' is absent","tests.api.user","2026-07-06","skipped","2026-07-06","TestCreateUserApi","test_create_user","",""
"","3344","[WEB] Sign up with valid data. Case: 'address2' length = min","tests.web.component.auth","2026-07-06","passed","2026-07-06","TestSignUpWeb","test_signup_component","",""
"","0","[API] Create user should return 400_BAD_REQUEST when send create user request with invalid data. Case: 'company' length = max + 1","tests.api.user","2026-07-06","skipped","2026-07-06","TestCreateUserApi","test_create_user","",""
"","0","[API] Create user should return 400_BAD_REQUEST when send create user request with invalid data. Case: 'mobile_number' is absent","tests.api.user","2026-07-06","skipped","2026-07-06","TestCreateUserApi","test_create_user","",""
"","0","[WEB Component] Pay with invalid card should show error message. Case: name contains emoji","tests.web.component.payment","2026-07-06","skipped","2026-07-06","TestPaymentComponent","test_payment_component","",""
"","0","[WEB] Sign up with invalid data. Case: 'first_name' length = max - 1","tests.web.component.auth","2026-07-06","skipped","2026-07-06","TestSignUpWeb","test_signup_component","",""
"","0","[API] Update user should return 400_BAD_REQUEST when send update user request with invalid data. Case: 'name' length = min - 1","tests.api.user","2026-07-06","skipped","2026-07-06","TestUpdateUserApi","test_update_user","",""
"","0","[WEB] Sign up with invalid data. Case: 'first_name' length = max","tests.web.component.auth","2026-07-06","skipped","2026-07-06","TestSignUpWeb","test_signup_component","",""
"","0","[API] Update user should return 400_BAD_REQUEST when send update user request with invalid data. Case: 'birth_day' is absent","tests.api.user","2026-07-06","skipped","2026-07-06","TestUpdateUserApi","test_update_user","",""
"","0","[API] Create user should return 400_BAD_REQUEST when send create user request with invalid data. Case: 'email' contains mail server as ip and port","tests.api.user","2026-07-06","skipped","2026-07-06","TestCreateUserApi","test_create_user","",""
