"DESCRIPTION","DURATION IN MS","NAME","PARENT SUITE","START TIME","STATUS","STOP TIME","SUB SUITE","SUITE","TEST CLASS","TEST METHOD"
"","2101","[WEB Component] Pay with valid card should show success status message. Case: valid: 16 digits number","tests.web.component.payment","2026-08-10","passed","2026-08-10","TestPaymentComponent","test_payment_component","",""
"","0","[WEB Component] Pay with invalid card should show error message. Case: name contains non latin characters","tests.web.component.payment","2026-08-10","skipped","2026-08-10","TestPaymentComponent","test_payment_component","",""
"","0","[API] Create user should return 400_BAD_REQUEST when send create user request with invalid data. Case: 'email' is word","tests.api.user","2026-08-10","skipped","2026-08-10","TestCreateUserApi","test_create_user","",""
"","268","[API] Update user should return 200_OK when send update user request with valid data. Case: 'state' length = max - 1","tests.api.user","2026-08-10","passed","2026-08-10","TestUpdateUserApi","test_update_user","",""
"","770","[WEB Component] Should navigate to contact us page by click on 'Contact us' button","tests.web.component.base","2026-08-10","passed","2026-08-10","TestHeaderComponent","test_header_component","",""
"","0","[WEB Component] Pay with invalid card should show error message. Case: card number contains special characters","tests.web.component.payment","2026-08-10","skipped","2026-08-10","TestPaymentComponent","test_payment_component","",""
"","0","[WEB Component] Pay with invalid card should show error message. Case: expiry month is empty","tests.web.component.payment","2026-08-10","skipped","2026-08-10","TestPaymentComponent","test_payment_component","",""
"","162","[API] Create user should return 200_OK when send create user request with valid data. Case: 'name' length = min","tests.api.user","2026-08-10","passed","2026-08-10","TestCreateUserApi","test_create_user","",""
"","8476","Purchase products with login while checkout","tests.web.e2e","2026-08-10","passed","2026-08-10","TestPlaceOrder","test_place_order","",""
"","0","[WEB Component] Pay with invalid card should show error message. Case: cvc contains special characters","tests.web.component.payment","2026-08-10","skipped","2026-08-10","TestPaymentComponent","test_payment_component","",""
"","170","[WEB Component] Should visible user name when authorized","tests.web.component.base","2026-08-10","passed","2026-08-10","TestHeaderComponent","test_header_component","",""
"","273","[API] Update user should return 200_OK when send update user request with valid data. Case: 'mobile_number' length = max - 1","tests.api.user","2026-08-10","passed","2026-08-10","TestUpdateUserApi","test_update_user","",""
"","510","[WEB] Should add product review with valid data. Case: 'email' domain contains '-'","tests.web.component.review","2026-08-10","passed","2026-08-10","TestReviewComponent","test_review_component","",""
"","4442","[WEB] Sign up with valid data. Case: 'city' length = max - 1","tests.web.component.auth","2026-08-10","passed","2026-08-10","TestSignUpWeb","test_signup_component","",""
"","0","[API] Update user should return 400_BAD_REQUEST when send update user request with invalid data. Case: 'email' contains multiple '@' symbols","tests.api.user","2026-08-10","skipped","2026-08-10","TestUpdateUserApi","test_update_user","",""
"","0","[WEB] Should not add product review with invalid data. Case: 'email' contains username hieroglyphs instead of username","tests.web.component.review","2026-08-10","skipped","2026-08-10","TestReviewComponent","test_review_component","",""
"","0","[API] Update user should return 400_BAD_REQUEST when send update user request with invalid data. Case: 'birth_day' is invalid positive","tests.api.user","2026-08-10","skipped","2026-08-10","TestUpdateUserApi","test_update_user","",""
"","0","[WEB] Sign up with invalid data. Case: 'address2' length = min","tests.web.component.auth","2026-08-10","skipped","2026-08-10","TestSignUpWeb","test_signup_component","",""
"","397","[WEB] Should have expected screenshot when not send review","tests.web.component.review","2026-08-10","passed","2026-08-10","TestReviewComponent","test_review_component","",""
"","198","[API] Create user should return 200_OK when send create user request with valid data. Case: 'first_name' length = min + 1","tests.api.user","2026-08-10","passed","2026-08-10","TestCreateUserApi","test_create_user","",""
"","0","[API] Update user should return 400_BAD_REQUEST when send update user request with invalid data. Case: 'last_name' length = min - 1","tests.api.user","2026-08-10","skipped","2026-08-10","TestUpdateUserApi","test_update_user","",""
"","0","[API] Create user should return 400_BAD_REQUEST when send create user request with invalid data. Case: 'birth_month' is invalid positive","tests.api.user","2026-08-10","skipped","2026-08-10","TestCreateUserApi","test_create_user","",""
"","2399","[WEB Component] Products Carousel should last products when scroll left on first slide","tests.web.component.carousel","2026-08-10","passed","2026-08-10","TestProductCarousel","test_product_carousel","",""
"","3972","[WEB] Sign up with valid data. Case: 'first_name' length = min","tests.web.component.auth","2026-08-10","passed","2026-08-10","TestSignUpWeb","test_signup_component","",""
"","496","[API] Update user should return 200_OK when send update user request with valid data. Case: 'birth_year' = 1","tests.api.user","2026-08-10","passed","2026-08-10","TestUpdateUserApi","test_update_user","",""
"","7150","[WEB] Sign up with valid data. Case: 'zipcode' length = min + 1","tests.web.component.auth","2026-08-10","passed","2026-08-10","TestSignUpWeb","test_signup_component","",""
"","0","[API] Create user should return 400_BAD_REQUEST when send create user request with invalid data. Case: 'address2' is empty","tests.api.user","2026-08-10","skipped","2026-08-10","TestCreateUserApi","test_create_user","",""
"","0","[WEB] Should not add product review with invalid data. Case: 'email' contains '-' after '@'","tests.web.component.review","2026-08-10","skipped","2026-08-10","TestReviewComponent","test_review_component","",""
"","0","[API] Create user should return 400_BAD_REQUEST when send create user request with invalid data. Case: 'last_name' length = max + 1","tests.api.user","2026-08-10","skipped","2026-08-10","TestCreateUserApi","test_create_user","",""
"","0","[API] Create user should return 400_BAD_REQUEST when send create user request with invalid data. Case: 'mobile_number' length = max + 1","tests.api.user","2026-08-10","skipped","2026-08-10","TestCreateUserApi","test_create_user","",""
"","0","[WEB Component] Pay with invalid card should show error message. Case: name contains trailing spaces","tests.web.component.payment","2026-08-10","skipped","2026-08-10","TestPaymentComponent","test_payment_component","",""
"","0","[WEB Component] Pay with invalid card should show error message. Case: cvc contains letters","tests.web.component.payment","2026-08-10","skipped","2026-08-10","TestPaymentComponent","test_payment_component","",""
"","178","[API] Create user should return 200_OK when send create user request with valid data. Case: 'mobile_number' length = min + 1","tests.api.user","2026-08-10","passed","2026-08-10","TestCreateUserApi","test_create_user","",""
"","0","[WEB] Sign up with invalid data. Case: 'address1' length = min","tests.web.component.auth","2026-08-10","skipped","2026-08-10","TestSignUpWeb","test_signup_component","",""
"","661","[WEB] Should add product review with valid data. Case: 'email' domain length = 2","tests.web.component.review","2026-08-10","passed","2026-08-10","TestReviewComponent","test_review_component","",""
"","4807","[WEB] Sign up with valid data. Case: 'birth_month' = 1","tests.web.component.auth","2026-08-10","passed","2026-08-10","TestSignUpWeb","test_signup_component","",""
"","0","[API] Update user should return 400_BAD_REQUEST when send update user request with invalid data. Case: 'name' length = max + 1","tests.api.user","2026-08-10","skipped","2026-08-10","TestUpdateUserApi","test_update_user","",""
"","0","[API] Create user should return 400_BAD_REQUEST when send create user request with invalid data. Case: 'email' contains username hieroglyphs instead of username","tests.api.user","2026-08-10","skipped","2026-08-10","TestCreateUserApi","test_create_user","",""
"","187","[API] Create user should return 200_OK when send create user request with valid data. Case: 'state' length = min","tests.api.user","2026-08-10","passed","2026-08-10","TestCreateUserApi","test_create_user","",""
"","279","[API] Update user should return 200_OK when send update user request with valid data. Case: 'zipcode' length = max","tests.api.user","2026-08-10","passed","2026-08-10","TestUpdateUserApi","test_update_user","",""
"","0","[API] Create user should return 400_BAD_REQUEST when send create user request with invalid data. Case: 'zipcode' is absent","tests.api.user","2026-08-10","skipped","2026-08-10","TestCreateUserApi","test_create_user","",""
"","460","[WEB] Should add product review with valid data. Case: 'email' domain name length = 2","tests.web.component.review","2026-08-10","passed","2026-08-10","TestReviewComponent","test_review_component","",""
"","182","[API] Create user should return 200_OK when send create user request with valid data. Case: 'mobile_number' length = min","tests.api.user","2026-08-10","passed","2026-08-10","TestCreateUserApi","test_create_user","",""
"","0","[API] Create user should return 400_BAD_REQUEST when send create user request with invalid data. Case: 'address2' length = min - 1","tests.api.user","2026-08-10","skipped","2026-08-10","TestCreateUserApi","test_create_user","",""
"","319","[API] Update user should return 200_OK when send update user request with valid data. Case: 'address1' length = min + 1","tests.api.user","2026-08-10","passed","2026-08-10","TestUpdateUserApi","test_update_user","",""
"","170","[API] Create user should return 200_OK when send create user request with valid data. Case: 'last_name' length = min","tests.api.user","2026-08-10","passed","2026-08-10","TestCreateUserApi","test_create_user","",""
"","667","[WEB] Should add product review with valid data. Case: 'email' username is numerical","tests.web.component.review","2026-08-10","passed","2026-08-10","TestReviewComponent","test_review_component","",""
"","569","[API] Update user should return 200_OK when send update user request with valid data. Case: 'state' length = max","tests.api.user","2026-08-10","passed","2026-08-10","TestUpdateUserApi","test_update_user","",""
"","0","[WEB Component] Should not subscribe with invalid email","tests.web.component.base","2026-08-10","skipped","2026-08-10","TestSubscriptionComponent","test_subscription_component","",""
"","2378","[WEB Component] Image Carousel should show previous image when scroll left","tests.web.component.carousel","2026-08-10","passed","2026-08-10","TestImageCarousel","test_image_carousel","",""
"","0","[API] Create user should return 400_BAD_REQUEST when send create user request with invalid data. Case: 'birth_year' is negative","tests.api.user","2026-08-10","skipped","2026-08-10","TestCreateUserApi","test_create_user","",""
"","0","[WEB] Should not add product review with invalid data. Case: 'email' contains '.' before dog symbol","tests.web.component.review","2026-08-10","skipped","2026-08-10","TestReviewComponent","test_review_component","",""
"","200","[API] Create user should return 200_OK when send create user request with valid data. Case: 'birth_month' = 1","tests.api.user","2026-08-10","passed","2026-08-10","TestCreateUserApi","test_create_user","",""
"","4852","[WEB] Sign up with valid data. Case: 'address2' length = max - 1","tests.web.component.auth","2026-08-10","passed","2026-08-10","TestSignUpWeb","test_signup_component","",""
"","0","[WEB] Should not add product review with invalid data. Case: 'name' is empty","tests.web.component.review","2026-08-10","skipped","2026-08-10","TestReviewComponent","test_review_component","",""
"","0","[API] Update user should return 400_BAD_REQUEST when send update user request with invalid data. Case: 'zipcode' has invalid format","tests.api.user","2026-08-10","skipped","2026-08-10","TestUpdateUserApi","test_update_user","",""
"","324","[WEB Component] Payment component should have expected screenshot","tests.web.component.payment","2026-08-10","passed","2026-08-10","TestPaymentComponent","test_payment_component","",""
"","3706","[WEB] Sign up with valid data. Case: 'last_name' length = max - 1","tests.web.component.auth","2026-08-10","passed","2026-08-10","TestSignUpWeb","test_signup_component","",""
"","0","[API] Update user should return 400_BAD_REQUEST when send update user request with invalid data. Case: 'email' contains invalid top level domain web","tests.api.user","2026-08-10","skipped","2026-08-10","TestUpdateUserApi","test_update_user","",""
"","176","[API] Create user should return 200_OK when send create user request with valid data. Case: 'zipcode' length = max - 1","tests.api.user","2026-08-10","passed","2026-08-10","TestCreateUserApi","test_create_user","",""
"","0","[API] Create user should return 400_BAD_REQUEST when send create user request with invalid data. Case: 'birth_day' is negative","tests.api.user","2026-08-10","skipped","2026-08-10","TestCreateUserApi","test_create_user","",""
"","2665","[WEB Component] Products Carousel should show next products when scroll right","tests.web.component.carousel","2026-08-10","passed","2026-08-10","TestProductCarousel","test_product_carousel","",""
"","0","[API] Create user should return 400_BAD_REQUEST when send create user request with invalid data. Case: 'email' contains mail server as ip and port","tests.api.user","2026-08-10","skipped","2026-08-10","TestCreateUserApi","test_create_user","",""
"","0","[WEB] Sign up with invalid data. Case: 'city' length = max - 1","tests.web.component.auth","2026-08-10","skipped","2026-08-10","TestSignUpWeb","test_signup_component","",""
"","3980","[WEB] Sign up with valid data. Case: 'mobile_number' length = max","tests.web.component.auth","2026-08-10","passed","2026-08-10","TestSignUpWeb","test_signup_component","",""
"","513","[WEB] Should add product review with valid data. Case: 'email' contains subdomain","tests.web.component.review","2026-08-10","passed","2026-08-10","TestReviewComponent","test_review_component","",""
"","0","[API] Update user should return 400_BAD_REQUEST when send update user request with invalid data. Case: 'last_name' is absent","tests.api.user","2026-08-10","skipped","2026-08-10","TestUpdateUserApi","test_update_user","",""
"","42","[WEB Component] Should have all products expected total price","tests.web.component.product","2026-08-10","passed","2026-08-10","TestProductItem","test_product_item","",""
"","6425","[WEB] Sign up with valid data. Case: 'address2' length = max","tests.web.component.auth","2026-08-10","passed","2026-08-10","TestSignUpWeb","test_signup_component","",""
"","0","[API] Update user should return 400_BAD_REQUEST when send update user request with invalid data. Case: 'mobile_number' is absent","tests.api.user","2026-08-10","skipped","2026-08-10","TestUpdateUserApi","test_update_user","",""
"","165","[API] Create user should return 200_OK when send create user request with valid data. Case: 'address2' length = min","tests.api.user","2026-08-10","passed","2026-08-10","TestCreateUserApi","test_create_user","",""
"","494","[API] Update user should return 200_OK when send update user request with valid data. Case: 'address1' length = max","tests.api.user","2026-08-10","passed","2026-08-10","TestUpdateUserApi","test_update_user","",""
"","256","[API] Update user should return 200_OK when send update user request with valid data. Case: 'name' length = min + 1","tests.api.user","2026-08-10","passed","2026-08-10","TestUpdateUserApi","test_update_user","",""
"","9748","[WEB] Sign in with valid data","tests.web.component.auth","2026-08-10","passed","2026-08-10","TestLoginWeb","test_login_component","",""
"","0","[WEB] Sign up with invalid data. Case: 'state' length = max","tests.web.component.auth","2026-08-10","skipped","2026-08-10","TestSignUpWeb","test_signup_component","",""
"","174","[API] Create user should return 200_OK when send create user request with valid data. Case: 'birth_year' = 10000","tests.api.user","2026-08-10","passed","2026-08-10","TestCreateUserApi","test_create_user","",""
"","0","[API] Create user should return 400_BAD_REQUEST when send create user request with invalid data. Case: 'birth_month' is negative","tests.api.user","2026-08-10","skipped","2026-08-10","TestCreateUserApi","test_create_user","",""
"","296","[API] Create user should return 200_OK when send create user request with valid data. Case: 'zipcode' length = min","tests.api.user","2026-08-10","passed","2026-08-10","TestCreateUserApi","test_create_user","",""
"","0","[API] Update user should return 400_BAD_REQUEST when send update user request with invalid data. Case: 'email' contains mail server as ip and port","tests.api.user","2026-08-10","skipped","2026-08-10","TestUpdateUserApi","test_update_user","",""
"","451","[WEB Component] Should navigate to main page by click on header logo","tests.web.component.base","2026-08-10","passed","2026-08-10","TestHeaderComponent","test_header_component","",""
"","0","[WEB] Sign up with invalid data. Case: 'address1' length = max - 1","tests.web.component.auth","2026-08-10","skipped","2026-08-10","TestSignUpWeb","test_signup_component","",""
"","0","[WEB] Sign up with invalid data. Case: 'city' length = max","tests.web.component.auth","2026-08-10","skipped","2026-08-10","TestSignUpWeb","test_signup_component","",""
"","0","[WEB Component] Pay with invalid card should show error message. Case: expiry month = 00","tests.web.component.payment","2026-08-10","skipped","2026-08-10","TestPaymentComponent","test_payment_component","",""
"","0","[API] Update user should return 400_BAD_REQUEST when send update user request with invalid data. Case: 'last_name' is empty","tests.api.user","2026-08-10","skipped","2026-08-10","TestUpdateUserApi","test_update_user","",""
"","0","[API] Update user should return 400_BAD_REQUEST when send update user request with invalid data. Case: 'zipcode' length = min - 1","tests.api.user","2026-08-10","skipped","2026-08-10","TestUpdateUserApi","test_update_user","",""
"","1628","[WEB] Should add product review with valid data. Case: 'message' length = max","tests.web.component.review","2026-08-10","passed","2026-08-10","TestReviewComponent","test_review_component","",""
"","0","[API] Create user should return 400_BAD_REQUEST when send create user request with invalid data. Case: 'email' not contains domain","tests.api.user","2026-08-10","skipped","2026-08-10","TestCreateUserApi","test_create_user","",""
"","0","[WEB Component] Pay with invalid card should show error message. Case: expiry year in the past","tests.web.component.payment","2026-08-10","skipped","2026-08-10","TestPaymentComponent","test_payment_component","",""
"","4981","[WEB] Sign up with valid data. Case: 'city' length = min","tests.web.component.auth","2026-08-10","passed","2026-08-10","TestSignUpWeb","test_signup_component","",""
"","5271","[WEB] Sign up with valid data. Case: 'company' length = min","tests.web.component.auth","2026-08-10","passed","2026-08-10","TestSignUpWeb","test_signup_component","",""
"","0","[API] Update user should return 400_BAD_REQUEST when send update user request with invalid data. Case: 'email' contains username hieroglyphs instead of username","tests.api.user","2026-08-10","skipped","2026-08-10","TestUpdateUserApi","test_update_user","",""
"","0","[API] Create user should return 400_BAD_REQUEST when send create user request with invalid data. Case: 'mobile_number' is empty","tests.api.user","2026-08-10","skipped","2026-08-10","TestCreateUserApi","test_create_user","",""
"","0","[API] Update user should return 400_BAD_REQUEST when send update user request with invalid data. Case: 'birth_month' is invalid positive","tests.api.user","2026-08-10","skipped","2026-08-10","TestUpdateUserApi","test_update_user","",""
"","368","[API] Update user should return 200_OK when send update user request with valid data. Case: 'birth_day' length = 31","tests.api.user","2026-08-10","passed","2026-08-10","TestUpdateUserApi","test_update_user","",""
"","0","[WEB Component] Pay with invalid card should show error message. Case: name contains digits","tests.web.component.payment","2026-08-10","skipped","2026-08-10","TestPaymentComponent","test_payment_component","",""
"","0","[API] Create user should return 400_BAD_REQUEST when send create user request with invalid data. Case: 'zipcode' length = max + 1","tests.api.user","2026-08-10","skipped","2026-08-10","TestCreateUserApi","test_create_user","",""
"","235","[API] Update user should return 200_OK when send update user request with valid data. Case: 'first_name' length = max","tests.api.user","2026-08-10","passed","2026-08-10","TestUpdateUserApi","test_update_user","",""
"","0","[API] Update user should return 400_BAD_REQUEST when send update user request with invalid data. Case: 'address1' length = min - 1","tests.api.user","2026-08-10","skipped","2026-08-10","TestUpdateUserApi","test_update_user","",""
"","0","[API] Update user should return 400_BAD_REQUEST when send update user request with invalid data. Case: 'mobile_number' length = min - 1","tests.api.user","2026-08-10","skipped","2026-08-10","TestUpdateUserApi","test_update_user","",""
"","0","[API] Update user should return 400_BAD_REQUEST when send update user request with invalid data. Case: 'birth_year' is zero","tests.api.user","2026-08-10","skipped","2026-08-10","TestUpdateUserApi","test_update_user","",""
"","628","[WEB Component] Animated product card should have expected data","tests.web.component.product","2026-08-10","passed","2026-08-10","TestAnimatedProductCard","test_animated_product_card_component","",""
"","389","[WEB Component] Subscription component should have expected screenshot","tests.web.component.base","2026-08-10","passed","2026-08-10","TestSubscriptionComponent","test_subscription_component","",""
"","477","[API] Update user should return 200_OK when send update user request with valid data. Case: 'first_name' length = max - 1","tests.api.user","2026-08-10","passed","2026-08-10","TestUpdateUserApi","test_update_user","",""
"","4775","[WEB] Sign up with valid data. Case: 'address1' length = max - 1","tests.web.component.auth","2026-08-10","passed","2026-08-10","TestSignUpWeb","test_signup_component","",""
"","0","[WEB] Sign up with invalid data. Case: 'mobile_number' length = max - 1","tests.web.component.auth","2026-08-10","skipped","2026-08-10","TestSignUpWeb","test_signup_component","",""
"","0","[WEB Component] Pay with invalid card should show error message. Case: card number contains spaces","tests.web.component.payment","2026-08-10","skipped","2026-08-10","TestPaymentComponent","test_payment_component","",""
"","0","[WEB] Should not add product review with invalid data. Case: 'message' length = max - 1","tests.web.component.review","2026-08-10","skipped","2026-08-10","TestReviewComponent","test_review_component","",""
"","5847","[WEB Component] Category filter group should be collapsed after collapse expanded group","tests.web.component.filter","2026-08-10","passed","2026-08-10","TestCategoryFilter","test_category_filter","",""
"","0","[WEB] Sign up with invalid data. Case: 'birth_year' = 10000","tests.web.component.auth","2026-08-10","skipped","2026-08-10","TestSignUpWeb","test_signup_component","",""
"","527","[API] Update user should return 200_OK when send update user request with valid data. Case: 'first_name' length = min","tests.api.user","2026-08-10","passed","2026-08-10","TestUpdateUserApi","test_update_user","",""
"","0","[WEB Component] Pay with invalid card should show error message. Case: card number only spaces","tests.web.component.payment","2026-08-10","skipped","2026-08-10","TestPaymentComponent","test_payment_component","",""
"","4988","[WEB] Sign up with valid data. Case: 'zipcode' length = max - 1","tests.web.component.auth","2026-08-10","passed","2026-08-10","TestSignUpWeb","test_signup_component","",""
"","3416","[WEB] Sign up with valid data. Case: 'name' length = min + 1","tests.web.component.auth","2026-08-10","passed","2026-08-10","TestSignUpWeb","test_signup_component","",""
"","0","[WEB Component] Pay with invalid card should show error message. Case: card number too long","tests.web.component.payment","2026-08-10","skipped","2026-08-10","TestPaymentComponent","test_payment_component","",""
"","0","[API] Update user should return 400_BAD_REQUEST when send update user request with invalid data. Case: 'email' not contains username","tests.api.user","2026-08-10","skipped","2026-08-10","TestUpdateUserApi","test_update_user","",""
"","0","[API] Update user should return 400_BAD_REQUEST when send update user request with invalid data. Case: 'birth_month' is zero","tests.api.user","2026-08-10","skipped","2026-08-10","TestUpdateUserApi","test_update_user","",""
"","0","[WEB] Sign up with invalid data. Case: 'address1' length = max","tests.web.component.auth","2026-08-10","skipped","2026-08-10","TestSignUpWeb","test_signup_component","",""
"","0","[WEB Component] Pay with invalid card should show error message. Case: card number too short","tests.web.component.payment","2026-08-10","skipped","2026-08-10","TestPaymentComponent","test_payment_component","",""
"","0","[WEB] Sign up with invalid data. Case: 'company' length = max","tests.web.component.auth","2026-08-10","skipped","2026-08-10","TestSignUpWeb","test_signup_component","",""
"","1276","[WEB Component] Should add product to cart when click on add to cart button multiple times","tests.web.component.product","2026-08-10","passed","2026-08-10","TestProductCard","test_product_details_component","",""
"","0","[WEB Component] Pay with invalid card should show error message. Case: name is empty","tests.web.component.payment","2026-08-10","skipped","2026-08-10","TestPaymentComponent","test_payment_component","",""
"","236","[API] Update user should return 200_OK when send update user request with valid data. Case: 'address1' length = min","tests.api.user","2026-08-10","passed","2026-08-10","TestUpdateUserApi","test_update_user","",""
"","4750","[WEB] Sign up with valid data. Case: 'address2' length = min + 1","tests.web.component.auth","2026-08-10","passed","2026-08-10","TestSignUpWeb","test_signup_component","",""
"","254","[API] Update user should return 200_OK when send update user request with valid data. Case: 'birth_month' = 1","tests.api.user","2026-08-10","passed","2026-08-10","TestUpdateUserApi","test_update_user","",""
"","0","[WEB] Should not add product review with invalid data. Case: 'email' contains domain with one letter","tests.web.component.review","2026-08-10","skipped","2026-08-10","TestReviewComponent","test_review_component","",""
"","308","[API] Update user should return 200_OK when send update user request with valid data. Case: 'company' length = max","tests.api.user","2026-08-10","passed","2026-08-10","TestUpdateUserApi","test_update_user","",""
"","6005","[WEB] Sign up with valid data. Case: 'zipcode' length = min","tests.web.component.auth","2026-08-10","passed","2026-08-10","TestSignUpWeb","test_signup_component","",""
"","0","[WEB] Sign up with invalid data. Case: 'mobile_number' length = min","tests.web.component.auth","2026-08-10","skipped","2026-08-10","TestSignUpWeb","test_signup_component","",""
"","0","[WEB Component] Pay with invalid card should show error message. Case: card number all zeros","tests.web.component.payment","2026-08-10","skipped","2026-08-10","TestPaymentComponent","test_payment_component","",""
"","0","[API] Create user should return 400_BAD_REQUEST when send create user request with invalid data. Case: 'company' length = min - 1","tests.api.user","2026-08-10","skipped","2026-08-10","TestCreateUserApi","test_create_user","",""
"","0","[API] Update user should return 400_BAD_REQUEST when send update user request with invalid data. Case: 'company' is empty","tests.api.user","2026-08-10","skipped","2026-08-10","TestUpdateUserApi","test_update_user","",""
"","0","[API] Create user should return 400_BAD_REQUEST when send create user request with invalid data. Case: 'address1' length = min - 1","tests.api.user","2026-08-10","skipped","2026-08-10","TestCreateUserApi","test_create_user","",""
"","222","[API] Update user should return 200_OK when send update user request with valid data. Case: 'name' length = min","tests.api.user","2026-08-10","passed","2026-08-10","TestUpdateUserApi","test_update_user","",""
"","165","[API] Create user should return 200_OK when send create user request with valid data. Case: 'birth_year' = 1","tests.api.user","2026-08-10","passed","2026-08-10","TestCreateUserApi","test_create_user","",""
"","0","[WEB] Sign up with invalid data. Case: 'first_name' length = min","tests.web.component.auth","2026-08-10","skipped","2026-08-10","TestSignUpWeb","test_signup_component","",""
"","458","[WEB] Should add product review with valid data. Case: 'email' username contains only underscore '-'","tests.web.component.review","2026-08-10","passed","2026-08-10","TestReviewComponent","test_review_component","",""
"","5884","[WEB] Sign up with valid data. Case: 'birth_year' = 10000","tests.web.component.auth","2026-08-10","passed","2026-08-10","TestSignUpWeb","test_signup_component","",""
"","0","[API] Create user should return 400_BAD_REQUEST when send create user request with invalid data. Case: 'birth_year' is zero","tests.api.user","2026-08-10","skipped","2026-08-10","TestCreateUserApi","test_create_user","",""
"","306","[API] Update user should return 200_OK when send update user request with valid data. Case: 'zipcode' length = max - 1","tests.api.user","2026-08-10","passed","2026-08-10","TestUpdateUserApi","test_update_user","",""
"","529","[API] Update user should return 200_OK when send update user request with valid data. Case: 'state' length = min + 1","tests.api.user","2026-08-10","passed","2026-08-10","TestUpdateUserApi","test_update_user","",""
"","447","[WEB] Should add product review with valid data. Case: 'email' has not exists email service","tests.web.component.review","2026-08-10","passed","2026-08-10","TestReviewComponent","test_review_component","",""
"","167","[API] Create user should return 200_OK when send create user request with valid data. Case: 'state' length = max - 1","tests.api.user","2026-08-10","passed","2026-08-10","TestCreateUserApi","test_create_user","",""
"","0","[API] Update user should return 400_BAD_REQUEST when send update user request with invalid data. Case: 'name' length = min - 1","tests.api.user","2026-08-10","skipped","2026-08-10","TestUpdateUserApi","test_update_user","",""
"","582","[WEB] Should add product review with valid data. Case: 'message' length = min","tests.web.component.review","2026-08-10","passed","2026-08-10","TestReviewComponent","test_review_component","",""
"","188","[API] Create user should return 200_OK when send create user request with valid data. Case: 'company' length = max - 1","tests.api.user","2026-08-10","passed","2026-08-10","TestCreateUserApi","test_create_user","",""
"","0","[WEB] Should not add product review with invalid data. Case: 'email' not contains username","tests.web.component.review","2026-08-10","skipped","2026-08-10","TestReviewComponent","test_review_component","",""
"","0","[API] Update user should return 400_BAD_REQUEST when send update user request with invalid data. Case: 'birth_month' is absent","tests.api.user","2026-08-10","skipped","2026-08-10","TestUpdateUserApi","test_update_user","",""
"","0","[API] Create user should return 400_BAD_REQUEST when send create user request with invalid data. Case: 'city' length = max + 1","tests.api.user","2026-08-10","skipped","2026-08-10","TestCreateUserApi","test_create_user","",""
"","2102","[WEB Component] Product carousel should have expected product","tests.web.component.carousel","2026-08-10","failed","2026-08-10","TestProductCarousel","test_product_carousel","",""
"","185","[API] Create user should return 200_OK when send create user request with valid data. Case: 'first_name' length = max - 1","tests.api.user","2026-08-10","passed","2026-08-10","TestCreateUserApi","test_create_user","",""
"","0","[API] Update user should return 400_BAD_REQUEST when send update user request with invalid data. Case: 'company' length = min - 1","tests.api.user","2026-08-10","skipped","2026-08-10","TestUpdateUserApi","test_update_user","",""
"","0","[WEB] Sign up with invalid data. Case: 'address1' length = min + 1","tests.web.component.auth","2026-08-10","skipped","2026-08-10","TestSignUpWeb","test_signup_component","",""
"","9970","[WEB Component] Category filter group should be collapsed after expand another group","tests.web.component.filter","2026-08-10","failed","2026-08-10","TestCategoryFilter","test_category_filter","",""
"","0","[WEB Component] Pay with invalid card should show error message. Case: name length = max + 1","tests.web.component.payment","2026-08-10","skipped","2026-08-10","TestPaymentComponent","test_payment_component","",""
"","397","[API] Create user should return 200_OK when send create user request with valid data. Case: 'name' length = max","tests.api.user","2026-08-10","passed","2026-08-10","TestCreateUserApi","test_create_user","",""
"","0","[WEB Component] Pay with invalid card should show error message. Case: name contains special characters","tests.web.component.payment","2026-08-10","skipped","2026-08-10","TestPaymentComponent","test_payment_component","",""
"","5465","[WEB] Sign up with valid data. Case: 'company' length = max - 1","tests.web.component.auth","2026-08-10","passed","2026-08-10","TestSignUpWeb","test_signup_component","",""
"","4560","[WEB] Sign up with valid data. Case: 'mobile_number' length = max - 1","tests.web.component.auth","2026-08-10","passed","2026-08-10","TestSignUpWeb","test_signup_component","",""
"","0","[WEB] Sign up with invalid data. Case: 'last_name' length = max","tests.web.component.auth","2026-08-10","skipped","2026-08-10","TestSignUpWeb","test_signup_component","",""
"","0","[WEB Component] Pay with invalid card should show error message. Case: name contains newline","tests.web.component.payment","2026-08-10","skipped","2026-08-10","TestPaymentComponent","test_payment_component","",""
"","2325","[WEB Component] Search filter should return all products when filter by empty query","tests.web.component.filter","2026-08-10","passed","2026-08-10","TestSearchFilter","test_search_filter","",""
"","0","[WEB] Sign up with invalid data. Case: 'first_name' length = max","tests.web.component.auth","2026-08-10","skipped","2026-08-10","TestSignUpWeb","test_signup_component","",""
"","2412","[WEB Component] Product details should have expected data","tests.web.component.product","2026-08-10","passed","2026-08-10","TestProductCard","test_product_details_component","",""
"","0","[API] Update user should return 400_BAD_REQUEST when send update user request with invalid data. Case: 'birth_month' is negative","tests.api.user","2026-08-10","skipped","2026-08-10","TestUpdateUserApi","test_update_user","",""
"","1063","[WEB Component] Should not add negative products count to cart when click on add to cart button","tests.web.component.product","2026-08-10","passed","2026-08-10","TestProductCard","test_product_details_component","",""
"","0","[API] Update user should return 400_BAD_REQUEST when send update user request with invalid data. Case: 'last_name' length = max + 1","tests.api.user","2026-08-10","skipped","2026-08-10","TestUpdateUserApi","test_update_user","",""
"","2918","[WEB Component] Order placed page should have expected screenshot","tests.web.component.payment","2026-08-10","passed","2026-08-10","TestPaymentComponent","test_invoice_file","",""
"","0","[API] Update user should return 400_BAD_REQUEST when send update user request with invalid data. Case: 'city' is absent","tests.api.user","2026-08-10","skipped","2026-08-10","TestUpdateUserApi","test_update_user","",""
"","0","[WEB Component] Pay with invalid card should show error message. Case: cvc too short","tests.web.component.payment","2026-08-10","skipped","2026-08-10","TestPaymentComponent","test_payment_component","",""
"","0","[WEB] Should not add product review with invalid data. Case: 'email' contains only special symbols","tests.web.component.review","2026-08-10","skipped","2026-08-10","TestReviewComponent","test_review_component","",""
"","0","[WEB Component] Pay with invalid card should show error message. Case: expiry month = 13","tests.web.component.payment","2026-08-10","skipped","2026-08-10","TestPaymentComponent","test_payment_component","",""
"","4438","[WEB] Sign up with valid data. Case: 'first_name' length = max","tests.web.component.auth","2026-08-10","passed","2026-08-10","TestSignUpWeb","test_signup_component","",""
"","819","[WEB] Should add product review with valid data. Case: 'name' length = max","tests.web.component.review","2026-08-10","passed","2026-08-10","TestReviewComponent","test_review_component","",""
"","166","[API] Create user should return 200_OK when send create user request with valid data. Case: 'last_name' length = min + 1","tests.api.user","2026-08-10","passed","2026-08-10","TestCreateUserApi","test_create_user","",""
"","298","[API] Create user should return 200_OK when send create user request with valid data. Case: 'address1' length = max","tests.api.user","2026-08-10","passed","2026-08-10","TestCreateUserApi","test_create_user","",""
"","1434","[WEB Component] Should add product to cart when click on add to cart button from overlay","tests.web.component.product","2026-08-10","passed","2026-08-10","TestAnimatedProductCard","test_animated_product_card_component","",""
"","0","[API] Create user should return 400_BAD_REQUEST when send create user request with invalid data. Case: 'zipcode' has invalid format","tests.api.user","2026-08-10","skipped","2026-08-10","TestCreateUserApi","test_create_user","",""
"","490","[WEB Component] Pay with valid card should show success status message. Case: valid: common latin name","tests.web.component.payment","2026-08-10","passed","2026-08-10","TestPaymentComponent","test_payment_component","",""
"","239","[API] Update user should return 200_OK when send update user request with valid data. Case: 'mobile_number' length = max","tests.api.user","2026-08-10","passed","2026-08-10","TestUpdateUserApi","test_update_user","",""
"","438","[API] Get csrf should return 200_OK when send get csrf request and contains csrf cookie","tests.api.auth","2026-08-10","passed","2026-08-10","TestAuthApi","test_auth","",""
"","0","[WEB] Sign up with invalid data. Case: 'company' length = min + 1","tests.web.component.auth","2026-08-10","skipped","2026-08-10","TestSignUpWeb","test_signup_component","",""
"","0","[WEB] Should not add product review with invalid data. Case: 'name' length = max + 1","tests.web.component.review","2026-08-10","skipped","2026-08-10","TestReviewComponent","test_review_component","",""
"","1347","[WEB Component] Should navigate to login page by click 'Signup / Login' button","tests.web.component.base","2026-08-10","passed","2026-08-10","TestHeaderComponent","test_header_component","",""
"","0","[API] Create user should return 400_BAD_REQUEST when send create user request with invalid data. Case: 'email' contains multiple '@' symbols","tests.api.user","2026-08-10","skipped","2026-08-10","TestCreateUserApi","test_create_user","",""
"","0","[WEB] Sign up with invalid data. Case: 'address2' length = max - 1","tests.web.component.auth","2026-08-10","skipped","2026-08-10","TestSignUpWeb","test_signup_component","",""
"","0","[API] Create user should return 400_BAD_REQUEST when send create user request with invalid data. Case: 'email' contains '-' after '@'","tests.api.user","2026-08-10","skipped","2026-08-10","TestCreateUserApi","test_create_user","",""
"","0","[API] Create user should return 400_BAD_REQUEST when send create user request with invalid data. Case: 'birth_year' is invalid positive","tests.api.user","2026-08-10","skipped","2026-08-10","TestCreateUserApi","test_create_user","",""
"","0","[WEB Component] Pay with invalid card should show error message. Case: card number is empty","tests.web.component.payment","2026-08-10","skipped","2026-08-10","TestPaymentComponent","test_payment_component","",""
"","0","[API] Create user should return 400_BAD_REQUEST when send create user request with invalid data. Case: 'address1' length = max + 1","tests.api.user","2026-08-10","skipped","2026-08-10","TestCreateUserApi","test_create_user","",""
"","4190","[WEB] Sign up with valid data. Case: 'city' length = min + 1","tests.web.component.auth","2026-08-10","passed","2026-08-10","TestSignUpWeb","test_signup_component","",""
"","0","[API] Update user should return 400_BAD_REQUEST when send update user request with invalid data. Case: 'name' is absent","tests.api.user","2026-08-10","skipped","2026-08-10","TestUpdateUserApi","test_update_user","",""
"","699","[WEB Component] Should delete user name by click on 'Delete Account' button","tests.web.component.base","2026-08-10","passed","2026-08-10","TestHeaderComponent","test_header_component","",""
"","525","[WEB Component] Should remove product from cart","tests.web.component.product","2026-08-10","passed","2026-08-10","TestProductItem","test_product_item","",""
"","638","[WEB] Should add product review with valid data. Case: 'email' username contains '+'","tests.web.component.review","2026-08-10","passed","2026-08-10","TestReviewComponent","test_review_component","",""
"","0","[API] Create user should return 400_BAD_REQUEST when send create user request with invalid data. Case: 'first_name' length = max + 1","tests.api.user","2026-08-10","skipped","2026-08-10","TestCreateUserApi","test_create_user","",""
"","0","[WEB Component] Pay with invalid card should show error message. Case: card number contains letters","tests.web.component.payment","2026-08-10","skipped","2026-08-10","TestPaymentComponent","test_payment_component","",""
"","167","[API] Create user should return 200_OK when send create user request with valid data. Case: 'birth_day' = 1","tests.api.user","2026-08-10","passed","2026-08-10","TestCreateUserApi","test_create_user","",""
"","4719","[WEB] Sign up with valid data. Case: 'last_name' length = max","tests.web.component.auth","2026-08-10","passed","2026-08-10","TestSignUpWeb","test_signup_component","",""
"","0","[API] Update user should return 400_BAD_REQUEST when send update user request with invalid data. Case: 'birth_day' is absent","tests.api.user","2026-08-10","skipped","2026-08-10","TestUpdateUserApi","test_update_user","",""
"","0","[WEB] Sign up with invalid data. Case: 'name' length = min + 1","tests.web.component.auth","2026-08-10","skipped","2026-08-10","TestSignUpWeb","test_signup_component","",""
"","349","[API] Update user should return 200_OK when send update user request with valid data. Case: 'birth_month' = 12","tests.api.user","2026-08-10","passed","2026-08-10","TestUpdateUserApi","test_update_user","",""
"","0","[WEB Component] Pay with invalid card should show error message. Case: name contains emoji","tests.web.component.payment","2026-08-10","skipped","2026-08-10","TestPaymentComponent","test_payment_component","",""
"","0","[API] Create user should return 400_BAD_REQUEST when send create user request with invalid data. Case: 'city' is empty","tests.api.user","2026-08-10","skipped","2026-08-10","TestCreateUserApi","test_create_user","",""
"","5783","[WEB] Sign up with valid data. Case: 'state' length = max - 1","tests.web.component.auth","2026-08-10","passed","2026-08-10","TestSignUpWeb","test_signup_component","",""
"","0","[API] Update user should return 400_BAD_REQUEST when send update user request with invalid data. Case: 'email' contains text before username","tests.api.user","2026-08-10","skipped","2026-08-10","TestUpdateUserApi","test_update_user","",""
"","0","[WEB Component] Pay with invalid card should show error message. Case: expiry year is empty","tests.web.component.payment","2026-08-10","skipped","2026-08-10","TestPaymentComponent","test_payment_component","",""
"","4728","[WEB] Sign up with valid data. Case: 'last_name' length = min + 1","tests.web.component.auth","2026-08-10","passed","2026-08-10","TestSignUpWeb","test_signup_component","",""
"","0","[API] Create user should return 400_BAD_REQUEST when send create user request with invalid data. Case: 'email' contains domain with one letter","tests.api.user","2026-08-10","skipped","2026-08-10","TestCreateUserApi","test_create_user","",""
"","0","[WEB Component] Pay with invalid card should show error message. Case: expiry year too short","tests.web.component.payment","2026-08-10","skipped","2026-08-10","TestPaymentComponent","test_payment_component","",""
"","5344","[WEB] Sign up with valid data. Case: 'company' length = min + 1","tests.web.component.auth","2026-08-10","passed","2026-08-10","TestSignUpWeb","test_signup_component","",""
"","0","[API] Update user should return 400_BAD_REQUEST when send update user request with invalid data. Case: 'zipcode' is absent","tests.api.user","2026-08-10","skipped","2026-08-10","TestUpdateUserApi","test_update_user","",""
"","172","[API] Get user should return 200_OK when send get user request and user exists","tests.api.user","2026-08-10","passed","2026-08-10","TestGetUserApi","test_get_user","",""
"","5159","[WEB] Sign up with valid data. Case: 'city' length = max","tests.web.component.auth","2026-08-10","passed","2026-08-10","TestSignUpWeb","test_signup_component","",""
"","559","[WEB] Should add product review with valid data. Case: 'name' length = min","tests.web.component.review","2026-08-10","passed","2026-08-10","TestReviewComponent","test_review_component","",""
"","239","[API] Update user should return 200_OK when send update user request with valid data. Case: 'state' length = min","tests.api.user","2026-08-10","passed","2026-08-10","TestUpdateUserApi","test_update_user","",""
"","0","[API] Update user should return 400_BAD_REQUEST when send update user request with invalid data. Case: 'email' not contains domain","tests.api.user","2026-08-10","skipped","2026-08-10","TestUpdateUserApi","test_update_user","",""
"","228","[API] Update user should return 200_OK when send update user request with valid data. Case: 'last_name' length = max - 1","tests.api.user","2026-08-10","passed","2026-08-10","TestUpdateUserApi","test_update_user","",""
"","0","[API] Create user should return 400_BAD_REQUEST when send create user request with invalid data. Case: 'city' length = min - 1","tests.api.user","2026-08-10","skipped","2026-08-10","TestCreateUserApi","test_create_user","",""
"","7769","[WEB] Sign up with valid data. Case: 'mobile_number' length = min","tests.web.component.auth","2026-08-10","passed","2026-08-10","TestSignUpWeb","test_signup_component","",""
"","0","[WEB Component] Pay with invalid card should show error message. Case: cvc only spaces","tests.web.component.payment","2026-08-10","skipped","2026-08-10","TestPaymentComponent","test_payment_component","",""
"","0","[API] Update user should return 400_BAD_REQUEST when send update user request with invalid data. Case: 'city' length = min - 1","tests.api.user","2026-08-10","skipped","2026-08-10","TestUpdateUserApi","test_update_user","",""
"","2040","[WEB Component] Brand filter should filters products by brand","tests.web.component.filter","2026-08-10","passed","2026-08-10","TestBrandFilter","test_brand_filter","",""
"","183","[API] Create user should return 200_OK when send create user request with valid data. Case: 'city' length = min","tests.api.user","2026-08-10","passed","2026-08-10","TestCreateUserApi","test_create_user","",""
"","4333","[WEB] Sign up with valid data. Case: 'address1' length = max","tests.web.component.auth","2026-08-10","passed","2026-08-10","TestSignUpWeb","test_signup_component","",""
"","396","[WEB Component] Should navigate to cart page by click 'Cart' button","tests.web.component.base","2026-08-10","passed","2026-08-10","TestHeaderComponent","test_header_component","",""
"","0","[API] Update user should return 400_BAD_REQUEST when send update user request with invalid data. Case: 'state' length = max + 1","tests.api.user","2026-08-10","skipped","2026-08-10","TestUpdateUserApi","test_update_user","",""
"","745","[WEB Component] Should subscribe with valid email","tests.web.component.base","2026-08-10","passed","2026-08-10","TestSubscriptionComponent","test_subscription_component","",""
"","0","[API] Create user should return 400_BAD_REQUEST when send create user request with invalid data. Case: 'name' is empty","tests.api.user","2026-08-10","skipped","2026-08-10","TestCreateUserApi","test_create_user","",""
"","0","[WEB] Should not add product review with invalid data. Case: 'email' is word","tests.web.component.review","2026-08-10","skipped","2026-08-10","TestReviewComponent","test_review_component","",""
"","0","[API] Update user should return 400_BAD_REQUEST when send update user request with invalid data. Case: 'email' contains '-' after '@'","tests.api.user","2026-08-10","skipped","2026-08-10","TestUpdateUserApi","test_update_user","",""
"","0","[API] Create user should return 400_BAD_REQUEST when send create user request with invalid data. Case: 'state' length = min - 1","tests.api.user","2026-08-10","skipped","2026-08-10","TestCreateUserApi","test_create_user","",""
"","1124","[WEB Component] Product card should have expected data","tests.web.component.product","2026-08-10","skipped","2026-08-10","TestProductCard","test_product_card_component","",""
"","417","[API] Create user should return 200_OK when send create user request with valid data. Case: 'first_name' length = max","tests.api.user","2026-08-10","passed","2026-08-10","TestCreateUserApi","test_create_user","",""
"","3584","[WEB] Sign up with valid data. Case: 'zipcode' length = max","tests.web.component.auth","2026-08-10","passed","2026-08-10","TestSignUpWeb","test_signup_component","",""
"","530","[WEB Component] Should add product to cart when click on add to cart button","tests.web.component.product","2026-08-10","passed","2026-08-10","TestAnimatedProductCard","test_animated_product_card_component","",""
"","5651","[WEB Component] Category filter should have expected screenshot when group expanded","tests.web.component.filter","2026-08-10","failed","2026-08-10","TestCategoryFilter","test_category_filter","",""
"","0","[API] Create user should return 400_BAD_REQUEST when send create user request with invalid data. Case: 'birth_year' is absent","tests.api.user","2026-08-10","skipped","2026-08-10","TestCreateUserApi","test_create_user","",""
"","179","[API] Create user should return 200_OK when send create user request with valid data. Case: 'zipcode' length = max","tests.api.user","2026-08-10","passed","2026-08-10","TestCreateUserApi","test_create_user","",""
"","2134","[WEB Component] Pay with valid card should show success status message. Case: valid: expiry month max","tests.web.component.payment","2026-08-10","passed","2026-08-10","TestPaymentComponent","test_payment_component","",""
"","259","[API] Update user should return 200_OK when send update user request with valid data. Case: 'mobile_number' length = min + 1","tests.api.user","2026-08-10","passed","2026-08-10","TestUpdateUserApi","test_update_user","",""
"","0","[API] Update user should return 400_BAD_REQUEST when send update user request with invalid data. Case: 'mobile_number' is empty","tests.api.user","2026-08-10","skipped","2026-08-10","TestUpdateUserApi","test_update_user","",""
"","166","[API] Create user should return 400_BAD_REQUEST when send create user request with existing email","tests.api.user","2026-08-10","passed","2026-08-10","TestCreateUserApi","test_create_user","",""
"","0","[WEB Component] Pay with invalid card should show error message. Case: card number fails luhn check","tests.web.component.payment","2026-08-10","skipped","2026-08-10","TestPaymentComponent","test_payment_component","",""
"","0","[API] Update user should return 400_BAD_REQUEST when send update user request with invalid data. Case: 'address1' is absent","tests.api.user","2026-08-10","skipped","2026-08-10","TestUpdateUserApi","test_update_user","",""
"","0","[WEB] Sign up with invalid data. Case: 'city' length = min","tests.web.component.auth","2026-08-10","skipped","2026-08-10","TestSignUpWeb","test_signup_component","",""
"","4264","[WEB] Sign up with valid data. Case: 'first_name' length = max - 1","tests.web.component.auth","2026-08-10","passed","2026-08-10","TestSignUpWeb","test_signup_component","",""
"","1844","[WEB Component] Pay with valid card should show success status message. Case: valid: name min length","tests.web.component.payment","2026-08-10","passed","2026-08-10","TestPaymentComponent","test_payment_component","",""
"","0","[API] Create user should return 400_BAD_REQUEST when send create user request with invalid data. Case: 'email' contains text after domain","tests.api.user","2026-08-10","skipped","2026-08-10","TestCreateUserApi","test_create_user","",""
"","0","[WEB Component] Pay with invalid card should show error message. Case: expiry year too long","tests.web.component.payment","2026-08-10","skipped","2026-08-10","TestPaymentComponent","test_payment_component","",""
"","0","[API] Create user should return 400_BAD_REQUEST when send create user request with invalid data. Case: 'state' length = max + 1","tests.api.user","2026-08-10","skipped","2026-08-10","TestCreateUserApi","test_create_user","",""
"","0","[API] Create user should return 400_BAD_REQUEST when send create user request with invalid data. Case: 'last_name' length = min - 1","tests.api.user","2026-08-10","skipped","2026-08-10","TestCreateUserApi","test_create_user","",""
"","201","[API] Create user should return 200_OK when send create user request with valid data. Case: 'birth_month' = 12","tests.api.user","2026-08-10","passed","2026-08-10","TestCreateUserApi","test_create_user","",""
"","1223","[WEB Component] Should add product to cart when click on add to cart button","tests.web.component.product","2026-08-10","passed","2026-08-10","TestProductCard","test_product_details_component","",""
"","0","[WEB] Sign up with invalid data. Case: 'birth_day' = 1","tests.web.component.auth","2026-08-10","skipped","2026-08-10","TestSignUpWeb","test_signup_component","",""
"","0","[API] Update user should return 400_BAD_REQUEST when send update user request with invalid data. Case: 'address1' length = max + 1","tests.api.user","2026-08-10","skipped","2026-08-10","TestUpdateUserApi","test_update_user","",""
"","0","[WEB] Sign up with invalid data. Case: 'zipcode' length = max","tests.web.component.auth","2026-08-10","skipped","2026-08-10","TestSignUpWeb","test_signup_component","",""
"","0","[WEB] Sign up with invalid data. Case: 'zipcode' length = min","tests.web.component.auth","2026-08-10","skipped","2026-08-10","TestSignUpWeb","test_signup_component","",""
"","13074","Purchase products with sign up before checkout","tests.web.e2e","2026-08-10","passed","2026-08-10","TestPlaceOrder","test_place_order","",""
"","2512","[WEB Component] Image Carousel should show next image when scroll right","tests.web.component.carousel","2026-08-10","passed","2026-08-10","TestImageCarousel","test_image_carousel","",""
"","955","[WEB Component] Should decrease all products total price","tests.web.component.product","2026-08-10","passed","2026-08-10","TestProductItem","test_product_item","",""
"","0","[WEB] Sign up with invalid data. Case: 'zipcode' length = min + 1","tests.web.component.auth","2026-08-10","skipped","2026-08-10","TestSignUpWeb","test_signup_component","",""
"","0","[WEB] Sign up with invalid data. Case: 'state' length = max - 1","tests.web.component.auth","2026-08-10","skipped","2026-08-10","TestSignUpWeb","test_signup_component","",""
"","0","[API] Create user should return 400_BAD_REQUEST when send create user request with invalid data. Case: 'name' is absent","tests.api.user","2026-08-10","skipped","2026-08-10","TestCreateUserApi","test_create_user","",""
"","0","[WEB] Sign up with invalid data. Case: 'birth_month' = 12","tests.web.component.auth","2026-08-10","skipped","2026-08-10","TestSignUpWeb","test_signup_component","",""
"","431","[WEB] Should add product review with valid data. Case: 'message' length = min + 1","tests.web.component.review","2026-08-10","passed","2026-08-10","TestReviewComponent","test_review_component","",""
"","194","[API] Create user should return 200_OK when send create user request with valid data. Case: 'state' length = min + 1","tests.api.user","2026-08-10","passed","2026-08-10","TestCreateUserApi","test_create_user","",""
"","0","[API] Update user should return 400_BAD_REQUEST when send update user request with invalid data. Case: 'state' is absent","tests.api.user","2026-08-10","skipped","2026-08-10","TestUpdateUserApi","test_update_user","",""
"","168","[API] Create user should return 200_OK when send create user request with valid data. Case: 'birth_day' length = 31","tests.api.user","2026-08-10","passed","2026-08-10","TestCreateUserApi","test_create_user","",""
"","0","[WEB] Sign up with invalid data. Case: 'company' length = min","tests.web.component.auth","2026-08-10","skipped","2026-08-10","TestSignUpWeb","test_signup_component","",""
"","0","[API] Update user should return 400_BAD_REQUEST when send update user request with invalid data. Case: 'birth_year' is absent","tests.api.user","2026-08-10","skipped","2026-08-10","TestUpdateUserApi","test_update_user","",""
"","0","[WEB Component] Pay with invalid card should show error message. Case: expiry month only spaces","tests.web.component.payment","2026-08-10","skipped","2026-08-10","TestPaymentComponent","test_payment_component","",""
"","1374","[WEB Component] Page scroller scroll page to top","tests.web.component.base","2026-08-10","passed","2026-08-10","TestPageScrollerComponent","test_page_scroller_component","",""
"","809","[WEB Component] Should navigate to products page by click 'Products' button","tests.web.component.base","2026-08-10","passed","2026-08-10","TestHeaderComponent","test_header_component","",""
"","465","[API] Update user should return 200_OK when send update user request with valid data. Case: 'company' length = min","tests.api.user","2026-08-10","passed","2026-08-10","TestUpdateUserApi","test_update_user","",""
"","0","[WEB Component] Pay with invalid card should show error message. Case: expiry month one digit","tests.web.component.payment","2026-08-10","skipped","2026-08-10","TestPaymentComponent","test_payment_component","",""
"","425","[API] Get products should return 200_OK and contains expected product title","tests.api.product","2026-08-10","passed","2026-08-10","TestProductApi","test_product","",""
"","0","[API] Update user should return 400_BAD_REQUEST when send update user request with invalid data. Case: 'birth_year' is invalid positive","tests.api.user","2026-08-10","skipped","2026-08-10","TestUpdateUserApi","test_update_user","",""
"","460","[WEB Component] Header has expected screenshot","tests.web.component.base","2026-08-10","passed","2026-08-10","TestHeaderComponent","test_header_component","",""
"","364","[API] Update user should return 200_OK when send update user request with valid data. Case: 'address2' length = max","tests.api.user","2026-08-10","passed","2026-08-10","TestUpdateUserApi","test_update_user","",""
"","0","[WEB] Should not add product review with invalid data. Case: 'name' length = min - 1","tests.web.component.review","2026-08-10","skipped","2026-08-10","TestReviewComponent","test_review_component","",""
"","712","[WEB] Should have expected screenshot when send review","tests.web.component.review","2026-08-10","passed","2026-08-10","TestReviewComponent","test_review_component","",""
"","0","[WEB] Sign up with invalid data. Case: 'first_name' length = max - 1","tests.web.component.auth","2026-08-10","skipped","2026-08-10","TestSignUpWeb","test_signup_component","",""
"","0","[WEB] Sign up with invalid data. Case: 'name' length = max","tests.web.component.auth","2026-08-10","skipped","2026-08-10","TestSignUpWeb","test_signup_component","",""
"","515","[WEB] Should add product review with valid data. Case: 'email' username contains '-'","tests.web.component.review","2026-08-10","passed","2026-08-10","TestReviewComponent","test_review_component","",""
"","0","[API] Create user should return 400_BAD_REQUEST when send create user request with invalid data. Case: 'address1' is empty","tests.api.user","2026-08-10","skipped","2026-08-10","TestCreateUserApi","test_create_user","",""
"","306","[API] Update user should return 200_OK when send update user request with valid data. Case: 'last_name' length = min + 1","tests.api.user","2026-08-10","passed","2026-08-10","TestUpdateUserApi","test_update_user","",""
"","414","[API] Create user should return 200_OK when send create user request with valid data. Case: 'company' length = min + 1","tests.api.user","2026-08-10","passed","2026-08-10","TestCreateUserApi","test_create_user","",""
"","0","[API] Create user should return 400_BAD_REQUEST when send create user request with invalid data. Case: 'mobile_number' has invalid format","tests.api.user","2026-08-10","skipped","2026-08-10","TestCreateUserApi","test_create_user","",""
"","744","[WEB Component] Should navigate to main page by click on header logo","tests.web.component.base","2026-08-10","passed","2026-08-10","TestHeaderComponent","test_header_component","",""
"","0","[WEB] Sign up with invalid data. Case: 'name' length = max - 1","tests.web.component.auth","2026-08-10","skipped","2026-08-10","TestSignUpWeb","test_signup_component","",""
"","177","[API] Create user should return 200_OK when send create user request with valid data. Case: 'first_name' length = min","tests.api.user","2026-08-10","passed","2026-08-10","TestCreateUserApi","test_create_user","",""
"","496","[API] Update user should return 200_OK when send update user request with valid data. Case: 'city' length = max - 1","tests.api.user","2026-08-10","passed","2026-08-10","TestUpdateUserApi","test_update_user","",""
"","0","[API] Update user should return 400_BAD_REQUEST when send update user request with invalid data. Case: 'city' is empty","tests.api.user","2026-08-10","skipped","2026-08-10","TestUpdateUserApi","test_update_user","",""
"","459","[API] Create user should return 200_OK when send create user request with valid data. Case: 'address1' length = max - 1","tests.api.user","2026-08-10","passed","2026-08-10","TestCreateUserApi","test_create_user","",""
"","0","[API] Update user should return 400_BAD_REQUEST when send update user request with invalid data. Case: 'email' not contains '@' symbol","tests.api.user","2026-08-10","skipped","2026-08-10","TestUpdateUserApi","test_update_user","",""
"","182","[API] Create user should return 200_OK when send create user request with valid data. Case: 'mobile_number' length = max","tests.api.user","2026-08-10","passed","2026-08-10","TestCreateUserApi","test_create_user","",""
"","241","[API] Update user should return 200_OK when send update user request with valid data. Case: 'address2' length = min + 1","tests.api.user","2026-08-10","passed","2026-08-10","TestUpdateUserApi","test_update_user","",""
"","0","[API] Create user should return 400_BAD_REQUEST when send create user request with invalid data. Case: 'birth_day' is zero","tests.api.user","2026-08-10","skipped","2026-08-10","TestCreateUserApi","test_create_user","",""
"","278","[API] Update user should return 200_OK when send update user request with valid data. Case: 'last_name' length = max","tests.api.user","2026-08-10","passed","2026-08-10","TestUpdateUserApi","test_update_user","",""
"","4842","[WEB] Sign up with valid data. Case: 'birth_year' = 1","tests.web.component.auth","2026-08-10","passed","2026-08-10","TestSignUpWeb","test_signup_component","",""
"","1128","[WEB Component] Category filter should have expected screenshot when collapsed","tests.web.component.filter","2026-08-10","failed","2026-08-10","TestCategoryFilter","test_category_filter","",""
"","0","[WEB Component] Pay with invalid card should show error message. Case: name only spaces","tests.web.component.payment","2026-08-10","skipped","2026-08-10","TestPaymentComponent","test_payment_component","",""
"","5205","[WEB] Sign up with valid data. Case: 'birth_month' = 12","tests.web.component.auth","2026-08-10","passed","2026-08-10","TestSignUpWeb","test_signup_component","",""
"","1622","[WEB Component] Should increase product item quantity","tests.web.component.product","2026-08-10","passed","2026-08-10","TestProductItem","test_product_item","",""
"","0","[API] Update user should return 400_BAD_REQUEST when send update user request with invalid data. Case: 'birth_year' is negative","tests.api.user","2026-08-10","skipped","2026-08-10","TestUpdateUserApi","test_update_user","",""
"","185","[API] Update user should return 404_BAD_REQUEST when send update user request with not existing email","tests.api.user","2026-08-10","passed","2026-08-10","TestUpdateUserApi","test_update_user","",""
"","0","[API] Update user should return 400_BAD_REQUEST when send update user request with invalid data. Case: 'email' contains '.' before dog symbol","tests.api.user","2026-08-10","skipped","2026-08-10","TestUpdateUserApi","test_update_user","",""
"","0","[API] Create user should return 400_BAD_REQUEST when send create user request with invalid data. Case: 'address1' is absent","tests.api.user","2026-08-10","skipped","2026-08-10","TestCreateUserApi","test_create_user","",""
"","239","[API] Create user should return 200_OK when send create user request with valid data. Case: 'address1' length = min","tests.api.user","2026-08-10","passed","2026-08-10","TestCreateUserApi","test_create_user","",""
"","2619","[WEB Component] Pay with valid card should show success status message. Case: valid: future year","tests.web.component.payment","2026-08-10","passed","2026-08-10","TestPaymentComponent","test_payment_component","",""
"","1579","[WEB Component] Should add product to cart when click on add to cart button","tests.web.component.product","2026-08-10","passed","2026-08-10","TestProductCard","test_product_card_component","",""
"","0","[API] Update user should return 400_BAD_REQUEST when send update user request with invalid data. Case: 'address2' length = max + 1","tests.api.user","2026-08-10","skipped","2026-08-10","TestUpdateUserApi","test_update_user","",""
"","0","[API] Create user should return 400_BAD_REQUEST when send create user request with invalid data. Case: 'address2' length = max + 1","tests.api.user","2026-08-10","skipped","2026-08-10","TestCreateUserApi","test_create_user","",""
"","3611","[WEB] Sign up with valid data. Case: 'first_name' length = min + 1","tests.web.component.auth","2026-08-10","passed","2026-08-10","TestSignUpWeb","test_signup_component","",""
"","4225","[WEB] Sign up with valid data. Case: 'birth_day' length = 31","tests.web.component.auth","2026-08-10","passed","2026-08-10","TestSignUpWeb","test_signup_component","",""
"","6683","[WEB] Sign up with valid data. Case: 'state' length = max","tests.web.component.auth","2026-08-10","passed","2026-08-10","TestSignUpWeb","test_signup_component","",""
"","4872","[WEB] Sign up with valid data. Case: 'name' length = max","tests.web.component.auth","2026-08-10","passed","2026-08-10","TestSignUpWeb","test_signup_component","",""
"","506","[WEB] Sign in with invalid credentials. Case: {case_title}","tests.web.component.auth","2026-08-10","passed","2026-08-10","TestLoginWeb","test_login_component","",""
"","348","[API] Create user should return 200_OK when send create user request with valid data. Case: 'address2' length = min + 1","tests.api.user","2026-08-10","passed","2026-08-10","TestCreateUserApi","test_create_user","",""
"","1204","[WEB Component] Product item should have expected data","tests.web.component.product","2026-08-10","passed","2026-08-10","TestProductItem","test_product_item","",""
"","0","[API] Update user should return 400_BAD_REQUEST when send update user request with invalid data. Case: 'name' is empty","tests.api.user","2026-08-10","skipped","2026-08-10","TestUpdateUserApi","test_update_user","",""
"","0","[API] Create user should return 400_BAD_REQUEST when send create user request with invalid data. Case: 'email' not contains '@' symbol","tests.api.user","2026-08-10","skipped","2026-08-10","TestCreateUserApi","test_create_user","",""
"","305","[API] Update user should return 200_OK when send update user request with valid data. Case: 'zipcode' length = min","tests.api.user","2026-08-10","passed","2026-08-10","TestUpdateUserApi","test_update_user","",""
"","0","[API] Create user should return 400_BAD_REQUEST when send create user request with invalid data. Case: 'state' is empty","tests.api.user","2026-08-10","skipped","2026-08-10","TestCreateUserApi","test_create_user","",""
"","0","[WEB] Sign up with invalid data. Case: 'birth_day' length = 31","tests.web.component.auth","2026-08-10","skipped","2026-08-10","TestSignUpWeb","test_signup_component","",""
"","168","[API] Get user should return 404_NOT_FOUND when send get user request and user not exists","tests.api.user","2026-08-10","passed","2026-08-10","TestGetUserApi","test_get_user","",""
"","318","[API] Update user should return 200_OK when send update user request with valid data. Case: 'company' length = max - 1","tests.api.user","2026-08-10","passed","2026-08-10","TestUpdateUserApi","test_update_user","",""
"","974","[WEB Component] Add product notification should be closed when click on close button","tests.web.component.base","2026-08-10","passed","2026-08-10","TestNotificationComponent","test_notification_component","",""
"","417","[API] Create user should return 200_OK when send create user request with valid data. Case: 'company' length = min","tests.api.user","2026-08-10","passed","2026-08-10","TestCreateUserApi","test_create_user","",""
"","0","[WEB] Should not add product review with invalid data. Case: 'message' length = max","tests.web.component.review","2026-08-10","skipped","2026-08-10","TestReviewComponent","test_review_component","",""
"","214","test_get_all_products","tests.api.product","2026-08-10","passed","2026-08-10","TestProductApi","test_product","",""
"","0","[API] Create user should return 400_BAD_REQUEST when send create user request with invalid data. Case: 'mobile_number' length = min - 1","tests.api.user","2026-08-10","skipped","2026-08-10","TestCreateUserApi","test_create_user","",""
"","4854","[WEB] Sign up with valid data. Case: 'company' length = max","tests.web.component.auth","2026-08-10","passed","2026-08-10","TestSignUpWeb","test_signup_component","",""
"","195","Should return user exists when user exists with email and password","tests.api.user","2026-08-10","passed","2026-08-10","TestVerifyLoginApi","test_verify_login","",""
"","0","[API] Create user should return 400_BAD_REQUEST when send create user request with invalid data. Case: 'email' contains text before username","tests.api.user","2026-08-10","skipped","2026-08-10","TestCreateUserApi","test_create_user","",""
"","0","[API] Update user should return 400_BAD_REQUEST when send update user request with invalid data. Case: 'email' contains domain with one letter","tests.api.user","2026-08-10","skipped","2026-08-10","TestUpdateUserApi","test_update_user","",""
"","0","[API] Update user should return 400_BAD_REQUEST when send update user request with invalid data. Case: 'mobile_number' length = max + 1","tests.api.user","2026-08-10","skipped","2026-08-10","TestUpdateUserApi","test_update_user","",""
"","501","[WEB Component] Header has expected screenshot when authorized","tests.web.component.base","2026-08-10","passed","2026-08-10","TestHeaderComponent","test_header_component","",""
"","195","[API] Create user should return 200_OK when send create user request with valid data. Case: 'last_name' length = max","tests.api.user","2026-08-10","passed","2026-08-10","TestCreateUserApi","test_create_user","",""
"","439","[API] Update user should return 200_OK when send update user request with valid data. Case: 'last_name' length = min","tests.api.user","2026-08-10","passed","2026-08-10","TestUpdateUserApi","test_update_user","",""
"","184","[API] Create user should return 200_OK when send create user request with valid data. Case: 'last_name' length = max - 1","tests.api.user","2026-08-10","passed","2026-08-10","TestCreateUserApi","test_create_user","",""
"","1332","[WEB Component] Products Carousel should show previous image when scroll left","tests.web.component.carousel","2026-08-10","passed","2026-08-10","TestProductCarousel","test_product_carousel","",""
"","0","[WEB] Sign up with invalid data. Case: 'address2' length = min + 1","tests.web.component.auth","2026-08-10","skipped","2026-08-10","TestSignUpWeb","test_signup_component","",""
"","708","[WEB] Should add product review with valid data. Case: 'name' length = min + 1","tests.web.component.review","2026-08-10","passed","2026-08-10","TestReviewComponent","test_review_component","",""
"","0","[API] Create user should return 400_BAD_REQUEST when send create user request with invalid data. Case: 'last_name' is absent","tests.api.user","2026-08-10","skipped","2026-08-10","TestCreateUserApi","test_create_user","",""
"","0","[WEB] Sign up with invalid data. Case: 'city' length = min + 1","tests.web.component.auth","2026-08-10","skipped","2026-08-10","TestSignUpWeb","test_signup_component","",""
"","0","[WEB Component] Pay with invalid card should show error message. Case: cvc too long","tests.web.component.payment","2026-08-10","skipped","2026-08-10","TestPaymentComponent","test_payment_component","",""
"","0","[API] Create user should return 400_BAD_REQUEST when send create user request with invalid data. Case: 'birth_day' is absent","tests.api.user","2026-08-10","skipped","2026-08-10","TestCreateUserApi","test_create_user","",""
"","0","[API] Create user should return 400_BAD_REQUEST when send create user request with invalid data. Case: 'birth_month' is absent","tests.api.user","2026-08-10","skipped","2026-08-10","TestCreateUserApi","test_create_user","",""
"","0","[API] Update user should return 400_BAD_REQUEST when send update user request with invalid data. Case: 'city' length = max + 1","tests.api.user","2026-08-10","skipped","2026-08-10","TestUpdateUserApi","test_update_user","",""
"","0","[WEB] Should not add product review with invalid data. Case: 'message' length = min","tests.web.component.review","2026-08-10","skipped","2026-08-10","TestReviewComponent","test_review_component","",""
"","0","[API] Create user should return 400_BAD_REQUEST when send create user request with invalid data. Case: 'city' is absent","tests.api.user","2026-08-10","skipped","2026-08-10","TestCreateUserApi","test_create_user","",""
"","8609","Purchase products with login before checkout","tests.web.e2e","2026-08-10","passed","2026-08-10","TestPlaceOrder","test_place_order","",""
"","0","[WEB Component] Pay with invalid card should show error message. Case: cvc all zeros","tests.web.component.payment","2026-08-10","skipped","2026-08-10","TestPaymentComponent","test_payment_component","",""
"","0","[API] Update user should return 400_BAD_REQUEST when send update user request with invalid data. Case: 'first_name' is absent","tests.api.user","2026-08-10","skipped","2026-08-10","TestUpdateUserApi","test_update_user","",""
"","299","[API] Update user should return 200_OK when send update user request with valid data. Case: 'city' length = min + 1","tests.api.user","2026-08-10","passed","2026-08-10","TestUpdateUserApi","test_update_user","",""
"","170","[API] Create user should return 200_OK when send create user request with valid data. Case: 'zipcode' length = min + 1","tests.api.user","2026-08-10","passed","2026-08-10","TestCreateUserApi","test_create_user","",""
"","0","[API] Create user should return 400_BAD_REQUEST when send create user request with invalid data. Case: 'birth_month' is zero","tests.api.user","2026-08-10","skipped","2026-08-10","TestCreateUserApi","test_create_user","",""
"","248","[API] Update user should return 200_OK when send update user request with valid data. Case: 'name' length = max - 1","tests.api.user","2026-08-10","passed","2026-08-10","TestUpdateUserApi","test_update_user","",""
"","1573","[WEB] Should add product review with valid data. Case: 'message' length = max - 1","tests.web.component.review","2026-08-10","passed","2026-08-10","TestReviewComponent","test_review_component","",""
"","0","[API] Update user should return 400_BAD_REQUEST when send update user request with invalid data. Case: 'mobile_number' has invalid format","tests.api.user","2026-08-10","skipped","2026-08-10","TestUpdateUserApi","test_update_user","",""
"","1908","[WEB Component] Pay with valid card should show success status message. Case: valid: cvc typical","tests.web.component.payment","2026-08-10","passed","2026-08-10","TestPaymentComponent","test_payment_component","",""
"","0","[API] Update user should return 400_BAD_REQUEST when send update user request with invalid data. Case: 'first_name' length = min - 1","tests.api.user","2026-08-10","skipped","2026-08-10","TestUpdateUserApi","test_update_user","",""
"","0","[WEB] Sign up with invalid data. Case: 'state' length = min","tests.web.component.auth","2026-08-10","skipped","2026-08-10","TestSignUpWeb","test_signup_component","",""
"","0","[WEB] Sign up with invalid data. Case: 'last_name' length = max - 1","tests.web.component.auth","2026-08-10","skipped","2026-08-10","TestSignUpWeb","test_signup_component","",""
"","9019","Purchase products with sign up while checkout","tests.web.e2e","2026-08-10","passed","2026-08-10","TestPlaceOrder","test_place_order","",""
"","621","[API] Create user should return 200_OK when send create user request with valid data. Case: 'address2' length = max - 1","tests.api.user","2026-08-10","passed","2026-08-10","TestCreateUserApi","test_create_user","",""
"","4984","[WEB] Sign up with valid data. Case: 'mobile_number' length = min + 1","tests.web.component.auth","2026-08-10","passed","2026-08-10","TestSignUpWeb","test_signup_component","",""
"","0","[WEB] Sign up with invalid data. Case: 'first_name' length = min + 1","tests.web.component.auth","2026-08-10","skipped","2026-08-10","TestSignUpWeb","test_signup_component","",""
"","0","[WEB] Sign up with invalid data. Case: 'address2' length = max","tests.web.component.auth","2026-08-10","skipped","2026-08-10","TestSignUpWeb","test_signup_component","",""
"","1222","[WEB Component] Brand filter should have expected screenshot","tests.web.component.filter","2026-08-10","passed","2026-08-10","TestBrandFilter","test_brand_filter","",""
"","0","[API] Create user should return 400_BAD_REQUEST when send create user request with invalid data. Case: 'company' is empty","tests.api.user","2026-08-10","skipped","2026-08-10","TestCreateUserApi","test_create_user","",""
"","1321","[WEB Component] Search filter should have expected screenshot","tests.web.component.filter","2026-08-10","passed","2026-08-10","TestSearchFilter","test_search_filter","",""
"","0","[WEB Component] Pay with invalid card should show error message. Case: expiry year only spaces","tests.web.component.payment","2026-08-10","skipped","2026-08-10","TestPaymentComponent","test_payment_component","",""
"","4616","[WEB] Sign up with valid data. Case: 'state' length = min + 1","tests.web.component.auth","2026-08-10","passed","2026-08-10","TestSignUpWeb","test_signup_component","",""
"","202","test_search_products_returns_empty_array","tests.api.product","2026-08-10","passed","2026-08-10","TestProductApi","test_product","",""
"","0","[API] Update user should return 400_BAD_REQUEST when send update user request with invalid data. Case: 'zipcode' length = max + 1","tests.api.user","2026-08-10","skipped","2026-08-10","TestUpdateUserApi","test_update_user","",""
"","204","[API] Delete user should return 200_OK when send delete user request and user exists","tests.api.user","2026-08-10","passed","2026-08-10","TestDeleteUserApi","test_delete_user","",""
"","326","[WEB Component] Delivery address has expected data","tests.web.component.address","2026-08-10","passed","2026-08-10","TestAddressComponent","test_address_component","",""
"","0","[API] Update user should return 400_BAD_REQUEST when send update user request with invalid data. Case: 'address2' length = min - 1","tests.api.user","2026-08-10","skipped","2026-08-10","TestUpdateUserApi","test_update_user","",""
"","0","[API] Create user should return 400_BAD_REQUEST when send create user request with invalid data. Case: 'state' is absent","tests.api.user","2026-08-10","skipped","2026-08-10","TestCreateUserApi","test_create_user","",""
"","5318","[WEB Component] Can download invoice multiple times","tests.web.component.payment","2026-08-10","passed","2026-08-10","TestPaymentComponent","test_invoice_file","",""
"","767","[WEB] Should add product review with valid data. Case: 'name' length = max - 1","tests.web.component.review","2026-08-10","passed","2026-08-10","TestReviewComponent","test_review_component","",""
"","0","[API] Update user should return 400_BAD_REQUEST when send update user request with invalid data. Case: 'email' contains text after domain","tests.api.user","2026-08-10","skipped","2026-08-10","TestUpdateUserApi","test_update_user","",""
"","1674","[WEB Component] Place order without authorization notification should have expected data and screenshot","tests.web.component.base","2026-08-10","passed","2026-08-10","TestNotificationComponent","test_notification_component","",""
"","0","[API] Create user should return 400_BAD_REQUEST when send create user request with invalid data. Case: 'first_name' is empty","tests.api.user","2026-08-10","skipped","2026-08-10","TestCreateUserApi","test_create_user","",""
"","0","[WEB] Should not add product review with invalid data. Case: 'email' contains invalid top level domain web","tests.web.component.review","2026-08-10","skipped","2026-08-10","TestReviewComponent","test_review_component","",""
"","1850","[WEB Component] Image Carousel should show last image when scroll left on first image","tests.web.component.carousel","2026-08-10","passed","2026-08-10","TestImageCarousel","test_image_carousel","",""
"","0","[API] Create user should return 400_BAD_REQUEST when send create user request with invalid data. Case: 'last_name' is empty","tests.api.user","2026-08-10","skipped","2026-08-10","TestCreateUserApi","test_create_user","",""
"","477","[WEB Component] Pay with valid card should show success status message. Case: valid: boundary valid number","tests.web.component.payment","2026-08-10","passed","2026-08-10","TestPaymentComponent","test_payment_component","",""
"","0","[API] Update user should return 400_BAD_REQUEST when send update user request with invalid data. Case: 'email' is word","tests.api.user","2026-08-10","skipped","2026-08-10","TestUpdateUserApi","test_update_user","",""
"","179","[API] Create user should return 200_OK when send create user request with valid data. Case: 'state' length = max","tests.api.user","2026-08-10","passed","2026-08-10","TestCreateUserApi","test_create_user","",""
"","648","[API] Update user should return 200_OK when send update user request with valid data. Case: 'address2' length = min","tests.api.user","2026-08-10","passed","2026-08-10","TestUpdateUserApi","test_update_user","",""
"","5827","[WEB] Sign up with valid data. Case: 'address1' length = min","tests.web.component.auth","2026-08-10","passed","2026-08-10","TestSignUpWeb","test_signup_component","",""
"","1899","[WEB Component] Pay with valid card should show success status message. Case: valid: name max length","tests.web.component.payment","2026-08-10","passed","2026-08-10","TestPaymentComponent","test_payment_component","",""
"","298","[API] Update user should return 200_OK when send update user request with valid data. Case: 'city' length = min","tests.api.user","2026-08-10","passed","2026-08-10","TestUpdateUserApi","test_update_user","",""
"","0","[API] Create user should return 400_BAD_REQUEST when send create user request with invalid data. Case: 'email' contains only special symbols","tests.api.user","2026-08-10","skipped","2026-08-10","TestCreateUserApi","test_create_user","",""
"","2224","[WEB Component] Category filter should have expected screenshot when fully expanded","tests.web.component.filter","2026-08-10","passed","2026-08-10","TestCategoryFilter","test_category_filter","",""
"","505","[API] Update user should return 200_OK when send update user request with valid data. Case: 'address1' length = max - 1","tests.api.user","2026-08-10","passed","2026-08-10","TestUpdateUserApi","test_update_user","",""
"","301","[API] Update user should return 200_OK when send update user request with valid data. Case: 'zipcode' length = min + 1","tests.api.user","2026-08-10","passed","2026-08-10","TestUpdateUserApi","test_update_user","",""
"","0","[API] Update user should return 400_BAD_REQUEST when send update user request with invalid data. Case: 'state' is empty","tests.api.user","2026-08-10","skipped","2026-08-10","TestUpdateUserApi","test_update_user","",""
"","0","[WEB] Sign up with invalid data. Case: 'name' length = min","tests.web.component.auth","2026-08-10","skipped","2026-08-10","TestSignUpWeb","test_signup_component","",""
"","0","[API] Create user should return 400_BAD_REQUEST when send create user request with invalid data. Case: 'name' length = min - 1","tests.api.user","2026-08-10","skipped","2026-08-10","TestCreateUserApi","test_create_user","",""
"","0","[WEB Component] Pay with invalid card should show error message. Case: cvc is empty","tests.web.component.payment","2026-08-10","skipped","2026-08-10","TestPaymentComponent","test_payment_component","",""
"","4459","[WEB] Sign up with valid data. Case: 'birth_day' = 1","tests.web.component.auth","2026-08-10","passed","2026-08-10","TestSignUpWeb","test_signup_component","",""
"","0","[API] Create user should return 400_BAD_REQUEST when send create user request with invalid data. Case: 'zipcode' length = min - 1","tests.api.user","2026-08-10","skipped","2026-08-10","TestCreateUserApi","test_create_user","",""
"","0","[WEB Component] Pay with invalid card should show error message. Case: expiry month contains letters","tests.web.component.payment","2026-08-10","skipped","2026-08-10","TestPaymentComponent","test_payment_component","",""
"","1285","[WEB Component] Add product to cart from product carousel","tests.web.component.carousel","2026-08-10","passed","2026-08-10","TestProductCarousel","test_product_carousel","",""
"","192","[API] Create user should return 200_OK when send create user request with valid data. Case: 'address2' length = max","tests.api.user","2026-08-10","passed","2026-08-10","TestCreateUserApi","test_create_user","",""
"","409","[API] Update user should return 200_OK when send update user request with valid data. Case: 'birth_year' = 10000","tests.api.user","2026-08-10","passed","2026-08-10","TestUpdateUserApi","test_update_user","",""
"","0","[WEB Component] Pay with invalid card should show error message. Case: name length = min - 1","tests.web.component.payment","2026-08-10","skipped","2026-08-10","TestPaymentComponent","test_payment_component","",""
"","517","Get brands should return 200_OK when send get brands request","tests.api.brand","2026-08-10","passed","2026-08-10","TestBrandApi","test_brand","",""
"","2601","[WEB Component] Animated product card overlay should have expected data","tests.web.component.product","2026-08-10","passed","2026-08-10","TestAnimatedProductCard","test_animated_product_card_component","",""
"","292","[API] Update user should return 200_OK when send update user request with valid data. Case: 'mobile_number' length = min","tests.api.user","2026-08-10","passed","2026-08-10","TestUpdateUserApi","test_update_user","",""
"","5064","[WEB] Sign up with valid data. Case: 'state' length = min","tests.web.component.auth","2026-08-10","passed","2026-08-10","TestSignUpWeb","test_signup_component","",""
"","0","[API] Create user should return 400_BAD_REQUEST when send create user request with invalid data. Case: 'mobile_number' is absent","tests.api.user","2026-08-10","skipped","2026-08-10","TestCreateUserApi","test_create_user","",""
"","0","[API] Update user should return 400_BAD_REQUEST when send update user request with invalid data. Case: 'zipcode' is empty","tests.api.user","2026-08-10","skipped","2026-08-10","TestUpdateUserApi","test_update_user","",""
"","0","[API] Create user should return 400_BAD_REQUEST when send create user request with invalid data. Case: 'email' contains invalid top level domain web","tests.api.user","2026-08-10","skipped","2026-08-10","TestCreateUserApi","test_create_user","",""
"","1639","[WEB Component] Add product notification should have expected data and screenshot","tests.web.component.base","2026-08-10","passed","2026-08-10","TestNotificationComponent","test_notification_component","",""
"","490","[WEB Component] Pay with valid card should show success status message. Case: valid: expiry month min","tests.web.component.payment","2026-08-10","passed","2026-08-10","TestPaymentComponent","test_payment_component","",""
"","169","[API] Create user should return 200_OK when send create user request with valid data. Case: 'address1' length = min + 1","tests.api.user","2026-08-10","passed","2026-08-10","TestCreateUserApi","test_create_user","",""
"","279","[API] Update user should return 200_OK when send update user request with valid data. Case: 'city' length = max","tests.api.user","2026-08-10","passed","2026-08-10","TestUpdateUserApi","test_update_user","",""
"","0","[WEB] Should not add product review with invalid data. Case: 'email' contains text before username","tests.web.component.review","2026-08-10","skipped","2026-08-10","TestReviewComponent","test_review_component","",""
"","0","[API] Create user should return 400_BAD_REQUEST when send create user request with invalid data. Case: 'first_name' length = min - 1","tests.api.user","2026-08-10","skipped","2026-08-10","TestCreateUserApi","test_create_user","",""
"","4420","[WEB] Sign up with valid data. Case: 'last_name' length = min","tests.web.component.auth","2026-08-10","passed","2026-08-10","TestSignUpWeb","test_signup_component","",""
"","258","[API] Update user should return 200_OK when send update user request with valid data. Case: 'name' length = max","tests.api.user","2026-08-10","passed","2026-08-10","TestUpdateUserApi","test_update_user","",""
"","451","[WEB Component] Product item should navigate to product page when click on item title","tests.web.component.product","2026-08-10","passed","2026-08-10","TestProductItem","test_product_item","",""
"","0","[API] Update user should return 400_BAD_REQUEST when send update user request with invalid data. Case: 'birth_day' is zero","tests.api.user","2026-08-10","skipped","2026-08-10","TestUpdateUserApi","test_update_user","",""
"","0","[API] Update user should return 400_BAD_REQUEST when send update user request with invalid data. Case: 'first_name' is empty","tests.api.user","2026-08-10","skipped","2026-08-10","TestUpdateUserApi","test_update_user","",""
"","0","[API] Update user should return 400_BAD_REQUEST when send update user request with invalid data. Case: 'address2' is empty","tests.api.user","2026-08-10","skipped","2026-08-10","TestUpdateUserApi","test_update_user","",""
"","0","[WEB] Should not add product review with invalid data. Case: 'name' is absent","tests.web.component.review","2026-08-10","skipped","2026-08-10","TestReviewComponent","test_review_component","",""
"","0","[API] Create user should return 400_BAD_REQUEST when send create user request with invalid data. Case: 'email' not contains username","tests.api.user","2026-08-10","skipped","2026-08-10","TestCreateUserApi","test_create_user","",""
"","0","[WEB] Sign up with invalid data. Case: 'state' length = min + 1","tests.web.component.auth","2026-08-10","skipped","2026-08-10","TestSignUpWeb","test_signup_component","",""
"","178","[API] Create user should return 200_OK when send create user request with valid data. Case: 'city' length = min + 1","tests.api.user","2026-08-10","passed","2026-08-10","TestCreateUserApi","test_create_user","",""
"","482","[WEB Component] Pay with valid card should show success status message. Case: valid name contains multiple spaces","tests.web.component.payment","2026-08-10","passed","2026-08-10","TestPaymentComponent","test_payment_component","",""
"","0","[WEB] Should not add product review with invalid data. Case: 'email' contains multiple '@' symbols","tests.web.component.review","2026-08-10","skipped","2026-08-10","TestReviewComponent","test_review_component","",""
"","0","[WEB] Sign up with invalid data. Case: 'mobile_number' length = min + 1","tests.web.component.auth","2026-08-10","skipped","2026-08-10","TestSignUpWeb","test_signup_component","",""
"","0","[WEB] Sign up with invalid data. Case: 'zipcode' length = max - 1","tests.web.component.auth","2026-08-10","skipped","2026-08-10","TestSignUpWeb","test_signup_component","",""
"","0","[WEB Component] Pay with invalid card should show error message. Case: card number contains dashes","tests.web.component.payment","2026-08-10","skipped","2026-08-10","TestPaymentComponent","test_payment_component","",""
"","1031","[WEB Component] Should increase all products total price","tests.web.component.product","2026-08-10","passed","2026-08-10","TestProductItem","test_product_item","",""
"","169","[API] Create user should return 200_OK when send create user request with valid data. Case: 'company' length = max","tests.api.user","2026-08-10","passed","2026-08-10","TestCreateUserApi","test_create_user","",""
"","190","[API] Delete user should return 404_NOT_FOUND when send delete user request and user not exists","tests.api.user","2026-08-10","passed","2026-08-10","TestDeleteUserApi","test_delete_user","",""
"","0","[API] Update user should return 400_BAD_REQUEST when send update user request with invalid data. Case: 'address1' is empty","tests.api.user","2026-08-10","skipped","2026-08-10","TestUpdateUserApi","test_update_user","",""
"","0","[API] Create user should return 400_BAD_REQUEST when send create user request with invalid data. Case: 'name' length = max + 1","tests.api.user","2026-08-10","skipped","2026-08-10","TestCreateUserApi","test_create_user","",""
"","0","[API] Update user should return 400_BAD_REQUEST when send update user request with invalid data. Case: 'email' contains only special symbols","tests.api.user","2026-08-10","skipped","2026-08-10","TestUpdateUserApi","test_update_user","",""
"","0","[API] Update user should return 400_BAD_REQUEST when send update user request with invalid data. Case: 'email' is empty","tests.api.user","2026-08-10","skipped","2026-08-10","TestUpdateUserApi","test_update_user","",""
"","4945","[WEB] Sign up with valid data. Case: 'address2' length = min","tests.web.component.auth","2026-08-10","passed","2026-08-10","TestSignUpWeb","test_signup_component","",""
"","261","[API] Update user should return 200_OK when send update user request with valid data. Case: 'birth_day' = 1","tests.api.user","2026-08-10","passed","2026-08-10","TestUpdateUserApi","test_update_user","",""
"","295","Should return user not found when user password invalid","tests.api.user","2026-08-10","passed","2026-08-10","TestVerifyLoginApi","test_verify_login","",""
"","0","[WEB] Sign up with invalid data. Case: 'mobile_number' length = max","tests.web.component.auth","2026-08-10","skipped","2026-08-10","TestSignUpWeb","test_signup_component","",""
"","0","[WEB] Should not add product review with invalid data. Case: 'email' not contains '@' symbol","tests.web.component.review","2026-08-10","skipped","2026-08-10","TestReviewComponent","test_review_component","",""
"","4719","[WEB Component] Search filter should return empty products catalog","tests.web.component.filter","2026-08-10","passed","2026-08-10","TestSearchFilter","test_search_filter","",""
"","4480","[WEB Component] Invoice should have expected price","tests.web.component.payment","2026-08-10","passed","2026-08-10","TestPaymentComponent","test_invoice_file","",""
"","236","[API] Update user should return 200_OK when send update user request with valid data. Case: 'first_name' length = min + 1","tests.api.user","2026-08-10","passed","2026-08-10","TestUpdateUserApi","test_update_user","",""
"","0","[WEB] Should not add product review with invalid data. Case: 'message' length = min + 1","tests.web.component.review","2026-08-10","skipped","2026-08-10","TestReviewComponent","test_review_component","",""
"","172","[API] Create user should return 200_OK when send create user request with valid data. Case: 'city' length = max - 1","tests.api.user","2026-08-10","passed","2026-08-10","TestCreateUserApi","test_create_user","",""
"","192","[API] Create user should return 200_OK when send create user request with valid data. Case: 'name' length = min + 1","tests.api.user","2026-08-10","passed","2026-08-10","TestCreateUserApi","test_create_user","",""
"","0","[WEB Component] Pay with invalid card should show error message. Case: name contains leading spaces","tests.web.component.payment","2026-08-10","skipped","2026-08-10","TestPaymentComponent","test_payment_component","",""
"","5591","[WEB Component] Place order without authorization notification proceed to checkout button should navigate to login page","tests.web.component.base","2026-08-10","passed","2026-08-10","TestNotificationComponent","test_notification_component","",""
"","0","[API] Update user should return 400_BAD_REQUEST when send update user request with invalid data. Case: 'first_name' length = max + 1","tests.api.user","2026-08-10","skipped","2026-08-10","TestUpdateUserApi","test_update_user","",""
"","0","[WEB] Should not add product review with invalid data. Case: 'email' is empty","tests.web.component.review","2026-08-10","skipped","2026-08-10","TestReviewComponent","test_review_component","",""
"","350","[API] Update user should return 200_OK when send update user request with valid data. Case: 'company' length = min + 1","tests.api.user","2026-08-10","passed","2026-08-10","TestUpdateUserApi","test_update_user","",""
"","3435","[WEB] Sign up with valid data. Case: 'name' length = min","tests.web.component.auth","2026-08-10","passed","2026-08-10","TestSignUpWeb","test_signup_component","",""
"","0","[API] Create user should return 400_BAD_REQUEST when send create user request with invalid data. Case: 'company' length = max + 1","tests.api.user","2026-08-10","skipped","2026-08-10","TestCreateUserApi","test_create_user","",""
"","5332","[WEB] Sign up with valid data. Case: 'address1' length = min + 1","tests.web.component.auth","2026-08-10","passed","2026-08-10","TestSignUpWeb","test_signup_component","",""
"","2405","[WEB Component] Image Carousel should show first image when scroll right on last image","tests.web.component.carousel","2026-08-10","passed","2026-08-10","TestImageCarousel","test_image_carousel","",""
"","3820","[WEB] Sign up with valid data. Case: 'name' length = max - 1","tests.web.component.auth","2026-08-10","passed","2026-08-10","TestSignUpWeb","test_signup_component","",""
"","0","[API] Update user should return 400_BAD_REQUEST when send update user request with invalid data. Case: 'birth_day' is negative","tests.api.user","2026-08-10","skipped","2026-08-10","TestUpdateUserApi","test_update_user","",""
"","255","[API] Create user should return 200_OK when send create user request with valid data. Case: 'city' length = max","tests.api.user","2026-08-10","passed","2026-08-10","TestCreateUserApi","test_create_user","",""
"","191","[API] Create user should return 200_OK when send create user request with valid data. Case: 'mobile_number' length = max - 1","tests.api.user","2026-08-10","passed","2026-08-10","TestCreateUserApi","test_create_user","",""
"","0","[API] Create user should return 400_BAD_REQUEST when send create user request with invalid data. Case: 'zipcode' is empty","tests.api.user","2026-08-10","skipped","2026-08-10","TestCreateUserApi","test_create_user","",""
"","593","[API] Update user should return 200_OK when send update user request with valid data. Case: 'address2' length = max - 1","tests.api.user","2026-08-10","passed","2026-08-10","TestUpdateUserApi","test_update_user","",""
"","835","[WEB Component] Should have expected success status message after sending contact info","tests.web.component.base","2026-08-10","passed","2026-08-10","TestSubscriptionComponent","test_subscription_component","",""
"","874","[API] Login should return 200_OK when send login request with valid data and contains csrf cookie","tests.api.auth","2026-08-10","passed","2026-08-10","TestAuthApi","test_auth","",""
"","0","[API] Update user should return 400_BAD_REQUEST when send update user request with invalid data. Case: 'state' length = min - 1","tests.api.user","2026-08-10","skipped","2026-08-10","TestUpdateUserApi","test_update_user","",""
"","0","[WEB] Sign up with invalid data. Case: 'last_name' length = min + 1","tests.web.component.auth","2026-08-10","skipped","2026-08-10","TestSignUpWeb","test_signup_component","",""
"","0","[WEB] Sign up with invalid data. Case: 'birth_year' = 1","tests.web.component.auth","2026-08-10","skipped","2026-08-10","TestSignUpWeb","test_signup_component","",""
"","592","[WEB] Should add product review with valid data. Case: 'email' username contains '.'","tests.web.component.review","2026-08-10","passed","2026-08-10","TestReviewComponent","test_review_component","",""
"","0","[WEB] Should not add product review with invalid data. Case: 'email' contains mail server as ip and port","tests.web.component.review","2026-08-10","skipped","2026-08-10","TestReviewComponent","test_review_component","",""
"","0","[API] Update user should return 400_BAD_REQUEST when send update user request with invalid data. Case: 'company' length = max + 1","tests.api.user","2026-08-10","skipped","2026-08-10","TestUpdateUserApi","test_update_user","",""
"","0","[WEB] Sign up with invalid data. Case: 'company' length = max - 1","tests.web.component.auth","2026-08-10","skipped","2026-08-10","TestSignUpWeb","test_signup_component","",""
"","0","[API] Create user should return 400_BAD_REQUEST when send create user request with invalid data. Case: 'email' is empty","tests.api.user","2026-08-10","skipped","2026-08-10","TestCreateUserApi","test_create_user","",""
"","189","[API] Create user should return 200_OK when send create user request with valid data. Case: 'name' length = max - 1","tests.api.user","2026-08-10","passed","2026-08-10","TestCreateUserApi","test_create_user","",""
"","0","[WEB] Sign up with invalid data. Case: 'birth_month' = 1","tests.web.component.auth","2026-08-10","skipped","2026-08-10","TestSignUpWeb","test_signup_component","",""
"","0","[API] Create user should return 400_BAD_REQUEST when send create user request with invalid data. Case: 'email' contains '.' before dog symbol","tests.api.user","2026-08-10","skipped","2026-08-10","TestCreateUserApi","test_create_user","",""
"","0","[WEB] Sign up with invalid data. Case: 'last_name' length = min","tests.web.component.auth","2026-08-10","skipped","2026-08-10","TestSignUpWeb","test_signup_component","",""
"","398","[WEB Component] Billing address has expected data","tests.web.component.address","2026-08-10","passed","2026-08-10","TestAddressComponent","test_address_component","",""
"","0","[WEB] Should not add product review with invalid data. Case: 'email' contains text after domain","tests.web.component.review","2026-08-10","skipped","2026-08-10","TestReviewComponent","test_review_component","",""
"","0","[WEB] Should not add product review with invalid data. Case: 'email' not contains domain","tests.web.component.review","2026-08-10","skipped","2026-08-10","TestReviewComponent","test_review_component","",""
"","3452","[WEB Component] Search filter should filter products by query","tests.web.component.filter","2026-08-10","passed","2026-08-10","TestSearchFilter","test_search_filter","",""
"","1179","[WEB Component] Should open product page when click on view product button","tests.web.component.product","2026-08-10","passed","2026-08-10","TestAnimatedProductCard","test_animated_product_card_component","",""
"","0","[API] Create user should return 400_BAD_REQUEST when send create user request with invalid data. Case: 'birth_day' is invalid positive","tests.api.user","2026-08-10","skipped","2026-08-10","TestCreateUserApi","test_create_user","",""
"","0","[WEB Component] Pay with invalid card should show error message. Case: expiry year contains letters","tests.web.component.payment","2026-08-10","skipped","2026-08-10","TestPaymentComponent","test_payment_component","",""
"","0","[API] Create user should return 400_BAD_REQUEST when send create user request with invalid data. Case: 'first_name' is absent","tests.api.user","2026-08-10","skipped","2026-08-10","TestCreateUserApi","test_create_user","",""
"","1445","[WEB Component] Products Carousel should first products when scroll right on last image","tests.web.component.carousel","2026-08-10","passed","2026-08-10","TestProductCarousel","test_product_carousel","",""
