"DESCRIPTION","DURATION IN MS","NAME","PARENT SUITE","START TIME","STATUS","STOP TIME","SUB SUITE","SUITE","TEST CLASS","TEST METHOD"
"","0","[WEB Component] Pay with invalid card should show error message. Case: cvc is empty","tests.web.component.payment","2026-08-17","skipped","2026-08-17","TestPaymentComponent","test_payment_component","",""
"","6530","[WEB Component] Category filter group should be collapsed after collapse expanded group","tests.web.component.filter","2026-08-17","passed","2026-08-17","TestCategoryFilter","test_category_filter","",""
"","4219","[WEB] Sign up with valid data. Case: 'company' length = min + 1","tests.web.component.auth","2026-08-17","passed","2026-08-17","TestSignUpWeb","test_signup_component","",""
"","1815","[WEB] Should add product review with valid data. Case: 'message' length = max","tests.web.component.review","2026-08-17","passed","2026-08-17","TestReviewComponent","test_review_component","",""
"","0","[API] Update user should return 400_BAD_REQUEST when send update user request with invalid data. Case: 'zipcode' has invalid format","tests.api.user","2026-08-17","skipped","2026-08-17","TestUpdateUserApi","test_update_user","",""
"","488","[API] Update user should return 200_OK when send update user request with valid data. Case: 'zipcode' length = max","tests.api.user","2026-08-17","passed","2026-08-17","TestUpdateUserApi","test_update_user","",""
"","5328","[WEB] Sign up with valid data. Case: 'company' length = max","tests.web.component.auth","2026-08-17","passed","2026-08-17","TestSignUpWeb","test_signup_component","",""
"","0","[API] Update user should return 400_BAD_REQUEST when send update user request with invalid data. Case: 'name' length = max + 1","tests.api.user","2026-08-17","skipped","2026-08-17","TestUpdateUserApi","test_update_user","",""
"","0","[API] Update user should return 400_BAD_REQUEST when send update user request with invalid data. Case: 'birth_month' is invalid positive","tests.api.user","2026-08-17","skipped","2026-08-17","TestUpdateUserApi","test_update_user","",""
"","0","[WEB Component] Pay with invalid card should show error message. Case: name contains leading spaces","tests.web.component.payment","2026-08-17","skipped","2026-08-17","TestPaymentComponent","test_payment_component","",""
"","231","[API] Update user should return 200_OK when send update user request with valid data. Case: 'zipcode' length = min + 1","tests.api.user","2026-08-17","passed","2026-08-17","TestUpdateUserApi","test_update_user","",""
"","300","[API] Update user should return 200_OK when send update user request with valid data. Case: 'address2' length = max","tests.api.user","2026-08-17","passed","2026-08-17","TestUpdateUserApi","test_update_user","",""
"","6758","[WEB] Sign up with valid data. Case: 'address2' length = max","tests.web.component.auth","2026-08-17","passed","2026-08-17","TestSignUpWeb","test_signup_component","",""
"","545","test_get_all_products","tests.api.product","2026-08-17","passed","2026-08-17","TestProductApi","test_product","",""
"","1093","[WEB Component] Should delete user name by click on 'Delete Account' button","tests.web.component.base","2026-08-17","passed","2026-08-17","TestHeaderComponent","test_header_component","",""
"","344","[WEB Component] Delivery address has expected data","tests.web.component.address","2026-08-17","passed","2026-08-17","TestAddressComponent","test_address_component","",""
"","0","[API] Create user should return 400_BAD_REQUEST when send create user request with invalid data. Case: 'email' not contains username","tests.api.user","2026-08-17","skipped","2026-08-17","TestCreateUserApi","test_create_user","",""
"","0","[API] Create user should return 400_BAD_REQUEST when send create user request with invalid data. Case: 'address1' is absent","tests.api.user","2026-08-17","skipped","2026-08-17","TestCreateUserApi","test_create_user","",""
"","1707","[WEB Component] Brand filter should filters products by brand","tests.web.component.filter","2026-08-17","passed","2026-08-17","TestBrandFilter","test_brand_filter","",""
"","0","[API] Update user should return 400_BAD_REQUEST when send update user request with invalid data. Case: 'mobile_number' length = min - 1","tests.api.user","2026-08-17","skipped","2026-08-17","TestUpdateUserApi","test_update_user","",""
"","251","[API] Create user should return 200_OK when send create user request with valid data. Case: 'birth_year' = 10000","tests.api.user","2026-08-17","passed","2026-08-17","TestCreateUserApi","test_create_user","",""
"","0","[API] Create user should return 400_BAD_REQUEST when send create user request with invalid data. Case: 'birth_month' is zero","tests.api.user","2026-08-17","skipped","2026-08-17","TestCreateUserApi","test_create_user","",""
"","0","[WEB] Should not add product review with invalid data. Case: 'email' contains only special symbols","tests.web.component.review","2026-08-17","skipped","2026-08-17","TestReviewComponent","test_review_component","",""
"","3072","[WEB Component] Product details should have expected data","tests.web.component.product","2026-08-17","passed","2026-08-17","TestProductCard","test_product_details_component","",""
"","0","[WEB Component] Pay with invalid card should show error message. Case: name contains trailing spaces","tests.web.component.payment","2026-08-17","skipped","2026-08-17","TestPaymentComponent","test_payment_component","",""
"","148","[API] Create user should return 200_OK when send create user request with valid data. Case: 'birth_month' = 1","tests.api.user","2026-08-17","passed","2026-08-17","TestCreateUserApi","test_create_user","",""
"","0","[API] Create user should return 400_BAD_REQUEST when send create user request with invalid data. Case: 'birth_year' is invalid positive","tests.api.user","2026-08-17","skipped","2026-08-17","TestCreateUserApi","test_create_user","",""
"","0","[API] Update user should return 400_BAD_REQUEST when send update user request with invalid data. Case: 'email' contains domain with one letter","tests.api.user","2026-08-17","skipped","2026-08-17","TestUpdateUserApi","test_update_user","",""
"","0","[API] Update user should return 400_BAD_REQUEST when send update user request with invalid data. Case: 'last_name' is empty","tests.api.user","2026-08-17","skipped","2026-08-17","TestUpdateUserApi","test_update_user","",""
"","2211","[WEB Component] Category filter should have expected screenshot when fully expanded","tests.web.component.filter","2026-08-17","passed","2026-08-17","TestCategoryFilter","test_category_filter","",""
"","0","[API] Update user should return 400_BAD_REQUEST when send update user request with invalid data. Case: 'name' is empty","tests.api.user","2026-08-17","skipped","2026-08-17","TestUpdateUserApi","test_update_user","",""
"","3866","[WEB] Sign up with valid data. Case: 'state' length = max","tests.web.component.auth","2026-08-17","passed","2026-08-17","TestSignUpWeb","test_signup_component","",""
"","0","[WEB] Sign up with invalid data. Case: 'mobile_number' length = min","tests.web.component.auth","2026-08-17","skipped","2026-08-17","TestSignUpWeb","test_signup_component","",""
"","0","[WEB] Sign up with invalid data. Case: 'zipcode' length = min","tests.web.component.auth","2026-08-17","skipped","2026-08-17","TestSignUpWeb","test_signup_component","",""
"","0","[WEB] Sign up with invalid data. Case: 'address1' length = min + 1","tests.web.component.auth","2026-08-17","skipped","2026-08-17","TestSignUpWeb","test_signup_component","",""
"","0","[WEB Component] Pay with invalid card should show error message. Case: name length = min - 1","tests.web.component.payment","2026-08-17","skipped","2026-08-17","TestPaymentComponent","test_payment_component","",""
"","874","[WEB Component] Should navigate to contact us page by click on 'Contact us' button","tests.web.component.base","2026-08-17","passed","2026-08-17","TestHeaderComponent","test_header_component","",""
"","225","[API] Update user should return 200_OK when send update user request with valid data. Case: 'first_name' length = max","tests.api.user","2026-08-17","passed","2026-08-17","TestUpdateUserApi","test_update_user","",""
"","4488","[WEB] Sign up with valid data. Case: 'name' length = min + 1","tests.web.component.auth","2026-08-17","passed","2026-08-17","TestSignUpWeb","test_signup_component","",""
"","0","[WEB Component] Pay with invalid card should show error message. Case: card number only spaces","tests.web.component.payment","2026-08-17","skipped","2026-08-17","TestPaymentComponent","test_payment_component","",""
"","2228","[WEB Component] Place order without authorization notification should have expected data and screenshot","tests.web.component.base","2026-08-17","passed","2026-08-17","TestNotificationComponent","test_notification_component","",""
"","0","[API] Update user should return 400_BAD_REQUEST when send update user request with invalid data. Case: 'email' contains multiple '@' symbols","tests.api.user","2026-08-17","skipped","2026-08-17","TestUpdateUserApi","test_update_user","",""
"","0","[API] Create user should return 400_BAD_REQUEST when send create user request with invalid data. Case: 'first_name' is absent","tests.api.user","2026-08-17","skipped","2026-08-17","TestCreateUserApi","test_create_user","",""
"","0","[API] Create user should return 400_BAD_REQUEST when send create user request with invalid data. Case: 'name' length = max + 1","tests.api.user","2026-08-17","skipped","2026-08-17","TestCreateUserApi","test_create_user","",""
"","0","[WEB Component] Pay with invalid card should show error message. Case: expiry year only spaces","tests.web.component.payment","2026-08-17","skipped","2026-08-17","TestPaymentComponent","test_payment_component","",""
"","263","[API] Create user should return 200_OK when send create user request with valid data. Case: 'birth_month' = 12","tests.api.user","2026-08-17","passed","2026-08-17","TestCreateUserApi","test_create_user","",""
"","3690","[WEB] Sign up with valid data. Case: 'last_name' length = min + 1","tests.web.component.auth","2026-08-17","passed","2026-08-17","TestSignUpWeb","test_signup_component","",""
"","4589","[WEB] Sign up with valid data. Case: 'address1' length = min + 1","tests.web.component.auth","2026-08-17","passed","2026-08-17","TestSignUpWeb","test_signup_component","",""
"","0","[WEB] Should not add product review with invalid data. Case: 'message' length = max","tests.web.component.review","2026-08-17","skipped","2026-08-17","TestReviewComponent","test_review_component","",""
"","0","[API] Update user should return 400_BAD_REQUEST when send update user request with invalid data. Case: 'city' is absent","tests.api.user","2026-08-17","skipped","2026-08-17","TestUpdateUserApi","test_update_user","",""
"","0","[API] Update user should return 400_BAD_REQUEST when send update user request with invalid data. Case: 'city' is empty","tests.api.user","2026-08-17","skipped","2026-08-17","TestUpdateUserApi","test_update_user","",""
"","0","[API] Create user should return 400_BAD_REQUEST when send create user request with invalid data. Case: 'email' is empty","tests.api.user","2026-08-17","skipped","2026-08-17","TestCreateUserApi","test_create_user","",""
"","0","[WEB] Sign up with invalid data. Case: 'mobile_number' length = max","tests.web.component.auth","2026-08-17","skipped","2026-08-17","TestSignUpWeb","test_signup_component","",""
"","532","[API] Update user should return 200_OK when send update user request with valid data. Case: 'company' length = max - 1","tests.api.user","2026-08-17","passed","2026-08-17","TestUpdateUserApi","test_update_user","",""
"","0","[WEB] Sign up with invalid data. Case: 'last_name' length = min + 1","tests.web.component.auth","2026-08-17","skipped","2026-08-17","TestSignUpWeb","test_signup_component","",""
"","643","[WEB Component] Should navigate to login page by click 'Signup / Login' button","tests.web.component.base","2026-08-17","passed","2026-08-17","TestHeaderComponent","test_header_component","",""
"","201","[API] Create user should return 400_BAD_REQUEST when send create user request with existing email","tests.api.user","2026-08-17","passed","2026-08-17","TestCreateUserApi","test_create_user","",""
"","131","[API] Create user should return 200_OK when send create user request with valid data. Case: 'address1' length = min","tests.api.user","2026-08-17","passed","2026-08-17","TestCreateUserApi","test_create_user","",""
"","0","[API] Update user should return 400_BAD_REQUEST when send update user request with invalid data. Case: 'zipcode' length = max + 1","tests.api.user","2026-08-17","skipped","2026-08-17","TestUpdateUserApi","test_update_user","",""
"","0","[API] Create user should return 400_BAD_REQUEST when send create user request with invalid data. Case: 'email' contains multiple '@' symbols","tests.api.user","2026-08-17","skipped","2026-08-17","TestCreateUserApi","test_create_user","",""
"","0","[WEB] Should not add product review with invalid data. Case: 'email' contains username hieroglyphs instead of username","tests.web.component.review","2026-08-17","skipped","2026-08-17","TestReviewComponent","test_review_component","",""
"","202","[API] Delete user should return 200_OK when send delete user request and user exists","tests.api.user","2026-08-17","passed","2026-08-17","TestDeleteUserApi","test_delete_user","",""
"","0","[API] Update user should return 400_BAD_REQUEST when send update user request with invalid data. Case: 'first_name' length = max + 1","tests.api.user","2026-08-17","skipped","2026-08-17","TestUpdateUserApi","test_update_user","",""
"","1750","[WEB Component] Search filter should filter products by query","tests.web.component.filter","2026-08-17","passed","2026-08-17","TestSearchFilter","test_search_filter","",""
"","5768","[WEB Component] Category filter should have expected screenshot when group expanded","tests.web.component.filter","2026-08-17","passed","2026-08-17","TestCategoryFilter","test_category_filter","",""
"","0","[WEB] Should not add product review with invalid data. Case: 'email' contains invalid top level domain web","tests.web.component.review","2026-08-17","skipped","2026-08-17","TestReviewComponent","test_review_component","",""
"","0","[WEB Component] Pay with invalid card should show error message. Case: card number is empty","tests.web.component.payment","2026-08-17","skipped","2026-08-17","TestPaymentComponent","test_payment_component","",""
"","0","[WEB] Sign up with invalid data. Case: 'address1' length = max - 1","tests.web.component.auth","2026-08-17","skipped","2026-08-17","TestSignUpWeb","test_signup_component","",""
"","0","[WEB Component] Pay with invalid card should show error message. Case: expiry month only spaces","tests.web.component.payment","2026-08-17","skipped","2026-08-17","TestPaymentComponent","test_payment_component","",""
"","706","[API] Update user should return 200_OK when send update user request with valid data. Case: 'birth_year' = 10000","tests.api.user","2026-08-17","passed","2026-08-17","TestUpdateUserApi","test_update_user","",""
"","0","[API] Update user should return 400_BAD_REQUEST when send update user request with invalid data. Case: 'birth_year' is negative","tests.api.user","2026-08-17","skipped","2026-08-17","TestUpdateUserApi","test_update_user","",""
"","0","[API] Create user should return 400_BAD_REQUEST when send create user request with invalid data. Case: 'birth_day' is negative","tests.api.user","2026-08-17","skipped","2026-08-17","TestCreateUserApi","test_create_user","",""
"","0","[API] Create user should return 400_BAD_REQUEST when send create user request with invalid data. Case: 'birth_month' is negative","tests.api.user","2026-08-17","skipped","2026-08-17","TestCreateUserApi","test_create_user","",""
"","663","[WEB] Sign in with invalid credentials. Case: {case_title}","tests.web.component.auth","2026-08-17","passed","2026-08-17","TestLoginWeb","test_login_component","",""
"","0","[API] Create user should return 400_BAD_REQUEST when send create user request with invalid data. Case: 'city' is absent","tests.api.user","2026-08-17","skipped","2026-08-17","TestCreateUserApi","test_create_user","",""
"","5493","[WEB] Sign up with valid data. Case: 'birth_year' = 10000","tests.web.component.auth","2026-08-17","passed","2026-08-17","TestSignUpWeb","test_signup_component","",""
"","334","[WEB Component] Payment component should have expected screenshot","tests.web.component.payment","2026-08-17","passed","2026-08-17","TestPaymentComponent","test_payment_component","",""
"","0","[WEB Component] Pay with invalid card should show error message. Case: cvc all zeros","tests.web.component.payment","2026-08-17","skipped","2026-08-17","TestPaymentComponent","test_payment_component","",""
"","0","[API] Create user should return 400_BAD_REQUEST when send create user request with invalid data. Case: 'city' is empty","tests.api.user","2026-08-17","skipped","2026-08-17","TestCreateUserApi","test_create_user","",""
"","303","[API] Update user should return 200_OK when send update user request with valid data. Case: 'birth_month' = 1","tests.api.user","2026-08-17","passed","2026-08-17","TestUpdateUserApi","test_update_user","",""
"","334","[API] Create user should return 200_OK when send create user request with valid data. Case: 'name' length = min + 1","tests.api.user","2026-08-17","passed","2026-08-17","TestCreateUserApi","test_create_user","",""
"","0","[API] Create user should return 400_BAD_REQUEST when send create user request with invalid data. Case: 'first_name' length = max + 1","tests.api.user","2026-08-17","skipped","2026-08-17","TestCreateUserApi","test_create_user","",""
"","0","[WEB] Should not add product review with invalid data. Case: 'email' contains text before username","tests.web.component.review","2026-08-17","skipped","2026-08-17","TestReviewComponent","test_review_component","",""
"","0","[API] Update user should return 400_BAD_REQUEST when send update user request with invalid data. Case: 'address2' length = min - 1","tests.api.user","2026-08-17","skipped","2026-08-17","TestUpdateUserApi","test_update_user","",""
"","486","[WEB] Should add product review with valid data. Case: 'name' length = min + 1","tests.web.component.review","2026-08-17","passed","2026-08-17","TestReviewComponent","test_review_component","",""
"","987","[WEB Component] Should add product to cart when click on add to cart button","tests.web.component.product","2026-08-17","passed","2026-08-17","TestAnimatedProductCard","test_animated_product_card_component","",""
"","1","[API] Create user should return 400_BAD_REQUEST when send create user request with invalid data. Case: 'mobile_number' length = min - 1","tests.api.user","2026-08-17","skipped","2026-08-17","TestCreateUserApi","test_create_user","",""
"","4553","[WEB] Sign up with valid data. Case: 'address1' length = min","tests.web.component.auth","2026-08-17","passed","2026-08-17","TestSignUpWeb","test_signup_component","",""
"","145","Get brands should return 200_OK when send get brands request","tests.api.brand","2026-08-17","passed","2026-08-17","TestBrandApi","test_brand","",""
"","0","[WEB] Sign up with invalid data. Case: 'company' length = min + 1","tests.web.component.auth","2026-08-17","skipped","2026-08-17","TestSignUpWeb","test_signup_component","",""
"","888","[WEB Component] Brand filter should have expected screenshot","tests.web.component.filter","2026-08-17","passed","2026-08-17","TestBrandFilter","test_brand_filter","",""
"","0","[API] Update user should return 400_BAD_REQUEST when send update user request with invalid data. Case: 'birth_day' is invalid positive","tests.api.user","2026-08-17","skipped","2026-08-17","TestUpdateUserApi","test_update_user","",""
"","0","[WEB] Sign up with invalid data. Case: 'last_name' length = max - 1","tests.web.component.auth","2026-08-17","skipped","2026-08-17","TestSignUpWeb","test_signup_component","",""
"","370","Should return user not found when user password invalid","tests.api.user","2026-08-17","passed","2026-08-17","TestVerifyLoginApi","test_verify_login","",""
"","0","[WEB] Sign up with invalid data. Case: 'state' length = min","tests.web.component.auth","2026-08-17","skipped","2026-08-17","TestSignUpWeb","test_signup_component","",""
"","0","[WEB] Should not add product review with invalid data. Case: 'message' length = min","tests.web.component.review","2026-08-17","skipped","2026-08-17","TestReviewComponent","test_review_component","",""
"","0","[WEB Component] Pay with invalid card should show error message. Case: name only spaces","tests.web.component.payment","2026-08-17","skipped","2026-08-17","TestPaymentComponent","test_payment_component","",""
"","460","[API] Update user should return 200_OK when send update user request with valid data. Case: 'company' length = min + 1","tests.api.user","2026-08-17","passed","2026-08-17","TestUpdateUserApi","test_update_user","",""
"","0","[WEB] Sign up with invalid data. Case: 'name' length = min + 1","tests.web.component.auth","2026-08-17","skipped","2026-08-17","TestSignUpWeb","test_signup_component","",""
"","5702","[WEB] Sign up with valid data. Case: 'mobile_number' length = min + 1","tests.web.component.auth","2026-08-17","passed","2026-08-17","TestSignUpWeb","test_signup_component","",""
"","300","[API] Create user should return 200_OK when send create user request with valid data. Case: 'state' length = min + 1","tests.api.user","2026-08-17","passed","2026-08-17","TestCreateUserApi","test_create_user","",""
"","0","[WEB] Sign up with invalid data. Case: 'mobile_number' length = min + 1","tests.web.component.auth","2026-08-17","skipped","2026-08-17","TestSignUpWeb","test_signup_component","",""
"","0","[API] Update user should return 400_BAD_REQUEST when send update user request with invalid data. Case: 'email' contains text before username","tests.api.user","2026-08-17","skipped","2026-08-17","TestUpdateUserApi","test_update_user","",""
"","0","[WEB Component] Pay with invalid card should show error message. Case: card number contains spaces","tests.web.component.payment","2026-08-17","skipped","2026-08-17","TestPaymentComponent","test_payment_component","",""
"","647","[API] Create user should return 200_OK when send create user request with valid data. Case: 'first_name' length = min + 1","tests.api.user","2026-08-17","passed","2026-08-17","TestCreateUserApi","test_create_user","",""
"","0","[API] Update user should return 400_BAD_REQUEST when send update user request with invalid data. Case: 'birth_month' is absent","tests.api.user","2026-08-17","skipped","2026-08-17","TestUpdateUserApi","test_update_user","",""
"","0","[API] Update user should return 400_BAD_REQUEST when send update user request with invalid data. Case: 'email' is word","tests.api.user","2026-08-17","skipped","2026-08-17","TestUpdateUserApi","test_update_user","",""
"","286","[API] Update user should return 200_OK when send update user request with valid data. Case: 'birth_day' = 1","tests.api.user","2026-08-17","passed","2026-08-17","TestUpdateUserApi","test_update_user","",""
"","0","[WEB] Sign up with invalid data. Case: 'state' length = min + 1","tests.web.component.auth","2026-08-17","skipped","2026-08-17","TestSignUpWeb","test_signup_component","",""
"","357","[API] Create user should return 200_OK when send create user request with valid data. Case: 'zipcode' length = max - 1","tests.api.user","2026-08-17","passed","2026-08-17","TestCreateUserApi","test_create_user","",""
"","0","[API] Update user should return 400_BAD_REQUEST when send update user request with invalid data. Case: 'company' length = max + 1","tests.api.user","2026-08-17","skipped","2026-08-17","TestUpdateUserApi","test_update_user","",""
"","0","[API] Create user should return 400_BAD_REQUEST when send create user request with invalid data. Case: 'last_name' length = min - 1","tests.api.user","2026-08-17","skipped","2026-08-17","TestCreateUserApi","test_create_user","",""
"","4878","[WEB] Sign up with valid data. Case: 'address1' length = max - 1","tests.web.component.auth","2026-08-17","passed","2026-08-17","TestSignUpWeb","test_signup_component","",""
"","4964","[WEB] Sign up with valid data. Case: 'company' length = min","tests.web.component.auth","2026-08-17","passed","2026-08-17","TestSignUpWeb","test_signup_component","",""
"","0","[API] Update user should return 400_BAD_REQUEST when send update user request with invalid data. Case: 'name' length = min - 1","tests.api.user","2026-08-17","skipped","2026-08-17","TestUpdateUserApi","test_update_user","",""
"","5169","[WEB] Sign up with valid data. Case: 'city' length = max - 1","tests.web.component.auth","2026-08-17","passed","2026-08-17","TestSignUpWeb","test_signup_component","",""
"","0","[WEB] Sign up with invalid data. Case: 'zipcode' length = min + 1","tests.web.component.auth","2026-08-17","skipped","2026-08-17","TestSignUpWeb","test_signup_component","",""
"","1213","[WEB Component] Product item should have expected data","tests.web.component.product","2026-08-17","passed","2026-08-17","TestProductItem","test_product_item","",""
"","0","[API] Create user should return 400_BAD_REQUEST when send create user request with invalid data. Case: 'address1' is empty","tests.api.user","2026-08-17","skipped","2026-08-17","TestCreateUserApi","test_create_user","",""
"","161","[API] Create user should return 200_OK when send create user request with valid data. Case: 'last_name' length = min","tests.api.user","2026-08-17","passed","2026-08-17","TestCreateUserApi","test_create_user","",""
"","246","[API] Create user should return 200_OK when send create user request with valid data. Case: 'name' length = max","tests.api.user","2026-08-17","passed","2026-08-17","TestCreateUserApi","test_create_user","",""
"","1981","[WEB Component] Pay with valid card should show success status message. Case: valid: name max length","tests.web.component.payment","2026-08-17","passed","2026-08-17","TestPaymentComponent","test_payment_component","",""
"","259","[API] Update user should return 200_OK when send update user request with valid data. Case: 'last_name' length = min + 1","tests.api.user","2026-08-17","passed","2026-08-17","TestUpdateUserApi","test_update_user","",""
"","400","[API] Create user should return 200_OK when send create user request with valid data. Case: 'city' length = max","tests.api.user","2026-08-17","passed","2026-08-17","TestCreateUserApi","test_create_user","",""
"","0","[WEB Component] Pay with invalid card should show error message. Case: card number contains special characters","tests.web.component.payment","2026-08-17","skipped","2026-08-17","TestPaymentComponent","test_payment_component","",""
"","243","[API] Update user should return 200_OK when send update user request with valid data. Case: 'mobile_number' length = max","tests.api.user","2026-08-17","passed","2026-08-17","TestUpdateUserApi","test_update_user","",""
"","5592","[WEB] Sign up with valid data. Case: 'company' length = max - 1","tests.web.component.auth","2026-08-17","passed","2026-08-17","TestSignUpWeb","test_signup_component","",""
"","963","[WEB Component] Should navigate to main page by click on header logo","tests.web.component.base","2026-08-17","passed","2026-08-17","TestHeaderComponent","test_header_component","",""
"","2365","[WEB Component] Image Carousel should show previous image when scroll left","tests.web.component.carousel","2026-08-17","passed","2026-08-17","TestImageCarousel","test_image_carousel","",""
"","521","[WEB] Should add product review with valid data. Case: 'name' length = max - 1","tests.web.component.review","2026-08-17","passed","2026-08-17","TestReviewComponent","test_review_component","",""
"","2067","[WEB Component] Product carousel should have expected product","tests.web.component.carousel","2026-08-17","failed","2026-08-17","TestProductCarousel","test_product_carousel","",""
"","0","[WEB] Should not add product review with invalid data. Case: 'email' contains '.' before dog symbol","tests.web.component.review","2026-08-17","skipped","2026-08-17","TestReviewComponent","test_review_component","",""
"","0","[API] Update user should return 400_BAD_REQUEST when send update user request with invalid data. Case: 'email' contains text after domain","tests.api.user","2026-08-17","skipped","2026-08-17","TestUpdateUserApi","test_update_user","",""
"","0","[WEB Component] Pay with invalid card should show error message. Case: expiry month is empty","tests.web.component.payment","2026-08-17","skipped","2026-08-17","TestPaymentComponent","test_payment_component","",""
"","0","[API] Update user should return 400_BAD_REQUEST when send update user request with invalid data. Case: 'last_name' length = min - 1","tests.api.user","2026-08-17","skipped","2026-08-17","TestUpdateUserApi","test_update_user","",""
"","274","[API] Create user should return 200_OK when send create user request with valid data. Case: 'company' length = max","tests.api.user","2026-08-17","passed","2026-08-17","TestCreateUserApi","test_create_user","",""
"","4912","Purchase products with sign up while checkout","tests.web.e2e","2026-08-17","failed","2026-08-17","TestPlaceOrder","test_place_order","",""
"","115","test_search_products_returns_empty_array","tests.api.product","2026-08-17","passed","2026-08-17","TestProductApi","test_product","",""
"","0","[WEB Component] Pay with invalid card should show error message. Case: card number contains letters","tests.web.component.payment","2026-08-17","skipped","2026-08-17","TestPaymentComponent","test_payment_component","",""
"","2499","[WEB Component] Search filter should return all products when filter by empty query","tests.web.component.filter","2026-08-17","passed","2026-08-17","TestSearchFilter","test_search_filter","",""
"","0","[API] Update user should return 400_BAD_REQUEST when send update user request with invalid data. Case: 'state' length = min - 1","tests.api.user","2026-08-17","skipped","2026-08-17","TestUpdateUserApi","test_update_user","",""
"","645","[WEB Component] Should navigate to products page by click 'Products' button","tests.web.component.base","2026-08-17","passed","2026-08-17","TestHeaderComponent","test_header_component","",""
"","0","[API] Create user should return 400_BAD_REQUEST when send create user request with invalid data. Case: 'state' is empty","tests.api.user","2026-08-17","skipped","2026-08-17","TestCreateUserApi","test_create_user","",""
"","0","[WEB Component] Pay with invalid card should show error message. Case: expiry year is empty","tests.web.component.payment","2026-08-17","skipped","2026-08-17","TestPaymentComponent","test_payment_component","",""
"","10455","[WEB Component] Category filter group should be collapsed after expand another group","tests.web.component.filter","2026-08-17","failed","2026-08-17","TestCategoryFilter","test_category_filter","",""
"","397","[WEB Component] Header has expected screenshot","tests.web.component.base","2026-08-17","passed","2026-08-17","TestHeaderComponent","test_header_component","",""
"","0","[API] Update user should return 400_BAD_REQUEST when send update user request with invalid data. Case: 'birth_month' is zero","tests.api.user","2026-08-17","skipped","2026-08-17","TestUpdateUserApi","test_update_user","",""
"","1092","[WEB Component] Should decrease all products total price","tests.web.component.product","2026-08-17","passed","2026-08-17","TestProductItem","test_product_item","",""
"","136","[API] Create user should return 200_OK when send create user request with valid data. Case: 'address2' length = max","tests.api.user","2026-08-17","passed","2026-08-17","TestCreateUserApi","test_create_user","",""
"","1033","[API] Login should return 200_OK when send login request with valid data and contains csrf cookie","tests.api.auth","2026-08-17","passed","2026-08-17","TestAuthApi","test_auth","",""
"","4881","[WEB] Sign up with valid data. Case: 'name' length = max - 1","tests.web.component.auth","2026-08-17","passed","2026-08-17","TestSignUpWeb","test_signup_component","",""
"","492","[API] Update user should return 200_OK when send update user request with valid data. Case: 'first_name' length = min + 1","tests.api.user","2026-08-17","passed","2026-08-17","TestUpdateUserApi","test_update_user","",""
"","5360","[WEB Component] Search filter should return empty products catalog","tests.web.component.filter","2026-08-17","passed","2026-08-17","TestSearchFilter","test_search_filter","",""
"","0","[API] Update user should return 400_BAD_REQUEST when send update user request with invalid data. Case: 'zipcode' is absent","tests.api.user","2026-08-17","skipped","2026-08-17","TestUpdateUserApi","test_update_user","",""
"","0","[API] Update user should return 400_BAD_REQUEST when send update user request with invalid data. Case: 'birth_day' is negative","tests.api.user","2026-08-17","skipped","2026-08-17","TestUpdateUserApi","test_update_user","",""
"","0","[API] Update user should return 400_BAD_REQUEST when send update user request with invalid data. Case: 'birth_year' is zero","tests.api.user","2026-08-17","skipped","2026-08-17","TestUpdateUserApi","test_update_user","",""
"","0","[WEB Component] Pay with invalid card should show error message. Case: cvc too long","tests.web.component.payment","2026-08-17","skipped","2026-08-17","TestPaymentComponent","test_payment_component","",""
"","592","[WEB Component] Product item should navigate to product page when click on item title","tests.web.component.product","2026-08-17","passed","2026-08-17","TestProductItem","test_product_item","",""
"","162","[API] Create user should return 200_OK when send create user request with valid data. Case: 'mobile_number' length = max","tests.api.user","2026-08-17","passed","2026-08-17","TestCreateUserApi","test_create_user","",""
"","0","[API] Create user should return 400_BAD_REQUEST when send create user request with invalid data. Case: 'birth_year' is negative","tests.api.user","2026-08-17","skipped","2026-08-17","TestCreateUserApi","test_create_user","",""
"","503","[WEB] Should add product review with valid data. Case: 'email' username contains '.'","tests.web.component.review","2026-08-17","passed","2026-08-17","TestReviewComponent","test_review_component","",""
"","1070","[WEB Component] Add product to cart from product carousel","tests.web.component.carousel","2026-08-17","passed","2026-08-17","TestProductCarousel","test_product_carousel","",""
"","0","[API] Update user should return 400_BAD_REQUEST when send update user request with invalid data. Case: 'email' contains mail server as ip and port","tests.api.user","2026-08-17","skipped","2026-08-17","TestUpdateUserApi","test_update_user","",""
"","294","[API] Create user should return 200_OK when send create user request with valid data. Case: 'city' length = max - 1","tests.api.user","2026-08-17","passed","2026-08-17","TestCreateUserApi","test_create_user","",""
"","0","[WEB] Sign up with invalid data. Case: 'name' length = min","tests.web.component.auth","2026-08-17","skipped","2026-08-17","TestSignUpWeb","test_signup_component","",""
"","117","[API] Get user should return 404_NOT_FOUND when send get user request and user not exists","tests.api.user","2026-08-17","passed","2026-08-17","TestGetUserApi","test_get_user","",""
"","147","[API] Create user should return 200_OK when send create user request with valid data. Case: 'company' length = max - 1","tests.api.user","2026-08-17","passed","2026-08-17","TestCreateUserApi","test_create_user","",""
"","0","[WEB Component] Pay with invalid card should show error message. Case: expiry month one digit","tests.web.component.payment","2026-08-17","skipped","2026-08-17","TestPaymentComponent","test_payment_component","",""
"","1911","[WEB Component] Pay with valid card should show success status message. Case: valid: future year","tests.web.component.payment","2026-08-17","passed","2026-08-17","TestPaymentComponent","test_payment_component","",""
"","0","[WEB] Sign up with invalid data. Case: 'zipcode' length = max","tests.web.component.auth","2026-08-17","skipped","2026-08-17","TestSignUpWeb","test_signup_component","",""
"","534","[WEB Component] Pay with valid card should show success status message. Case: valid: expiry month min","tests.web.component.payment","2026-08-17","passed","2026-08-17","TestPaymentComponent","test_payment_component","",""
"","0","[API] Create user should return 400_BAD_REQUEST when send create user request with invalid data. Case: 'zipcode' length = min - 1","tests.api.user","2026-08-17","skipped","2026-08-17","TestCreateUserApi","test_create_user","",""
"","0","[WEB] Should not add product review with invalid data. Case: 'email' contains text after domain","tests.web.component.review","2026-08-17","skipped","2026-08-17","TestReviewComponent","test_review_component","",""
"","0","[WEB] Sign up with invalid data. Case: 'birth_year' = 1","tests.web.component.auth","2026-08-17","skipped","2026-08-17","TestSignUpWeb","test_signup_component","",""
"","0","[WEB] Should not add product review with invalid data. Case: 'name' length = min - 1","tests.web.component.review","2026-08-17","skipped","2026-08-17","TestReviewComponent","test_review_component","",""
"","501","[API] Update user should return 200_OK when send update user request with valid data. Case: 'first_name' length = max - 1","tests.api.user","2026-08-17","passed","2026-08-17","TestUpdateUserApi","test_update_user","",""
"","0","[API] Create user should return 400_BAD_REQUEST when send create user request with invalid data. Case: 'city' length = max + 1","tests.api.user","2026-08-17","skipped","2026-08-17","TestCreateUserApi","test_create_user","",""
"","4993","[WEB] Sign up with valid data. Case: 'state' length = min + 1","tests.web.component.auth","2026-08-17","passed","2026-08-17","TestSignUpWeb","test_signup_component","",""
"","0","[WEB] Should not add product review with invalid data. Case: 'email' contains multiple '@' symbols","tests.web.component.review","2026-08-17","skipped","2026-08-17","TestReviewComponent","test_review_component","",""
"","46","[WEB Component] Should have all products expected total price","tests.web.component.product","2026-08-17","passed","2026-08-17","TestProductItem","test_product_item","",""
"","3014","[WEB Component] Animated product card overlay should have expected data","tests.web.component.product","2026-08-17","passed","2026-08-17","TestAnimatedProductCard","test_animated_product_card_component","",""
"","1751","[WEB Component] Image Carousel should show last image when scroll left on first image","tests.web.component.carousel","2026-08-17","passed","2026-08-17","TestImageCarousel","test_image_carousel","",""
"","0","[API] Update user should return 400_BAD_REQUEST when send update user request with invalid data. Case: 'first_name' length = min - 1","tests.api.user","2026-08-17","skipped","2026-08-17","TestUpdateUserApi","test_update_user","",""
"","1999","[WEB Component] Pay with valid card should show success status message. Case: valid: common latin name","tests.web.component.payment","2026-08-17","passed","2026-08-17","TestPaymentComponent","test_payment_component","",""
"","0","[WEB] Sign up with invalid data. Case: 'first_name' length = min","tests.web.component.auth","2026-08-17","skipped","2026-08-17","TestSignUpWeb","test_signup_component","",""
"","0","[API] Create user should return 400_BAD_REQUEST when send create user request with invalid data. Case: 'zipcode' is absent","tests.api.user","2026-08-17","skipped","2026-08-17","TestCreateUserApi","test_create_user","",""
"","0","[API] Update user should return 400_BAD_REQUEST when send update user request with invalid data. Case: 'name' is absent","tests.api.user","2026-08-17","skipped","2026-08-17","TestUpdateUserApi","test_update_user","",""
"","5331","[WEB] Sign up with valid data. Case: 'state' length = min","tests.web.component.auth","2026-08-17","passed","2026-08-17","TestSignUpWeb","test_signup_component","",""
"","7172","[WEB] Sign up with valid data. Case: 'address1' length = max","tests.web.component.auth","2026-08-17","passed","2026-08-17","TestSignUpWeb","test_signup_component","",""
"","367","[API] Update user should return 200_OK when send update user request with valid data. Case: 'state' length = min","tests.api.user","2026-08-17","passed","2026-08-17","TestUpdateUserApi","test_update_user","",""
"","299","[API] Update user should return 200_OK when send update user request with valid data. Case: 'zipcode' length = max - 1","tests.api.user","2026-08-17","passed","2026-08-17","TestUpdateUserApi","test_update_user","",""
"","0","[WEB Component] Pay with invalid card should show error message. Case: card number too long","tests.web.component.payment","2026-08-17","skipped","2026-08-17","TestPaymentComponent","test_payment_component","",""
"","0","[API] Update user should return 400_BAD_REQUEST when send update user request with invalid data. Case: 'email' is empty","tests.api.user","2026-08-17","skipped","2026-08-17","TestUpdateUserApi","test_update_user","",""
"","0","[WEB Component] Pay with invalid card should show error message. Case: name is empty","tests.web.component.payment","2026-08-17","skipped","2026-08-17","TestPaymentComponent","test_payment_component","",""
"","371","[API] Create user should return 200_OK when send create user request with valid data. Case: 'mobile_number' length = min + 1","tests.api.user","2026-08-17","passed","2026-08-17","TestCreateUserApi","test_create_user","",""
"","227","[API] Create user should return 200_OK when send create user request with valid data. Case: 'birth_year' = 1","tests.api.user","2026-08-17","passed","2026-08-17","TestCreateUserApi","test_create_user","",""
"","0","[WEB Component] Pay with invalid card should show error message. Case: card number too short","tests.web.component.payment","2026-08-17","skipped","2026-08-17","TestPaymentComponent","test_payment_component","",""
"","5868","[WEB] Sign up with valid data. Case: 'mobile_number' length = min","tests.web.component.auth","2026-08-17","passed","2026-08-17","TestSignUpWeb","test_signup_component","",""
"","418","[API] Update user should return 200_OK when send update user request with valid data. Case: 'name' length = min","tests.api.user","2026-08-17","passed","2026-08-17","TestUpdateUserApi","test_update_user","",""
"","1173","[WEB Component] Should add product to cart when click on add to cart button multiple times","tests.web.component.product","2026-08-17","passed","2026-08-17","TestProductCard","test_product_details_component","",""
"","0","[WEB] Should not add product review with invalid data. Case: 'email' contains domain with one letter","tests.web.component.review","2026-08-17","skipped","2026-08-17","TestReviewComponent","test_review_component","",""
"","7633","Purchase products with login before checkout","tests.web.e2e","2026-08-17","passed","2026-08-17","TestPlaceOrder","test_place_order","",""
"","136","[API] Create user should return 200_OK when send create user request with valid data. Case: 'address2' length = max - 1","tests.api.user","2026-08-17","passed","2026-08-17","TestCreateUserApi","test_create_user","",""
"","0","[WEB] Should not add product review with invalid data. Case: 'message' length = min + 1","tests.web.component.review","2026-08-17","skipped","2026-08-17","TestReviewComponent","test_review_component","",""
"","403","[API] Update user should return 200_OK when send update user request with valid data. Case: 'last_name' length = min","tests.api.user","2026-08-17","passed","2026-08-17","TestUpdateUserApi","test_update_user","",""
"","753","[WEB] Should have expected screenshot when send review","tests.web.component.review","2026-08-17","passed","2026-08-17","TestReviewComponent","test_review_component","",""
"","0","[API] Create user should return 400_BAD_REQUEST when send create user request with invalid data. Case: 'address2' is empty","tests.api.user","2026-08-17","skipped","2026-08-17","TestCreateUserApi","test_create_user","",""
"","0","[API] Create user should return 400_BAD_REQUEST when send create user request with invalid data. Case: 'zipcode' is empty","tests.api.user","2026-08-17","skipped","2026-08-17","TestCreateUserApi","test_create_user","",""
"","0","[WEB] Should not add product review with invalid data. Case: 'email' contains '-' after '@'","tests.web.component.review","2026-08-17","skipped","2026-08-17","TestReviewComponent","test_review_component","",""
"","143","[API] Create user should return 200_OK when send create user request with valid data. Case: 'birth_day' length = 31","tests.api.user","2026-08-17","passed","2026-08-17","TestCreateUserApi","test_create_user","",""
"","5169","[WEB] Sign up with valid data. Case: 'city' length = max","tests.web.component.auth","2026-08-17","passed","2026-08-17","TestSignUpWeb","test_signup_component","",""
"","786","[WEB Component] Should remove product from cart","tests.web.component.product","2026-08-17","passed","2026-08-17","TestProductItem","test_product_item","",""
"","0","[API] Create user should return 400_BAD_REQUEST when send create user request with invalid data. Case: 'birth_year' is zero","tests.api.user","2026-08-17","skipped","2026-08-17","TestCreateUserApi","test_create_user","",""
"","0","[API] Update user should return 400_BAD_REQUEST when send update user request with invalid data. Case: 'company' length = min - 1","tests.api.user","2026-08-17","skipped","2026-08-17","TestUpdateUserApi","test_update_user","",""
"","0","[WEB] Sign up with invalid data. Case: 'city' length = min","tests.web.component.auth","2026-08-17","skipped","2026-08-17","TestSignUpWeb","test_signup_component","",""
"","505","[API] Create user should return 200_OK when send create user request with valid data. Case: 'state' length = max","tests.api.user","2026-08-17","passed","2026-08-17","TestCreateUserApi","test_create_user","",""
"","0","[API] Update user should return 400_BAD_REQUEST when send update user request with invalid data. Case: 'birth_day' is absent","tests.api.user","2026-08-17","skipped","2026-08-17","TestUpdateUserApi","test_update_user","",""
"","0","[API] Create user should return 400_BAD_REQUEST when send create user request with invalid data. Case: 'address1' length = min - 1","tests.api.user","2026-08-17","skipped","2026-08-17","TestCreateUserApi","test_create_user","",""
"","0","[API] Create user should return 400_BAD_REQUEST when send create user request with invalid data. Case: 'email' is word","tests.api.user","2026-08-17","skipped","2026-08-17","TestCreateUserApi","test_create_user","",""
"","734","[WEB] Should add product review with valid data. Case: 'email' domain contains '-'","tests.web.component.review","2026-08-17","passed","2026-08-17","TestReviewComponent","test_review_component","",""
"","2324","[WEB Component] Image Carousel should show next image when scroll right","tests.web.component.carousel","2026-08-17","passed","2026-08-17","TestImageCarousel","test_image_carousel","",""
"","4846","[WEB] Sign up with valid data. Case: 'mobile_number' length = max - 1","tests.web.component.auth","2026-08-17","passed","2026-08-17","TestSignUpWeb","test_signup_component","",""
"","2487","[WEB Component] Should increase product item quantity","tests.web.component.product","2026-08-17","passed","2026-08-17","TestProductItem","test_product_item","",""
"","497","[API] Update user should return 200_OK when send update user request with valid data. Case: 'name' length = max - 1","tests.api.user","2026-08-17","passed","2026-08-17","TestUpdateUserApi","test_update_user","",""
"","1359","[WEB Component] Search filter should have expected screenshot","tests.web.component.filter","2026-08-17","passed","2026-08-17","TestSearchFilter","test_search_filter","",""
"","0","[WEB Component] Pay with invalid card should show error message. Case: name length = max + 1","tests.web.component.payment","2026-08-17","skipped","2026-08-17","TestPaymentComponent","test_payment_component","",""
"","432","[API] Create user should return 200_OK when send create user request with valid data. Case: 'first_name' length = max","tests.api.user","2026-08-17","passed","2026-08-17","TestCreateUserApi","test_create_user","",""
"","0","[API] Update user should return 400_BAD_REQUEST when send update user request with invalid data. Case: 'state' is empty","tests.api.user","2026-08-17","skipped","2026-08-17","TestUpdateUserApi","test_update_user","",""
"","6369","[WEB] Sign up with valid data. Case: 'name' length = max","tests.web.component.auth","2026-08-17","passed","2026-08-17","TestSignUpWeb","test_signup_component","",""
"","1325","[WEB Component] Should add product to cart when click on add to cart button","tests.web.component.product","2026-08-17","passed","2026-08-17","TestProductCard","test_product_details_component","",""
"","1807","[WEB Component] Pay with valid card should show success status message. Case: valid: expiry month max","tests.web.component.payment","2026-08-17","passed","2026-08-17","TestPaymentComponent","test_payment_component","",""
"","4970","[WEB] Sign up with valid data. Case: 'birth_day' = 1","tests.web.component.auth","2026-08-17","passed","2026-08-17","TestSignUpWeb","test_signup_component","",""
"","0","[WEB Component] Pay with invalid card should show error message. Case: card number all zeros","tests.web.component.payment","2026-08-17","skipped","2026-08-17","TestPaymentComponent","test_payment_component","",""
"","4698","[WEB] Sign up with valid data. Case: 'address2' length = min","tests.web.component.auth","2026-08-17","passed","2026-08-17","TestSignUpWeb","test_signup_component","",""
"","236","[API] Create user should return 200_OK when send create user request with valid data. Case: 'city' length = min + 1","tests.api.user","2026-08-17","passed","2026-08-17","TestCreateUserApi","test_create_user","",""
"","1411","[WEB Component] Product card should have expected data","tests.web.component.product","2026-08-17","skipped","2026-08-17","TestProductCard","test_product_card_component","",""
"","381","[API] Update user should return 200_OK when send update user request with valid data. Case: 'city' length = min + 1","tests.api.user","2026-08-17","passed","2026-08-17","TestUpdateUserApi","test_update_user","",""
"","301","[API] Update user should return 200_OK when send update user request with valid data. Case: 'city' length = max","tests.api.user","2026-08-17","passed","2026-08-17","TestUpdateUserApi","test_update_user","",""
"","531","[WEB] Should add product review with valid data. Case: 'email' username contains '-'","tests.web.component.review","2026-08-17","passed","2026-08-17","TestReviewComponent","test_review_component","",""
"","149","[API] Create user should return 200_OK when send create user request with valid data. Case: 'address1' length = max","tests.api.user","2026-08-17","passed","2026-08-17","TestCreateUserApi","test_create_user","",""
"","0","[WEB Component] Pay with invalid card should show error message. Case: expiry month = 13","tests.web.component.payment","2026-08-17","skipped","2026-08-17","TestPaymentComponent","test_payment_component","",""
"","0","[WEB] Should not add product review with invalid data. Case: 'email' contains mail server as ip and port","tests.web.component.review","2026-08-17","skipped","2026-08-17","TestReviewComponent","test_review_component","",""
"","1905","[WEB Component] Pay with valid card should show success status message. Case: valid name contains multiple spaces","tests.web.component.payment","2026-08-17","passed","2026-08-17","TestPaymentComponent","test_payment_component","",""
"","215","[API] Update user should return 200_OK when send update user request with valid data. Case: 'city' length = min","tests.api.user","2026-08-17","passed","2026-08-17","TestUpdateUserApi","test_update_user","",""
"","0","[API] Create user should return 400_BAD_REQUEST when send create user request with invalid data. Case: 'birth_day' is absent","tests.api.user","2026-08-17","skipped","2026-08-17","TestCreateUserApi","test_create_user","",""
"","296","[API] Update user should return 200_OK when send update user request with valid data. Case: 'birth_day' length = 31","tests.api.user","2026-08-17","passed","2026-08-17","TestUpdateUserApi","test_update_user","",""
"","126","[API] Create user should return 200_OK when send create user request with valid data. Case: 'mobile_number' length = max - 1","tests.api.user","2026-08-17","passed","2026-08-17","TestCreateUserApi","test_create_user","",""
"","0","[API] Update user should return 400_BAD_REQUEST when send update user request with invalid data. Case: 'mobile_number' has invalid format","tests.api.user","2026-08-17","skipped","2026-08-17","TestUpdateUserApi","test_update_user","",""
"","2092","[WEB Component] Pay with valid card should show success status message. Case: valid: name min length","tests.web.component.payment","2026-08-17","passed","2026-08-17","TestPaymentComponent","test_payment_component","",""
"","768","[WEB] Should add product review with valid data. Case: 'email' domain length = 2","tests.web.component.review","2026-08-17","passed","2026-08-17","TestReviewComponent","test_review_component","",""
"","632","[API] Create user should return 200_OK when send create user request with valid data. Case: 'mobile_number' length = min","tests.api.user","2026-08-17","passed","2026-08-17","TestCreateUserApi","test_create_user","",""
"","0","[WEB] Sign up with invalid data. Case: 'address2' length = min + 1","tests.web.component.auth","2026-08-17","skipped","2026-08-17","TestSignUpWeb","test_signup_component","",""
"","696","[API] Update user should return 200_OK when send update user request with valid data. Case: 'address1' length = min + 1","tests.api.user","2026-08-17","passed","2026-08-17","TestUpdateUserApi","test_update_user","",""
"","0","[API] Update user should return 400_BAD_REQUEST when send update user request with invalid data. Case: 'mobile_number' is empty","tests.api.user","2026-08-17","skipped","2026-08-17","TestUpdateUserApi","test_update_user","",""
"","4364","[WEB] Sign up with valid data. Case: 'mobile_number' length = max","tests.web.component.auth","2026-08-17","passed","2026-08-17","TestSignUpWeb","test_signup_component","",""
"","0","[WEB] Sign up with invalid data. Case: 'state' length = max - 1","tests.web.component.auth","2026-08-17","skipped","2026-08-17","TestSignUpWeb","test_signup_component","",""
"","0","[API] Create user should return 400_BAD_REQUEST when send create user request with invalid data. Case: 'last_name' length = max + 1","tests.api.user","2026-08-17","skipped","2026-08-17","TestCreateUserApi","test_create_user","",""
"","436","[API] Update user should return 200_OK when send update user request with valid data. Case: 'state' length = max","tests.api.user","2026-08-17","passed","2026-08-17","TestUpdateUserApi","test_update_user","",""
"","0","[API] Update user should return 400_BAD_REQUEST when send update user request with invalid data. Case: 'zipcode' length = min - 1","tests.api.user","2026-08-17","skipped","2026-08-17","TestUpdateUserApi","test_update_user","",""
"","0","[WEB] Sign up with invalid data. Case: 'birth_day' = 1","tests.web.component.auth","2026-08-17","skipped","2026-08-17","TestSignUpWeb","test_signup_component","",""
"","0","[WEB] Sign up with invalid data. Case: 'state' length = max","tests.web.component.auth","2026-08-17","skipped","2026-08-17","TestSignUpWeb","test_signup_component","",""
"","248","[API] Create user should return 200_OK when send create user request with valid data. Case: 'company' length = min + 1","tests.api.user","2026-08-17","passed","2026-08-17","TestCreateUserApi","test_create_user","",""
"","0","[API] Create user should return 400_BAD_REQUEST when send create user request with invalid data. Case: 'zipcode' length = max + 1","tests.api.user","2026-08-17","skipped","2026-08-17","TestCreateUserApi","test_create_user","",""
"","140","[API] Create user should return 200_OK when send create user request with valid data. Case: 'name' length = min","tests.api.user","2026-08-17","passed","2026-08-17","TestCreateUserApi","test_create_user","",""
"","4661","[WEB] Sign up with valid data. Case: 'zipcode' length = max","tests.web.component.auth","2026-08-17","passed","2026-08-17","TestSignUpWeb","test_signup_component","",""
"","0","[WEB Component] Pay with invalid card should show error message. Case: expiry year too long","tests.web.component.payment","2026-08-17","skipped","2026-08-17","TestPaymentComponent","test_payment_component","",""
"","0","[WEB Component] Pay with invalid card should show error message. Case: cvc contains letters","tests.web.component.payment","2026-08-17","skipped","2026-08-17","TestPaymentComponent","test_payment_component","",""
"","0","[API] Create user should return 400_BAD_REQUEST when send create user request with invalid data. Case: 'last_name' is absent","tests.api.user","2026-08-17","skipped","2026-08-17","TestCreateUserApi","test_create_user","",""
"","9850","[WEB] Sign in with valid data","tests.web.component.auth","2026-08-17","passed","2026-08-17","TestLoginWeb","test_login_component","",""
"","520","[WEB] Should add product review with valid data. Case: 'message' length = min","tests.web.component.review","2026-08-17","passed","2026-08-17","TestReviewComponent","test_review_component","",""
"","588","[WEB Component] Should add product to cart when click on add to cart button","tests.web.component.product","2026-08-17","passed","2026-08-17","TestProductCard","test_product_card_component","",""
"","0","[WEB] Should not add product review with invalid data. Case: 'email' not contains '@' symbol","tests.web.component.review","2026-08-17","skipped","2026-08-17","TestReviewComponent","test_review_component","",""
"","1250","[WEB Component] Products Carousel should show previous image when scroll left","tests.web.component.carousel","2026-08-17","passed","2026-08-17","TestProductCarousel","test_product_carousel","",""
"","0","[WEB] Sign up with invalid data. Case: 'company' length = min","tests.web.component.auth","2026-08-17","skipped","2026-08-17","TestSignUpWeb","test_signup_component","",""
"","3868","[WEB] Sign up with valid data. Case: 'last_name' length = min","tests.web.component.auth","2026-08-17","passed","2026-08-17","TestSignUpWeb","test_signup_component","",""
"","2380","[WEB Component] Image Carousel should show first image when scroll right on last image","tests.web.component.carousel","2026-08-17","passed","2026-08-17","TestImageCarousel","test_image_carousel","",""
"","402","[API] Update user should return 200_OK when send update user request with valid data. Case: 'last_name' length = max","tests.api.user","2026-08-17","passed","2026-08-17","TestUpdateUserApi","test_update_user","",""
"","808","[WEB Component] Add product notification should be closed when click on close button","tests.web.component.base","2026-08-17","passed","2026-08-17","TestNotificationComponent","test_notification_component","",""
"","449","[WEB Component] Header has expected screenshot when authorized","tests.web.component.base","2026-08-17","passed","2026-08-17","TestHeaderComponent","test_header_component","",""
"","509","[WEB] Should add product review with valid data. Case: 'email' username contains '+'","tests.web.component.review","2026-08-17","passed","2026-08-17","TestReviewComponent","test_review_component","",""
"","141","[API] Create user should return 200_OK when send create user request with valid data. Case: 'address1' length = max - 1","tests.api.user","2026-08-17","passed","2026-08-17","TestCreateUserApi","test_create_user","",""
"","298","[API] Update user should return 200_OK when send update user request with valid data. Case: 'last_name' length = max - 1","tests.api.user","2026-08-17","passed","2026-08-17","TestUpdateUserApi","test_update_user","",""
"","278","[API] Update user should return 200_OK when send update user request with valid data. Case: 'mobile_number' length = min","tests.api.user","2026-08-17","passed","2026-08-17","TestUpdateUserApi","test_update_user","",""
"","644","[API] Create user should return 200_OK when send create user request with valid data. Case: 'last_name' length = max","tests.api.user","2026-08-17","passed","2026-08-17","TestCreateUserApi","test_create_user","",""
"","0","[API] Create user should return 400_BAD_REQUEST when send create user request with invalid data. Case: 'birth_day' is invalid positive","tests.api.user","2026-08-17","skipped","2026-08-17","TestCreateUserApi","test_create_user","",""
"","5119","[WEB] Sign up with valid data. Case: 'birth_month' = 12","tests.web.component.auth","2026-08-17","passed","2026-08-17","TestSignUpWeb","test_signup_component","",""
"","0","[WEB] Sign up with invalid data. Case: 'mobile_number' length = max - 1","tests.web.component.auth","2026-08-17","skipped","2026-08-17","TestSignUpWeb","test_signup_component","",""
"","0","[API] Create user should return 400_BAD_REQUEST when send create user request with invalid data. Case: 'email' contains text before username","tests.api.user","2026-08-17","skipped","2026-08-17","TestCreateUserApi","test_create_user","",""
"","579","[API] Update user should return 200_OK when send update user request with valid data. Case: 'name' length = max","tests.api.user","2026-08-17","passed","2026-08-17","TestUpdateUserApi","test_update_user","",""
"","2295","[WEB Component] Products Carousel should show next products when scroll right","tests.web.component.carousel","2026-08-17","passed","2026-08-17","TestProductCarousel","test_product_carousel","",""
"","0","[API] Create user should return 400_BAD_REQUEST when send create user request with invalid data. Case: 'name' is absent","tests.api.user","2026-08-17","skipped","2026-08-17","TestCreateUserApi","test_create_user","",""
"","347","[API] Update user should return 200_OK when send update user request with valid data. Case: 'state' length = min + 1","tests.api.user","2026-08-17","passed","2026-08-17","TestUpdateUserApi","test_update_user","",""
"","307","[API] Update user should return 200_OK when send update user request with valid data. Case: 'first_name' length = min","tests.api.user","2026-08-17","passed","2026-08-17","TestUpdateUserApi","test_update_user","",""
"","0","[API] Create user should return 400_BAD_REQUEST when send create user request with invalid data. Case: 'address2' length = min - 1","tests.api.user","2026-08-17","skipped","2026-08-17","TestCreateUserApi","test_create_user","",""
"","0","[WEB Component] Pay with invalid card should show error message. Case: cvc contains special characters","tests.web.component.payment","2026-08-17","skipped","2026-08-17","TestPaymentComponent","test_payment_component","",""
"","0","[API] Update user should return 400_BAD_REQUEST when send update user request with invalid data. Case: 'city' length = max + 1","tests.api.user","2026-08-17","skipped","2026-08-17","TestUpdateUserApi","test_update_user","",""
"","0","[WEB] Sign up with invalid data. Case: 'city' length = max","tests.web.component.auth","2026-08-17","skipped","2026-08-17","TestSignUpWeb","test_signup_component","",""
"","0","[WEB] Sign up with invalid data. Case: 'birth_month' = 1","tests.web.component.auth","2026-08-17","skipped","2026-08-17","TestSignUpWeb","test_signup_component","",""
"","282","[API] Update user should return 200_OK when send update user request with valid data. Case: 'address2' length = min + 1","tests.api.user","2026-08-17","passed","2026-08-17","TestUpdateUserApi","test_update_user","",""
"","5070","[WEB] Sign up with valid data. Case: 'last_name' length = max","tests.web.component.auth","2026-08-17","passed","2026-08-17","TestSignUpWeb","test_signup_component","",""
"","0","[WEB] Should not add product review with invalid data. Case: 'name' is absent","tests.web.component.review","2026-08-17","skipped","2026-08-17","TestReviewComponent","test_review_component","",""
"","0","[API] Update user should return 400_BAD_REQUEST when send update user request with invalid data. Case: 'birth_year' is invalid positive","tests.api.user","2026-08-17","skipped","2026-08-17","TestUpdateUserApi","test_update_user","",""
"","0","[WEB] Sign up with invalid data. Case: 'address1' length = min","tests.web.component.auth","2026-08-17","skipped","2026-08-17","TestSignUpWeb","test_signup_component","",""
"","579","[WEB Component] Animated product card should have expected data","tests.web.component.product","2026-08-17","passed","2026-08-17","TestAnimatedProductCard","test_animated_product_card_component","",""
"","0","[API] Create user should return 400_BAD_REQUEST when send create user request with invalid data. Case: 'mobile_number' has invalid format","tests.api.user","2026-08-17","skipped","2026-08-17","TestCreateUserApi","test_create_user","",""
"","0","[API] Create user should return 400_BAD_REQUEST when send create user request with invalid data. Case: 'mobile_number' length = max + 1","tests.api.user","2026-08-17","skipped","2026-08-17","TestCreateUserApi","test_create_user","",""
"","1276","[WEB Component] Products Carousel should first products when scroll right on last image","tests.web.component.carousel","2026-08-17","passed","2026-08-17","TestProductCarousel","test_product_carousel","",""
"","0","[API] Create user should return 400_BAD_REQUEST when send create user request with invalid data. Case: 'birth_year' is absent","tests.api.user","2026-08-17","skipped","2026-08-17","TestCreateUserApi","test_create_user","",""
"","0","[API] Update user should return 400_BAD_REQUEST when send update user request with invalid data. Case: 'first_name' is absent","tests.api.user","2026-08-17","skipped","2026-08-17","TestUpdateUserApi","test_update_user","",""
"","245","[API] Update user should return 200_OK when send update user request with valid data. Case: 'name' length = min + 1","tests.api.user","2026-08-17","passed","2026-08-17","TestUpdateUserApi","test_update_user","",""
"","258","[API] Create user should return 200_OK when send create user request with valid data. Case: 'zipcode' length = max","tests.api.user","2026-08-17","passed","2026-08-17","TestCreateUserApi","test_create_user","",""
"","0","[API] Create user should return 400_BAD_REQUEST when send create user request with invalid data. Case: 'last_name' is empty","tests.api.user","2026-08-17","skipped","2026-08-17","TestCreateUserApi","test_create_user","",""
"","5144","[WEB Component] Place order without authorization notification proceed to checkout button should navigate to login page","tests.web.component.base","2026-08-17","passed","2026-08-17","TestNotificationComponent","test_notification_component","",""
"","706","[API] Update user should return 200_OK when send update user request with valid data. Case: 'address1' length = min","tests.api.user","2026-08-17","passed","2026-08-17","TestUpdateUserApi","test_update_user","",""
"","12618","Purchase products with sign up before checkout","tests.web.e2e","2026-08-17","passed","2026-08-17","TestPlaceOrder","test_place_order","",""
"","0","[WEB Component] Pay with invalid card should show error message. Case: card number contains dashes","tests.web.component.payment","2026-08-17","skipped","2026-08-17","TestPaymentComponent","test_payment_component","",""
"","0","[API] Update user should return 400_BAD_REQUEST when send update user request with invalid data. Case: 'email' contains only special symbols","tests.api.user","2026-08-17","skipped","2026-08-17","TestUpdateUserApi","test_update_user","",""
"","1130","[WEB Component] Should add product to cart when click on add to cart button from overlay","tests.web.component.product","2026-08-17","passed","2026-08-17","TestAnimatedProductCard","test_animated_product_card_component","",""
"","0","[API] Create user should return 400_BAD_REQUEST when send create user request with invalid data. Case: 'email' contains text after domain","tests.api.user","2026-08-17","skipped","2026-08-17","TestCreateUserApi","test_create_user","",""
"","0","[WEB] Sign up with invalid data. Case: 'first_name' length = max","tests.web.component.auth","2026-08-17","skipped","2026-08-17","TestSignUpWeb","test_signup_component","",""
"","0","[API] Create user should return 400_BAD_REQUEST when send create user request with invalid data. Case: 'company' length = min - 1","tests.api.user","2026-08-17","skipped","2026-08-17","TestCreateUserApi","test_create_user","",""
"","1141","[WEB Component] Category filter should have expected screenshot when collapsed","tests.web.component.filter","2026-08-17","passed","2026-08-17","TestCategoryFilter","test_category_filter","",""
"","349","[API] Update user should return 200_OK when send update user request with valid data. Case: 'company' length = min","tests.api.user","2026-08-17","passed","2026-08-17","TestUpdateUserApi","test_update_user","",""
"","242","[API] Update user should return 200_OK when send update user request with valid data. Case: 'zipcode' length = min","tests.api.user","2026-08-17","passed","2026-08-17","TestUpdateUserApi","test_update_user","",""
"","462","[WEB] Should add product review with valid data. Case: 'email' contains subdomain","tests.web.component.review","2026-08-17","passed","2026-08-17","TestReviewComponent","test_review_component","",""
"","0","[WEB] Sign up with invalid data. Case: 'zipcode' length = max - 1","tests.web.component.auth","2026-08-17","skipped","2026-08-17","TestSignUpWeb","test_signup_component","",""
"","0","[WEB] Should not add product review with invalid data. Case: 'name' is empty","tests.web.component.review","2026-08-17","skipped","2026-08-17","TestReviewComponent","test_review_component","",""
"","313","[API] Update user should return 200_OK when send update user request with valid data. Case: 'birth_month' = 12","tests.api.user","2026-08-17","passed","2026-08-17","TestUpdateUserApi","test_update_user","",""
"","0","[API] Update user should return 400_BAD_REQUEST when send update user request with invalid data. Case: 'address2' length = max + 1","tests.api.user","2026-08-17","skipped","2026-08-17","TestUpdateUserApi","test_update_user","",""
"","200","[API] Create user should return 200_OK when send create user request with valid data. Case: 'name' length = max - 1","tests.api.user","2026-08-17","passed","2026-08-17","TestCreateUserApi","test_create_user","",""
"","763","[WEB] Should add product review with valid data. Case: 'email' username contains only underscore '-'","tests.web.component.review","2026-08-17","passed","2026-08-17","TestReviewComponent","test_review_component","",""
"","0","[API] Update user should return 400_BAD_REQUEST when send update user request with invalid data. Case: 'email' contains username hieroglyphs instead of username","tests.api.user","2026-08-17","skipped","2026-08-17","TestUpdateUserApi","test_update_user","",""
"","1095","[WEB Component] Should have expected success status message after sending contact info","tests.web.component.base","2026-08-17","passed","2026-08-17","TestSubscriptionComponent","test_subscription_component","",""
"","0","[WEB] Sign up with invalid data. Case: 'address2' length = min","tests.web.component.auth","2026-08-17","skipped","2026-08-17","TestSignUpWeb","test_signup_component","",""
"","527","[API] Get products should return 200_OK and contains expected product title","tests.api.product","2026-08-17","passed","2026-08-17","TestProductApi","test_product","",""
"","0","[WEB] Sign up with invalid data. Case: 'name' length = max - 1","tests.web.component.auth","2026-08-17","skipped","2026-08-17","TestSignUpWeb","test_signup_component","",""
"","6536","[WEB] Sign up with valid data. Case: 'address2' length = max - 1","tests.web.component.auth","2026-08-17","passed","2026-08-17","TestSignUpWeb","test_signup_component","",""
"","259","[API] Update user should return 200_OK when send update user request with valid data. Case: 'mobile_number' length = max - 1","tests.api.user","2026-08-17","passed","2026-08-17","TestUpdateUserApi","test_update_user","",""
"","514","[WEB Component] Pay with valid card should show success status message. Case: valid: 16 digits number","tests.web.component.payment","2026-08-17","passed","2026-08-17","TestPaymentComponent","test_payment_component","",""
"","2364","[WEB Component] Products Carousel should last products when scroll left on first slide","tests.web.component.carousel","2026-08-17","passed","2026-08-17","TestProductCarousel","test_product_carousel","",""
"","0","[API] Update user should return 400_BAD_REQUEST when send update user request with invalid data. Case: 'email' not contains domain","tests.api.user","2026-08-17","skipped","2026-08-17","TestUpdateUserApi","test_update_user","",""
"","0","[WEB] Sign up with invalid data. Case: 'city' length = max - 1","tests.web.component.auth","2026-08-17","skipped","2026-08-17","TestSignUpWeb","test_signup_component","",""
"","346","[WEB Component] Subscription component should have expected screenshot","tests.web.component.base","2026-08-17","passed","2026-08-17","TestSubscriptionComponent","test_subscription_component","",""
"","0","[API] Create user should return 400_BAD_REQUEST when send create user request with invalid data. Case: 'address2' length = max + 1","tests.api.user","2026-08-17","skipped","2026-08-17","TestCreateUserApi","test_create_user","",""
"","0","[API] Create user should return 400_BAD_REQUEST when send create user request with invalid data. Case: 'email' not contains domain","tests.api.user","2026-08-17","skipped","2026-08-17","TestCreateUserApi","test_create_user","",""
"","0","[API] Create user should return 400_BAD_REQUEST when send create user request with invalid data. Case: 'name' length = min - 1","tests.api.user","2026-08-17","skipped","2026-08-17","TestCreateUserApi","test_create_user","",""
"","0","[WEB] Sign up with invalid data. Case: 'city' length = min + 1","tests.web.component.auth","2026-08-17","skipped","2026-08-17","TestSignUpWeb","test_signup_component","",""
"","0","[WEB Component] Pay with invalid card should show error message. Case: cvc only spaces","tests.web.component.payment","2026-08-17","skipped","2026-08-17","TestPaymentComponent","test_payment_component","",""
"","112","[API] Get user should return 200_OK when send get user request and user exists","tests.api.user","2026-08-17","passed","2026-08-17","TestGetUserApi","test_get_user","",""
"","1905","[WEB Component] Pay with valid card should show success status message. Case: valid: cvc typical","tests.web.component.payment","2026-08-17","passed","2026-08-17","TestPaymentComponent","test_payment_component","",""
"","5173","[WEB] Sign up with valid data. Case: 'first_name' length = max - 1","tests.web.component.auth","2026-08-17","passed","2026-08-17","TestSignUpWeb","test_signup_component","",""
"","242","[API] Create user should return 200_OK when send create user request with valid data. Case: 'first_name' length = min","tests.api.user","2026-08-17","passed","2026-08-17","TestCreateUserApi","test_create_user","",""
"","0","[WEB Component] Pay with invalid card should show error message. Case: name contains emoji","tests.web.component.payment","2026-08-17","skipped","2026-08-17","TestPaymentComponent","test_payment_component","",""
"","0","[API] Create user should return 400_BAD_REQUEST when send create user request with invalid data. Case: 'mobile_number' is absent","tests.api.user","2026-08-17","skipped","2026-08-17","TestCreateUserApi","test_create_user","",""
"","2720","[WEB Component] Order placed page should have expected screenshot","tests.web.component.payment","2026-08-17","passed","2026-08-17","TestPaymentComponent","test_invoice_file","",""
"","0","[API] Create user should return 400_BAD_REQUEST when send create user request with invalid data. Case: 'email' contains '.' before dog symbol","tests.api.user","2026-08-17","skipped","2026-08-17","TestCreateUserApi","test_create_user","",""
"","0","[API] Update user should return 400_BAD_REQUEST when send update user request with invalid data. Case: 'city' length = min - 1","tests.api.user","2026-08-17","skipped","2026-08-17","TestUpdateUserApi","test_update_user","",""
"","0","[API] Create user should return 400_BAD_REQUEST when send create user request with invalid data. Case: 'state' length = min - 1","tests.api.user","2026-08-17","skipped","2026-08-17","TestCreateUserApi","test_create_user","",""
"","4624","[WEB] Sign up with valid data. Case: 'city' length = min","tests.web.component.auth","2026-08-17","passed","2026-08-17","TestSignUpWeb","test_signup_component","",""
"","0","[API] Update user should return 400_BAD_REQUEST when send update user request with invalid data. Case: 'mobile_number' length = max + 1","tests.api.user","2026-08-17","skipped","2026-08-17","TestUpdateUserApi","test_update_user","",""
"","487","[API] Create user should return 200_OK when send create user request with valid data. Case: 'zipcode' length = min + 1","tests.api.user","2026-08-17","passed","2026-08-17","TestCreateUserApi","test_create_user","",""
"","0","[API] Create user should return 400_BAD_REQUEST when send create user request with invalid data. Case: 'email' contains '-' after '@'","tests.api.user","2026-08-17","skipped","2026-08-17","TestCreateUserApi","test_create_user","",""
"","5317","[WEB] Sign up with valid data. Case: 'birth_year' = 1","tests.web.component.auth","2026-08-17","passed","2026-08-17","TestSignUpWeb","test_signup_component","",""
"","493","[WEB] Should add product review with valid data. Case: 'email' username is numerical","tests.web.component.review","2026-08-17","passed","2026-08-17","TestReviewComponent","test_review_component","",""
"","0","[API] Update user should return 400_BAD_REQUEST when send update user request with invalid data. Case: 'email' not contains '@' symbol","tests.api.user","2026-08-17","skipped","2026-08-17","TestUpdateUserApi","test_update_user","",""
"","0","[API] Update user should return 400_BAD_REQUEST when send update user request with invalid data. Case: 'email' contains invalid top level domain web","tests.api.user","2026-08-17","skipped","2026-08-17","TestUpdateUserApi","test_update_user","",""
"","527","[WEB Component] Should open product page when click on view product button","tests.web.component.product","2026-08-17","passed","2026-08-17","TestAnimatedProductCard","test_animated_product_card_component","",""
"","546","[API] Update user should return 200_OK when send update user request with valid data. Case: 'state' length = max - 1","tests.api.user","2026-08-17","passed","2026-08-17","TestUpdateUserApi","test_update_user","",""
"","0","[API] Update user should return 400_BAD_REQUEST when send update user request with invalid data. Case: 'last_name' length = max + 1","tests.api.user","2026-08-17","skipped","2026-08-17","TestUpdateUserApi","test_update_user","",""
"","4361","[WEB] Sign up with valid data. Case: 'first_name' length = max","tests.web.component.auth","2026-08-17","passed","2026-08-17","TestSignUpWeb","test_signup_component","",""
"","0","[API] Update user should return 400_BAD_REQUEST when send update user request with invalid data. Case: 'email' not contains username","tests.api.user","2026-08-17","skipped","2026-08-17","TestUpdateUserApi","test_update_user","",""
"","4313","[WEB] Should add product review with valid data. Case: 'message' length = min + 1","tests.web.component.review","2026-08-17","failed","2026-08-17","TestReviewComponent","test_review_component","",""
"","0","[API] Create user should return 400_BAD_REQUEST when send create user request with invalid data. Case: 'company' length = max + 1","tests.api.user","2026-08-17","skipped","2026-08-17","TestCreateUserApi","test_create_user","",""
"","0","[API] Update user should return 400_BAD_REQUEST when send update user request with invalid data. Case: 'birth_day' is zero","tests.api.user","2026-08-17","skipped","2026-08-17","TestUpdateUserApi","test_update_user","",""
"","0","[API] Update user should return 400_BAD_REQUEST when send update user request with invalid data. Case: 'state' length = max + 1","tests.api.user","2026-08-17","skipped","2026-08-17","TestUpdateUserApi","test_update_user","",""
"","0","[WEB] Sign up with invalid data. Case: 'birth_day' length = 31","tests.web.component.auth","2026-08-17","skipped","2026-08-17","TestSignUpWeb","test_signup_component","",""
"","0","[API] Create user should return 400_BAD_REQUEST when send create user request with invalid data. Case: 'email' contains username hieroglyphs instead of username","tests.api.user","2026-08-17","skipped","2026-08-17","TestCreateUserApi","test_create_user","",""
"","0","[WEB] Sign up with invalid data. Case: 'birth_month' = 12","tests.web.component.auth","2026-08-17","skipped","2026-08-17","TestSignUpWeb","test_signup_component","",""
"","671","[WEB Component] Should navigate to cart page by click 'Cart' button","tests.web.component.base","2026-08-17","passed","2026-08-17","TestHeaderComponent","test_header_component","",""
"","0","[WEB] Sign up with invalid data. Case: 'first_name' length = min + 1","tests.web.component.auth","2026-08-17","skipped","2026-08-17","TestSignUpWeb","test_signup_component","",""
"","4489","[WEB] Sign up with valid data. Case: 'state' length = max - 1","tests.web.component.auth","2026-08-17","passed","2026-08-17","TestSignUpWeb","test_signup_component","",""
"","253","[API] Update user should return 200_OK when send update user request with valid data. Case: 'city' length = max - 1","tests.api.user","2026-08-17","passed","2026-08-17","TestUpdateUserApi","test_update_user","",""
"","2312","[WEB Component] Pay with valid card should show success status message. Case: valid: boundary valid number","tests.web.component.payment","2026-08-17","passed","2026-08-17","TestPaymentComponent","test_payment_component","",""
"","0","[WEB Component] Pay with invalid card should show error message. Case: name contains newline","tests.web.component.payment","2026-08-17","skipped","2026-08-17","TestPaymentComponent","test_payment_component","",""
"","0","[WEB Component] Pay with invalid card should show error message. Case: expiry year too short","tests.web.component.payment","2026-08-17","skipped","2026-08-17","TestPaymentComponent","test_payment_component","",""
"","677","[WEB Component] Should subscribe with valid email","tests.web.component.base","2026-08-17","passed","2026-08-17","TestSubscriptionComponent","test_subscription_component","",""
"","0","[API] Create user should return 400_BAD_REQUEST when send create user request with invalid data. Case: 'state' is absent","tests.api.user","2026-08-17","skipped","2026-08-17","TestCreateUserApi","test_create_user","",""
"","293","[API] Update user should return 200_OK when send update user request with valid data. Case: 'address2' length = max - 1","tests.api.user","2026-08-17","passed","2026-08-17","TestUpdateUserApi","test_update_user","",""
"","0","[API] Create user should return 400_BAD_REQUEST when send create user request with invalid data. Case: 'zipcode' has invalid format","tests.api.user","2026-08-17","skipped","2026-08-17","TestCreateUserApi","test_create_user","",""
"","0","[API] Create user should return 400_BAD_REQUEST when send create user request with invalid data. Case: 'first_name' is empty","tests.api.user","2026-08-17","skipped","2026-08-17","TestCreateUserApi","test_create_user","",""
"","0","[API] Create user should return 400_BAD_REQUEST when send create user request with invalid data. Case: 'first_name' length = min - 1","tests.api.user","2026-08-17","skipped","2026-08-17","TestCreateUserApi","test_create_user","",""
"","0","[API] Create user should return 400_BAD_REQUEST when send create user request with invalid data. Case: 'name' is empty","tests.api.user","2026-08-17","skipped","2026-08-17","TestCreateUserApi","test_create_user","",""
"","920","[WEB] Should add product review with valid data. Case: 'email' has not exists email service","tests.web.component.review","2026-08-17","passed","2026-08-17","TestReviewComponent","test_review_component","",""
"","0","[API] Create user should return 400_BAD_REQUEST when send create user request with invalid data. Case: 'address1' length = max + 1","tests.api.user","2026-08-17","skipped","2026-08-17","TestCreateUserApi","test_create_user","",""
"","386","[API] Update user should return 200_OK when send update user request with valid data. Case: 'company' length = max","tests.api.user","2026-08-17","passed","2026-08-17","TestUpdateUserApi","test_update_user","",""
"","4975","[WEB] Sign up with valid data. Case: 'first_name' length = min + 1","tests.web.component.auth","2026-08-17","passed","2026-08-17","TestSignUpWeb","test_signup_component","",""
"","536","[WEB Component] Should navigate to main page by click on header logo","tests.web.component.base","2026-08-17","passed","2026-08-17","TestHeaderComponent","test_header_component","",""
"","377","[API] Update user should return 200_OK when send update user request with valid data. Case: 'address1' length = max","tests.api.user","2026-08-17","passed","2026-08-17","TestUpdateUserApi","test_update_user","",""
"","1011","[WEB Component] Should not add negative products count to cart when click on add to cart button","tests.web.component.product","2026-08-17","passed","2026-08-17","TestProductCard","test_product_details_component","",""
"","0","[WEB Component] Should not subscribe with invalid email","tests.web.component.base","2026-08-17","skipped","2026-08-17","TestSubscriptionComponent","test_subscription_component","",""
"","134","[API] Create user should return 200_OK when send create user request with valid data. Case: 'zipcode' length = min","tests.api.user","2026-08-17","passed","2026-08-17","TestCreateUserApi","test_create_user","",""
"","128","Should return user exists when user exists with email and password","tests.api.user","2026-08-17","passed","2026-08-17","TestVerifyLoginApi","test_verify_login","",""
"","0","[API] Create user should return 400_BAD_REQUEST when send create user request with invalid data. Case: 'email' contains mail server as ip and port","tests.api.user","2026-08-17","skipped","2026-08-17","TestCreateUserApi","test_create_user","",""
"","0","[WEB Component] Should increase all products total price","tests.web.component.product","2026-08-17","broken","2026-08-17","TestProductItem","test_product_item","",""
"","245","[API] Delete user should return 404_NOT_FOUND when send delete user request and user not exists","tests.api.user","2026-08-17","passed","2026-08-17","TestDeleteUserApi","test_delete_user","",""
"","362","[WEB Component] Billing address has expected data","tests.web.component.address","2026-08-17","passed","2026-08-17","TestAddressComponent","test_address_component","",""
"","0","[API] Create user should return 400_BAD_REQUEST when send create user request with invalid data. Case: 'city' length = min - 1","tests.api.user","2026-08-17","skipped","2026-08-17","TestCreateUserApi","test_create_user","",""
"","0","[API] Update user should return 400_BAD_REQUEST when send update user request with invalid data. Case: 'address1' length = max + 1","tests.api.user","2026-08-17","skipped","2026-08-17","TestUpdateUserApi","test_update_user","",""
"","307","[API] Create user should return 200_OK when send create user request with valid data. Case: 'address1' length = min + 1","tests.api.user","2026-08-17","passed","2026-08-17","TestCreateUserApi","test_create_user","",""
"","0","[API] Update user should return 400_BAD_REQUEST when send update user request with invalid data. Case: 'email' contains '.' before dog symbol","tests.api.user","2026-08-17","skipped","2026-08-17","TestUpdateUserApi","test_update_user","",""
"","0","[API] Update user should return 400_BAD_REQUEST when send update user request with invalid data. Case: 'email' contains '-' after '@'","tests.api.user","2026-08-17","skipped","2026-08-17","TestUpdateUserApi","test_update_user","",""
"","7558","[WEB Component] Can download invoice multiple times","tests.web.component.payment","2026-08-17","passed","2026-08-17","TestPaymentComponent","test_invoice_file","",""
"","1701","[WEB] Should add product review with valid data. Case: 'message' length = max - 1","tests.web.component.review","2026-08-17","passed","2026-08-17","TestReviewComponent","test_review_component","",""
"","196","[API] Create user should return 200_OK when send create user request with valid data. Case: 'address2' length = min","tests.api.user","2026-08-17","passed","2026-08-17","TestCreateUserApi","test_create_user","",""
"","137","[API] Update user should return 404_BAD_REQUEST when send update user request with not existing email","tests.api.user","2026-08-17","passed","2026-08-17","TestUpdateUserApi","test_update_user","",""
"","4665","[WEB] Sign up with valid data. Case: 'birth_day' length = 31","tests.web.component.auth","2026-08-17","passed","2026-08-17","TestSignUpWeb","test_signup_component","",""
"","0","[API] Create user should return 400_BAD_REQUEST when send create user request with invalid data. Case: 'birth_day' is zero","tests.api.user","2026-08-17","skipped","2026-08-17","TestCreateUserApi","test_create_user","",""
"","0","[WEB] Should not add product review with invalid data. Case: 'message' length = max - 1","tests.web.component.review","2026-08-17","skipped","2026-08-17","TestReviewComponent","test_review_component","",""
"","9074","Purchase products with login while checkout","tests.web.e2e","2026-08-17","passed","2026-08-17","TestPlaceOrder","test_place_order","",""
"","0","[API] Create user should return 400_BAD_REQUEST when send create user request with invalid data. Case: 'email' contains invalid top level domain web","tests.api.user","2026-08-17","skipped","2026-08-17","TestCreateUserApi","test_create_user","",""
"","0","[API] Update user should return 400_BAD_REQUEST when send update user request with invalid data. Case: 'company' is empty","tests.api.user","2026-08-17","skipped","2026-08-17","TestUpdateUserApi","test_update_user","",""
"","5854","[WEB] Sign up with valid data. Case: 'city' length = min + 1","tests.web.component.auth","2026-08-17","passed","2026-08-17","TestSignUpWeb","test_signup_component","",""
"","0","[API] Create user should return 400_BAD_REQUEST when send create user request with invalid data. Case: 'birth_month' is invalid positive","tests.api.user","2026-08-17","skipped","2026-08-17","TestCreateUserApi","test_create_user","",""
"","0","[WEB] Sign up with invalid data. Case: 'birth_year' = 10000","tests.web.component.auth","2026-08-17","skipped","2026-08-17","TestSignUpWeb","test_signup_component","",""
"","123","[API] Create user should return 200_OK when send create user request with valid data. Case: 'address2' length = min + 1","tests.api.user","2026-08-17","passed","2026-08-17","TestCreateUserApi","test_create_user","",""
"","0","[API] Update user should return 400_BAD_REQUEST when send update user request with invalid data. Case: 'last_name' is absent","tests.api.user","2026-08-17","skipped","2026-08-17","TestUpdateUserApi","test_update_user","",""
"","0","[WEB] Sign up with invalid data. Case: 'last_name' length = min","tests.web.component.auth","2026-08-17","skipped","2026-08-17","TestSignUpWeb","test_signup_component","",""
"","4880","[WEB] Sign up with valid data. Case: 'zipcode' length = min + 1","tests.web.component.auth","2026-08-17","passed","2026-08-17","TestSignUpWeb","test_signup_component","",""
"","0","[WEB Component] Pay with invalid card should show error message. Case: name contains non latin characters","tests.web.component.payment","2026-08-17","skipped","2026-08-17","TestPaymentComponent","test_payment_component","",""
"","305","[API] Create user should return 200_OK when send create user request with valid data. Case: 'state' length = max - 1","tests.api.user","2026-08-17","passed","2026-08-17","TestCreateUserApi","test_create_user","",""
"","426","[API] Create user should return 200_OK when send create user request with valid data. Case: 'first_name' length = max - 1","tests.api.user","2026-08-17","passed","2026-08-17","TestCreateUserApi","test_create_user","",""
"","0","[WEB Component] Pay with invalid card should show error message. Case: card number fails luhn check","tests.web.component.payment","2026-08-17","skipped","2026-08-17","TestPaymentComponent","test_payment_component","",""
"","0","[WEB Component] Pay with invalid card should show error message. Case: name contains digits","tests.web.component.payment","2026-08-17","skipped","2026-08-17","TestPaymentComponent","test_payment_component","",""
"","298","[API] Update user should return 200_OK when send update user request with valid data. Case: 'address2' length = min","tests.api.user","2026-08-17","passed","2026-08-17","TestUpdateUserApi","test_update_user","",""
"","512","[WEB] Should add product review with valid data. Case: 'name' length = min","tests.web.component.review","2026-08-17","passed","2026-08-17","TestReviewComponent","test_review_component","",""
"","0","[API] Create user should return 400_BAD_REQUEST when send create user request with invalid data. Case: 'email' contains only special symbols","tests.api.user","2026-08-17","skipped","2026-08-17","TestCreateUserApi","test_create_user","",""
"","0","[API] Update user should return 400_BAD_REQUEST when send update user request with invalid data. Case: 'address2' is empty","tests.api.user","2026-08-17","skipped","2026-08-17","TestUpdateUserApi","test_update_user","",""
"","1285","[WEB Component] Add product notification should have expected data and screenshot","tests.web.component.base","2026-08-17","passed","2026-08-17","TestNotificationComponent","test_notification_component","",""
"","149","[API] Create user should return 200_OK when send create user request with valid data. Case: 'city' length = min","tests.api.user","2026-08-17","passed","2026-08-17","TestCreateUserApi","test_create_user","",""
"","224","[API] Update user should return 200_OK when send update user request with valid data. Case: 'birth_year' = 1","tests.api.user","2026-08-17","passed","2026-08-17","TestUpdateUserApi","test_update_user","",""
"","0","[API] Update user should return 400_BAD_REQUEST when send update user request with invalid data. Case: 'mobile_number' is absent","tests.api.user","2026-08-17","skipped","2026-08-17","TestUpdateUserApi","test_update_user","",""
"","0","[API] Create user should return 400_BAD_REQUEST when send create user request with invalid data. Case: 'company' is empty","tests.api.user","2026-08-17","skipped","2026-08-17","TestCreateUserApi","test_create_user","",""
"","0","[WEB] Sign up with invalid data. Case: 'address2' length = max - 1","tests.web.component.auth","2026-08-17","skipped","2026-08-17","TestSignUpWeb","test_signup_component","",""
"","5427","[WEB] Sign up with valid data. Case: 'zipcode' length = min","tests.web.component.auth","2026-08-17","passed","2026-08-17","TestSignUpWeb","test_signup_component","",""
"","0","[WEB] Should not add product review with invalid data. Case: 'email' not contains username","tests.web.component.review","2026-08-17","skipped","2026-08-17","TestReviewComponent","test_review_component","",""
"","112","[WEB Component] Should visible user name when authorized","tests.web.component.base","2026-08-17","passed","2026-08-17","TestHeaderComponent","test_header_component","",""
"","164","[API] Create user should return 200_OK when send create user request with valid data. Case: 'state' length = min","tests.api.user","2026-08-17","passed","2026-08-17","TestCreateUserApi","test_create_user","",""
"","0","[WEB] Sign up with invalid data. Case: 'last_name' length = max","tests.web.component.auth","2026-08-17","skipped","2026-08-17","TestSignUpWeb","test_signup_component","",""
"","0","[WEB] Sign up with invalid data. Case: 'company' length = max","tests.web.component.auth","2026-08-17","skipped","2026-08-17","TestSignUpWeb","test_signup_component","",""
"","0","[API] Update user should return 400_BAD_REQUEST when send update user request with invalid data. Case: 'address1' length = min - 1","tests.api.user","2026-08-17","skipped","2026-08-17","TestUpdateUserApi","test_update_user","",""
"","0","[WEB Component] Pay with invalid card should show error message. Case: cvc too short","tests.web.component.payment","2026-08-17","skipped","2026-08-17","TestPaymentComponent","test_payment_component","",""
"","0","[WEB Component] Pay with invalid card should show error message. Case: expiry year contains letters","tests.web.component.payment","2026-08-17","skipped","2026-08-17","TestPaymentComponent","test_payment_component","",""
"","0","[API] Update user should return 400_BAD_REQUEST when send update user request with invalid data. Case: 'first_name' is empty","tests.api.user","2026-08-17","skipped","2026-08-17","TestUpdateUserApi","test_update_user","",""
"","0","[WEB Component] Pay with invalid card should show error message. Case: expiry month contains letters","tests.web.component.payment","2026-08-17","skipped","2026-08-17","TestPaymentComponent","test_payment_component","",""
"","0","[WEB] Should not add product review with invalid data. Case: 'email' is empty","tests.web.component.review","2026-08-17","skipped","2026-08-17","TestReviewComponent","test_review_component","",""
"","0","[API] Update user should return 400_BAD_REQUEST when send update user request with invalid data. Case: 'address1' is absent","tests.api.user","2026-08-17","skipped","2026-08-17","TestUpdateUserApi","test_update_user","",""
"","0","[WEB] Sign up with invalid data. Case: 'company' length = max - 1","tests.web.component.auth","2026-08-17","skipped","2026-08-17","TestSignUpWeb","test_signup_component","",""
"","182","[API] Get csrf should return 200_OK when send get csrf request and contains csrf cookie","tests.api.auth","2026-08-17","passed","2026-08-17","TestAuthApi","test_auth","",""
"","4099","[WEB] Sign up with valid data. Case: 'name' length = min","tests.web.component.auth","2026-08-17","passed","2026-08-17","TestSignUpWeb","test_signup_component","",""
"","0","[WEB Component] Pay with invalid card should show error message. Case: name contains special characters","tests.web.component.payment","2026-08-17","skipped","2026-08-17","TestPaymentComponent","test_payment_component","",""
"","0","[API] Create user should return 400_BAD_REQUEST when send create user request with invalid data. Case: 'mobile_number' is empty","tests.api.user","2026-08-17","skipped","2026-08-17","TestCreateUserApi","test_create_user","",""
"","0","[WEB] Should not add product review with invalid data. Case: 'email' not contains domain","tests.web.component.review","2026-08-17","skipped","2026-08-17","TestReviewComponent","test_review_component","",""
"","232","[API] Create user should return 200_OK when send create user request with valid data. Case: 'company' length = min","tests.api.user","2026-08-17","passed","2026-08-17","TestCreateUserApi","test_create_user","",""
"","0","[WEB] Sign up with invalid data. Case: 'address2' length = max","tests.web.component.auth","2026-08-17","skipped","2026-08-17","TestSignUpWeb","test_signup_component","",""
"","5540","[WEB] Sign up with valid data. Case: 'address2' length = min + 1","tests.web.component.auth","2026-08-17","passed","2026-08-17","TestSignUpWeb","test_signup_component","",""
"","3990","[WEB] Sign up with valid data. Case: 'zipcode' length = max - 1","tests.web.component.auth","2026-08-17","passed","2026-08-17","TestSignUpWeb","test_signup_component","",""
"","0","[WEB] Sign up with invalid data. Case: 'address1' length = max","tests.web.component.auth","2026-08-17","skipped","2026-08-17","TestSignUpWeb","test_signup_component","",""
"","0","[WEB] Sign up with invalid data. Case: 'name' length = max","tests.web.component.auth","2026-08-17","skipped","2026-08-17","TestSignUpWeb","test_signup_component","",""
"","0","[API] Create user should return 400_BAD_REQUEST when send create user request with invalid data. Case: 'birth_month' is absent","tests.api.user","2026-08-17","skipped","2026-08-17","TestCreateUserApi","test_create_user","",""
"","0","[WEB] Should not add product review with invalid data. Case: 'name' length = max + 1","tests.web.component.review","2026-08-17","skipped","2026-08-17","TestReviewComponent","test_review_component","",""
"","343","[API] Create user should return 200_OK when send create user request with valid data. Case: 'birth_day' = 1","tests.api.user","2026-08-17","passed","2026-08-17","TestCreateUserApi","test_create_user","",""
"","0","[API] Create user should return 400_BAD_REQUEST when send create user request with invalid data. Case: 'state' length = max + 1","tests.api.user","2026-08-17","skipped","2026-08-17","TestCreateUserApi","test_create_user","",""
"","0","[API] Create user should return 400_BAD_REQUEST when send create user request with invalid data. Case: 'email' not contains '@' symbol","tests.api.user","2026-08-17","skipped","2026-08-17","TestCreateUserApi","test_create_user","",""
"","0","[API] Update user should return 400_BAD_REQUEST when send update user request with invalid data. Case: 'address1' is empty","tests.api.user","2026-08-17","skipped","2026-08-17","TestUpdateUserApi","test_update_user","",""
"","1000","[WEB] Should add product review with valid data. Case: 'email' domain name length = 2","tests.web.component.review","2026-08-17","passed","2026-08-17","TestReviewComponent","test_review_component","",""
"","0","[WEB Component] Pay with invalid card should show error message. Case: expiry month = 00","tests.web.component.payment","2026-08-17","skipped","2026-08-17","TestPaymentComponent","test_payment_component","",""
"","0","[WEB Component] Pay with invalid card should show error message. Case: expiry year in the past","tests.web.component.payment","2026-08-17","skipped","2026-08-17","TestPaymentComponent","test_payment_component","",""
"","512","[API] Create user should return 200_OK when send create user request with valid data. Case: 'last_name' length = max - 1","tests.api.user","2026-08-17","passed","2026-08-17","TestCreateUserApi","test_create_user","",""
"","4631","[WEB] Sign up with valid data. Case: 'first_name' length = min","tests.web.component.auth","2026-08-17","passed","2026-08-17","TestSignUpWeb","test_signup_component","",""
"","4543","[WEB] Sign up with valid data. Case: 'last_name' length = max - 1","tests.web.component.auth","2026-08-17","passed","2026-08-17","TestSignUpWeb","test_signup_component","",""
"","0","[API] Update user should return 400_BAD_REQUEST when send update user request with invalid data. Case: 'zipcode' is empty","tests.api.user","2026-08-17","skipped","2026-08-17","TestUpdateUserApi","test_update_user","",""
"","596","[API] Update user should return 200_OK when send update user request with valid data. Case: 'address1' length = max - 1","tests.api.user","2026-08-17","passed","2026-08-17","TestUpdateUserApi","test_update_user","",""
"","0","[API] Update user should return 400_BAD_REQUEST when send update user request with invalid data. Case: 'state' is absent","tests.api.user","2026-08-17","skipped","2026-08-17","TestUpdateUserApi","test_update_user","",""
"","1384","[WEB Component] Page scroller scroll page to top","tests.web.component.base","2026-08-17","passed","2026-08-17","TestPageScrollerComponent","test_page_scroller_component","",""
"","0","[API] Create user should return 400_BAD_REQUEST when send create user request with invalid data. Case: 'email' contains domain with one letter","tests.api.user","2026-08-17","skipped","2026-08-17","TestCreateUserApi","test_create_user","",""
"","360","[WEB] Should have expected screenshot when not send review","tests.web.component.review","2026-08-17","passed","2026-08-17","TestReviewComponent","test_review_component","",""
"","881","[WEB] Should add product review with valid data. Case: 'name' length = max","tests.web.component.review","2026-08-17","passed","2026-08-17","TestReviewComponent","test_review_component","",""
"","0","[API] Update user should return 400_BAD_REQUEST when send update user request with invalid data. Case: 'birth_year' is absent","tests.api.user","2026-08-17","skipped","2026-08-17","TestUpdateUserApi","test_update_user","",""
"","0","[WEB] Sign up with invalid data. Case: 'first_name' length = max - 1","tests.web.component.auth","2026-08-17","skipped","2026-08-17","TestSignUpWeb","test_signup_component","",""
"","5565","[WEB] Sign up with valid data. Case: 'birth_month' = 1","tests.web.component.auth","2026-08-17","passed","2026-08-17","TestSignUpWeb","test_signup_component","",""
"","281","[API] Update user should return 200_OK when send update user request with valid data. Case: 'mobile_number' length = min + 1","tests.api.user","2026-08-17","passed","2026-08-17","TestUpdateUserApi","test_update_user","",""
"","2782","[WEB Component] Invoice should have expected price","tests.web.component.payment","2026-08-17","passed","2026-08-17","TestPaymentComponent","test_invoice_file","",""
"","0","[WEB] Should not add product review with invalid data. Case: 'email' is word","tests.web.component.review","2026-08-17","skipped","2026-08-17","TestReviewComponent","test_review_component","",""
"","0","[API] Update user should return 400_BAD_REQUEST when send update user request with invalid data. Case: 'birth_month' is negative","tests.api.user","2026-08-17","skipped","2026-08-17","TestUpdateUserApi","test_update_user","",""
"","430","[API] Create user should return 200_OK when send create user request with valid data. Case: 'last_name' length = min + 1","tests.api.user","2026-08-17","passed","2026-08-17","TestCreateUserApi","test_create_user","",""
