"DESCRIPTION","DURATION IN MS","NAME","PARENT SUITE","START TIME","STATUS","STOP TIME","SUB SUITE","SUITE","TEST CLASS","TEST METHOD"
"","0","[WEB] Sign up with invalid data. Case: 'zipcode' length = max","tests.web.component.auth","Mon May 04 07:37:49 UTC 2026","skipped","Mon May 04 07:37:49 UTC 2026","TestSignUpWeb","test_signup_component","",""
"","0","[API] Update user should return 400_BAD_REQUEST when send update user request with invalid data. Case: 'birth_day' is negative","tests.api.user","Mon May 04 07:37:19 UTC 2026","skipped","Mon May 04 07:37:19 UTC 2026","TestUpdateUserApi","test_update_user","",""
"","160","[API] Create user should return 200_OK when send create user request with valid data. Case: 'company' length = min","tests.api.user","Mon May 04 07:37:02 UTC 2026","passed","Mon May 04 07:37:02 UTC 2026","TestCreateUserApi","test_create_user","",""
"","447","[WEB] Should add product review with valid data. Case: 'message' length = min + 1","tests.web.component.review","Mon May 04 07:56:41 UTC 2026","passed","Mon May 04 07:56:41 UTC 2026","TestReviewComponent","test_review_component","",""
"","0","[API] Update user should return 400_BAD_REQUEST when send update user request with invalid data. Case: 'email' not contains '@' symbol","tests.api.user","Mon May 04 07:37:19 UTC 2026","skipped","Mon May 04 07:37:19 UTC 2026","TestUpdateUserApi","test_update_user","",""
"","0","[API] Update user should return 400_BAD_REQUEST when send update user request with invalid data. Case: 'birth_day' is zero","tests.api.user","Mon May 04 07:37:19 UTC 2026","skipped","Mon May 04 07:37:19 UTC 2026","TestUpdateUserApi","test_update_user","",""
"","0","[API] Update user should return 400_BAD_REQUEST when send update user request with invalid data. Case: 'email' not contains username","tests.api.user","Mon May 04 07:37:19 UTC 2026","skipped","Mon May 04 07:37:19 UTC 2026","TestUpdateUserApi","test_update_user","",""
"","3289","[WEB] Sign up with valid data. Case: 'zipcode' length = min + 1","tests.web.component.auth","Mon May 04 07:54:02 UTC 2026","passed","Mon May 04 07:54:06 UTC 2026","TestSignUpWeb","test_signup_component","",""
"","130","[API] Create user should return 200_OK when send create user request with valid data. Case: 'name' length = max","tests.api.user","Mon May 04 07:36:56 UTC 2026","passed","Mon May 04 07:36:56 UTC 2026","TestCreateUserApi","test_create_user","",""
"","1667","[WEB Component] Pay with valid card should show success status message. Case: valid: cvc typical","tests.web.component.payment","Mon May 04 07:46:35 UTC 2026","passed","Mon May 04 07:46:37 UTC 2026","TestPaymentComponent","test_payment_component","",""
"","123","[API] Create user should return 200_OK when send create user request with valid data. Case: 'state' length = min + 1","tests.api.user","Mon May 04 07:37:04 UTC 2026","passed","Mon May 04 07:37:04 UTC 2026","TestCreateUserApi","test_create_user","",""
"","597","[WEB] Should add product review with valid data. Case: 'email' has not exists email service","tests.web.component.review","Mon May 04 07:53:38 UTC 2026","passed","Mon May 04 07:53:38 UTC 2026","TestReviewComponent","test_review_component","",""
"","244","[API] Update user should return 200_OK when send update user request with valid data. Case: 'last_name' length = max","tests.api.user","Mon May 04 07:37:03 UTC 2026","passed","Mon May 04 07:37:04 UTC 2026","TestUpdateUserApi","test_update_user","",""
"","0","[API] Update user should return 400_BAD_REQUEST when send update user request with invalid data. Case: 'first_name' length = min - 1","tests.api.user","Mon May 04 07:37:19 UTC 2026","skipped","Mon May 04 07:37:19 UTC 2026","TestUpdateUserApi","test_update_user","",""
"","4323","[WEB] Sign up with valid data. Case: 'first_name' length = min","tests.web.component.auth","Mon May 04 07:39:40 UTC 2026","passed","Mon May 04 07:39:44 UTC 2026","TestSignUpWeb","test_signup_component","",""
"","168","[API] Update user should return 200_OK when send update user request with valid data. Case: 'address2' length = max - 1","tests.api.user","Mon May 04 07:37:15 UTC 2026","passed","Mon May 04 07:37:15 UTC 2026","TestUpdateUserApi","test_update_user","",""
"","0","[API] Update user should return 400_BAD_REQUEST when send update user request with invalid data. Case: 'address1' is empty","tests.api.user","Mon May 04 07:37:19 UTC 2026","skipped","Mon May 04 07:37:19 UTC 2026","TestUpdateUserApi","test_update_user","",""
"","1606","[WEB] Should add product review with valid data. Case: 'message' length = max","tests.web.component.review","Mon May 04 07:55:14 UTC 2026","passed","Mon May 04 07:55:15 UTC 2026","TestReviewComponent","test_review_component","",""
"","0","[WEB Component] Pay with invalid card should show error message. Case: cvc contains special characters","tests.web.component.payment","Mon May 04 07:47:39 UTC 2026","skipped","Mon May 04 07:47:39 UTC 2026","TestPaymentComponent","test_payment_component","",""
"","245","[API] Update user should return 200_OK when send update user request with valid data. Case: 'first_name' length = max","tests.api.user","Mon May 04 07:37:00 UTC 2026","passed","Mon May 04 07:37:01 UTC 2026","TestUpdateUserApi","test_update_user","",""
"","2289","[WEB Component] Image Carousel should show previous image when scroll left","tests.web.component.carousel","Mon May 04 07:58:54 UTC 2026","passed","Mon May 04 07:58:56 UTC 2026","TestImageCarousel","test_image_carousel","",""
"","0","[WEB Component] Pay with invalid card should show error message. Case: card number is empty","tests.web.component.payment","Mon May 04 07:47:39 UTC 2026","skipped","Mon May 04 07:47:39 UTC 2026","TestPaymentComponent","test_payment_component","",""
"","0","[API] Create user should return 400_BAD_REQUEST when send create user request with invalid data. Case: 'company' is empty","tests.api.user","Mon May 04 07:36:53 UTC 2026","skipped","Mon May 04 07:36:53 UTC 2026","TestCreateUserApi","test_create_user","",""
"","4404","[WEB Component] Can download invoice multiple times","tests.web.component.payment","Mon May 04 07:44:04 UTC 2026","passed","Mon May 04 07:44:08 UTC 2026","TestPaymentComponent","test_invoice_file","",""
"","128","[API] Create user should return 200_OK when send create user request with valid data. Case: 'company' length = min + 1","tests.api.user","Mon May 04 07:37:03 UTC 2026","passed","Mon May 04 07:37:03 UTC 2026","TestCreateUserApi","test_create_user","",""
"","1337","[WEB Component] Brand filter should filters products by brand","tests.web.component.filter","Mon May 04 07:41:56 UTC 2026","passed","Mon May 04 07:41:57 UTC 2026","TestBrandFilter","test_brand_filter","",""
"","2444","[WEB Component] Image Carousel should show next image when scroll right","tests.web.component.carousel","Mon May 04 07:59:14 UTC 2026","passed","Mon May 04 07:59:16 UTC 2026","TestImageCarousel","test_image_carousel","",""
"","1040","[WEB Component] Should add product to cart when click on add to cart button from overlay","tests.web.component.product","Mon May 04 07:48:15 UTC 2026","passed","Mon May 04 07:48:16 UTC 2026","TestAnimatedProductCard","test_animated_product_card_component","",""
"","0","[WEB] Sign up with invalid data. Case: 'birth_year' = 1","tests.web.component.auth","Mon May 04 07:37:49 UTC 2026","skipped","Mon May 04 07:37:49 UTC 2026","TestSignUpWeb","test_signup_component","",""
"","460","[WEB Component] Header has expected screenshot when authorized","tests.web.component.base","Mon May 04 07:58:21 UTC 2026","passed","Mon May 04 07:58:21 UTC 2026","TestHeaderComponent","test_header_component","",""
"","124","[API] Create user should return 200_OK when send create user request with valid data. Case: 'first_name' length = max - 1","tests.api.user","Mon May 04 07:36:57 UTC 2026","passed","Mon May 04 07:36:57 UTC 2026","TestCreateUserApi","test_create_user","",""
"","3178","[WEB] Sign up with valid data. Case: 'birth_year' = 1","tests.web.component.auth","Mon May 04 07:45:37 UTC 2026","passed","Mon May 04 07:45:40 UTC 2026","TestSignUpWeb","test_signup_component","",""
"","0","[WEB] Sign up with invalid data. Case: 'state' length = min + 1","tests.web.component.auth","Mon May 04 07:37:49 UTC 2026","skipped","Mon May 04 07:37:49 UTC 2026","TestSignUpWeb","test_signup_component","",""
"","179","Should return user not found when user password invalid","tests.api.user","Mon May 04 07:37:20 UTC 2026","passed","Mon May 04 07:37:21 UTC 2026","TestVerifyLoginApi","test_verify_login","",""
"","0","[API] Create user should return 400_BAD_REQUEST when send create user request with invalid data. Case: 'first_name' length = max + 1","tests.api.user","Mon May 04 07:36:53 UTC 2026","skipped","Mon May 04 07:36:53 UTC 2026","TestCreateUserApi","test_create_user","",""
"","4850","[WEB Component] Search filter should return empty products catalog","tests.web.component.filter","Mon May 04 07:43:21 UTC 2026","passed","Mon May 04 07:43:26 UTC 2026","TestSearchFilter","test_search_filter","",""
"","241","[API] Update user should return 200_OK when send update user request with valid data. Case: 'last_name' length = min + 1","tests.api.user","Mon May 04 07:37:02 UTC 2026","passed","Mon May 04 07:37:02 UTC 2026","TestUpdateUserApi","test_update_user","",""
"","0","[WEB] Sign up with invalid data. Case: 'name' length = min + 1","tests.web.component.auth","Mon May 04 07:37:49 UTC 2026","skipped","Mon May 04 07:37:49 UTC 2026","TestSignUpWeb","test_signup_component","",""
"","0","[WEB] Should not add product review with invalid data. Case: 'message' length = min","tests.web.component.review","Mon May 04 07:55:15 UTC 2026","skipped","Mon May 04 07:55:15 UTC 2026","TestReviewComponent","test_review_component","",""
"","0","[WEB Component] Pay with invalid card should show error message. Case: cvc is empty","tests.web.component.payment","Mon May 04 07:47:39 UTC 2026","skipped","Mon May 04 07:47:39 UTC 2026","TestPaymentComponent","test_payment_component","",""
"","0","[API] Update user should return 400_BAD_REQUEST when send update user request with invalid data. Case: 'name' length = max + 1","tests.api.user","Mon May 04 07:37:19 UTC 2026","skipped","Mon May 04 07:37:19 UTC 2026","TestUpdateUserApi","test_update_user","",""
"","179","[WEB Component] Should visible user name when authorized","tests.web.component.base","Mon May 04 07:39:44 UTC 2026","passed","Mon May 04 07:39:44 UTC 2026","TestHeaderComponent","test_header_component","",""
"","127","[API] Create user should return 200_OK when send create user request with valid data. Case: 'last_name' length = min + 1","tests.api.user","Mon May 04 07:36:58 UTC 2026","passed","Mon May 04 07:36:58 UTC 2026","TestCreateUserApi","test_create_user","",""
"","3468","[WEB] Sign up with valid data. Case: 'company' length = min","tests.web.component.auth","Mon May 04 07:46:20 UTC 2026","passed","Mon May 04 07:46:23 UTC 2026","TestSignUpWeb","test_signup_component","",""
"","0","[API] Create user should return 400_BAD_REQUEST when send create user request with invalid data. Case: 'email' contains '.' before dog symbol","tests.api.user","Mon May 04 07:36:53 UTC 2026","skipped","Mon May 04 07:36:53 UTC 2026","TestCreateUserApi","test_create_user","",""
"","0","[API] Update user should return 400_BAD_REQUEST when send update user request with invalid data. Case: 'email' is empty","tests.api.user","Mon May 04 07:37:19 UTC 2026","skipped","Mon May 04 07:37:19 UTC 2026","TestUpdateUserApi","test_update_user","",""
"","0","[API] Create user should return 400_BAD_REQUEST when send create user request with invalid data. Case: 'company' length = max + 1","tests.api.user","Mon May 04 07:36:53 UTC 2026","skipped","Mon May 04 07:36:53 UTC 2026","TestCreateUserApi","test_create_user","",""
"","253","[API] Update user should return 200_OK when send update user request with valid data. Case: 'birth_year' = 10000","tests.api.user","Mon May 04 07:37:10 UTC 2026","passed","Mon May 04 07:37:11 UTC 2026","TestUpdateUserApi","test_update_user","",""
"","0","[WEB Component] Pay with invalid card should show error message. Case: expiry year contains letters","tests.web.component.payment","Mon May 04 07:47:39 UTC 2026","skipped","Mon May 04 07:47:39 UTC 2026","TestPaymentComponent","test_payment_component","",""
"","0","[API] Create user should return 400_BAD_REQUEST when send create user request with invalid data. Case: 'email' not contains '@' symbol","tests.api.user","Mon May 04 07:36:53 UTC 2026","skipped","Mon May 04 07:36:53 UTC 2026","TestCreateUserApi","test_create_user","",""
"","243","[API] Update user should return 200_OK when send update user request with valid data. Case: 'zipcode' length = max - 1","tests.api.user","Mon May 04 07:37:18 UTC 2026","passed","Mon May 04 07:37:18 UTC 2026","TestUpdateUserApi","test_update_user","",""
"","0","[API] Update user should return 400_BAD_REQUEST when send update user request with invalid data. Case: 'last_name' is absent","tests.api.user","Mon May 04 07:37:19 UTC 2026","skipped","Mon May 04 07:37:19 UTC 2026","TestUpdateUserApi","test_update_user","",""
"","0","[API] Update user should return 400_BAD_REQUEST when send update user request with invalid data. Case: 'last_name' length = min - 1","tests.api.user","Mon May 04 07:37:19 UTC 2026","skipped","Mon May 04 07:37:19 UTC 2026","TestUpdateUserApi","test_update_user","",""
"","555","[WEB Component] Should navigate to main page by click on header logo","tests.web.component.base","Mon May 04 07:38:26 UTC 2026","passed","Mon May 04 07:38:26 UTC 2026","TestHeaderComponent","test_header_component","",""
"","9314","Purchase products with sign up before checkout","tests.web.e2e","Mon May 04 07:55:34 UTC 2026","passed","Mon May 04 07:55:43 UTC 2026","TestPlaceOrder","test_place_order","",""
"","189","[API] Update user should return 200_OK when send update user request with valid data. Case: 'address1' length = min","tests.api.user","Mon May 04 07:37:11 UTC 2026","passed","Mon May 04 07:37:11 UTC 2026","TestUpdateUserApi","test_update_user","",""
"","3978","[WEB Component] Invoice should have expected price","tests.web.component.payment","Mon May 04 07:43:42 UTC 2026","passed","Mon May 04 07:43:46 UTC 2026","TestPaymentComponent","test_invoice_file","",""
"","0","[API] Create user should return 400_BAD_REQUEST when send create user request with invalid data. Case: 'name' is absent","tests.api.user","Mon May 04 07:37:10 UTC 2026","skipped","Mon May 04 07:37:10 UTC 2026","TestCreateUserApi","test_create_user","",""
"","1036","[WEB Component] Category filter should have expected screenshot when collapsed","tests.web.component.filter","Mon May 04 07:59:59 UTC 2026","passed","Mon May 04 08:00:00 UTC 2026","TestCategoryFilter","test_category_filter","",""
"","3548","[WEB] Sign up with valid data. Case: 'zipcode' length = max","tests.web.component.auth","Mon May 04 07:37:45 UTC 2026","passed","Mon May 04 07:37:49 UTC 2026","TestSignUpWeb","test_signup_component","",""
"","2580","[WEB Component] Category filter should have expected screenshot when fully expanded","tests.web.component.filter","Mon May 04 07:42:16 UTC 2026","passed","Mon May 04 07:42:18 UTC 2026","TestCategoryFilter","test_category_filter","",""
"","0","[WEB Component] Pay with invalid card should show error message. Case: expiry month = 13","tests.web.component.payment","Mon May 04 07:47:39 UTC 2026","skipped","Mon May 04 07:47:39 UTC 2026","TestPaymentComponent","test_payment_component","",""
"","986","[WEB Component] Add product notification should have expected data and screenshot","tests.web.component.base","Mon May 04 07:57:17 UTC 2026","passed","Mon May 04 07:57:18 UTC 2026","TestNotificationComponent","test_notification_component","",""
"","0","[WEB Component] Pay with invalid card should show error message. Case: cvc too short","tests.web.component.payment","Mon May 04 07:47:39 UTC 2026","skipped","Mon May 04 07:47:39 UTC 2026","TestPaymentComponent","test_payment_component","",""
"","0","[WEB] Sign up with invalid data. Case: 'address1' length = max - 1","tests.web.component.auth","Mon May 04 07:37:49 UTC 2026","skipped","Mon May 04 07:37:49 UTC 2026","TestSignUpWeb","test_signup_component","",""
"","3869","[WEB] Sign up with valid data. Case: 'first_name' length = min + 1","tests.web.component.auth","Mon May 04 07:40:04 UTC 2026","passed","Mon May 04 07:40:08 UTC 2026","TestSignUpWeb","test_signup_component","",""
"","0","[API] Update user should return 400_BAD_REQUEST when send update user request with invalid data. Case: 'email' contains only special symbols","tests.api.user","Mon May 04 07:37:19 UTC 2026","skipped","Mon May 04 07:37:19 UTC 2026","TestUpdateUserApi","test_update_user","",""
"","133","[API] Create user should return 200_OK when send create user request with valid data. Case: 'zipcode' length = min + 1","tests.api.user","Mon May 04 07:37:09 UTC 2026","passed","Mon May 04 07:37:09 UTC 2026","TestCreateUserApi","test_create_user","",""
"","5073","[WEB Component] Place order without authorization notification proceed to checkout button should navigate to login page","tests.web.component.base","Mon May 04 07:41:03 UTC 2026","passed","Mon May 04 07:41:08 UTC 2026","TestNotificationComponent","test_notification_component","",""
"","0","[WEB] Should not add product review with invalid data. Case: 'name' length = max + 1","tests.web.component.review","Mon May 04 07:55:15 UTC 2026","skipped","Mon May 04 07:55:15 UTC 2026","TestReviewComponent","test_review_component","",""
"","1168","[WEB Component] Product item should have expected data","tests.web.component.product","Mon May 04 08:02:14 UTC 2026","passed","Mon May 04 08:02:15 UTC 2026","TestProductItem","test_product_item","",""
"","0","[WEB] Should not add product review with invalid data. Case: 'message' length = min + 1","tests.web.component.review","Mon May 04 07:55:15 UTC 2026","skipped","Mon May 04 07:55:15 UTC 2026","TestReviewComponent","test_review_component","",""
"","0","[API] Create user should return 400_BAD_REQUEST when send create user request with invalid data. Case: 'zipcode' length = max + 1","tests.api.user","Mon May 04 07:36:53 UTC 2026","skipped","Mon May 04 07:36:53 UTC 2026","TestCreateUserApi","test_create_user","",""
"","0","[API] Update user should return 400_BAD_REQUEST when send update user request with invalid data. Case: 'address2' length = min - 1","tests.api.user","Mon May 04 07:37:19 UTC 2026","skipped","Mon May 04 07:37:19 UTC 2026","TestUpdateUserApi","test_update_user","",""
"","262","[API] Update user should return 200_OK when send update user request with valid data. Case: 'name' length = min","tests.api.user","Mon May 04 07:36:56 UTC 2026","passed","Mon May 04 07:36:56 UTC 2026","TestUpdateUserApi","test_update_user","",""
"","0","[API] Create user should return 400_BAD_REQUEST when send create user request with invalid data. Case: 'mobile_number' has invalid format","tests.api.user","Mon May 04 07:36:53 UTC 2026","skipped","Mon May 04 07:36:53 UTC 2026","TestCreateUserApi","test_create_user","",""
"","133","[API] Create user should return 200_OK when send create user request with valid data. Case: 'zipcode' length = max - 1","tests.api.user","Mon May 04 07:37:09 UTC 2026","passed","Mon May 04 07:37:09 UTC 2026","TestCreateUserApi","test_create_user","",""
"","0","[WEB] Sign up with invalid data. Case: 'mobile_number' length = min + 1","tests.web.component.auth","Mon May 04 07:37:49 UTC 2026","skipped","Mon May 04 07:37:49 UTC 2026","TestSignUpWeb","test_signup_component","",""
"","146","[API] Create user should return 200_OK when send create user request with valid data. Case: 'name' length = max - 1","tests.api.user","Mon May 04 07:36:56 UTC 2026","passed","Mon May 04 07:36:56 UTC 2026","TestCreateUserApi","test_create_user","",""
"","5401","Purchase products with login while checkout","tests.web.e2e","Mon May 04 07:56:54 UTC 2026","passed","Mon May 04 07:56:59 UTC 2026","TestPlaceOrder","test_place_order","",""
"","196","[API] Update user should return 200_OK when send update user request with valid data. Case: 'address2' length = max","tests.api.user","Mon May 04 07:37:16 UTC 2026","passed","Mon May 04 07:37:16 UTC 2026","TestUpdateUserApi","test_update_user","",""
"","142","[API] Create user should return 200_OK when send create user request with valid data. Case: 'address2' length = max - 1","tests.api.user","Mon May 04 07:37:08 UTC 2026","passed","Mon May 04 07:37:08 UTC 2026","TestCreateUserApi","test_create_user","",""
"","0","[API] Update user should return 400_BAD_REQUEST when send update user request with invalid data. Case: 'birth_month' is absent","tests.api.user","Mon May 04 07:37:19 UTC 2026","skipped","Mon May 04 07:37:19 UTC 2026","TestUpdateUserApi","test_update_user","",""
"","488","[WEB] Should add product review with valid data. Case: 'email' username is numerical","tests.web.component.review","Mon May 04 07:54:43 UTC 2026","passed","Mon May 04 07:54:44 UTC 2026","TestReviewComponent","test_review_component","",""
"","0","[WEB Component] Pay with invalid card should show error message. Case: cvc too long","tests.web.component.payment","Mon May 04 07:47:39 UTC 2026","skipped","Mon May 04 07:47:39 UTC 2026","TestPaymentComponent","test_payment_component","",""
"","130","[API] Create user should return 200_OK when send create user request with valid data. Case: 'mobile_number' length = min","tests.api.user","Mon May 04 07:36:59 UTC 2026","passed","Mon May 04 07:36:59 UTC 2026","TestCreateUserApi","test_create_user","",""
"","0","[API] Create user should return 400_BAD_REQUEST when send create user request with invalid data. Case: 'city' length = max + 1","tests.api.user","Mon May 04 07:36:53 UTC 2026","skipped","Mon May 04 07:36:53 UTC 2026","TestCreateUserApi","test_create_user","",""
"","3292","[WEB] Sign up with valid data. Case: 'last_name' length = min + 1","tests.web.component.auth","Mon May 04 07:41:31 UTC 2026","passed","Mon May 04 07:41:35 UTC 2026","TestSignUpWeb","test_signup_component","",""
"","129","[API] Delete user should return 200_OK when send delete user request and user exists","tests.api.user","Mon May 04 07:36:54 UTC 2026","passed","Mon May 04 07:36:54 UTC 2026","TestDeleteUserApi","test_delete_user","",""
"","123","[API] Create user should return 200_OK when send create user request with valid data. Case: 'company' length = max","tests.api.user","Mon May 04 07:37:03 UTC 2026","passed","Mon May 04 07:37:03 UTC 2026","TestCreateUserApi","test_create_user","",""
"","1370","[WEB Component] Product card should have expected data","tests.web.component.product","Mon May 04 08:02:05 UTC 2026","skipped","Mon May 04 08:02:07 UTC 2026","TestProductCard","test_product_card_component","",""
"","255","[API] Create user should return 400_BAD_REQUEST when send create user request with existing email","tests.api.user","Mon May 04 07:36:54 UTC 2026","passed","Mon May 04 07:36:54 UTC 2026","TestCreateUserApi","test_create_user","",""
"","859","[WEB Component] Should add product to cart when click on add to cart button","tests.web.component.product","Mon May 04 07:49:34 UTC 2026","passed","Mon May 04 07:49:34 UTC 2026","TestProductCard","test_product_details_component","",""
"","787","[WEB] Should add product review with valid data. Case: 'name' length = max","tests.web.component.review","Mon May 04 07:53:18 UTC 2026","passed","Mon May 04 07:53:19 UTC 2026","TestReviewComponent","test_review_component","",""
"","0","[WEB Component] Pay with invalid card should show error message. Case: card number contains spaces","tests.web.component.payment","Mon May 04 07:47:39 UTC 2026","skipped","Mon May 04 07:47:39 UTC 2026","TestPaymentComponent","test_payment_component","",""
"","260","[API] Update user should return 200_OK when send update user request with valid data. Case: 'company' length = min + 1","tests.api.user","Mon May 04 07:37:12 UTC 2026","passed","Mon May 04 07:37:12 UTC 2026","TestUpdateUserApi","test_update_user","",""
"","1974","[WEB Component] Pay with valid card should show success status message. Case: valid: name min length","tests.web.component.payment","Mon May 04 07:44:29 UTC 2026","passed","Mon May 04 07:44:31 UTC 2026","TestPaymentComponent","test_payment_component","",""
"","0","[WEB] Should not add product review with invalid data. Case: 'email' contains text before username","tests.web.component.review","Mon May 04 07:55:15 UTC 2026","skipped","Mon May 04 07:55:15 UTC 2026","TestReviewComponent","test_review_component","",""
"","5412","Purchase products with login before checkout","tests.web.e2e","Mon May 04 07:56:30 UTC 2026","passed","Mon May 04 07:56:35 UTC 2026","TestPlaceOrder","test_place_order","",""
"","0","[API] Update user should return 400_BAD_REQUEST when send update user request with invalid data. Case: 'city' is absent","tests.api.user","Mon May 04 07:37:19 UTC 2026","skipped","Mon May 04 07:37:19 UTC 2026","TestUpdateUserApi","test_update_user","",""
"","206","[API] Update user should return 200_OK when send update user request with valid data. Case: 'mobile_number' length = min + 1","tests.api.user","Mon May 04 07:37:05 UTC 2026","passed","Mon May 04 07:37:05 UTC 2026","TestUpdateUserApi","test_update_user","",""
"","0","[API] Update user should return 400_BAD_REQUEST when send update user request with invalid data. Case: 'company' is empty","tests.api.user","Mon May 04 07:37:19 UTC 2026","skipped","Mon May 04 07:37:19 UTC 2026","TestUpdateUserApi","test_update_user","",""
"","0","[WEB] Sign up with invalid data. Case: 'address2' length = max - 1","tests.web.component.auth","Mon May 04 07:37:49 UTC 2026","skipped","Mon May 04 07:37:49 UTC 2026","TestSignUpWeb","test_signup_component","",""
"","127","[API] Create user should return 200_OK when send create user request with valid data. Case: 'address2' length = min + 1","tests.api.user","Mon May 04 07:37:08 UTC 2026","passed","Mon May 04 07:37:08 UTC 2026","TestCreateUserApi","test_create_user","",""
"","0","[API] Create user should return 400_BAD_REQUEST when send create user request with invalid data. Case: 'zipcode' is absent","tests.api.user","Mon May 04 07:36:53 UTC 2026","skipped","Mon May 04 07:36:53 UTC 2026","TestCreateUserApi","test_create_user","",""
"","0","[API] Update user should return 400_BAD_REQUEST when send update user request with invalid data. Case: 'name' is absent","tests.api.user","Mon May 04 07:37:19 UTC 2026","skipped","Mon May 04 07:37:19 UTC 2026","TestUpdateUserApi","test_update_user","",""
"","413","[API] Update user should return 200_OK when send update user request with valid data. Case: 'address2' length = min","tests.api.user","Mon May 04 07:37:14 UTC 2026","passed","Mon May 04 07:37:14 UTC 2026","TestUpdateUserApi","test_update_user","",""
"","2249","[WEB Component] Products Carousel should last products when scroll left on first slide","tests.web.component.carousel","Mon May 04 07:59:39 UTC 2026","passed","Mon May 04 07:59:41 UTC 2026","TestProductCarousel","test_product_carousel","",""
"","655","[API] Login should return 200_OK when send login request with valid data and contains csrf cookie","tests.api.auth","Mon May 04 07:36:53 UTC 2026","passed","Mon May 04 07:36:54 UTC 2026","TestAuthApi","test_auth","",""
"","0","[WEB] Sign up with invalid data. Case: 'zipcode' length = min","tests.web.component.auth","Mon May 04 07:37:49 UTC 2026","skipped","Mon May 04 07:37:49 UTC 2026","TestSignUpWeb","test_signup_component","",""
"","0","[API] Update user should return 400_BAD_REQUEST when send update user request with invalid data. Case: 'state' is absent","tests.api.user","Mon May 04 07:37:19 UTC 2026","skipped","Mon May 04 07:37:19 UTC 2026","TestUpdateUserApi","test_update_user","",""
"","142","[API] Create user should return 200_OK when send create user request with valid data. Case: 'zipcode' length = min","tests.api.user","Mon May 04 07:37:09 UTC 2026","passed","Mon May 04 07:37:09 UTC 2026","TestCreateUserApi","test_create_user","",""
"","1743","[WEB Component] Pay with valid card should show success status message. Case: valid: 16 digits number","tests.web.component.payment","Mon May 04 07:45:54 UTC 2026","passed","Mon May 04 07:45:56 UTC 2026","TestPaymentComponent","test_payment_component","",""
"","3152","[WEB] Sign up with valid data. Case: 'address1' length = max - 1","tests.web.component.auth","Mon May 04 07:51:26 UTC 2026","passed","Mon May 04 07:51:29 UTC 2026","TestSignUpWeb","test_signup_component","",""
"","0","[WEB Component] Pay with invalid card should show error message. Case: expiry year only spaces","tests.web.component.payment","Mon May 04 07:47:39 UTC 2026","skipped","Mon May 04 07:47:39 UTC 2026","TestPaymentComponent","test_payment_component","",""
"","118","[API] Get user should return 200_OK when send get user request and user exists","tests.api.user","Mon May 04 07:36:55 UTC 2026","passed","Mon May 04 07:36:55 UTC 2026","TestGetUserApi","test_get_user","",""
"","0","[API] Create user should return 400_BAD_REQUEST when send create user request with invalid data. Case: 'birth_month' is invalid positive","tests.api.user","Mon May 04 07:36:53 UTC 2026","skipped","Mon May 04 07:36:53 UTC 2026","TestCreateUserApi","test_create_user","",""
"","0","[WEB] Sign up with invalid data. Case: 'last_name' length = max - 1","tests.web.component.auth","Mon May 04 07:37:49 UTC 2026","skipped","Mon May 04 07:37:49 UTC 2026","TestSignUpWeb","test_signup_component","",""
"","3150","[WEB] Sign up with valid data. Case: 'company' length = max - 1","tests.web.component.auth","Mon May 04 07:47:03 UTC 2026","passed","Mon May 04 07:47:06 UTC 2026","TestSignUpWeb","test_signup_component","",""
"","0","[API] Update user should return 400_BAD_REQUEST when send update user request with invalid data. Case: 'mobile_number' is empty","tests.api.user","Mon May 04 07:37:19 UTC 2026","skipped","Mon May 04 07:37:19 UTC 2026","TestUpdateUserApi","test_update_user","",""
"","0","[WEB Component] Pay with invalid card should show error message. Case: name contains special characters","tests.web.component.payment","Mon May 04 07:47:39 UTC 2026","skipped","Mon May 04 07:47:39 UTC 2026","TestPaymentComponent","test_payment_component","",""
"","3110","[WEB] Sign up with valid data. Case: 'address1' length = min + 1","tests.web.component.auth","Mon May 04 07:51:05 UTC 2026","passed","Mon May 04 07:51:08 UTC 2026","TestSignUpWeb","test_signup_component","",""
"","1799","[WEB Component] Page scroller scroll page to top","tests.web.component.base","Mon May 04 07:57:57 UTC 2026","passed","Mon May 04 07:57:58 UTC 2026","TestPageScrollerComponent","test_page_scroller_component","",""
"","351","[WEB Component] Should remove product from cart","tests.web.component.product","Mon May 04 07:50:55 UTC 2026","passed","Mon May 04 07:50:55 UTC 2026","TestProductItem","test_product_item","",""
"","0","[WEB] Should not add product review with invalid data. Case: 'email' contains username hieroglyphs instead of username","tests.web.component.review","Mon May 04 07:55:15 UTC 2026","skipped","Mon May 04 07:55:15 UTC 2026","TestReviewComponent","test_review_component","",""
"","753","[WEB] Should add product review with valid data. Case: 'name' length = min","tests.web.component.review","Mon May 04 07:52:17 UTC 2026","passed","Mon May 04 07:52:18 UTC 2026","TestReviewComponent","test_review_component","",""
"","3393","[WEB] Sign up with valid data. Case: 'birth_day' = 1","tests.web.component.auth","Mon May 04 07:44:08 UTC 2026","passed","Mon May 04 07:44:12 UTC 2026","TestSignUpWeb","test_signup_component","",""
"","3525","[WEB] Sign up with valid data. Case: 'address2' length = min + 1","tests.web.component.auth","Mon May 04 07:52:31 UTC 2026","passed","Mon May 04 07:52:34 UTC 2026","TestSignUpWeb","test_signup_component","",""
"","0","[API] Update user should return 400_BAD_REQUEST when send update user request with invalid data. Case: 'first_name' is absent","tests.api.user","Mon May 04 07:37:19 UTC 2026","skipped","Mon May 04 07:37:19 UTC 2026","TestUpdateUserApi","test_update_user","",""
"","0","[WEB] Sign up with invalid data. Case: 'first_name' length = max - 1","tests.web.component.auth","Mon May 04 07:37:49 UTC 2026","skipped","Mon May 04 07:37:49 UTC 2026","TestSignUpWeb","test_signup_component","",""
"","0","[WEB] Should not add product review with invalid data. Case: 'email' is word","tests.web.component.review","Mon May 04 07:55:15 UTC 2026","skipped","Mon May 04 07:55:15 UTC 2026","TestReviewComponent","test_review_component","",""
"","0","[API] Create user should return 400_BAD_REQUEST when send create user request with invalid data. Case: 'zipcode' is empty","tests.api.user","Mon May 04 07:36:53 UTC 2026","skipped","Mon May 04 07:36:53 UTC 2026","TestCreateUserApi","test_create_user","",""
"","133","[API] Create user should return 200_OK when send create user request with valid data. Case: 'mobile_number' length = min + 1","tests.api.user","Mon May 04 07:36:59 UTC 2026","passed","Mon May 04 07:36:59 UTC 2026","TestCreateUserApi","test_create_user","",""
"","0","[WEB] Sign up with invalid data. Case: 'city' length = max","tests.web.component.auth","Mon May 04 07:37:49 UTC 2026","skipped","Mon May 04 07:37:49 UTC 2026","TestSignUpWeb","test_signup_component","",""
"","152","[API] Create user should return 200_OK when send create user request with valid data. Case: 'name' length = min + 1","tests.api.user","Mon May 04 07:36:56 UTC 2026","passed","Mon May 04 07:36:56 UTC 2026","TestCreateUserApi","test_create_user","",""
"","629","[WEB Component] Should navigate to products page by click 'Products' button","tests.web.component.base","Mon May 04 07:38:45 UTC 2026","passed","Mon May 04 07:38:45 UTC 2026","TestHeaderComponent","test_header_component","",""
"","0","[WEB] Sign up with invalid data. Case: 'city' length = max - 1","tests.web.component.auth","Mon May 04 07:37:49 UTC 2026","skipped","Mon May 04 07:37:49 UTC 2026","TestSignUpWeb","test_signup_component","",""
"","0","[API] Create user should return 400_BAD_REQUEST when send create user request with invalid data. Case: 'birth_month' is zero","tests.api.user","Mon May 04 07:36:53 UTC 2026","skipped","Mon May 04 07:36:53 UTC 2026","TestCreateUserApi","test_create_user","",""
"","1176","[WEB Component] Should subscribe with valid email","tests.web.component.base","Mon May 04 07:58:34 UTC 2026","passed","Mon May 04 07:58:36 UTC 2026","TestSubscriptionComponent","test_subscription_component","",""
"","0","[WEB Component] Pay with invalid card should show error message. Case: expiry month is empty","tests.web.component.payment","Mon May 04 07:47:39 UTC 2026","skipped","Mon May 04 07:47:39 UTC 2026","TestPaymentComponent","test_payment_component","",""
"","257","[API] Update user should return 200_OK when send update user request with valid data. Case: 'city' length = min","tests.api.user","Mon May 04 07:37:17 UTC 2026","passed","Mon May 04 07:37:17 UTC 2026","TestUpdateUserApi","test_update_user","",""
"","0","[API] Update user should return 400_BAD_REQUEST when send update user request with invalid data. Case: 'birth_day' is absent","tests.api.user","Mon May 04 07:37:19 UTC 2026","skipped","Mon May 04 07:37:19 UTC 2026","TestUpdateUserApi","test_update_user","",""
"","600","[WEB Component] Pay with valid card should show success status message. Case: valid: common latin name","tests.web.component.payment","Mon May 04 07:45:12 UTC 2026","passed","Mon May 04 07:45:12 UTC 2026","TestPaymentComponent","test_payment_component","",""
"","0","[WEB Component] Pay with invalid card should show error message. Case: card number contains dashes","tests.web.component.payment","Mon May 04 07:47:39 UTC 2026","skipped","Mon May 04 07:47:39 UTC 2026","TestPaymentComponent","test_payment_component","",""
"","0","[WEB] Should not add product review with invalid data. Case: 'email' contains mail server as ip and port","tests.web.component.review","Mon May 04 07:55:15 UTC 2026","skipped","Mon May 04 07:55:15 UTC 2026","TestReviewComponent","test_review_component","",""
"","0","[API] Create user should return 400_BAD_REQUEST when send create user request with invalid data. Case: 'mobile_number' length = max + 1","tests.api.user","Mon May 04 07:36:53 UTC 2026","skipped","Mon May 04 07:36:53 UTC 2026","TestCreateUserApi","test_create_user","",""
"","7630","[WEB Component] Category filter group should be collapsed after collapse expanded group","tests.web.component.filter","Mon May 04 08:00:54 UTC 2026","passed","Mon May 04 08:01:01 UTC 2026","TestCategoryFilter","test_category_filter","",""
"","0","[WEB] Sign up with invalid data. Case: 'zipcode' length = min + 1","tests.web.component.auth","Mon May 04 07:37:49 UTC 2026","skipped","Mon May 04 07:37:49 UTC 2026","TestSignUpWeb","test_signup_component","",""
"","0","[API] Create user should return 400_BAD_REQUEST when send create user request with invalid data. Case: 'company' length = min - 1","tests.api.user","Mon May 04 07:36:53 UTC 2026","skipped","Mon May 04 07:36:53 UTC 2026","TestCreateUserApi","test_create_user","",""
"","0","[API] Update user should return 400_BAD_REQUEST when send update user request with invalid data. Case: 'birth_month' is zero","tests.api.user","Mon May 04 07:37:19 UTC 2026","skipped","Mon May 04 07:37:19 UTC 2026","TestUpdateUserApi","test_update_user","",""
"","0","[WEB] Sign up with invalid data. Case: 'state' length = max - 1","tests.web.component.auth","Mon May 04 07:37:49 UTC 2026","skipped","Mon May 04 07:37:49 UTC 2026","TestSignUpWeb","test_signup_component","",""
"","3637","[WEB] Sign up with valid data. Case: 'city' length = min","tests.web.component.auth","Mon May 04 07:49:16 UTC 2026","passed","Mon May 04 07:49:20 UTC 2026","TestSignUpWeb","test_signup_component","",""
"","107","Should return user exists when user exists with email and password","tests.api.user","Mon May 04 07:37:20 UTC 2026","passed","Mon May 04 07:37:20 UTC 2026","TestVerifyLoginApi","test_verify_login","",""
"","259","[API] Update user should return 200_OK when send update user request with valid data. Case: 'company' length = min","tests.api.user","Mon May 04 07:37:11 UTC 2026","passed","Mon May 04 07:37:11 UTC 2026","TestUpdateUserApi","test_update_user","",""
"","0","[WEB] Should not add product review with invalid data. Case: 'email' contains invalid top level domain web","tests.web.component.review","Mon May 04 07:55:15 UTC 2026","skipped","Mon May 04 07:55:15 UTC 2026","TestReviewComponent","test_review_component","",""
"","222","[API] Update user should return 200_OK when send update user request with valid data. Case: 'city' length = min + 1","tests.api.user","Mon May 04 07:37:17 UTC 2026","passed","Mon May 04 07:37:18 UTC 2026","TestUpdateUserApi","test_update_user","",""
"","0","[API] Create user should return 400_BAD_REQUEST when send create user request with invalid data. Case: 'mobile_number' length = min - 1","tests.api.user","Mon May 04 07:36:53 UTC 2026","skipped","Mon May 04 07:36:53 UTC 2026","TestCreateUserApi","test_create_user","",""
"","0","[API] Create user should return 400_BAD_REQUEST when send create user request with invalid data. Case: 'birth_year' is absent","tests.api.user","Mon May 04 07:36:53 UTC 2026","skipped","Mon May 04 07:36:53 UTC 2026","TestCreateUserApi","test_create_user","",""
"","321","[API] Update user should return 200_OK when send update user request with valid data. Case: 'address2' length = min + 1","tests.api.user","Mon May 04 07:37:15 UTC 2026","passed","Mon May 04 07:37:15 UTC 2026","TestUpdateUserApi","test_update_user","",""
"","0","[API] Create user should return 400_BAD_REQUEST when send create user request with invalid data. Case: 'last_name' length = max + 1","tests.api.user","Mon May 04 07:36:53 UTC 2026","skipped","Mon May 04 07:36:53 UTC 2026","TestCreateUserApi","test_create_user","",""
"","2295","[WEB Component] Image Carousel should show first image when scroll right on last image","tests.web.component.carousel","Mon May 04 07:58:39 UTC 2026","passed","Mon May 04 07:58:41 UTC 2026","TestImageCarousel","test_image_carousel","",""
"","236","[API] Update user should return 200_OK when send update user request with valid data. Case: 'first_name' length = min + 1","tests.api.user","Mon May 04 07:36:59 UTC 2026","passed","Mon May 04 07:36:59 UTC 2026","TestUpdateUserApi","test_update_user","",""
"","3117","[WEB] Sign up with valid data. Case: 'address1' length = min","tests.web.component.auth","Mon May 04 07:50:43 UTC 2026","passed","Mon May 04 07:50:46 UTC 2026","TestSignUpWeb","test_signup_component","",""
"","0","[WEB] Sign up with invalid data. Case: 'first_name' length = min + 1","tests.web.component.auth","Mon May 04 07:37:49 UTC 2026","skipped","Mon May 04 07:37:49 UTC 2026","TestSignUpWeb","test_signup_component","",""
"","0","[API] Create user should return 400_BAD_REQUEST when send create user request with invalid data. Case: 'birth_month' is negative","tests.api.user","Mon May 04 07:36:53 UTC 2026","skipped","Mon May 04 07:36:53 UTC 2026","TestCreateUserApi","test_create_user","",""
"","0","[WEB] Should not add product review with invalid data. Case: 'email' contains domain with one letter","tests.web.component.review","Mon May 04 07:55:15 UTC 2026","skipped","Mon May 04 07:55:15 UTC 2026","TestReviewComponent","test_review_component","",""
"","0","[WEB Component] Pay with invalid card should show error message. Case: name is empty","tests.web.component.payment","Mon May 04 07:47:39 UTC 2026","skipped","Mon May 04 07:47:39 UTC 2026","TestPaymentComponent","test_payment_component","",""
"","0","[API] Update user should return 400_BAD_REQUEST when send update user request with invalid data. Case: 'address1' is absent","tests.api.user","Mon May 04 07:37:19 UTC 2026","skipped","Mon May 04 07:37:19 UTC 2026","TestUpdateUserApi","test_update_user","",""
"","122","[API] Create user should return 200_OK when send create user request with valid data. Case: 'company' length = max - 1","tests.api.user","Mon May 04 07:37:03 UTC 2026","passed","Mon May 04 07:37:03 UTC 2026","TestCreateUserApi","test_create_user","",""
"","438","[WEB Component] Pay with valid card should show success status message. Case: valid: expiry month max","tests.web.component.payment","Mon May 04 07:47:16 UTC 2026","passed","Mon May 04 07:47:17 UTC 2026","TestPaymentComponent","test_payment_component","",""
"","734","[WEB] Should add product review with valid data. Case: 'name' length = min + 1","tests.web.component.review","Mon May 04 07:52:37 UTC 2026","passed","Mon May 04 07:52:38 UTC 2026","TestReviewComponent","test_review_component","",""
"","0","[API] Update user should return 400_BAD_REQUEST when send update user request with invalid data. Case: 'mobile_number' is absent","tests.api.user","Mon May 04 07:37:19 UTC 2026","skipped","Mon May 04 07:37:19 UTC 2026","TestUpdateUserApi","test_update_user","",""
"","0","[WEB] Sign up with invalid data. Case: 'name' length = min","tests.web.component.auth","Mon May 04 07:37:49 UTC 2026","skipped","Mon May 04 07:37:49 UTC 2026","TestSignUpWeb","test_signup_component","",""
"","550","[WEB] Should add product review with valid data. Case: 'email' username contains only underscore '-'","tests.web.component.review","Mon May 04 07:55:21 UTC 2026","passed","Mon May 04 07:55:22 UTC 2026","TestReviewComponent","test_review_component","",""
"","0","[API] Create user should return 400_BAD_REQUEST when send create user request with invalid data. Case: 'email' contains mail server as ip and port","tests.api.user","Mon May 04 07:36:53 UTC 2026","skipped","Mon May 04 07:36:53 UTC 2026","TestCreateUserApi","test_create_user","",""
"","221","[API] Update user should return 200_OK when send update user request with valid data. Case: 'company' length = max","tests.api.user","Mon May 04 07:37:13 UTC 2026","passed","Mon May 04 07:37:14 UTC 2026","TestUpdateUserApi","test_update_user","",""
"","0","[API] Create user should return 400_BAD_REQUEST when send create user request with invalid data. Case: 'state' length = min - 1","tests.api.user","Mon May 04 07:36:53 UTC 2026","skipped","Mon May 04 07:36:53 UTC 2026","TestCreateUserApi","test_create_user","",""
"","133","[API] Create user should return 200_OK when send create user request with valid data. Case: 'birth_month' = 12","tests.api.user","Mon May 04 07:37:01 UTC 2026","passed","Mon May 04 07:37:01 UTC 2026","TestCreateUserApi","test_create_user","",""
"","0","[API] Update user should return 400_BAD_REQUEST when send update user request with invalid data. Case: 'birth_year' is invalid positive","tests.api.user","Mon May 04 07:37:19 UTC 2026","skipped","Mon May 04 07:37:19 UTC 2026","TestUpdateUserApi","test_update_user","",""
"","135","[API] Create user should return 200_OK when send create user request with valid data. Case: 'first_name' length = min","tests.api.user","Mon May 04 07:36:57 UTC 2026","passed","Mon May 04 07:36:57 UTC 2026","TestCreateUserApi","test_create_user","",""
"","0","[API] Create user should return 400_BAD_REQUEST when send create user request with invalid data. Case: 'city' is empty","tests.api.user","Mon May 04 07:36:53 UTC 2026","skipped","Mon May 04 07:36:53 UTC 2026","TestCreateUserApi","test_create_user","",""
"","0","[WEB] Should not add product review with invalid data. Case: 'message' length = max - 1","tests.web.component.review","Mon May 04 07:55:15 UTC 2026","skipped","Mon May 04 07:55:15 UTC 2026","TestReviewComponent","test_review_component","",""
"","0","[WEB] Sign up with invalid data. Case: 'last_name' length = max","tests.web.component.auth","Mon May 04 07:37:49 UTC 2026","skipped","Mon May 04 07:37:49 UTC 2026","TestSignUpWeb","test_signup_component","",""
"","0","[API] Update user should return 400_BAD_REQUEST when send update user request with invalid data. Case: 'email' contains multiple '@' symbols","tests.api.user","Mon May 04 07:37:19 UTC 2026","skipped","Mon May 04 07:37:19 UTC 2026","TestUpdateUserApi","test_update_user","",""
"","0","[API] Create user should return 400_BAD_REQUEST when send create user request with invalid data. Case: 'last_name' is absent","tests.api.user","Mon May 04 07:36:53 UTC 2026","skipped","Mon May 04 07:36:53 UTC 2026","TestCreateUserApi","test_create_user","",""
"","4273","[WEB] Sign up with valid data. Case: 'state' length = max - 1","tests.web.component.auth","Mon May 04 07:48:29 UTC 2026","passed","Mon May 04 07:48:34 UTC 2026","TestSignUpWeb","test_signup_component","",""
"","123","[API] Create user should return 200_OK when send create user request with valid data. Case: 'mobile_number' length = max","tests.api.user","Mon May 04 07:37:00 UTC 2026","passed","Mon May 04 07:37:00 UTC 2026","TestCreateUserApi","test_create_user","",""
"","0","[WEB] Sign up with invalid data. Case: 'address1' length = min + 1","tests.web.component.auth","Mon May 04 07:37:49 UTC 2026","skipped","Mon May 04 07:37:49 UTC 2026","TestSignUpWeb","test_signup_component","",""
"","0","[API] Update user should return 400_BAD_REQUEST when send update user request with invalid data. Case: 'mobile_number' has invalid format","tests.api.user","Mon May 04 07:37:19 UTC 2026","skipped","Mon May 04 07:37:19 UTC 2026","TestUpdateUserApi","test_update_user","",""
"","3186","[WEB] Sign up with valid data. Case: 'first_name' length = max - 1","tests.web.component.auth","Mon May 04 07:40:27 UTC 2026","passed","Mon May 04 07:40:30 UTC 2026","TestSignUpWeb","test_signup_component","",""
"","0","[WEB Component] Pay with invalid card should show error message. Case: expiry year is empty","tests.web.component.payment","Mon May 04 07:47:39 UTC 2026","skipped","Mon May 04 07:47:39 UTC 2026","TestPaymentComponent","test_payment_component","",""
"","484","[WEB] Should add product review with valid data. Case: 'email' username contains '+'","tests.web.component.review","Mon May 04 07:54:34 UTC 2026","passed","Mon May 04 07:54:35 UTC 2026","TestReviewComponent","test_review_component","",""
"","259","[API] Create user should return 200_OK when send create user request with valid data. Case: 'city' length = max - 1","tests.api.user","Mon May 04 07:37:05 UTC 2026","passed","Mon May 04 07:37:06 UTC 2026","TestCreateUserApi","test_create_user","",""
"","374","[WEB Component] Should navigate to cart page by click 'Cart' button","tests.web.component.base","Mon May 04 07:39:03 UTC 2026","passed","Mon May 04 07:39:04 UTC 2026","TestHeaderComponent","test_header_component","",""
"","216","[API] Update user should return 200_OK when send update user request with valid data. Case: 'first_name' length = max - 1","tests.api.user","Mon May 04 07:37:00 UTC 2026","passed","Mon May 04 07:37:00 UTC 2026","TestUpdateUserApi","test_update_user","",""
"","0","[WEB] Sign up with invalid data. Case: 'address2' length = min","tests.web.component.auth","Mon May 04 07:37:49 UTC 2026","skipped","Mon May 04 07:37:49 UTC 2026","TestSignUpWeb","test_signup_component","",""
"","0","[WEB Component] Pay with invalid card should show error message. Case: name contains leading spaces","tests.web.component.payment","Mon May 04 07:47:39 UTC 2026","skipped","Mon May 04 07:47:39 UTC 2026","TestPaymentComponent","test_payment_component","",""
"","3227","[WEB] Sign up with valid data. Case: 'city' length = max","tests.web.component.auth","Mon May 04 07:50:22 UTC 2026","passed","Mon May 04 07:50:25 UTC 2026","TestSignUpWeb","test_signup_component","",""
"","421","[API] Update user should return 200_OK when send update user request with valid data. Case: 'address1' length = max - 1","tests.api.user","Mon May 04 07:37:12 UTC 2026","passed","Mon May 04 07:37:12 UTC 2026","TestUpdateUserApi","test_update_user","",""
"","0","[WEB Component] Pay with invalid card should show error message. Case: name only spaces","tests.web.component.payment","Mon May 04 07:47:39 UTC 2026","skipped","Mon May 04 07:47:39 UTC 2026","TestPaymentComponent","test_payment_component","",""
"","3194","[WEB] Sign up with valid data. Case: 'city' length = min + 1","tests.web.component.auth","Mon May 04 07:49:38 UTC 2026","passed","Mon May 04 07:49:42 UTC 2026","TestSignUpWeb","test_signup_component","",""
"","137","[API] Create user should return 200_OK when send create user request with valid data. Case: 'zipcode' length = max","tests.api.user","Mon May 04 07:37:10 UTC 2026","passed","Mon May 04 07:37:10 UTC 2026","TestCreateUserApi","test_create_user","",""
"","147","[API] Create user should return 200_OK when send create user request with valid data. Case: 'birth_day' length = 31","tests.api.user","Mon May 04 07:37:00 UTC 2026","passed","Mon May 04 07:37:01 UTC 2026","TestCreateUserApi","test_create_user","",""
"","133","[API] Create user should return 200_OK when send create user request with valid data. Case: 'address1' length = max - 1","tests.api.user","Mon May 04 07:37:07 UTC 2026","passed","Mon May 04 07:37:07 UTC 2026","TestCreateUserApi","test_create_user","",""
"","654","[WEB Component] Should navigate to main page by click on header logo","tests.web.component.base","Mon May 04 07:38:07 UTC 2026","passed","Mon May 04 07:38:08 UTC 2026","TestHeaderComponent","test_header_component","",""
"","0","[API] Create user should return 400_BAD_REQUEST when send create user request with invalid data. Case: 'city' is absent","tests.api.user","Mon May 04 07:36:53 UTC 2026","skipped","Mon May 04 07:36:53 UTC 2026","TestCreateUserApi","test_create_user","",""
"","0","[API] Create user should return 400_BAD_REQUEST when send create user request with invalid data. Case: 'address2' is empty","tests.api.user","Mon May 04 07:36:53 UTC 2026","skipped","Mon May 04 07:36:53 UTC 2026","TestCreateUserApi","test_create_user","",""
"","3260","[WEB] Sign up with valid data. Case: 'birth_year' = 10000","tests.web.component.auth","Mon May 04 07:45:58 UTC 2026","passed","Mon May 04 07:46:02 UTC 2026","TestSignUpWeb","test_signup_component","",""
"","179","[API] Create user should return 200_OK when send create user request with valid data. Case: 'address1' length = min","tests.api.user","Mon May 04 07:37:06 UTC 2026","passed","Mon May 04 07:37:06 UTC 2026","TestCreateUserApi","test_create_user","",""
"","124","[API] Create user should return 200_OK when send create user request with valid data. Case: 'state' length = max","tests.api.user","Mon May 04 07:37:04 UTC 2026","passed","Mon May 04 07:37:05 UTC 2026","TestCreateUserApi","test_create_user","",""
"","0","[API] Create user should return 400_BAD_REQUEST when send create user request with invalid data. Case: 'email' is word","tests.api.user","Mon May 04 07:36:53 UTC 2026","skipped","Mon May 04 07:36:53 UTC 2026","TestCreateUserApi","test_create_user","",""
"","246","[API] Update user should return 200_OK when send update user request with valid data. Case: 'city' length = max - 1","tests.api.user","Mon May 04 07:37:18 UTC 2026","passed","Mon May 04 07:37:18 UTC 2026","TestUpdateUserApi","test_update_user","",""
"","557","[WEB Component] Animated product card should have expected data","tests.web.component.product","Mon May 04 08:01:48 UTC 2026","passed","Mon May 04 08:01:49 UTC 2026","TestAnimatedProductCard","test_animated_product_card_component","",""
"","0","[API] Create user should return 400_BAD_REQUEST when send create user request with invalid data. Case: 'state' is absent","tests.api.user","Mon May 04 07:36:53 UTC 2026","skipped","Mon May 04 07:36:53 UTC 2026","TestCreateUserApi","test_create_user","",""
"","9209","[WEB] Sign in with valid data","tests.web.component.auth","Mon May 04 07:37:25 UTC 2026","passed","Mon May 04 07:37:34 UTC 2026","TestLoginWeb","test_login_component","",""
"","0","[API] Create user should return 400_BAD_REQUEST when send create user request with invalid data. Case: 'name' is empty","tests.api.user","Mon May 04 07:37:10 UTC 2026","skipped","Mon May 04 07:37:10 UTC 2026","TestCreateUserApi","test_create_user","",""
"","0","[API] Update user should return 400_BAD_REQUEST when send update user request with invalid data. Case: 'name' length = min - 1","tests.api.user","Mon May 04 07:37:19 UTC 2026","skipped","Mon May 04 07:37:19 UTC 2026","TestUpdateUserApi","test_update_user","",""
"","0","[API] Update user should return 400_BAD_REQUEST when send update user request with invalid data. Case: 'email' contains text before username","tests.api.user","Mon May 04 07:37:19 UTC 2026","skipped","Mon May 04 07:37:19 UTC 2026","TestUpdateUserApi","test_update_user","",""
"","0","[WEB Component] Pay with invalid card should show error message. Case: card number only spaces","tests.web.component.payment","Mon May 04 07:47:39 UTC 2026","skipped","Mon May 04 07:47:39 UTC 2026","TestPaymentComponent","test_payment_component","",""
"","0","[API] Update user should return 400_BAD_REQUEST when send update user request with invalid data. Case: 'email' contains username hieroglyphs instead of username","tests.api.user","Mon May 04 07:37:19 UTC 2026","skipped","Mon May 04 07:37:19 UTC 2026","TestUpdateUserApi","test_update_user","",""
"","2804","[WEB Component] Animated product card overlay should have expected data","tests.web.component.product","Mon May 04 08:01:44 UTC 2026","passed","Mon May 04 08:01:47 UTC 2026","TestAnimatedProductCard","test_animated_product_card_component","",""
"","0","[WEB] Should not add product review with invalid data. Case: 'email' contains '.' before dog symbol","tests.web.component.review","Mon May 04 07:55:15 UTC 2026","skipped","Mon May 04 07:55:15 UTC 2026","TestReviewComponent","test_review_component","",""
"","151","[API] Get products should return 200_OK and contains expected product title","tests.api.product","Mon May 04 07:36:55 UTC 2026","passed","Mon May 04 07:36:55 UTC 2026","TestProductApi","test_product","",""
"","3506","[WEB] Sign up with valid data. Case: 'birth_month' = 1","tests.web.component.auth","Mon May 04 07:44:53 UTC 2026","passed","Mon May 04 07:44:56 UTC 2026","TestSignUpWeb","test_signup_component","",""
"","286","[API] Update user should return 200_OK when send update user request with valid data. Case: 'address1' length = max","tests.api.user","Mon May 04 07:37:13 UTC 2026","passed","Mon May 04 07:37:13 UTC 2026","TestUpdateUserApi","test_update_user","",""
"","146","[API] Update user should return 404_BAD_REQUEST when send update user request with not existing email","tests.api.user","Mon May 04 07:37:19 UTC 2026","passed","Mon May 04 07:37:20 UTC 2026","TestUpdateUserApi","test_update_user","",""
"","250","[API] Update user should return 200_OK when send update user request with valid data. Case: 'company' length = max - 1","tests.api.user","Mon May 04 07:37:13 UTC 2026","passed","Mon May 04 07:37:13 UTC 2026","TestUpdateUserApi","test_update_user","",""
"","0","[WEB Component] Pay with invalid card should show error message. Case: name contains emoji","tests.web.component.payment","Mon May 04 07:47:39 UTC 2026","skipped","Mon May 04 07:47:39 UTC 2026","TestPaymentComponent","test_payment_component","",""
"","0","[API] Create user should return 400_BAD_REQUEST when send create user request with invalid data. Case: 'email' contains text after domain","tests.api.user","Mon May 04 07:36:53 UTC 2026","skipped","Mon May 04 07:36:53 UTC 2026","TestCreateUserApi","test_create_user","",""
"","216","[API] Update user should return 200_OK when send update user request with valid data. Case: 'name' length = max - 1","tests.api.user","Mon May 04 07:36:57 UTC 2026","passed","Mon May 04 07:36:58 UTC 2026","TestUpdateUserApi","test_update_user","",""
"","0","[API] Create user should return 400_BAD_REQUEST when send create user request with invalid data. Case: 'name' length = max + 1","tests.api.user","Mon May 04 07:37:10 UTC 2026","skipped","Mon May 04 07:37:10 UTC 2026","TestCreateUserApi","test_create_user","",""
"","0","[WEB Component] Pay with invalid card should show error message. Case: name contains non latin characters","tests.web.component.payment","Mon May 04 07:47:39 UTC 2026","skipped","Mon May 04 07:47:39 UTC 2026","TestPaymentComponent","test_payment_component","",""
"","3219","[WEB] Sign up with valid data. Case: 'state' length = min + 1","tests.web.component.auth","Mon May 04 07:48:08 UTC 2026","passed","Mon May 04 07:48:11 UTC 2026","TestSignUpWeb","test_signup_component","",""
"","0","[WEB] Sign up with invalid data. Case: 'city' length = min","tests.web.component.auth","Mon May 04 07:37:49 UTC 2026","skipped","Mon May 04 07:37:49 UTC 2026","TestSignUpWeb","test_signup_component","",""
"","0","[API] Update user should return 400_BAD_REQUEST when send update user request with invalid data. Case: 'mobile_number' length = max + 1","tests.api.user","Mon May 04 07:37:19 UTC 2026","skipped","Mon May 04 07:37:19 UTC 2026","TestUpdateUserApi","test_update_user","",""
"","127","[API] Create user should return 200_OK when send create user request with valid data. Case: 'last_name' length = max","tests.api.user","Mon May 04 07:36:59 UTC 2026","passed","Mon May 04 07:36:59 UTC 2026","TestCreateUserApi","test_create_user","",""
"","0","[API] Create user should return 400_BAD_REQUEST when send create user request with invalid data. Case: 'email' contains multiple '@' symbols","tests.api.user","Mon May 04 07:36:53 UTC 2026","skipped","Mon May 04 07:36:53 UTC 2026","TestCreateUserApi","test_create_user","",""
"","311","[WEB Component] Product item should navigate to product page when click on item title","tests.web.component.product","Mon May 04 07:50:13 UTC 2026","passed","Mon May 04 07:50:14 UTC 2026","TestProductItem","test_product_item","",""
"","0","[WEB Component] Should not subscribe with invalid email","tests.web.component.base","Mon May 04 07:58:36 UTC 2026","skipped","Mon May 04 07:58:36 UTC 2026","TestSubscriptionComponent","test_subscription_component","",""
"","3126","[WEB] Sign up with valid data. Case: 'state' length = min","tests.web.component.auth","Mon May 04 07:47:46 UTC 2026","passed","Mon May 04 07:47:49 UTC 2026","TestSignUpWeb","test_signup_component","",""
"","567","[WEB Component] Should increase all products total price","tests.web.component.product","Mon May 04 07:51:37 UTC 2026","passed","Mon May 04 07:51:37 UTC 2026","TestProductItem","test_product_item","",""
"","0","[API] Create user should return 400_BAD_REQUEST when send create user request with invalid data. Case: 'email' contains only special symbols","tests.api.user","Mon May 04 07:36:53 UTC 2026","skipped","Mon May 04 07:36:53 UTC 2026","TestCreateUserApi","test_create_user","",""
"","745","[WEB] Should add product review with valid data. Case: 'name' length = max - 1","tests.web.component.review","Mon May 04 07:52:57 UTC 2026","passed","Mon May 04 07:52:58 UTC 2026","TestReviewComponent","test_review_component","",""
"","186","[API] Update user should return 200_OK when send update user request with valid data. Case: 'first_name' length = min","tests.api.user","Mon May 04 07:36:59 UTC 2026","passed","Mon May 04 07:36:59 UTC 2026","TestUpdateUserApi","test_update_user","",""
"","155","test_get_all_products","tests.api.product","Mon May 04 07:36:54 UTC 2026","passed","Mon May 04 07:36:55 UTC 2026","TestProductApi","test_product","",""
"","0","[WEB] Sign up with invalid data. Case: 'last_name' length = min","tests.web.component.auth","Mon May 04 07:37:49 UTC 2026","skipped","Mon May 04 07:37:49 UTC 2026","TestSignUpWeb","test_signup_component","",""
"","0","[API] Update user should return 400_BAD_REQUEST when send update user request with invalid data. Case: 'last_name' is empty","tests.api.user","Mon May 04 07:37:19 UTC 2026","skipped","Mon May 04 07:37:19 UTC 2026","TestUpdateUserApi","test_update_user","",""
"","3191","[WEB] Sign up with valid data. Case: 'mobile_number' length = max","tests.web.component.auth","Mon May 04 07:43:46 UTC 2026","passed","Mon May 04 07:43:50 UTC 2026","TestSignUpWeb","test_signup_component","",""
"","0","[API] Update user should return 400_BAD_REQUEST when send update user request with invalid data. Case: 'name' is empty","tests.api.user","Mon May 04 07:37:19 UTC 2026","skipped","Mon May 04 07:37:19 UTC 2026","TestUpdateUserApi","test_update_user","",""
"","0","[API] Create user should return 400_BAD_REQUEST when send create user request with invalid data. Case: 'email' contains '-' after '@'","tests.api.user","Mon May 04 07:36:53 UTC 2026","skipped","Mon May 04 07:36:53 UTC 2026","TestCreateUserApi","test_create_user","",""
"","0","[API] Update user should return 400_BAD_REQUEST when send update user request with invalid data. Case: 'zipcode' has invalid format","tests.api.user","Mon May 04 07:37:19 UTC 2026","skipped","Mon May 04 07:37:19 UTC 2026","TestUpdateUserApi","test_update_user","",""
"","1343","[WEB Component] Brand filter should have expected screenshot","tests.web.component.filter","Mon May 04 08:00:27 UTC 2026","passed","Mon May 04 08:00:28 UTC 2026","TestBrandFilter","test_brand_filter","",""
"","0","[WEB] Sign up with invalid data. Case: 'name' length = max","tests.web.component.auth","Mon May 04 07:37:49 UTC 2026","skipped","Mon May 04 07:37:49 UTC 2026","TestSignUpWeb","test_signup_component","",""
"","0","[WEB Component] Pay with invalid card should show error message. Case: expiry year in the past","tests.web.component.payment","Mon May 04 07:47:39 UTC 2026","skipped","Mon May 04 07:47:39 UTC 2026","TestPaymentComponent","test_payment_component","",""
"","0","[API] Create user should return 400_BAD_REQUEST when send create user request with invalid data. Case: 'first_name' is empty","tests.api.user","Mon May 04 07:36:53 UTC 2026","skipped","Mon May 04 07:36:53 UTC 2026","TestCreateUserApi","test_create_user","",""
"","198","[API] Update user should return 200_OK when send update user request with valid data. Case: 'zipcode' length = min + 1","tests.api.user","Mon May 04 07:37:17 UTC 2026","passed","Mon May 04 07:37:17 UTC 2026","TestUpdateUserApi","test_update_user","",""
"","0","[API] Create user should return 400_BAD_REQUEST when send create user request with invalid data. Case: 'email' not contains username","tests.api.user","Mon May 04 07:36:53 UTC 2026","skipped","Mon May 04 07:36:53 UTC 2026","TestCreateUserApi","test_create_user","",""
"","193","[API] Create user should return 200_OK when send create user request with valid data. Case: 'state' length = min","tests.api.user","Mon May 04 07:37:03 UTC 2026","passed","Mon May 04 07:37:04 UTC 2026","TestCreateUserApi","test_create_user","",""
"","0","[API] Create user should return 400_BAD_REQUEST when send create user request with invalid data. Case: 'birth_day' is absent","tests.api.user","Mon May 04 07:36:53 UTC 2026","skipped","Mon May 04 07:36:53 UTC 2026","TestCreateUserApi","test_create_user","",""
"","0","[WEB] Sign up with invalid data. Case: 'mobile_number' length = min","tests.web.component.auth","Mon May 04 07:37:49 UTC 2026","skipped","Mon May 04 07:37:49 UTC 2026","TestSignUpWeb","test_signup_component","",""
"","0","[API] Update user should return 400_BAD_REQUEST when send update user request with invalid data. Case: 'first_name' is empty","tests.api.user","Mon May 04 07:37:19 UTC 2026","skipped","Mon May 04 07:37:19 UTC 2026","TestUpdateUserApi","test_update_user","",""
"","0","[API] Update user should return 400_BAD_REQUEST when send update user request with invalid data. Case: 'address2' length = max + 1","tests.api.user","Mon May 04 07:37:19 UTC 2026","skipped","Mon May 04 07:37:19 UTC 2026","TestUpdateUserApi","test_update_user","",""
"","202","[API] Update user should return 200_OK when send update user request with valid data. Case: 'mobile_number' length = max","tests.api.user","Mon May 04 07:37:06 UTC 2026","passed","Mon May 04 07:37:06 UTC 2026","TestUpdateUserApi","test_update_user","",""
"","0","[WEB] Sign up with invalid data. Case: 'birth_day' length = 31","tests.web.component.auth","Mon May 04 07:37:49 UTC 2026","skipped","Mon May 04 07:37:49 UTC 2026","TestSignUpWeb","test_signup_component","",""
"","0","[WEB Component] Pay with invalid card should show error message. Case: card number too short","tests.web.component.payment","Mon May 04 07:47:39 UTC 2026","skipped","Mon May 04 07:47:39 UTC 2026","TestPaymentComponent","test_payment_component","",""
"","0","[API] Update user should return 400_BAD_REQUEST when send update user request with invalid data. Case: 'state' length = min - 1","tests.api.user","Mon May 04 07:37:19 UTC 2026","skipped","Mon May 04 07:37:19 UTC 2026","TestUpdateUserApi","test_update_user","",""
"","0","[API] Update user should return 400_BAD_REQUEST when send update user request with invalid data. Case: 'email' contains invalid top level domain web","tests.api.user","Mon May 04 07:37:19 UTC 2026","skipped","Mon May 04 07:37:19 UTC 2026","TestUpdateUserApi","test_update_user","",""
"","410","[WEB] Should have expected screenshot when not send review","tests.web.component.review","Mon May 04 08:02:28 UTC 2026","passed","Mon May 04 08:02:28 UTC 2026","TestReviewComponent","test_review_component","",""
"","262","test_search_products_returns_empty_array","tests.api.product","Mon May 04 07:36:55 UTC 2026","passed","Mon May 04 07:36:55 UTC 2026","TestProductApi","test_product","",""
"","0","[API] Create user should return 400_BAD_REQUEST when send create user request with invalid data. Case: 'name' length = min - 1","tests.api.user","Mon May 04 07:37:10 UTC 2026","skipped","Mon May 04 07:37:10 UTC 2026","TestCreateUserApi","test_create_user","",""
"","0","[WEB Component] Pay with invalid card should show error message. Case: name contains digits","tests.web.component.payment","Mon May 04 07:47:39 UTC 2026","skipped","Mon May 04 07:47:39 UTC 2026","TestPaymentComponent","test_payment_component","",""
"","1851","[WEB Component] Should add product to cart when click on add to cart button multiple times","tests.web.component.product","Mon May 04 07:49:14 UTC 2026","passed","Mon May 04 07:49:16 UTC 2026","TestProductCard","test_product_details_component","",""
"","1261","[WEB Component] Image Carousel should show last image when scroll left on first image","tests.web.component.carousel","Mon May 04 07:59:34 UTC 2026","passed","Mon May 04 07:59:36 UTC 2026","TestImageCarousel","test_image_carousel","",""
"","0","[WEB] Should not add product review with invalid data. Case: 'email' contains only special symbols","tests.web.component.review","Mon May 04 07:55:15 UTC 2026","skipped","Mon May 04 07:55:15 UTC 2026","TestReviewComponent","test_review_component","",""
"","1149","[WEB Component] Products Carousel should first products when scroll right on last image","tests.web.component.carousel","Mon May 04 07:59:54 UTC 2026","passed","Mon May 04 07:59:55 UTC 2026","TestProductCarousel","test_product_carousel","",""
"","0","[API] Update user should return 400_BAD_REQUEST when send update user request with invalid data. Case: 'zipcode' is absent","tests.api.user","Mon May 04 07:37:19 UTC 2026","skipped","Mon May 04 07:37:19 UTC 2026","TestUpdateUserApi","test_update_user","",""
"","0","[API] Update user should return 400_BAD_REQUEST when send update user request with invalid data. Case: 'email' contains text after domain","tests.api.user","Mon May 04 07:37:19 UTC 2026","skipped","Mon May 04 07:37:19 UTC 2026","TestUpdateUserApi","test_update_user","",""
"","0","[WEB] Sign up with invalid data. Case: 'birth_year' = 10000","tests.web.component.auth","Mon May 04 07:37:49 UTC 2026","skipped","Mon May 04 07:37:49 UTC 2026","TestSignUpWeb","test_signup_component","",""
"","0","[API] Update user should return 400_BAD_REQUEST when send update user request with invalid data. Case: 'zipcode' length = min - 1","tests.api.user","Mon May 04 07:37:19 UTC 2026","skipped","Mon May 04 07:37:19 UTC 2026","TestUpdateUserApi","test_update_user","",""
"","458","[WEB] Sign in with invalid credentials. Case: {case_title}","tests.web.component.auth","Mon May 04 07:37:53 UTC 2026","passed","Mon May 04 07:37:54 UTC 2026","TestLoginWeb","test_login_component","",""
"","0","[API] Update user should return 400_BAD_REQUEST when send update user request with invalid data. Case: 'zipcode' is empty","tests.api.user","Mon May 04 07:37:19 UTC 2026","skipped","Mon May 04 07:37:19 UTC 2026","TestUpdateUserApi","test_update_user","",""
"","867","[WEB] Should add product review with valid data. Case: 'email' domain length = 2","tests.web.component.review","Mon May 04 07:55:42 UTC 2026","passed","Mon May 04 07:55:43 UTC 2026","TestReviewComponent","test_review_component","",""
"","172","[API] Create user should return 200_OK when send create user request with valid data. Case: 'birth_month' = 1","tests.api.user","Mon May 04 07:37:01 UTC 2026","passed","Mon May 04 07:37:01 UTC 2026","TestCreateUserApi","test_create_user","",""
"","0","[API] Create user should return 400_BAD_REQUEST when send create user request with invalid data. Case: 'email' contains username hieroglyphs instead of username","tests.api.user","Mon May 04 07:36:53 UTC 2026","skipped","Mon May 04 07:36:53 UTC 2026","TestCreateUserApi","test_create_user","",""
"","0","[API] Create user should return 400_BAD_REQUEST when send create user request with invalid data. Case: 'zipcode' length = min - 1","tests.api.user","Mon May 04 07:36:53 UTC 2026","skipped","Mon May 04 07:36:53 UTC 2026","TestCreateUserApi","test_create_user","",""
"","9941","[WEB Component] Category filter group should be collapsed after expand another group","tests.web.component.filter","Mon May 04 08:01:20 UTC 2026","passed","Mon May 04 08:01:30 UTC 2026","TestCategoryFilter","test_category_filter","",""
"","0","[API] Create user should return 400_BAD_REQUEST when send create user request with invalid data. Case: 'last_name' is empty","tests.api.user","Mon May 04 07:36:53 UTC 2026","skipped","Mon May 04 07:36:53 UTC 2026","TestCreateUserApi","test_create_user","",""
"","0","[WEB] Sign up with invalid data. Case: 'state' length = max","tests.web.component.auth","Mon May 04 07:37:49 UTC 2026","skipped","Mon May 04 07:37:49 UTC 2026","TestSignUpWeb","test_signup_component","",""
"","0","[WEB] Should not add product review with invalid data. Case: 'email' contains '-' after '@'","tests.web.component.review","Mon May 04 07:55:15 UTC 2026","skipped","Mon May 04 07:55:15 UTC 2026","TestReviewComponent","test_review_component","",""
"","3174","[WEB] Sign up with valid data. Case: 'company' length = max","tests.web.component.auth","Mon May 04 07:47:25 UTC 2026","passed","Mon May 04 07:47:28 UTC 2026","TestSignUpWeb","test_signup_component","",""
"","8206","Purchase products with sign up while checkout","tests.web.e2e","Mon May 04 07:56:03 UTC 2026","passed","Mon May 04 07:56:11 UTC 2026","TestPlaceOrder","test_place_order","",""
"","0","[WEB] Sign up with invalid data. Case: 'first_name' length = min","tests.web.component.auth","Mon May 04 07:37:49 UTC 2026","skipped","Mon May 04 07:37:49 UTC 2026","TestSignUpWeb","test_signup_component","",""
"","3212","[WEB] Sign up with valid data. Case: 'address2' length = min","tests.web.component.auth","Mon May 04 07:52:09 UTC 2026","passed","Mon May 04 07:52:12 UTC 2026","TestSignUpWeb","test_signup_component","",""
"","0","[API] Update user should return 400_BAD_REQUEST when send update user request with invalid data. Case: 'address1' length = min - 1","tests.api.user","Mon May 04 07:37:19 UTC 2026","skipped","Mon May 04 07:37:19 UTC 2026","TestUpdateUserApi","test_update_user","",""
"","1126","[WEB Component] Should increase product item quantity","tests.web.component.product","Mon May 04 07:50:34 UTC 2026","passed","Mon May 04 07:50:35 UTC 2026","TestProductItem","test_product_item","",""
"","0","[API] Create user should return 400_BAD_REQUEST when send create user request with invalid data. Case: 'birth_year' is negative","tests.api.user","Mon May 04 07:36:53 UTC 2026","skipped","Mon May 04 07:36:53 UTC 2026","TestCreateUserApi","test_create_user","",""
"","0","[API] Create user should return 400_BAD_REQUEST when send create user request with invalid data. Case: 'birth_day' is negative","tests.api.user","Mon May 04 07:36:53 UTC 2026","skipped","Mon May 04 07:36:53 UTC 2026","TestCreateUserApi","test_create_user","",""
"","132","[API] Create user should return 200_OK when send create user request with valid data. Case: 'last_name' length = max - 1","tests.api.user","Mon May 04 07:36:58 UTC 2026","passed","Mon May 04 07:36:58 UTC 2026","TestCreateUserApi","test_create_user","",""
"","0","[API] Create user should return 400_BAD_REQUEST when send create user request with invalid data. Case: 'birth_day' is zero","tests.api.user","Mon May 04 07:36:53 UTC 2026","skipped","Mon May 04 07:36:53 UTC 2026","TestCreateUserApi","test_create_user","",""
"","2225","[WEB Component] Search filter should return all products when filter by empty query","tests.web.component.filter","Mon May 04 07:43:00 UTC 2026","passed","Mon May 04 07:43:02 UTC 2026","TestSearchFilter","test_search_filter","",""
"","0","[WEB] Sign up with invalid data. Case: 'address2' length = max","tests.web.component.auth","Mon May 04 07:37:49 UTC 2026","skipped","Mon May 04 07:37:49 UTC 2026","TestSignUpWeb","test_signup_component","",""
"","0","[API] Update user should return 400_BAD_REQUEST when send update user request with invalid data. Case: 'email' is word","tests.api.user","Mon May 04 07:37:19 UTC 2026","skipped","Mon May 04 07:37:19 UTC 2026","TestUpdateUserApi","test_update_user","",""
"","0","[WEB] Sign up with invalid data. Case: 'company' length = min","tests.web.component.auth","Mon May 04 07:37:49 UTC 2026","skipped","Mon May 04 07:37:49 UTC 2026","TestSignUpWeb","test_signup_component","",""
"","0","[WEB] Should not add product review with invalid data. Case: 'email' is empty","tests.web.component.review","Mon May 04 07:55:15 UTC 2026","skipped","Mon May 04 07:55:15 UTC 2026","TestReviewComponent","test_review_component","",""
"","0","[API] Create user should return 400_BAD_REQUEST when send create user request with invalid data. Case: 'mobile_number' is absent","tests.api.user","Mon May 04 07:36:53 UTC 2026","skipped","Mon May 04 07:36:53 UTC 2026","TestCreateUserApi","test_create_user","",""
"","0","[API] Update user should return 400_BAD_REQUEST when send update user request with invalid data. Case: 'birth_year' is absent","tests.api.user","Mon May 04 07:37:19 UTC 2026","skipped","Mon May 04 07:37:19 UTC 2026","TestUpdateUserApi","test_update_user","",""
"","219","[API] Update user should return 200_OK when send update user request with valid data. Case: 'last_name' length = max - 1","tests.api.user","Mon May 04 07:37:03 UTC 2026","passed","Mon May 04 07:37:03 UTC 2026","TestUpdateUserApi","test_update_user","",""
"","0","[WEB] Should not add product review with invalid data. Case: 'email' contains text after domain","tests.web.component.review","Mon May 04 07:55:15 UTC 2026","skipped","Mon May 04 07:55:15 UTC 2026","TestReviewComponent","test_review_component","",""
"","0","[WEB] Should not add product review with invalid data. Case: 'email' not contains '@' symbol","tests.web.component.review","Mon May 04 07:55:15 UTC 2026","skipped","Mon May 04 07:55:15 UTC 2026","TestReviewComponent","test_review_component","",""
"","142","[API] Create user should return 200_OK when send create user request with valid data. Case: 'state' length = max - 1","tests.api.user","Mon May 04 07:37:04 UTC 2026","passed","Mon May 04 07:37:04 UTC 2026","TestCreateUserApi","test_create_user","",""
"","0","[WEB] Sign up with invalid data. Case: 'first_name' length = max","tests.web.component.auth","Mon May 04 07:37:49 UTC 2026","skipped","Mon May 04 07:37:49 UTC 2026","TestSignUpWeb","test_signup_component","",""
"","0","[API] Create user should return 400_BAD_REQUEST when send create user request with invalid data. Case: 'address1' length = max + 1","tests.api.user","Mon May 04 07:36:53 UTC 2026","skipped","Mon May 04 07:36:53 UTC 2026","TestCreateUserApi","test_create_user","",""
"","1670","[WEB Component] Pay with valid card should show success status message. Case: valid: expiry month min","tests.web.component.payment","Mon May 04 07:46:56 UTC 2026","passed","Mon May 04 07:46:58 UTC 2026","TestPaymentComponent","test_payment_component","",""
"","117","[API] Create user should return 200_OK when send create user request with valid data. Case: 'first_name' length = max","tests.api.user","Mon May 04 07:36:57 UTC 2026","passed","Mon May 04 07:36:58 UTC 2026","TestCreateUserApi","test_create_user","",""
"","42","[WEB Component] Should have all products expected total price","tests.web.component.product","Mon May 04 07:51:16 UTC 2026","passed","Mon May 04 07:51:16 UTC 2026","TestProductItem","test_product_item","",""
"","1414","[WEB Component] Product details should have expected data","tests.web.component.product","Mon May 04 08:02:08 UTC 2026","passed","Mon May 04 08:02:09 UTC 2026","TestProductCard","test_product_details_component","",""
"","4650","[WEB] Sign up with valid data. Case: 'address2' length = max - 1","tests.web.component.auth","Mon May 04 07:52:53 UTC 2026","passed","Mon May 04 07:52:57 UTC 2026","TestSignUpWeb","test_signup_component","",""
"","0","[API] Create user should return 400_BAD_REQUEST when send create user request with invalid data. Case: 'state' length = max + 1","tests.api.user","Mon May 04 07:36:53 UTC 2026","skipped","Mon May 04 07:36:53 UTC 2026","TestCreateUserApi","test_create_user","",""
"","0","[API] Create user should return 400_BAD_REQUEST when send create user request with invalid data. Case: 'birth_day' is invalid positive","tests.api.user","Mon May 04 07:36:53 UTC 2026","skipped","Mon May 04 07:36:53 UTC 2026","TestCreateUserApi","test_create_user","",""
"","0","[WEB] Sign up with invalid data. Case: 'state' length = min","tests.web.component.auth","Mon May 04 07:37:49 UTC 2026","skipped","Mon May 04 07:37:49 UTC 2026","TestSignUpWeb","test_signup_component","",""
"","3524","[WEB] Sign up with valid data. Case: 'name' length = max - 1","tests.web.component.auth","Mon May 04 07:38:55 UTC 2026","passed","Mon May 04 07:38:59 UTC 2026","TestSignUpWeb","test_signup_component","",""
"","231","[API] Update user should return 200_OK when send update user request with valid data. Case: 'city' length = max","tests.api.user","Mon May 04 07:37:19 UTC 2026","passed","Mon May 04 07:37:19 UTC 2026","TestUpdateUserApi","test_update_user","",""
"","0","[API] Update user should return 400_BAD_REQUEST when send update user request with invalid data. Case: 'company' length = min - 1","tests.api.user","Mon May 04 07:37:19 UTC 2026","skipped","Mon May 04 07:37:19 UTC 2026","TestUpdateUserApi","test_update_user","",""
"","1665","[WEB Component] Pay with valid card should show success status message. Case: valid: boundary valid number","tests.web.component.payment","Mon May 04 07:46:14 UTC 2026","passed","Mon May 04 07:46:16 UTC 2026","TestPaymentComponent","test_payment_component","",""
"","0","[WEB Component] Pay with invalid card should show error message. Case: name length = max + 1","tests.web.component.payment","Mon May 04 07:47:39 UTC 2026","skipped","Mon May 04 07:47:39 UTC 2026","TestPaymentComponent","test_payment_component","",""
"","0","[API] Update user should return 400_BAD_REQUEST when send update user request with invalid data. Case: 'birth_day' is invalid positive","tests.api.user","Mon May 04 07:37:19 UTC 2026","skipped","Mon May 04 07:37:19 UTC 2026","TestUpdateUserApi","test_update_user","",""
"","0","[WEB] Sign up with invalid data. Case: 'mobile_number' length = max","tests.web.component.auth","Mon May 04 07:37:49 UTC 2026","skipped","Mon May 04 07:37:49 UTC 2026","TestSignUpWeb","test_signup_component","",""
"","0","[API] Create user should return 400_BAD_REQUEST when send create user request with invalid data. Case: 'address1' is empty","tests.api.user","Mon May 04 07:36:53 UTC 2026","skipped","Mon May 04 07:36:53 UTC 2026","TestCreateUserApi","test_create_user","",""
"","214","[API] Update user should return 200_OK when send update user request with valid data. Case: 'mobile_number' length = max - 1","tests.api.user","Mon May 04 07:37:05 UTC 2026","passed","Mon May 04 07:37:05 UTC 2026","TestUpdateUserApi","test_update_user","",""
"","0","[WEB Component] Pay with invalid card should show error message. Case: name contains trailing spaces","tests.web.component.payment","Mon May 04 07:47:39 UTC 2026","skipped","Mon May 04 07:47:39 UTC 2026","TestPaymentComponent","test_payment_component","",""
"","3484","[WEB] Sign up with valid data. Case: 'birth_month' = 12","tests.web.component.auth","Mon May 04 07:45:15 UTC 2026","passed","Mon May 04 07:45:18 UTC 2026","TestSignUpWeb","test_signup_component","",""
"","276","[API] Update user should return 200_OK when send update user request with valid data. Case: 'name' length = min + 1","tests.api.user","Mon May 04 07:36:57 UTC 2026","passed","Mon May 04 07:36:57 UTC 2026","TestUpdateUserApi","test_update_user","",""
"","3224","[WEB] Sign up with valid data. Case: 'name' length = min + 1","tests.web.component.auth","Mon May 04 07:38:34 UTC 2026","passed","Mon May 04 07:38:37 UTC 2026","TestSignUpWeb","test_signup_component","",""
"","0","[API] Update user should return 400_BAD_REQUEST when send update user request with invalid data. Case: 'email' not contains domain","tests.api.user","Mon May 04 07:37:19 UTC 2026","skipped","Mon May 04 07:37:19 UTC 2026","TestUpdateUserApi","test_update_user","",""
"","131","[API] Create user should return 200_OK when send create user request with valid data. Case: 'address1' length = max","tests.api.user","Mon May 04 07:37:07 UTC 2026","passed","Mon May 04 07:37:07 UTC 2026","TestCreateUserApi","test_create_user","",""
"","956","[WEB] Should add product review with valid data. Case: 'email' domain name length = 2","tests.web.component.review","Mon May 04 07:56:03 UTC 2026","passed","Mon May 04 07:56:04 UTC 2026","TestReviewComponent","test_review_component","",""
"","3556","[WEB] Sign up with valid data. Case: 'mobile_number' length = min + 1","tests.web.component.auth","Mon May 04 07:43:02 UTC 2026","passed","Mon May 04 07:43:05 UTC 2026","TestSignUpWeb","test_signup_component","",""
"","0","[WEB Component] Pay with invalid card should show error message. Case: card number all zeros","tests.web.component.payment","Mon May 04 07:47:39 UTC 2026","skipped","Mon May 04 07:47:39 UTC 2026","TestPaymentComponent","test_payment_component","",""
"","281","[API] Update user should return 200_OK when send update user request with valid data. Case: 'birth_month' = 1","tests.api.user","Mon May 04 07:37:08 UTC 2026","passed","Mon May 04 07:37:08 UTC 2026","TestUpdateUserApi","test_update_user","",""
"","137","[API] Create user should return 200_OK when send create user request with valid data. Case: 'city' length = min","tests.api.user","Mon May 04 07:37:05 UTC 2026","passed","Mon May 04 07:37:05 UTC 2026","TestCreateUserApi","test_create_user","",""
"","0","[WEB] Should not add product review with invalid data. Case: 'name' length = min - 1","tests.web.component.review","Mon May 04 07:55:15 UTC 2026","skipped","Mon May 04 07:55:15 UTC 2026","TestReviewComponent","test_review_component","",""
"","0","[WEB] Sign up with invalid data. Case: 'city' length = min + 1","tests.web.component.auth","Mon May 04 07:37:49 UTC 2026","skipped","Mon May 04 07:37:49 UTC 2026","TestSignUpWeb","test_signup_component","",""
"","223","[API] Get csrf should return 200_OK when send get csrf request and contains csrf cookie","tests.api.auth","Mon May 04 07:36:53 UTC 2026","passed","Mon May 04 07:36:53 UTC 2026","TestAuthApi","test_auth","",""
"","0","[WEB] Should not add product review with invalid data. Case: 'email' contains multiple '@' symbols","tests.web.component.review","Mon May 04 07:55:15 UTC 2026","skipped","Mon May 04 07:55:15 UTC 2026","TestReviewComponent","test_review_component","",""
"","0","[WEB Component] Pay with invalid card should show error message. Case: cvc contains letters","tests.web.component.payment","Mon May 04 07:47:39 UTC 2026","skipped","Mon May 04 07:47:39 UTC 2026","TestPaymentComponent","test_payment_component","",""
"","1000","[WEB Component] Should not add negative products count to cart when click on add to cart button","tests.web.component.product","Mon May 04 07:49:53 UTC 2026","passed","Mon May 04 07:49:54 UTC 2026","TestProductCard","test_product_details_component","",""
"","475","[WEB Component] Should open product page when click on view product button","tests.web.component.product","Mon May 04 07:48:35 UTC 2026","passed","Mon May 04 07:48:35 UTC 2026","TestAnimatedProductCard","test_animated_product_card_component","",""
"","0","[API] Create user should return 400_BAD_REQUEST when send create user request with invalid data. Case: 'email' is empty","tests.api.user","Mon May 04 07:36:53 UTC 2026","skipped","Mon May 04 07:36:53 UTC 2026","TestCreateUserApi","test_create_user","",""
"","136","[API] Create user should return 200_OK when send create user request with valid data. Case: 'city' length = max","tests.api.user","Mon May 04 07:37:06 UTC 2026","passed","Mon May 04 07:37:06 UTC 2026","TestCreateUserApi","test_create_user","",""
"","0","[API] Create user should return 400_BAD_REQUEST when send create user request with invalid data. Case: 'birth_month' is absent","tests.api.user","Mon May 04 07:36:53 UTC 2026","skipped","Mon May 04 07:36:53 UTC 2026","TestCreateUserApi","test_create_user","",""
"","246","[API] Update user should return 200_OK when send update user request with valid data. Case: 'birth_day' length = 31","tests.api.user","Mon May 04 07:37:07 UTC 2026","passed","Mon May 04 07:37:08 UTC 2026","TestUpdateUserApi","test_update_user","",""
"","1678","[WEB Component] Should add product to cart when click on add to cart button","tests.web.component.product","Mon May 04 07:48:53 UTC 2026","passed","Mon May 04 07:48:55 UTC 2026","TestProductCard","test_product_card_component","",""
"","0","[WEB] Sign up with invalid data. Case: 'address1' length = min","tests.web.component.auth","Mon May 04 07:37:49 UTC 2026","skipped","Mon May 04 07:37:49 UTC 2026","TestSignUpWeb","test_signup_component","",""
"","0","[WEB] Sign up with invalid data. Case: 'company' length = min + 1","tests.web.component.auth","Mon May 04 07:37:49 UTC 2026","skipped","Mon May 04 07:37:49 UTC 2026","TestSignUpWeb","test_signup_component","",""
"","1321","[WEB Component] Search filter should have expected screenshot","tests.web.component.filter","Mon May 04 08:00:33 UTC 2026","passed","Mon May 04 08:00:35 UTC 2026","TestSearchFilter","test_search_filter","",""
"","214","[API] Update user should return 200_OK when send update user request with valid data. Case: 'name' length = max","tests.api.user","Mon May 04 07:36:58 UTC 2026","passed","Mon May 04 07:36:58 UTC 2026","TestUpdateUserApi","test_update_user","",""
"","0","[API] Create user should return 400_BAD_REQUEST when send create user request with invalid data. Case: 'state' is empty","tests.api.user","Mon May 04 07:36:53 UTC 2026","skipped","Mon May 04 07:36:53 UTC 2026","TestCreateUserApi","test_create_user","",""
"","1721","[WEB] Should add product review with valid data. Case: 'message' length = max - 1","tests.web.component.review","Mon May 04 07:54:53 UTC 2026","passed","Mon May 04 07:54:55 UTC 2026","TestReviewComponent","test_review_component","",""
"","0","[WEB] Should not add product review with invalid data. Case: 'name' is absent","tests.web.component.review","Mon May 04 07:55:15 UTC 2026","skipped","Mon May 04 07:55:15 UTC 2026","TestReviewComponent","test_review_component","",""
"","0","[WEB] Sign up with invalid data. Case: 'birth_month' = 12","tests.web.component.auth","Mon May 04 07:37:49 UTC 2026","skipped","Mon May 04 07:37:49 UTC 2026","TestSignUpWeb","test_signup_component","",""
"","0","[WEB Component] Pay with invalid card should show error message. Case: cvc all zeros","tests.web.component.payment","Mon May 04 07:47:39 UTC 2026","skipped","Mon May 04 07:47:39 UTC 2026","TestPaymentComponent","test_payment_component","",""
"","170","[API] Create user should return 200_OK when send create user request with valid data. Case: 'first_name' length = min + 1","tests.api.user","Mon May 04 07:36:57 UTC 2026","passed","Mon May 04 07:36:57 UTC 2026","TestCreateUserApi","test_create_user","",""
"","0","[API] Create user should return 400_BAD_REQUEST when send create user request with invalid data. Case: 'zipcode' has invalid format","tests.api.user","Mon May 04 07:36:53 UTC 2026","skipped","Mon May 04 07:36:53 UTC 2026","TestCreateUserApi","test_create_user","",""
"","3112","[WEB] Sign up with valid data. Case: 'company' length = min + 1","tests.web.component.auth","Mon May 04 07:46:42 UTC 2026","passed","Mon May 04 07:46:45 UTC 2026","TestSignUpWeb","test_signup_component","",""
"","0","[WEB Component] Pay with invalid card should show error message. Case: card number contains letters","tests.web.component.payment","Mon May 04 07:47:39 UTC 2026","skipped","Mon May 04 07:47:39 UTC 2026","TestPaymentComponent","test_payment_component","",""
"","4050","[WEB] Sign up with valid data. Case: 'last_name' length = max - 1","tests.web.component.auth","Mon May 04 07:41:52 UTC 2026","passed","Mon May 04 07:41:56 UTC 2026","TestSignUpWeb","test_signup_component","",""
"","120","[API] Get user should return 404_NOT_FOUND when send get user request and user not exists","tests.api.user","Mon May 04 07:36:56 UTC 2026","passed","Mon May 04 07:36:56 UTC 2026","TestGetUserApi","test_get_user","",""
"","0","[API] Update user should return 400_BAD_REQUEST when send update user request with invalid data. Case: 'address1' length = max + 1","tests.api.user","Mon May 04 07:37:19 UTC 2026","skipped","Mon May 04 07:37:19 UTC 2026","TestUpdateUserApi","test_update_user","",""
"","132","[API] Delete user should return 404_NOT_FOUND when send delete user request and user not exists","tests.api.user","Mon May 04 07:36:55 UTC 2026","passed","Mon May 04 07:36:55 UTC 2026","TestDeleteUserApi","test_delete_user","",""
"","4844","[WEB] Sign up with valid data. Case: 'last_name' length = max","tests.web.component.auth","Mon May 04 07:42:14 UTC 2026","passed","Mon May 04 07:42:19 UTC 2026","TestSignUpWeb","test_signup_component","",""
"","0","[API] Update user should return 400_BAD_REQUEST when send update user request with invalid data. Case: 'state' length = max + 1","tests.api.user","Mon May 04 07:37:19 UTC 2026","skipped","Mon May 04 07:37:19 UTC 2026","TestUpdateUserApi","test_update_user","",""
"","3179","[WEB] Sign up with valid data. Case: 'address1' length = max","tests.web.component.auth","Mon May 04 07:51:48 UTC 2026","passed","Mon May 04 07:51:51 UTC 2026","TestSignUpWeb","test_signup_component","",""
"","1675","[WEB Component] Pay with valid card should show success status message. Case: valid name contains multiple spaces","tests.web.component.payment","Mon May 04 07:45:33 UTC 2026","passed","Mon May 04 07:45:34 UTC 2026","TestPaymentComponent","test_payment_component","",""
"","1712","[WEB Component] Pay with valid card should show success status message. Case: valid: future year","tests.web.component.payment","Mon May 04 07:47:37 UTC 2026","passed","Mon May 04 07:47:39 UTC 2026","TestPaymentComponent","test_payment_component","",""
"","711","[WEB Component] Add product notification should be closed when click on close button","tests.web.component.base","Mon May 04 07:40:44 UTC 2026","passed","Mon May 04 07:40:45 UTC 2026","TestNotificationComponent","test_notification_component","",""
"","0","[API] Create user should return 400_BAD_REQUEST when send create user request with invalid data. Case: 'birth_year' is invalid positive","tests.api.user","Mon May 04 07:36:53 UTC 2026","skipped","Mon May 04 07:36:53 UTC 2026","TestCreateUserApi","test_create_user","",""
"","222","[API] Update user should return 200_OK when send update user request with valid data. Case: 'birth_month' = 12","tests.api.user","Mon May 04 07:37:09 UTC 2026","passed","Mon May 04 07:37:09 UTC 2026","TestUpdateUserApi","test_update_user","",""
"","480","[WEB Component] Delivery address has expected data","tests.web.component.address","Mon May 04 07:57:41 UTC 2026","passed","Mon May 04 07:57:42 UTC 2026","TestAddressComponent","test_address_component","",""
"","0","[WEB] Sign up with invalid data. Case: 'birth_day' = 1","tests.web.component.auth","Mon May 04 07:37:49 UTC 2026","skipped","Mon May 04 07:37:49 UTC 2026","TestSignUpWeb","test_signup_component","",""
"","191","[API] Update user should return 200_OK when send update user request with valid data. Case: 'state' length = max - 1","tests.api.user","Mon May 04 07:37:16 UTC 2026","passed","Mon May 04 07:37:16 UTC 2026","TestUpdateUserApi","test_update_user","",""
"","0","[WEB] Sign up with invalid data. Case: 'zipcode' length = max - 1","tests.web.component.auth","Mon May 04 07:37:49 UTC 2026","skipped","Mon May 04 07:37:49 UTC 2026","TestSignUpWeb","test_signup_component","",""
"","125","[API] Create user should return 200_OK when send create user request with valid data. Case: 'name' length = min","tests.api.user","Mon May 04 07:36:55 UTC 2026","passed","Mon May 04 07:36:55 UTC 2026","TestCreateUserApi","test_create_user","",""
"","0","[API] Update user should return 400_BAD_REQUEST when send update user request with invalid data. Case: 'birth_year' is negative","tests.api.user","Mon May 04 07:37:19 UTC 2026","skipped","Mon May 04 07:37:19 UTC 2026","TestUpdateUserApi","test_update_user","",""
"","0","[WEB Component] Pay with invalid card should show error message. Case: expiry month contains letters","tests.web.component.payment","Mon May 04 07:47:39 UTC 2026","skipped","Mon May 04 07:47:39 UTC 2026","TestPaymentComponent","test_payment_component","",""
"","1720","[WEB Component] Add product to cart from product carousel","tests.web.component.carousel","Mon May 04 08:00:13 UTC 2026","passed","Mon May 04 08:00:15 UTC 2026","TestProductCarousel","test_product_carousel","",""
"","1179","[WEB Component] Products Carousel should show previous image when scroll left","tests.web.component.carousel","Mon May 04 07:58:59 UTC 2026","passed","Mon May 04 07:59:01 UTC 2026","TestProductCarousel","test_product_carousel","",""
"","0","[WEB] Sign up with invalid data. Case: 'address2' length = min + 1","tests.web.component.auth","Mon May 04 07:37:49 UTC 2026","skipped","Mon May 04 07:37:49 UTC 2026","TestSignUpWeb","test_signup_component","",""
"","3327","[WEB] Sign up with valid data. Case: 'city' length = max - 1","tests.web.component.auth","Mon May 04 07:50:00 UTC 2026","passed","Mon May 04 07:50:03 UTC 2026","TestSignUpWeb","test_signup_component","",""
"","0","[WEB Component] Pay with invalid card should show error message. Case: card number too long","tests.web.component.payment","Mon May 04 07:47:39 UTC 2026","skipped","Mon May 04 07:47:39 UTC 2026","TestPaymentComponent","test_payment_component","",""
"","3315","[WEB] Sign up with valid data. Case: 'birth_day' length = 31","tests.web.component.auth","Mon May 04 07:44:31 UTC 2026","passed","Mon May 04 07:44:34 UTC 2026","TestSignUpWeb","test_signup_component","",""
"","4214","[WEB] Sign up with valid data. Case: 'state' length = max","tests.web.component.auth","Mon May 04 07:48:53 UTC 2026","passed","Mon May 04 07:48:57 UTC 2026","TestSignUpWeb","test_signup_component","",""
"","0","[WEB Component] Pay with invalid card should show error message. Case: name length = min - 1","tests.web.component.payment","Mon May 04 07:47:39 UTC 2026","skipped","Mon May 04 07:47:39 UTC 2026","TestPaymentComponent","test_payment_component","",""
"","0","[API] Update user should return 400_BAD_REQUEST when send update user request with invalid data. Case: 'mobile_number' length = min - 1","tests.api.user","Mon May 04 07:37:19 UTC 2026","skipped","Mon May 04 07:37:19 UTC 2026","TestUpdateUserApi","test_update_user","",""
"","0","[API] Update user should return 400_BAD_REQUEST when send update user request with invalid data. Case: 'company' length = max + 1","tests.api.user","Mon May 04 07:37:19 UTC 2026","skipped","Mon May 04 07:37:19 UTC 2026","TestUpdateUserApi","test_update_user","",""
"","0","[API] Update user should return 400_BAD_REQUEST when send update user request with invalid data. Case: 'email' contains '.' before dog symbol","tests.api.user","Mon May 04 07:37:19 UTC 2026","skipped","Mon May 04 07:37:19 UTC 2026","TestUpdateUserApi","test_update_user","",""
"","679","[WEB] Should add product review with valid data. Case: 'email' domain contains '-'","tests.web.component.review","Mon May 04 07:55:02 UTC 2026","passed","Mon May 04 07:55:03 UTC 2026","TestReviewComponent","test_review_component","",""
"","123","[API] Create user should return 200_OK when send create user request with valid data. Case: 'city' length = min + 1","tests.api.user","Mon May 04 07:37:05 UTC 2026","passed","Mon May 04 07:37:05 UTC 2026","TestCreateUserApi","test_create_user","",""
"","0","[API] Create user should return 400_BAD_REQUEST when send create user request with invalid data. Case: 'address1' length = min - 1","tests.api.user","Mon May 04 07:36:53 UTC 2026","skipped","Mon May 04 07:36:53 UTC 2026","TestCreateUserApi","test_create_user","",""
"","0","[API] Create user should return 400_BAD_REQUEST when send create user request with invalid data. Case: 'email' not contains domain","tests.api.user","Mon May 04 07:36:53 UTC 2026","skipped","Mon May 04 07:36:53 UTC 2026","TestCreateUserApi","test_create_user","",""
"","0","[WEB Component] Pay with invalid card should show error message. Case: name contains newline","tests.web.component.payment","Mon May 04 07:47:39 UTC 2026","skipped","Mon May 04 07:47:39 UTC 2026","TestPaymentComponent","test_payment_component","",""
"","229","[API] Update user should return 200_OK when send update user request with valid data. Case: 'birth_day' = 1","tests.api.user","Mon May 04 07:37:07 UTC 2026","passed","Mon May 04 07:37:07 UTC 2026","TestUpdateUserApi","test_update_user","",""
"","1814","[WEB Component] Pay with valid card should show success status message. Case: valid: name max length","tests.web.component.payment","Mon May 04 07:44:50 UTC 2026","passed","Mon May 04 07:44:52 UTC 2026","TestPaymentComponent","test_payment_component","",""
"","1005","[WEB Component] Should have expected success status message after sending contact info","tests.web.component.base","Mon May 04 07:41:27 UTC 2026","passed","Mon May 04 07:41:28 UTC 2026","TestSubscriptionComponent","test_subscription_component","",""
"","0","[API] Create user should return 400_BAD_REQUEST when send create user request with invalid data. Case: 'city' length = min - 1","tests.api.user","Mon May 04 07:36:53 UTC 2026","skipped","Mon May 04 07:36:53 UTC 2026","TestCreateUserApi","test_create_user","",""
"","3316","[WEB] Sign up with valid data. Case: 'zipcode' length = min","tests.web.component.auth","Mon May 04 07:53:40 UTC 2026","passed","Mon May 04 07:53:44 UTC 2026","TestSignUpWeb","test_signup_component","",""
"","0","[WEB Component] Pay with invalid card should show error message. Case: expiry month one digit","tests.web.component.payment","Mon May 04 07:47:39 UTC 2026","skipped","Mon May 04 07:47:39 UTC 2026","TestPaymentComponent","test_payment_component","",""
"","125","[API] Create user should return 200_OK when send create user request with valid data. Case: 'address1' length = min + 1","tests.api.user","Mon May 04 07:37:06 UTC 2026","passed","Mon May 04 07:37:06 UTC 2026","TestCreateUserApi","test_create_user","",""
"","3326","[WEB] Sign up with valid data. Case: 'mobile_number' length = max - 1","tests.web.component.auth","Mon May 04 07:43:24 UTC 2026","passed","Mon May 04 07:43:28 UTC 2026","TestSignUpWeb","test_signup_component","",""
"","0","[API] Create user should return 400_BAD_REQUEST when send create user request with invalid data. Case: 'birth_year' is zero","tests.api.user","Mon May 04 07:36:53 UTC 2026","skipped","Mon May 04 07:36:53 UTC 2026","TestCreateUserApi","test_create_user","",""
"","371","[WEB Component] Should navigate to login page by click 'Signup / Login' button","tests.web.component.base","Mon May 04 07:39:23 UTC 2026","passed","Mon May 04 07:39:23 UTC 2026","TestHeaderComponent","test_header_component","",""
"","589","[WEB Component] Should decrease all products total price","tests.web.component.product","Mon May 04 07:51:58 UTC 2026","passed","Mon May 04 07:51:59 UTC 2026","TestProductItem","test_product_item","",""
"","0","[API] Update user should return 400_BAD_REQUEST when send update user request with invalid data. Case: 'birth_month' is negative","tests.api.user","Mon May 04 07:37:19 UTC 2026","skipped","Mon May 04 07:37:19 UTC 2026","TestUpdateUserApi","test_update_user","",""
"","4646","[WEB] Sign up with valid data. Case: 'zipcode' length = max - 1","tests.web.component.auth","Mon May 04 07:37:22 UTC 2026","passed","Mon May 04 07:37:27 UTC 2026","TestSignUpWeb","test_signup_component","",""
"","0","[WEB] Sign up with invalid data. Case: 'mobile_number' length = max - 1","tests.web.component.auth","Mon May 04 07:37:49 UTC 2026","skipped","Mon May 04 07:37:49 UTC 2026","TestSignUpWeb","test_signup_component","",""
"","123","[API] Create user should return 200_OK when send create user request with valid data. Case: 'address2' length = min","tests.api.user","Mon May 04 07:37:07 UTC 2026","passed","Mon May 04 07:37:07 UTC 2026","TestCreateUserApi","test_create_user","",""
"","233","[API] Update user should return 200_OK when send update user request with valid data. Case: 'address1' length = min + 1","tests.api.user","Mon May 04 07:37:11 UTC 2026","passed","Mon May 04 07:37:12 UTC 2026","TestUpdateUserApi","test_update_user","",""
"","0","[WEB Component] Pay with invalid card should show error message. Case: card number contains special characters","tests.web.component.payment","Mon May 04 07:47:39 UTC 2026","skipped","Mon May 04 07:47:39 UTC 2026","TestPaymentComponent","test_payment_component","",""
"","105","Get brands should return 200_OK when send get brands request","tests.api.brand","Mon May 04 07:36:54 UTC 2026","passed","Mon May 04 07:36:54 UTC 2026","TestBrandApi","test_brand","",""
"","0","[API] Create user should return 400_BAD_REQUEST when send create user request with invalid data. Case: 'address2' length = max + 1","tests.api.user","Mon May 04 07:36:53 UTC 2026","skipped","Mon May 04 07:36:53 UTC 2026","TestCreateUserApi","test_create_user","",""
"","0","[WEB] Sign up with invalid data. Case: 'address1' length = max","tests.web.component.auth","Mon May 04 07:37:49 UTC 2026","skipped","Mon May 04 07:37:49 UTC 2026","TestSignUpWeb","test_signup_component","",""
"","160","[API] Create user should return 200_OK when send create user request with valid data. Case: 'birth_year' = 1","tests.api.user","Mon May 04 07:37:02 UTC 2026","passed","Mon May 04 07:37:02 UTC 2026","TestCreateUserApi","test_create_user","",""
"","323","[API] Update user should return 200_OK when send update user request with valid data. Case: 'zipcode' length = max","tests.api.user","Mon May 04 07:37:19 UTC 2026","passed","Mon May 04 07:37:19 UTC 2026","TestUpdateUserApi","test_update_user","",""
"","0","[API] Create user should return 400_BAD_REQUEST when send create user request with invalid data. Case: 'last_name' length = min - 1","tests.api.user","Mon May 04 07:36:53 UTC 2026","skipped","Mon May 04 07:36:53 UTC 2026","TestCreateUserApi","test_create_user","",""
"","3649","[WEB] Sign up with valid data. Case: 'address2' length = max","tests.web.component.auth","Mon May 04 07:53:18 UTC 2026","passed","Mon May 04 07:53:21 UTC 2026","TestSignUpWeb","test_signup_component","",""
"","5550","[WEB Component] Category filter should have expected screenshot when group expanded","tests.web.component.filter","Mon May 04 08:00:18 UTC 2026","failed","Mon May 04 08:00:24 UTC 2026","TestCategoryFilter","test_category_filter","",""
"","396","[WEB Component] Header has expected screenshot","tests.web.component.base","Mon May 04 07:58:00 UTC 2026","passed","Mon May 04 07:58:01 UTC 2026","TestHeaderComponent","test_header_component","",""
"","0","[WEB] Sign up with invalid data. Case: 'name' length = max - 1","tests.web.component.auth","Mon May 04 07:37:49 UTC 2026","skipped","Mon May 04 07:37:49 UTC 2026","TestSignUpWeb","test_signup_component","",""
"","214","[API] Update user should return 200_OK when send update user request with valid data. Case: 'birth_year' = 1","tests.api.user","Mon May 04 07:37:09 UTC 2026","passed","Mon May 04 07:37:10 UTC 2026","TestUpdateUserApi","test_update_user","",""
"","2457","[WEB Component] Order placed page should have expected screenshot","tests.web.component.payment","Mon May 04 08:01:01 UTC 2026","passed","Mon May 04 08:01:03 UTC 2026","TestPaymentComponent","test_invoice_file","",""
"","0","[API] Update user should return 400_BAD_REQUEST when send update user request with invalid data. Case: 'email' contains '-' after '@'","tests.api.user","Mon May 04 07:37:19 UTC 2026","skipped","Mon May 04 07:37:19 UTC 2026","TestUpdateUserApi","test_update_user","",""
"","0","[API] Update user should return 400_BAD_REQUEST when send update user request with invalid data. Case: 'birth_year' is zero","tests.api.user","Mon May 04 07:37:19 UTC 2026","skipped","Mon May 04 07:37:19 UTC 2026","TestUpdateUserApi","test_update_user","",""
"","1863","[WEB Component] Search filter should filter products by query","tests.web.component.filter","Mon May 04 07:42:38 UTC 2026","passed","Mon May 04 07:42:40 UTC 2026","TestSearchFilter","test_search_filter","",""
"","131","[API] Create user should return 200_OK when send create user request with valid data. Case: 'address2' length = max","tests.api.user","Mon May 04 07:37:08 UTC 2026","passed","Mon May 04 07:37:08 UTC 2026","TestCreateUserApi","test_create_user","",""
"","0","[WEB] Should not add product review with invalid data. Case: 'email' not contains domain","tests.web.component.review","Mon May 04 07:55:15 UTC 2026","skipped","Mon May 04 07:55:15 UTC 2026","TestReviewComponent","test_review_component","",""
"","832","[WEB Component] Should delete user name by click on 'Delete Account' button","tests.web.component.base","Mon May 04 07:40:05 UTC 2026","passed","Mon May 04 07:40:06 UTC 2026","TestHeaderComponent","test_header_component","",""
"","305","[WEB Component] Should add product to cart when click on add to cart button","tests.web.component.product","Mon May 04 07:47:56 UTC 2026","passed","Mon May 04 07:47:56 UTC 2026","TestAnimatedProductCard","test_animated_product_card_component","",""
"","288","[API] Update user should return 200_OK when send update user request with valid data. Case: 'last_name' length = min","tests.api.user","Mon May 04 07:37:01 UTC 2026","passed","Mon May 04 07:37:02 UTC 2026","TestUpdateUserApi","test_update_user","",""
"","134","[API] Create user should return 200_OK when send create user request with valid data. Case: 'last_name' length = min","tests.api.user","Mon May 04 07:36:58 UTC 2026","passed","Mon May 04 07:36:58 UTC 2026","TestCreateUserApi","test_create_user","",""
"","433","[WEB Component] Billing address has expected data","tests.web.component.address","Mon May 04 07:57:20 UTC 2026","passed","Mon May 04 07:57:20 UTC 2026","TestAddressComponent","test_address_component","",""
"","0","[WEB Component] Pay with invalid card should show error message. Case: cvc only spaces","tests.web.component.payment","Mon May 04 07:47:39 UTC 2026","skipped","Mon May 04 07:47:39 UTC 2026","TestPaymentComponent","test_payment_component","",""
"","508","[WEB] Should add product review with valid data. Case: 'message' length = min","tests.web.component.review","Mon May 04 07:56:22 UTC 2026","passed","Mon May 04 07:56:22 UTC 2026","TestReviewComponent","test_review_component","",""
"","0","[WEB] Should not add product review with invalid data. Case: 'name' is empty","tests.web.component.review","Mon May 04 07:55:15 UTC 2026","skipped","Mon May 04 07:55:15 UTC 2026","TestReviewComponent","test_review_component","",""
"","0","[API] Create user should return 400_BAD_REQUEST when send create user request with invalid data. Case: 'first_name' is absent","tests.api.user","Mon May 04 07:37:10 UTC 2026","skipped","Mon May 04 07:37:10 UTC 2026","TestCreateUserApi","test_create_user","",""
"","802","[WEB] Should add product review with valid data. Case: 'email' username contains '-'","tests.web.component.review","Mon May 04 07:54:24 UTC 2026","passed","Mon May 04 07:54:25 UTC 2026","TestReviewComponent","test_review_component","",""
"","297","[API] Update user should return 200_OK when send update user request with valid data. Case: 'state' length = min + 1","tests.api.user","Mon May 04 07:37:15 UTC 2026","passed","Mon May 04 07:37:15 UTC 2026","TestUpdateUserApi","test_update_user","",""
"","0","[API] Create user should return 400_BAD_REQUEST when send create user request with invalid data. Case: 'email' contains domain with one letter","tests.api.user","Mon May 04 07:36:53 UTC 2026","skipped","Mon May 04 07:36:53 UTC 2026","TestCreateUserApi","test_create_user","",""
"","0","[API] Create user should return 400_BAD_REQUEST when send create user request with invalid data. Case: 'email' contains invalid top level domain web","tests.api.user","Mon May 04 07:36:53 UTC 2026","skipped","Mon May 04 07:36:53 UTC 2026","TestCreateUserApi","test_create_user","",""
"","1462","[WEB Component] Place order without authorization notification should have expected data and screenshot","tests.web.component.base","Mon May 04 07:57:37 UTC 2026","passed","Mon May 04 07:57:39 UTC 2026","TestNotificationComponent","test_notification_component","",""
"","0","[WEB] Sign up with invalid data. Case: 'last_name' length = min + 1","tests.web.component.auth","Mon May 04 07:37:49 UTC 2026","skipped","Mon May 04 07:37:49 UTC 2026","TestSignUpWeb","test_signup_component","",""
"","222","[API] Update user should return 200_OK when send update user request with valid data. Case: 'state' length = min","tests.api.user","Mon May 04 07:37:14 UTC 2026","passed","Mon May 04 07:37:14 UTC 2026","TestUpdateUserApi","test_update_user","",""
"","0","[API] Update user should return 400_BAD_REQUEST when send update user request with invalid data. Case: 'email' contains mail server as ip and port","tests.api.user","Mon May 04 07:37:19 UTC 2026","skipped","Mon May 04 07:37:19 UTC 2026","TestUpdateUserApi","test_update_user","",""
"","616","[WEB Component] Should navigate to contact us page by click on 'Contact us' button","tests.web.component.base","Mon May 04 07:40:25 UTC 2026","passed","Mon May 04 07:40:25 UTC 2026","TestHeaderComponent","test_header_component","",""
"","130","[API] Create user should return 200_OK when send create user request with valid data. Case: 'mobile_number' length = max - 1","tests.api.user","Mon May 04 07:37:00 UTC 2026","passed","Mon May 04 07:37:00 UTC 2026","TestCreateUserApi","test_create_user","",""
"","135","[API] Create user should return 200_OK when send create user request with valid data. Case: 'birth_year' = 10000","tests.api.user","Mon May 04 07:37:02 UTC 2026","passed","Mon May 04 07:37:02 UTC 2026","TestCreateUserApi","test_create_user","",""
"","0","[WEB Component] Pay with invalid card should show error message. Case: card number fails luhn check","tests.web.component.payment","Mon May 04 07:47:39 UTC 2026","skipped","Mon May 04 07:47:39 UTC 2026","TestPaymentComponent","test_payment_component","",""
"","405","[WEB Component] Payment component should have expected screenshot","tests.web.component.payment","Mon May 04 08:01:25 UTC 2026","passed","Mon May 04 08:01:26 UTC 2026","TestPaymentComponent","test_payment_component","",""
"","0","[API] Update user should return 400_BAD_REQUEST when send update user request with invalid data. Case: 'city' is empty","tests.api.user","Mon May 04 07:37:19 UTC 2026","skipped","Mon May 04 07:37:19 UTC 2026","TestUpdateUserApi","test_update_user","",""
"","791","[WEB] Should have expected screenshot when send review","tests.web.component.review","Mon May 04 08:02:33 UTC 2026","passed","Mon May 04 08:02:34 UTC 2026","TestReviewComponent","test_review_component","",""
"","0","[WEB] Sign up with invalid data. Case: 'company' length = max","tests.web.component.auth","Mon May 04 07:37:49 UTC 2026","skipped","Mon May 04 07:37:49 UTC 2026","TestSignUpWeb","test_signup_component","",""
"","0","[API] Update user should return 400_BAD_REQUEST when send update user request with invalid data. Case: 'address2' is empty","tests.api.user","Mon May 04 07:37:19 UTC 2026","skipped","Mon May 04 07:37:19 UTC 2026","TestUpdateUserApi","test_update_user","",""
"","184","[API] Update user should return 200_OK when send update user request with valid data. Case: 'mobile_number' length = min","tests.api.user","Mon May 04 07:37:04 UTC 2026","passed","Mon May 04 07:37:04 UTC 2026","TestUpdateUserApi","test_update_user","",""
"","0","[WEB] Should not add product review with invalid data. Case: 'email' not contains username","tests.web.component.review","Mon May 04 07:55:15 UTC 2026","skipped","Mon May 04 07:55:15 UTC 2026","TestReviewComponent","test_review_component","",""
"","223","[API] Update user should return 200_OK when send update user request with valid data. Case: 'zipcode' length = min","tests.api.user","Mon May 04 07:37:16 UTC 2026","passed","Mon May 04 07:37:17 UTC 2026","TestUpdateUserApi","test_update_user","",""
"","0","[API] Create user should return 400_BAD_REQUEST when send create user request with invalid data. Case: 'address2' length = min - 1","tests.api.user","Mon May 04 07:36:53 UTC 2026","skipped","Mon May 04 07:36:53 UTC 2026","TestCreateUserApi","test_create_user","",""
"","138","[API] Create user should return 200_OK when send create user request with valid data. Case: 'birth_day' = 1","tests.api.user","Mon May 04 07:37:00 UTC 2026","passed","Mon May 04 07:37:00 UTC 2026","TestCreateUserApi","test_create_user","",""
"","3917","[WEB] Sign up with valid data. Case: 'name' length = max","tests.web.component.auth","Mon May 04 07:39:17 UTC 2026","passed","Mon May 04 07:39:21 UTC 2026","TestSignUpWeb","test_signup_component","",""
"","0","[API] Update user should return 400_BAD_REQUEST when send update user request with invalid data. Case: 'first_name' length = max + 1","tests.api.user","Mon May 04 07:37:19 UTC 2026","skipped","Mon May 04 07:37:19 UTC 2026","TestUpdateUserApi","test_update_user","",""
"","3134","[WEB] Sign up with valid data. Case: 'last_name' length = min","tests.web.component.auth","Mon May 04 07:41:10 UTC 2026","passed","Mon May 04 07:41:13 UTC 2026","TestSignUpWeb","test_signup_component","",""
"","0","[API] Update user should return 400_BAD_REQUEST when send update user request with invalid data. Case: 'birth_month' is invalid positive","tests.api.user","Mon May 04 07:37:19 UTC 2026","skipped","Mon May 04 07:37:19 UTC 2026","TestUpdateUserApi","test_update_user","",""
"","588","[WEB] Should add product review with valid data. Case: 'email' contains subdomain","tests.web.component.review","Mon May 04 07:53:57 UTC 2026","passed","Mon May 04 07:53:57 UTC 2026","TestReviewComponent","test_review_component","",""
"","0","[API] Create user should return 400_BAD_REQUEST when send create user request with invalid data. Case: 'first_name' length = min - 1","tests.api.user","Mon May 04 07:36:53 UTC 2026","skipped","Mon May 04 07:36:53 UTC 2026","TestCreateUserApi","test_create_user","",""
"","686","[WEB Component] Subscription component should have expected screenshot","tests.web.component.base","Mon May 04 07:58:16 UTC 2026","passed","Mon May 04 07:58:17 UTC 2026","TestSubscriptionComponent","test_subscription_component","",""
"","0","[API] Create user should return 400_BAD_REQUEST when send create user request with invalid data. Case: 'email' contains text before username","tests.api.user","Mon May 04 07:36:53 UTC 2026","skipped","Mon May 04 07:36:53 UTC 2026","TestCreateUserApi","test_create_user","",""
"","0","[API] Update user should return 400_BAD_REQUEST when send update user request with invalid data. Case: 'city' length = max + 1","tests.api.user","Mon May 04 07:37:19 UTC 2026","skipped","Mon May 04 07:37:19 UTC 2026","TestUpdateUserApi","test_update_user","",""
"","0","[WEB Component] Pay with invalid card should show error message. Case: expiry month = 00","tests.web.component.payment","Mon May 04 07:47:39 UTC 2026","skipped","Mon May 04 07:47:39 UTC 2026","TestPaymentComponent","test_payment_component","",""
"","0","[WEB] Sign up with invalid data. Case: 'birth_month' = 1","tests.web.component.auth","Mon May 04 07:37:49 UTC 2026","skipped","Mon May 04 07:37:49 UTC 2026","TestSignUpWeb","test_signup_component","",""
"","3771","[WEB] Sign up with valid data. Case: 'mobile_number' length = min","tests.web.component.auth","Mon May 04 07:42:39 UTC 2026","passed","Mon May 04 07:42:43 UTC 2026","TestSignUpWeb","test_signup_component","",""
"","0","[API] Update user should return 400_BAD_REQUEST when send update user request with invalid data. Case: 'state' is empty","tests.api.user","Mon May 04 07:37:19 UTC 2026","skipped","Mon May 04 07:37:19 UTC 2026","TestUpdateUserApi","test_update_user","",""
"","1837","[WEB Component] Product carousel should have expected product","tests.web.component.carousel","Mon May 04 07:41:46 UTC 2026","failed","Mon May 04 07:41:48 UTC 2026","TestProductCarousel","test_product_carousel","",""
"","0","[WEB Component] Pay with invalid card should show error message. Case: expiry year too short","tests.web.component.payment","Mon May 04 07:47:39 UTC 2026","skipped","Mon May 04 07:47:39 UTC 2026","TestPaymentComponent","test_payment_component","",""
"","0","[WEB] Should not add product review with invalid data. Case: 'message' length = max","tests.web.component.review","Mon May 04 07:55:15 UTC 2026","skipped","Mon May 04 07:55:15 UTC 2026","TestReviewComponent","test_review_component","",""
"","3193","[WEB] Sign up with valid data. Case: 'first_name' length = max","tests.web.component.auth","Mon May 04 07:40:48 UTC 2026","passed","Mon May 04 07:40:51 UTC 2026","TestSignUpWeb","test_signup_component","",""
"","0","[API] Create user should return 400_BAD_REQUEST when send create user request with invalid data. Case: 'address1' is absent","tests.api.user","Mon May 04 07:36:53 UTC 2026","skipped","Mon May 04 07:36:53 UTC 2026","TestCreateUserApi","test_create_user","",""
"","0","[API] Update user should return 400_BAD_REQUEST when send update user request with invalid data. Case: 'email' contains domain with one letter","tests.api.user","Mon May 04 07:37:19 UTC 2026","skipped","Mon May 04 07:37:19 UTC 2026","TestUpdateUserApi","test_update_user","",""
"","0","[API] Update user should return 400_BAD_REQUEST when send update user request with invalid data. Case: 'zipcode' length = max + 1","tests.api.user","Mon May 04 07:37:19 UTC 2026","skipped","Mon May 04 07:37:19 UTC 2026","TestUpdateUserApi","test_update_user","",""
"","0","[API] Update user should return 400_BAD_REQUEST when send update user request with invalid data. Case: 'city' length = min - 1","tests.api.user","Mon May 04 07:37:19 UTC 2026","skipped","Mon May 04 07:37:19 UTC 2026","TestUpdateUserApi","test_update_user","",""
"","0","[WEB Component] Pay with invalid card should show error message. Case: expiry month only spaces","tests.web.component.payment","Mon May 04 07:47:39 UTC 2026","skipped","Mon May 04 07:47:39 UTC 2026","TestPaymentComponent","test_payment_component","",""
"","0","[WEB] Sign up with invalid data. Case: 'company' length = max - 1","tests.web.component.auth","Mon May 04 07:37:49 UTC 2026","skipped","Mon May 04 07:37:49 UTC 2026","TestSignUpWeb","test_signup_component","",""
"","208","[API] Update user should return 200_OK when send update user request with valid data. Case: 'state' length = max","tests.api.user","Mon May 04 07:37:16 UTC 2026","passed","Mon May 04 07:37:16 UTC 2026","TestUpdateUserApi","test_update_user","",""
"","2323","[WEB Component] Products Carousel should show next products when scroll right","tests.web.component.carousel","Mon May 04 07:59:19 UTC 2026","passed","Mon May 04 07:59:21 UTC 2026","TestProductCarousel","test_product_carousel","",""
"","3253","[WEB] Sign up with valid data. Case: 'name' length = min","tests.web.component.auth","Mon May 04 07:38:12 UTC 2026","passed","Mon May 04 07:38:15 UTC 2026","TestSignUpWeb","test_signup_component","",""
"","0","[API] Create user should return 400_BAD_REQUEST when send create user request with invalid data. Case: 'mobile_number' is empty","tests.api.user","Mon May 04 07:36:53 UTC 2026","skipped","Mon May 04 07:36:53 UTC 2026","TestCreateUserApi","test_create_user","",""
"","496","[WEB] Should add product review with valid data. Case: 'email' username contains '.'","tests.web.component.review","Mon May 04 07:54:16 UTC 2026","passed","Mon May 04 07:54:16 UTC 2026","TestReviewComponent","test_review_component","",""
"","0","[API] Update user should return 400_BAD_REQUEST when send update user request with invalid data. Case: 'last_name' length = max + 1","tests.api.user","Mon May 04 07:37:19 UTC 2026","skipped","Mon May 04 07:37:19 UTC 2026","TestUpdateUserApi","test_update_user","",""
"","0","[WEB Component] Pay with invalid card should show error message. Case: expiry year too long","tests.web.component.payment","Mon May 04 07:47:39 UTC 2026","skipped","Mon May 04 07:47:39 UTC 2026","TestPaymentComponent","test_payment_component","",""
