"DESCRIPTION","DURATION IN MS","NAME","PARENT SUITE","START TIME","STATUS","STOP TIME","SUB SUITE","SUITE","TEST CLASS","TEST METHOD"
"","3392","[WEB] Sign up with valid data. Case: 'mobile_number' length = max - 1","tests.web.component.auth","Mon May 25 08:53:22 UTC 2026","passed","Mon May 25 08:53:25 UTC 2026","TestSignUpWeb","test_signup_component","",""
"","0","[API] Update user should return 400_BAD_REQUEST when send update user request with invalid data. Case: 'city' is absent","tests.api.user","Mon May 25 08:47:12 UTC 2026","skipped","Mon May 25 08:47:12 UTC 2026","TestUpdateUserApi","test_update_user","",""
"","0","[WEB Component] Pay with invalid card should show error message. Case: card number fails luhn check","tests.web.component.payment","Mon May 25 08:57:32 UTC 2026","skipped","Mon May 25 08:57:32 UTC 2026","TestPaymentComponent","test_payment_component","",""
"","0","[API] Update user should return 400_BAD_REQUEST when send update user request with invalid data. Case: 'email' contains '-' after '@'","tests.api.user","Mon May 25 08:47:12 UTC 2026","skipped","Mon May 25 08:47:12 UTC 2026","TestUpdateUserApi","test_update_user","",""
"","0","[API] Update user should return 400_BAD_REQUEST when send update user request with invalid data. Case: 'birth_day' is zero","tests.api.user","Mon May 25 08:47:12 UTC 2026","skipped","Mon May 25 08:47:12 UTC 2026","TestUpdateUserApi","test_update_user","",""
"","0","[WEB Component] Pay with invalid card should show error message. Case: name length = min - 1","tests.web.component.payment","Mon May 25 08:57:32 UTC 2026","skipped","Mon May 25 08:57:32 UTC 2026","TestPaymentComponent","test_payment_component","",""
"","0","[API] Create user should return 400_BAD_REQUEST when send create user request with invalid data. Case: 'birth_day' is invalid positive","tests.api.user","Mon May 25 08:46:49 UTC 2026","skipped","Mon May 25 08:46:49 UTC 2026","TestCreateUserApi","test_create_user","",""
"","0","[API] Update user should return 400_BAD_REQUEST when send update user request with invalid data. Case: 'email' is empty","tests.api.user","Mon May 25 08:47:12 UTC 2026","skipped","Mon May 25 08:47:12 UTC 2026","TestUpdateUserApi","test_update_user","",""
"","0","[API] Update user should return 400_BAD_REQUEST when send update user request with invalid data. Case: 'company' length = max + 1","tests.api.user","Mon May 25 08:47:12 UTC 2026","skipped","Mon May 25 08:47:12 UTC 2026","TestUpdateUserApi","test_update_user","",""
"","2222","[WEB Component] Products Carousel should last products when scroll left on first slide","tests.web.component.carousel","Mon May 25 09:09:32 UTC 2026","passed","Mon May 25 09:09:34 UTC 2026","TestProductCarousel","test_product_carousel","",""
"","0","[WEB] Should not add product review with invalid data. Case: 'email' contains text after domain","tests.web.component.review","Mon May 25 09:05:12 UTC 2026","skipped","Mon May 25 09:05:12 UTC 2026","TestReviewComponent","test_review_component","",""
"","0","[WEB] Sign up with invalid data. Case: 'birth_month' = 12","tests.web.component.auth","Mon May 25 08:47:43 UTC 2026","skipped","Mon May 25 08:47:43 UTC 2026","TestSignUpWeb","test_signup_component","",""
"","4557","[WEB] Sign up with valid data. Case: 'state' length = min + 1","tests.web.component.auth","Mon May 25 08:58:04 UTC 2026","passed","Mon May 25 08:58:09 UTC 2026","TestSignUpWeb","test_signup_component","",""
"","0","[API] Update user should return 400_BAD_REQUEST when send update user request with invalid data. Case: 'address2' length = max + 1","tests.api.user","Mon May 25 08:47:11 UTC 2026","skipped","Mon May 25 08:47:11 UTC 2026","TestUpdateUserApi","test_update_user","",""
"","58","[API] Get csrf should return 200_OK when send get csrf request and contains csrf cookie","tests.api.auth","Mon May 25 08:46:49 UTC 2026","passed","Mon May 25 08:46:50 UTC 2026","TestAuthApi","test_auth","",""
"","0","[WEB] Should not add product review with invalid data. Case: 'name' length = max + 1","tests.web.component.review","Mon May 25 09:05:12 UTC 2026","skipped","Mon May 25 09:05:12 UTC 2026","TestReviewComponent","test_review_component","",""
"","0","[API] Update user should return 400_BAD_REQUEST when send update user request with invalid data. Case: 'state' length = min - 1","tests.api.user","Mon May 25 08:47:12 UTC 2026","skipped","Mon May 25 08:47:12 UTC 2026","TestUpdateUserApi","test_update_user","",""
"","0","[API] Create user should return 400_BAD_REQUEST when send create user request with invalid data. Case: 'city' is absent","tests.api.user","Mon May 25 08:46:49 UTC 2026","skipped","Mon May 25 08:46:49 UTC 2026","TestCreateUserApi","test_create_user","",""
"","203","[API] Update user should return 200_OK when send update user request with valid data. Case: 'birth_day' = 1","tests.api.user","Mon May 25 08:47:01 UTC 2026","passed","Mon May 25 08:47:01 UTC 2026","TestUpdateUserApi","test_update_user","",""
"","133","[API] Create user should return 200_OK when send create user request with valid data. Case: 'birth_day' = 1","tests.api.user","Mon May 25 08:46:56 UTC 2026","passed","Mon May 25 08:46:56 UTC 2026","TestCreateUserApi","test_create_user","",""
"","3014","[WEB] Sign up with valid data. Case: 'birth_year' = 10000","tests.web.component.auth","Mon May 25 08:55:54 UTC 2026","passed","Mon May 25 08:55:57 UTC 2026","TestSignUpWeb","test_signup_component","",""
"","3119","[WEB] Sign up with valid data. Case: 'address2' length = max","tests.web.component.auth","Mon May 25 09:03:17 UTC 2026","passed","Mon May 25 09:03:20 UTC 2026","TestSignUpWeb","test_signup_component","",""
"","360","[WEB Component] Should navigate to login page by click 'Signup / Login' button","tests.web.component.base","Mon May 25 08:49:18 UTC 2026","passed","Mon May 25 08:49:18 UTC 2026","TestHeaderComponent","test_header_component","",""
"","0","[API] Create user should return 400_BAD_REQUEST when send create user request with invalid data. Case: 'email' contains username hieroglyphs instead of username","tests.api.user","Mon May 25 08:46:49 UTC 2026","skipped","Mon May 25 08:46:49 UTC 2026","TestCreateUserApi","test_create_user","",""
"","0","[WEB Component] Pay with invalid card should show error message. Case: card number contains spaces","tests.web.component.payment","Mon May 25 08:57:32 UTC 2026","skipped","Mon May 25 08:57:32 UTC 2026","TestPaymentComponent","test_payment_component","",""
"","0","[API] Create user should return 400_BAD_REQUEST when send create user request with invalid data. Case: 'birth_year' is invalid positive","tests.api.user","Mon May 25 08:46:49 UTC 2026","skipped","Mon May 25 08:46:49 UTC 2026","TestCreateUserApi","test_create_user","",""
"","0","[WEB] Sign up with invalid data. Case: 'city' length = min + 1","tests.web.component.auth","Mon May 25 08:47:43 UTC 2026","skipped","Mon May 25 08:47:43 UTC 2026","TestSignUpWeb","test_signup_component","",""
"","0","[API] Create user should return 400_BAD_REQUEST when send create user request with invalid data. Case: 'email' contains invalid top level domain web","tests.api.user","Mon May 25 08:46:49 UTC 2026","skipped","Mon May 25 08:46:49 UTC 2026","TestCreateUserApi","test_create_user","",""
"","85","[API] Delete user should return 404_NOT_FOUND when send delete user request and user not exists","tests.api.user","Mon May 25 08:46:51 UTC 2026","passed","Mon May 25 08:46:51 UTC 2026","TestDeleteUserApi","test_delete_user","",""
"","0","[WEB Component] Pay with invalid card should show error message. Case: expiry month contains letters","tests.web.component.payment","Mon May 25 08:57:32 UTC 2026","skipped","Mon May 25 08:57:32 UTC 2026","TestPaymentComponent","test_payment_component","",""
"","111","[API] Update user should return 404_BAD_REQUEST when send update user request with not existing email","tests.api.user","Mon May 25 08:47:11 UTC 2026","passed","Mon May 25 08:47:12 UTC 2026","TestUpdateUserApi","test_update_user","",""
"","0","[WEB] Should not add product review with invalid data. Case: 'email' contains domain with one letter","tests.web.component.review","Mon May 25 09:05:12 UTC 2026","skipped","Mon May 25 09:05:12 UTC 2026","TestReviewComponent","test_review_component","",""
"","0","[WEB] Should not add product review with invalid data. Case: 'name' length = min - 1","tests.web.component.review","Mon May 25 09:05:12 UTC 2026","skipped","Mon May 25 09:05:12 UTC 2026","TestReviewComponent","test_review_component","",""
"","0","[WEB] Sign up with invalid data. Case: 'zipcode' length = min","tests.web.component.auth","Mon May 25 08:47:43 UTC 2026","skipped","Mon May 25 08:47:43 UTC 2026","TestSignUpWeb","test_signup_component","",""
"","0","[API] Create user should return 400_BAD_REQUEST when send create user request with invalid data. Case: 'name' is empty","tests.api.user","Mon May 25 08:47:05 UTC 2026","skipped","Mon May 25 08:47:05 UTC 2026","TestCreateUserApi","test_create_user","",""
"","4042","[WEB] Sign up with valid data. Case: 'name' length = max","tests.web.component.auth","Mon May 25 08:49:11 UTC 2026","passed","Mon May 25 08:49:15 UTC 2026","TestSignUpWeb","test_signup_component","",""
"","0","[API] Create user should return 400_BAD_REQUEST when send create user request with invalid data. Case: 'address1' is absent","tests.api.user","Mon May 25 08:46:49 UTC 2026","skipped","Mon May 25 08:46:49 UTC 2026","TestCreateUserApi","test_create_user","",""
"","0","[API] Create user should return 400_BAD_REQUEST when send create user request with invalid data. Case: 'email' not contains '@' symbol","tests.api.user","Mon May 25 08:46:49 UTC 2026","skipped","Mon May 25 08:46:49 UTC 2026","TestCreateUserApi","test_create_user","",""
"","0","[API] Create user should return 400_BAD_REQUEST when send create user request with invalid data. Case: 'last_name' is absent","tests.api.user","Mon May 25 08:46:49 UTC 2026","skipped","Mon May 25 08:46:49 UTC 2026","TestCreateUserApi","test_create_user","",""
"","0","[WEB] Sign up with invalid data. Case: 'last_name' length = max","tests.web.component.auth","Mon May 25 08:47:43 UTC 2026","skipped","Mon May 25 08:47:43 UTC 2026","TestSignUpWeb","test_signup_component","",""
"","735","[WEB Component] Should add product to cart when click on add to cart button multiple times","tests.web.component.product","Mon May 25 08:59:09 UTC 2026","passed","Mon May 25 08:59:09 UTC 2026","TestProductCard","test_product_details_component","",""
"","0","[WEB] Sign up with invalid data. Case: 'first_name' length = min","tests.web.component.auth","Mon May 25 08:47:43 UTC 2026","skipped","Mon May 25 08:47:43 UTC 2026","TestSignUpWeb","test_signup_component","",""
"","217","[API] Update user should return 200_OK when send update user request with valid data. Case: 'company' length = min + 1","tests.api.user","Mon May 25 08:47:05 UTC 2026","passed","Mon May 25 08:47:05 UTC 2026","TestUpdateUserApi","test_update_user","",""
"","98","[API] Create user should return 200_OK when send create user request with valid data. Case: 'company' length = min + 1","tests.api.user","Mon May 25 08:46:58 UTC 2026","passed","Mon May 25 08:46:58 UTC 2026","TestCreateUserApi","test_create_user","",""
"","0","[WEB Component] Pay with invalid card should show error message. Case: cvc too long","tests.web.component.payment","Mon May 25 08:57:32 UTC 2026","skipped","Mon May 25 08:57:32 UTC 2026","TestPaymentComponent","test_payment_component","",""
"","0","[API] Create user should return 400_BAD_REQUEST when send create user request with invalid data. Case: 'birth_month' is invalid positive","tests.api.user","Mon May 25 08:46:49 UTC 2026","skipped","Mon May 25 08:46:49 UTC 2026","TestCreateUserApi","test_create_user","",""
"","5614","[WEB Component] Category filter should have expected screenshot when group expanded","tests.web.component.filter","Mon May 25 09:10:12 UTC 2026","passed","Mon May 25 09:10:18 UTC 2026","TestCategoryFilter","test_category_filter","",""
"","691","[WEB] Should add product review with valid data. Case: 'message' length = min + 1","tests.web.component.review","Mon May 25 09:06:23 UTC 2026","passed","Mon May 25 09:06:23 UTC 2026","TestReviewComponent","test_review_component","",""
"","0","[API] Create user should return 400_BAD_REQUEST when send create user request with invalid data. Case: 'city' is empty","tests.api.user","Mon May 25 08:46:49 UTC 2026","skipped","Mon May 25 08:46:49 UTC 2026","TestCreateUserApi","test_create_user","",""
"","0","[API] Create user should return 400_BAD_REQUEST when send create user request with invalid data. Case: 'address2' is empty","tests.api.user","Mon May 25 08:46:49 UTC 2026","skipped","Mon May 25 08:46:49 UTC 2026","TestCreateUserApi","test_create_user","",""
"","0","[WEB] Should not add product review with invalid data. Case: 'message' length = max - 1","tests.web.component.review","Mon May 25 09:05:12 UTC 2026","skipped","Mon May 25 09:05:12 UTC 2026","TestReviewComponent","test_review_component","",""
"","199","[API] Update user should return 200_OK when send update user request with valid data. Case: 'birth_month' = 1","tests.api.user","Mon May 25 08:47:03 UTC 2026","passed","Mon May 25 08:47:03 UTC 2026","TestUpdateUserApi","test_update_user","",""
"","0","[WEB] Should not add product review with invalid data. Case: 'name' is absent","tests.web.component.review","Mon May 25 09:05:12 UTC 2026","skipped","Mon May 25 09:05:12 UTC 2026","TestReviewComponent","test_review_component","",""
"","2563","[WEB Component] Image Carousel should show next image when scroll right","tests.web.component.carousel","Mon May 25 09:09:08 UTC 2026","passed","Mon May 25 09:09:10 UTC 2026","TestImageCarousel","test_image_carousel","",""
"","197","[API] Update user should return 200_OK when send update user request with valid data. Case: 'name' length = max","tests.api.user","Mon May 25 08:46:53 UTC 2026","passed","Mon May 25 08:46:53 UTC 2026","TestUpdateUserApi","test_update_user","",""
"","3539","[WEB] Sign up with valid data. Case: 'company' length = min + 1","tests.web.component.auth","Mon May 25 08:56:37 UTC 2026","passed","Mon May 25 08:56:41 UTC 2026","TestSignUpWeb","test_signup_component","",""
"","637","[WEB Component] Header has expected screenshot","tests.web.component.base","Mon May 25 09:07:51 UTC 2026","passed","Mon May 25 09:07:51 UTC 2026","TestHeaderComponent","test_header_component","",""
"","144","[API] Create user should return 200_OK when send create user request with valid data. Case: 'mobile_number' length = min + 1","tests.api.user","Mon May 25 08:46:55 UTC 2026","passed","Mon May 25 08:46:55 UTC 2026","TestCreateUserApi","test_create_user","",""
"","212","[API] Update user should return 200_OK when send update user request with valid data. Case: 'birth_day' length = 31","tests.api.user","Mon May 25 08:47:02 UTC 2026","passed","Mon May 25 08:47:02 UTC 2026","TestUpdateUserApi","test_update_user","",""
"","0","[WEB Component] Pay with invalid card should show error message. Case: name contains emoji","tests.web.component.payment","Mon May 25 08:57:32 UTC 2026","skipped","Mon May 25 08:57:32 UTC 2026","TestPaymentComponent","test_payment_component","",""
"","3308","[WEB] Sign up with valid data. Case: 'address2' length = max - 1","tests.web.component.auth","Mon May 25 09:02:55 UTC 2026","passed","Mon May 25 09:02:58 UTC 2026","TestSignUpWeb","test_signup_component","",""
"","199","[API] Update user should return 200_OK when send update user request with valid data. Case: 'zipcode' length = max","tests.api.user","Mon May 25 08:47:12 UTC 2026","passed","Mon May 25 08:47:12 UTC 2026","TestUpdateUserApi","test_update_user","",""
"","107","[API] Create user should return 200_OK when send create user request with valid data. Case: 'mobile_number' length = max - 1","tests.api.user","Mon May 25 08:46:55 UTC 2026","passed","Mon May 25 08:46:55 UTC 2026","TestCreateUserApi","test_create_user","",""
"","0","[WEB] Sign up with invalid data. Case: 'zipcode' length = max - 1","tests.web.component.auth","Mon May 25 08:47:43 UTC 2026","skipped","Mon May 25 08:47:43 UTC 2026","TestSignUpWeb","test_signup_component","",""
"","0","[WEB] Sign up with invalid data. Case: 'name' length = min","tests.web.component.auth","Mon May 25 08:47:43 UTC 2026","skipped","Mon May 25 08:47:43 UTC 2026","TestSignUpWeb","test_signup_component","",""
"","3026","[WEB] Sign up with valid data. Case: 'birth_day' length = 31","tests.web.component.auth","Mon May 25 08:54:27 UTC 2026","passed","Mon May 25 08:54:30 UTC 2026","TestSignUpWeb","test_signup_component","",""
"","6011","[WEB Component] Can download invoice multiple times","tests.web.component.payment","Mon May 25 08:54:00 UTC 2026","passed","Mon May 25 08:54:06 UTC 2026","TestPaymentComponent","test_invoice_file","",""
"","1199","[WEB Component] Should navigate to main page by click on header logo","tests.web.component.base","Mon May 25 08:48:02 UTC 2026","passed","Mon May 25 08:48:03 UTC 2026","TestHeaderComponent","test_header_component","",""
"","294","[API] Create user should return 200_OK when send create user request with valid data. Case: 'mobile_number' length = max","tests.api.user","Mon May 25 08:46:55 UTC 2026","passed","Mon May 25 08:46:56 UTC 2026","TestCreateUserApi","test_create_user","",""
"","3126","[WEB] Sign up with valid data. Case: 'city' length = min","tests.web.component.auth","Mon May 25 08:59:14 UTC 2026","passed","Mon May 25 08:59:17 UTC 2026","TestSignUpWeb","test_signup_component","",""
"","110","[API] Create user should return 200_OK when send create user request with valid data. Case: 'address2' length = min + 1","tests.api.user","Mon May 25 08:47:03 UTC 2026","passed","Mon May 25 08:47:03 UTC 2026","TestCreateUserApi","test_create_user","",""
"","0","[API] Update user should return 400_BAD_REQUEST when send update user request with invalid data. Case: 'email' contains multiple '@' symbols","tests.api.user","Mon May 25 08:47:12 UTC 2026","skipped","Mon May 25 08:47:12 UTC 2026","TestUpdateUserApi","test_update_user","",""
"","3100","[WEB] Sign up with valid data. Case: 'zipcode' length = min + 1","tests.web.component.auth","Mon May 25 09:04:01 UTC 2026","passed","Mon May 25 09:04:04 UTC 2026","TestSignUpWeb","test_signup_component","",""
"","5300","[WEB] Sign up with valid data. Case: 'first_name' length = max - 1","tests.web.component.auth","Mon May 25 08:50:22 UTC 2026","passed","Mon May 25 08:50:28 UTC 2026","TestSignUpWeb","test_signup_component","",""
"","10095","[WEB Component] Category filter group should be collapsed after expand another group","tests.web.component.filter","Mon May 25 09:11:00 UTC 2026","failed","Mon May 25 09:11:10 UTC 2026","TestCategoryFilter","test_category_filter","",""
"","1601","[WEB Component] Pay with valid card should show success status message. Case: valid: common latin name","tests.web.component.payment","Mon May 25 08:55:05 UTC 2026","passed","Mon May 25 08:55:06 UTC 2026","TestPaymentComponent","test_payment_component","",""
"","160","[API] Update user should return 200_OK when send update user request with valid data. Case: 'birth_year' = 10000","tests.api.user","Mon May 25 08:47:04 UTC 2026","passed","Mon May 25 08:47:04 UTC 2026","TestUpdateUserApi","test_update_user","",""
"","124","[API] Create user should return 200_OK when send create user request with valid data. Case: 'state' length = min + 1","tests.api.user","Mon May 25 08:46:59 UTC 2026","passed","Mon May 25 08:46:59 UTC 2026","TestCreateUserApi","test_create_user","",""
"","0","[API] Update user should return 400_BAD_REQUEST when send update user request with invalid data. Case: 'birth_year' is zero","tests.api.user","Mon May 25 08:47:12 UTC 2026","skipped","Mon May 25 08:47:12 UTC 2026","TestUpdateUserApi","test_update_user","",""
"","216","[API] Update user should return 200_OK when send update user request with valid data. Case: 'company' length = max - 1","tests.api.user","Mon May 25 08:47:06 UTC 2026","passed","Mon May 25 08:47:06 UTC 2026","TestUpdateUserApi","test_update_user","",""
"","552","[WEB] Should add product review with valid data. Case: 'email' username contains '+'","tests.web.component.review","Mon May 25 09:04:31 UTC 2026","passed","Mon May 25 09:04:31 UTC 2026","TestReviewComponent","test_review_component","",""
"","0","[WEB] Sign up with invalid data. Case: 'company' length = max","tests.web.component.auth","Mon May 25 08:47:43 UTC 2026","skipped","Mon May 25 08:47:43 UTC 2026","TestSignUpWeb","test_signup_component","",""
"","325","[WEB Component] Should navigate to cart page by click 'Cart' button","tests.web.component.base","Mon May 25 08:48:59 UTC 2026","passed","Mon May 25 08:48:59 UTC 2026","TestHeaderComponent","test_header_component","",""
"","1384","[WEB Component] Search filter should filter products by query","tests.web.component.filter","Mon May 25 08:52:36 UTC 2026","passed","Mon May 25 08:52:37 UTC 2026","TestSearchFilter","test_search_filter","",""
"","700","[WEB] Should add product review with valid data. Case: 'name' length = min + 1","tests.web.component.review","Mon May 25 09:02:33 UTC 2026","passed","Mon May 25 09:02:34 UTC 2026","TestReviewComponent","test_review_component","",""
"","0","[WEB Component] Pay with invalid card should show error message. Case: expiry year contains letters","tests.web.component.payment","Mon May 25 08:57:32 UTC 2026","skipped","Mon May 25 08:57:32 UTC 2026","TestPaymentComponent","test_payment_component","",""
"","0","[API] Create user should return 400_BAD_REQUEST when send create user request with invalid data. Case: 'birth_month' is absent","tests.api.user","Mon May 25 08:46:49 UTC 2026","skipped","Mon May 25 08:46:49 UTC 2026","TestCreateUserApi","test_create_user","",""
"","3009","[WEB] Sign up with valid data. Case: 'address1' length = min + 1","tests.web.component.auth","Mon May 25 09:01:02 UTC 2026","passed","Mon May 25 09:01:05 UTC 2026","TestSignUpWeb","test_signup_component","",""
"","209","[API] Update user should return 200_OK when send update user request with valid data. Case: 'last_name' length = max","tests.api.user","Mon May 25 08:46:58 UTC 2026","passed","Mon May 25 08:46:58 UTC 2026","TestUpdateUserApi","test_update_user","",""
"","0","[API] Update user should return 400_BAD_REQUEST when send update user request with invalid data. Case: 'email' is word","tests.api.user","Mon May 25 08:47:12 UTC 2026","skipped","Mon May 25 08:47:12 UTC 2026","TestUpdateUserApi","test_update_user","",""
"","0","[API] Update user should return 400_BAD_REQUEST when send update user request with invalid data. Case: 'zipcode' is absent","tests.api.user","Mon May 25 08:47:11 UTC 2026","skipped","Mon May 25 08:47:11 UTC 2026","TestUpdateUserApi","test_update_user","",""
"","229","[API] Update user should return 200_OK when send update user request with valid data. Case: 'first_name' length = min + 1","tests.api.user","Mon May 25 08:46:54 UTC 2026","passed","Mon May 25 08:46:55 UTC 2026","TestUpdateUserApi","test_update_user","",""
"","0","[API] Update user should return 400_BAD_REQUEST when send update user request with invalid data. Case: 'mobile_number' is absent","tests.api.user","Mon May 25 08:47:12 UTC 2026","skipped","Mon May 25 08:47:12 UTC 2026","TestUpdateUserApi","test_update_user","",""
"","0","[API] Create user should return 400_BAD_REQUEST when send create user request with invalid data. Case: 'email' is empty","tests.api.user","Mon May 25 08:46:49 UTC 2026","skipped","Mon May 25 08:46:49 UTC 2026","TestCreateUserApi","test_create_user","",""
"","351","[API] Update user should return 200_OK when send update user request with valid data. Case: 'address1' length = max","tests.api.user","Mon May 25 08:47:07 UTC 2026","passed","Mon May 25 08:47:07 UTC 2026","TestUpdateUserApi","test_update_user","",""
"","0","[API] Create user should return 400_BAD_REQUEST when send create user request with invalid data. Case: 'first_name' is empty","tests.api.user","Mon May 25 08:46:49 UTC 2026","skipped","Mon May 25 08:46:49 UTC 2026","TestCreateUserApi","test_create_user","",""
"","108","[API] Create user should return 200_OK when send create user request with valid data. Case: 'zipcode' length = max - 1","tests.api.user","Mon May 25 08:47:05 UTC 2026","passed","Mon May 25 08:47:05 UTC 2026","TestCreateUserApi","test_create_user","",""
"","208","[API] Update user should return 200_OK when send update user request with valid data. Case: 'mobile_number' length = min","tests.api.user","Mon May 25 08:46:58 UTC 2026","passed","Mon May 25 08:46:59 UTC 2026","TestUpdateUserApi","test_update_user","",""
"","0","[API] Update user should return 400_BAD_REQUEST when send update user request with invalid data. Case: 'zipcode' has invalid format","tests.api.user","Mon May 25 08:47:11 UTC 2026","skipped","Mon May 25 08:47:11 UTC 2026","TestUpdateUserApi","test_update_user","",""
"","0","[WEB Component] Pay with invalid card should show error message. Case: card number contains dashes","tests.web.component.payment","Mon May 25 08:57:32 UTC 2026","skipped","Mon May 25 08:57:32 UTC 2026","TestPaymentComponent","test_payment_component","",""
"","0","[WEB] Sign up with invalid data. Case: 'name' length = max","tests.web.component.auth","Mon May 25 08:47:43 UTC 2026","skipped","Mon May 25 08:47:43 UTC 2026","TestSignUpWeb","test_signup_component","",""
"","0","[WEB] Sign up with invalid data. Case: 'address1' length = max - 1","tests.web.component.auth","Mon May 25 08:47:43 UTC 2026","skipped","Mon May 25 08:47:43 UTC 2026","TestSignUpWeb","test_signup_component","",""
"","0","[API] Update user should return 400_BAD_REQUEST when send update user request with invalid data. Case: 'address2' is empty","tests.api.user","Mon May 25 08:47:11 UTC 2026","skipped","Mon May 25 08:47:11 UTC 2026","TestUpdateUserApi","test_update_user","",""
"","0","[API] Update user should return 400_BAD_REQUEST when send update user request with invalid data. Case: 'email' contains only special symbols","tests.api.user","Mon May 25 08:47:12 UTC 2026","skipped","Mon May 25 08:47:12 UTC 2026","TestUpdateUserApi","test_update_user","",""
"","440","[WEB Component] Pay with valid card should show success status message. Case: valid: expiry month min","tests.web.component.payment","Mon May 25 08:56:49 UTC 2026","passed","Mon May 25 08:56:49 UTC 2026","TestPaymentComponent","test_payment_component","",""
"","3046","[WEB] Sign up with valid data. Case: 'state' length = min","tests.web.component.auth","Mon May 25 08:57:43 UTC 2026","passed","Mon May 25 08:57:46 UTC 2026","TestSignUpWeb","test_signup_component","",""
"","4798","Purchase products with login while checkout","tests.web.e2e","Mon May 25 09:06:42 UTC 2026","passed","Mon May 25 09:06:47 UTC 2026","TestPlaceOrder","test_place_order","",""
"","208","[API] Update user should return 200_OK when send update user request with valid data. Case: 'address2' length = max","tests.api.user","Mon May 25 08:47:10 UTC 2026","passed","Mon May 25 08:47:10 UTC 2026","TestUpdateUserApi","test_update_user","",""
"","993","[WEB Component] Category filter should have expected screenshot when collapsed","tests.web.component.filter","Mon May 25 09:09:53 UTC 2026","passed","Mon May 25 09:09:54 UTC 2026","TestCategoryFilter","test_category_filter","",""
"","0","[API] Create user should return 400_BAD_REQUEST when send create user request with invalid data. Case: 'city' length = min - 1","tests.api.user","Mon May 25 08:46:49 UTC 2026","skipped","Mon May 25 08:46:49 UTC 2026","TestCreateUserApi","test_create_user","",""
"","0","[WEB] Sign up with invalid data. Case: 'company' length = min + 1","tests.web.component.auth","Mon May 25 08:47:43 UTC 2026","skipped","Mon May 25 08:47:43 UTC 2026","TestSignUpWeb","test_signup_component","",""
"","0","[WEB] Sign up with invalid data. Case: 'last_name' length = min + 1","tests.web.component.auth","Mon May 25 08:47:43 UTC 2026","skipped","Mon May 25 08:47:43 UTC 2026","TestSignUpWeb","test_signup_component","",""
"","234","[API] Update user should return 200_OK when send update user request with valid data. Case: 'last_name' length = min","tests.api.user","Mon May 25 08:46:56 UTC 2026","passed","Mon May 25 08:46:57 UTC 2026","TestUpdateUserApi","test_update_user","",""
"","170","[API] Update user should return 200_OK when send update user request with valid data. Case: 'zipcode' length = min + 1","tests.api.user","Mon May 25 08:47:11 UTC 2026","passed","Mon May 25 08:47:11 UTC 2026","TestUpdateUserApi","test_update_user","",""
"","0","[WEB Component] Pay with invalid card should show error message. Case: card number only spaces","tests.web.component.payment","Mon May 25 08:57:32 UTC 2026","skipped","Mon May 25 08:57:32 UTC 2026","TestPaymentComponent","test_payment_component","",""
"","3076","[WEB] Sign up with valid data. Case: 'city' length = min + 1","tests.web.component.auth","Mon May 25 08:59:35 UTC 2026","passed","Mon May 25 08:59:38 UTC 2026","TestSignUpWeb","test_signup_component","",""
"","180","[API] Create user should return 200_OK when send create user request with valid data. Case: 'birth_day' length = 31","tests.api.user","Mon May 25 08:46:56 UTC 2026","passed","Mon May 25 08:46:57 UTC 2026","TestCreateUserApi","test_create_user","",""
"","397","[WEB Component] Delivery address has expected data","tests.web.component.address","Mon May 25 09:07:32 UTC 2026","passed","Mon May 25 09:07:32 UTC 2026","TestAddressComponent","test_address_component","",""
"","0","[API] Create user should return 400_BAD_REQUEST when send create user request with invalid data. Case: 'birth_month' is negative","tests.api.user","Mon May 25 08:46:49 UTC 2026","skipped","Mon May 25 08:46:49 UTC 2026","TestCreateUserApi","test_create_user","",""
"","86","[API] Get user should return 200_OK when send get user request and user exists","tests.api.user","Mon May 25 08:46:51 UTC 2026","passed","Mon May 25 08:46:51 UTC 2026","TestGetUserApi","test_get_user","",""
"","173","[API] Create user should return 200_OK when send create user request with valid data. Case: 'name' length = max","tests.api.user","Mon May 25 08:46:52 UTC 2026","passed","Mon May 25 08:46:52 UTC 2026","TestCreateUserApi","test_create_user","",""
"","755","[WEB] Should add product review with valid data. Case: 'message' length = min","tests.web.component.review","Mon May 25 09:06:03 UTC 2026","passed","Mon May 25 09:06:04 UTC 2026","TestReviewComponent","test_review_component","",""
"","0","[WEB] Sign up with invalid data. Case: 'name' length = max - 1","tests.web.component.auth","Mon May 25 08:47:43 UTC 2026","skipped","Mon May 25 08:47:43 UTC 2026","TestSignUpWeb","test_signup_component","",""
"","0","[API] Update user should return 400_BAD_REQUEST when send update user request with invalid data. Case: 'first_name' length = max + 1","tests.api.user","Mon May 25 08:47:12 UTC 2026","skipped","Mon May 25 08:47:12 UTC 2026","TestUpdateUserApi","test_update_user","",""
"","182","[API] Update user should return 200_OK when send update user request with valid data. Case: 'state' length = max","tests.api.user","Mon May 25 08:47:09 UTC 2026","passed","Mon May 25 08:47:09 UTC 2026","TestUpdateUserApi","test_update_user","",""
"","3032","[WEB] Sign up with valid data. Case: 'birth_day' = 1","tests.web.component.auth","Mon May 25 08:54:05 UTC 2026","passed","Mon May 25 08:54:08 UTC 2026","TestSignUpWeb","test_signup_component","",""
"","0","[API] Create user should return 400_BAD_REQUEST when send create user request with invalid data. Case: 'email' not contains username","tests.api.user","Mon May 25 08:46:49 UTC 2026","skipped","Mon May 25 08:46:49 UTC 2026","TestCreateUserApi","test_create_user","",""
"","0","[API] Create user should return 400_BAD_REQUEST when send create user request with invalid data. Case: 'mobile_number' length = min - 1","tests.api.user","Mon May 25 08:46:49 UTC 2026","skipped","Mon May 25 08:46:49 UTC 2026","TestCreateUserApi","test_create_user","",""
"","101","[API] Create user should return 200_OK when send create user request with valid data. Case: 'name' length = min + 1","tests.api.user","Mon May 25 08:46:51 UTC 2026","passed","Mon May 25 08:46:51 UTC 2026","TestCreateUserApi","test_create_user","",""
"","157","[API] Update user should return 200_OK when send update user request with valid data. Case: 'city' length = min","tests.api.user","Mon May 25 08:47:10 UTC 2026","passed","Mon May 25 08:47:10 UTC 2026","TestUpdateUserApi","test_update_user","",""
"","3173","[WEB] Sign up with valid data. Case: 'city' length = max","tests.web.component.auth","Mon May 25 09:00:18 UTC 2026","passed","Mon May 25 09:00:21 UTC 2026","TestSignUpWeb","test_signup_component","",""
"","291","[WEB Component] Should remove product from cart","tests.web.component.product","Mon May 25 09:00:50 UTC 2026","passed","Mon May 25 09:00:50 UTC 2026","TestProductItem","test_product_item","",""
"","165","[API] Create user should return 200_OK when send create user request with valid data. Case: 'company' length = max","tests.api.user","Mon May 25 08:46:59 UTC 2026","passed","Mon May 25 08:46:59 UTC 2026","TestCreateUserApi","test_create_user","",""
"","258","[API] Update user should return 200_OK when send update user request with valid data. Case: 'address2' length = max - 1","tests.api.user","Mon May 25 08:47:09 UTC 2026","passed","Mon May 25 08:47:09 UTC 2026","TestUpdateUserApi","test_update_user","",""
"","0","[WEB] Should not add product review with invalid data. Case: 'email' is word","tests.web.component.review","Mon May 25 09:05:12 UTC 2026","skipped","Mon May 25 09:05:12 UTC 2026","TestReviewComponent","test_review_component","",""
"","4905","[WEB] Sign up with valid data. Case: 'first_name' length = min + 1","tests.web.component.auth","Mon May 25 08:49:58 UTC 2026","passed","Mon May 25 08:50:03 UTC 2026","TestSignUpWeb","test_signup_component","",""
"","585","[WEB Component] Product card should have expected data","tests.web.component.product","Mon May 25 09:11:54 UTC 2026","failed","Mon May 25 09:11:54 UTC 2026","TestProductCard","test_product_card_component","",""
"","2489","[WEB Component] Animated product card overlay should have expected data","tests.web.component.product","Mon May 25 09:11:42 UTC 2026","passed","Mon May 25 09:11:45 UTC 2026","TestAnimatedProductCard","test_animated_product_card_component","",""
"","1027","[WEB Component] Should add product to cart when click on add to cart button","tests.web.component.product","Mon May 25 08:59:28 UTC 2026","passed","Mon May 25 08:59:29 UTC 2026","TestProductCard","test_product_details_component","",""
"","256","[API] Update user should return 200_OK when send update user request with valid data. Case: 'mobile_number' length = max - 1","tests.api.user","Mon May 25 08:47:00 UTC 2026","passed","Mon May 25 08:47:00 UTC 2026","TestUpdateUserApi","test_update_user","",""
"","0","[WEB] Sign up with invalid data. Case: 'birth_day' length = 31","tests.web.component.auth","Mon May 25 08:47:43 UTC 2026","skipped","Mon May 25 08:47:43 UTC 2026","TestSignUpWeb","test_signup_component","",""
"","0","[API] Create user should return 400_BAD_REQUEST when send create user request with invalid data. Case: 'zipcode' is absent","tests.api.user","Mon May 25 08:46:49 UTC 2026","skipped","Mon May 25 08:46:49 UTC 2026","TestCreateUserApi","test_create_user","",""
"","162","[API] Update user should return 200_OK when send update user request with valid data. Case: 'birth_month' = 12","tests.api.user","Mon May 25 08:47:03 UTC 2026","passed","Mon May 25 08:47:03 UTC 2026","TestUpdateUserApi","test_update_user","",""
"","752","[WEB Component] Should subscribe with valid email","tests.web.component.base","Mon May 25 09:08:28 UTC 2026","passed","Mon May 25 09:08:28 UTC 2026","TestSubscriptionComponent","test_subscription_component","",""
"","868","[WEB] Should add product review with valid data. Case: 'name' length = max","tests.web.component.review","Mon May 25 09:03:14 UTC 2026","passed","Mon May 25 09:03:14 UTC 2026","TestReviewComponent","test_review_component","",""
"","484","[WEB Component] Should add product to cart when click on add to cart button","tests.web.component.product","Mon May 25 08:57:49 UTC 2026","passed","Mon May 25 08:57:50 UTC 2026","TestAnimatedProductCard","test_animated_product_card_component","",""
"","0","[WEB Component] Pay with invalid card should show error message. Case: cvc too short","tests.web.component.payment","Mon May 25 08:57:32 UTC 2026","skipped","Mon May 25 08:57:32 UTC 2026","TestPaymentComponent","test_payment_component","",""
"","9261","[WEB] Sign in with valid data","tests.web.component.auth","Mon May 25 08:47:17 UTC 2026","passed","Mon May 25 08:47:27 UTC 2026","TestLoginWeb","test_login_component","",""
"","0","[WEB] Should not add product review with invalid data. Case: 'message' length = min + 1","tests.web.component.review","Mon May 25 09:05:12 UTC 2026","skipped","Mon May 25 09:05:12 UTC 2026","TestReviewComponent","test_review_component","",""
"","960","[WEB Component] Brand filter should filters products by brand","tests.web.component.filter","Mon May 25 08:51:54 UTC 2026","passed","Mon May 25 08:51:54 UTC 2026","TestBrandFilter","test_brand_filter","",""
"","0","[WEB] Sign up with invalid data. Case: 'address1' length = min + 1","tests.web.component.auth","Mon May 25 08:47:43 UTC 2026","skipped","Mon May 25 08:47:43 UTC 2026","TestSignUpWeb","test_signup_component","",""
"","566","[WEB Component] Animated product card should have expected data","tests.web.component.product","Mon May 25 09:11:33 UTC 2026","passed","Mon May 25 09:11:34 UTC 2026","TestAnimatedProductCard","test_animated_product_card_component","",""
"","0","[API] Create user should return 400_BAD_REQUEST when send create user request with invalid data. Case: 'first_name' is absent","tests.api.user","Mon May 25 08:47:05 UTC 2026","skipped","Mon May 25 08:47:05 UTC 2026","TestCreateUserApi","test_create_user","",""
"","100","[API] Create user should return 200_OK when send create user request with valid data. Case: 'zipcode' length = min","tests.api.user","Mon May 25 08:47:04 UTC 2026","passed","Mon May 25 08:47:04 UTC 2026","TestCreateUserApi","test_create_user","",""
"","0","[API] Create user should return 400_BAD_REQUEST when send create user request with invalid data. Case: 'company' length = max + 1","tests.api.user","Mon May 25 08:46:49 UTC 2026","skipped","Mon May 25 08:46:49 UTC 2026","TestCreateUserApi","test_create_user","",""
"","361","[WEB Component] Subscription component should have expected screenshot","tests.web.component.base","Mon May 25 09:08:08 UTC 2026","passed","Mon May 25 09:08:09 UTC 2026","TestSubscriptionComponent","test_subscription_component","",""
"","1625","[WEB Component] Pay with valid card should show success status message. Case: valid: future year","tests.web.component.payment","Mon May 25 08:57:30 UTC 2026","passed","Mon May 25 08:57:32 UTC 2026","TestPaymentComponent","test_payment_component","",""
"","99","[API] Create user should return 200_OK when send create user request with valid data. Case: 'address2' length = max","tests.api.user","Mon May 25 08:47:04 UTC 2026","passed","Mon May 25 08:47:04 UTC 2026","TestCreateUserApi","test_create_user","",""
"","0","[WEB Component] Pay with invalid card should show error message. Case: name is empty","tests.web.component.payment","Mon May 25 08:57:32 UTC 2026","skipped","Mon May 25 08:57:32 UTC 2026","TestPaymentComponent","test_payment_component","",""
"","0","[API] Update user should return 400_BAD_REQUEST when send update user request with invalid data. Case: 'address1' is absent","tests.api.user","Mon May 25 08:47:12 UTC 2026","skipped","Mon May 25 08:47:12 UTC 2026","TestUpdateUserApi","test_update_user","",""
"","191","[API] Update user should return 200_OK when send update user request with valid data. Case: 'last_name' length = max - 1","tests.api.user","Mon May 25 08:46:57 UTC 2026","passed","Mon May 25 08:46:58 UTC 2026","TestUpdateUserApi","test_update_user","",""
"","120","[API] Get products should return 200_OK and contains expected product title","tests.api.product","Mon May 25 08:46:51 UTC 2026","passed","Mon May 25 08:46:51 UTC 2026","TestProductApi","test_product","",""
"","3111","[WEB] Sign up with valid data. Case: 'company' length = max","tests.web.component.auth","Mon May 25 08:57:21 UTC 2026","passed","Mon May 25 08:57:24 UTC 2026","TestSignUpWeb","test_signup_component","",""
"","0","[WEB Component] Pay with invalid card should show error message. Case: card number all zeros","tests.web.component.payment","Mon May 25 08:57:32 UTC 2026","skipped","Mon May 25 08:57:32 UTC 2026","TestPaymentComponent","test_payment_component","",""
"","0","[API] Update user should return 400_BAD_REQUEST when send update user request with invalid data. Case: 'birth_day' is invalid positive","tests.api.user","Mon May 25 08:47:12 UTC 2026","skipped","Mon May 25 08:47:12 UTC 2026","TestUpdateUserApi","test_update_user","",""
"","0","[WEB Component] Pay with invalid card should show error message. Case: expiry year in the past","tests.web.component.payment","Mon May 25 08:57:32 UTC 2026","skipped","Mon May 25 08:57:32 UTC 2026","TestPaymentComponent","test_payment_component","",""
"","0","[API] Update user should return 400_BAD_REQUEST when send update user request with invalid data. Case: 'first_name' length = min - 1","tests.api.user","Mon May 25 08:47:12 UTC 2026","skipped","Mon May 25 08:47:12 UTC 2026","TestUpdateUserApi","test_update_user","",""
"","1598","[WEB Component] Pay with valid card should show success status message. Case: valid: 16 digits number","tests.web.component.payment","Mon May 25 08:55:45 UTC 2026","passed","Mon May 25 08:55:47 UTC 2026","TestPaymentComponent","test_payment_component","",""
"","1353","[WEB Component] Products Carousel should show previous image when scroll left","tests.web.component.carousel","Mon May 25 09:08:51 UTC 2026","passed","Mon May 25 09:08:52 UTC 2026","TestProductCarousel","test_product_carousel","",""
"","0","[API] Create user should return 400_BAD_REQUEST when send create user request with invalid data. Case: 'last_name' length = min - 1","tests.api.user","Mon May 25 08:46:49 UTC 2026","skipped","Mon May 25 08:46:49 UTC 2026","TestCreateUserApi","test_create_user","",""
"","234","[API] Update user should return 200_OK when send update user request with valid data. Case: 'address1' length = min + 1","tests.api.user","Mon May 25 08:47:06 UTC 2026","passed","Mon May 25 08:47:06 UTC 2026","TestUpdateUserApi","test_update_user","",""
"","105","[API] Create user should return 200_OK when send create user request with valid data. Case: 'city' length = min","tests.api.user","Mon May 25 08:47:00 UTC 2026","passed","Mon May 25 08:47:00 UTC 2026","TestCreateUserApi","test_create_user","",""
"","105","[API] Create user should return 200_OK when send create user request with valid data. Case: 'company' length = min","tests.api.user","Mon May 25 08:46:58 UTC 2026","passed","Mon May 25 08:46:58 UTC 2026","TestCreateUserApi","test_create_user","",""
"","0","[API] Create user should return 400_BAD_REQUEST when send create user request with invalid data. Case: 'birth_month' is zero","tests.api.user","Mon May 25 08:46:49 UTC 2026","skipped","Mon May 25 08:46:49 UTC 2026","TestCreateUserApi","test_create_user","",""
"","1022","[WEB] Should add product review with valid data. Case: 'name' length = max - 1","tests.web.component.review","Mon May 25 09:02:54 UTC 2026","passed","Mon May 25 09:02:55 UTC 2026","TestReviewComponent","test_review_component","",""
"","134","[API] Update user should return 200_OK when send update user request with valid data. Case: 'city' length = min + 1","tests.api.user","Mon May 25 08:47:10 UTC 2026","passed","Mon May 25 08:47:10 UTC 2026","TestUpdateUserApi","test_update_user","",""
"","1897","[WEB] Should add product review with valid data. Case: 'message' length = max - 1","tests.web.component.review","Mon May 25 09:04:50 UTC 2026","passed","Mon May 25 09:04:52 UTC 2026","TestReviewComponent","test_review_component","",""
"","0","[WEB Component] Pay with invalid card should show error message. Case: expiry year only spaces","tests.web.component.payment","Mon May 25 08:57:32 UTC 2026","skipped","Mon May 25 08:57:32 UTC 2026","TestPaymentComponent","test_payment_component","",""
"","3905","[WEB] Sign up with valid data. Case: 'zipcode' length = max","tests.web.component.auth","Mon May 25 08:47:39 UTC 2026","passed","Mon May 25 08:47:43 UTC 2026","TestSignUpWeb","test_signup_component","",""
"","0","[API] Create user should return 400_BAD_REQUEST when send create user request with invalid data. Case: 'last_name' is empty","tests.api.user","Mon May 25 08:46:49 UTC 2026","skipped","Mon May 25 08:46:49 UTC 2026","TestCreateUserApi","test_create_user","",""
"","0","[WEB Component] Pay with invalid card should show error message. Case: expiry month only spaces","tests.web.component.payment","Mon May 25 08:57:32 UTC 2026","skipped","Mon May 25 08:57:32 UTC 2026","TestPaymentComponent","test_payment_component","",""
"","110","[API] Create user should return 200_OK when send create user request with valid data. Case: 'first_name' length = min","tests.api.user","Mon May 25 08:46:52 UTC 2026","passed","Mon May 25 08:46:53 UTC 2026","TestCreateUserApi","test_create_user","",""
"","0","[API] Create user should return 400_BAD_REQUEST when send create user request with invalid data. Case: 'name' length = min - 1","tests.api.user","Mon May 25 08:47:05 UTC 2026","skipped","Mon May 25 08:47:05 UTC 2026","TestCreateUserApi","test_create_user","",""
"","0","[WEB Component] Pay with invalid card should show error message. Case: expiry month = 13","tests.web.component.payment","Mon May 25 08:57:32 UTC 2026","skipped","Mon May 25 08:57:32 UTC 2026","TestPaymentComponent","test_payment_component","",""
"","159","[API] Create user should return 200_OK when send create user request with valid data. Case: 'last_name' length = min + 1","tests.api.user","Mon May 25 08:46:54 UTC 2026","passed","Mon May 25 08:46:54 UTC 2026","TestCreateUserApi","test_create_user","",""
"","3017","[WEB] Sign up with valid data. Case: 'zipcode' length = min","tests.web.component.auth","Mon May 25 09:03:39 UTC 2026","passed","Mon May 25 09:03:42 UTC 2026","TestSignUpWeb","test_signup_component","",""
"","139","[API] Create user should return 200_OK when send create user request with valid data. Case: 'birth_month' = 12","tests.api.user","Mon May 25 08:46:57 UTC 2026","passed","Mon May 25 08:46:57 UTC 2026","TestCreateUserApi","test_create_user","",""
"","3358","[WEB] Sign up with valid data. Case: 'mobile_number' length = min","tests.web.component.auth","Mon May 25 08:52:36 UTC 2026","passed","Mon May 25 08:52:40 UTC 2026","TestSignUpWeb","test_signup_component","",""
"","0","[WEB] Sign up with invalid data. Case: 'city' length = max","tests.web.component.auth","Mon May 25 08:47:43 UTC 2026","skipped","Mon May 25 08:47:43 UTC 2026","TestSignUpWeb","test_signup_component","",""
"","740","[WEB Component] Should not add negative products count to cart when click on add to cart button","tests.web.component.product","Mon May 25 08:59:47 UTC 2026","passed","Mon May 25 08:59:48 UTC 2026","TestProductCard","test_product_details_component","",""
"","590","[WEB] Should add product review with valid data. Case: 'email' domain length = 2","tests.web.component.review","Mon May 25 09:05:38 UTC 2026","passed","Mon May 25 09:05:39 UTC 2026","TestReviewComponent","test_review_component","",""
"","0","[WEB] Sign up with invalid data. Case: 'birth_year' = 10000","tests.web.component.auth","Mon May 25 08:47:43 UTC 2026","skipped","Mon May 25 08:47:43 UTC 2026","TestSignUpWeb","test_signup_component","",""
"","0","[WEB Component] Pay with invalid card should show error message. Case: cvc only spaces","tests.web.component.payment","Mon May 25 08:57:32 UTC 2026","skipped","Mon May 25 08:57:32 UTC 2026","TestPaymentComponent","test_payment_component","",""
"","0","[API] Create user should return 400_BAD_REQUEST when send create user request with invalid data. Case: 'email' contains only special symbols","tests.api.user","Mon May 25 08:46:49 UTC 2026","skipped","Mon May 25 08:46:49 UTC 2026","TestCreateUserApi","test_create_user","",""
"","0","[API] Create user should return 400_BAD_REQUEST when send create user request with invalid data. Case: 'name' is absent","tests.api.user","Mon May 25 08:47:05 UTC 2026","skipped","Mon May 25 08:47:05 UTC 2026","TestCreateUserApi","test_create_user","",""
"","944","[WEB Component] Should add product to cart when click on add to cart button","tests.web.component.product","Mon May 25 08:58:49 UTC 2026","passed","Mon May 25 08:58:50 UTC 2026","TestProductCard","test_product_card_component","",""
"","103","[API] Create user should return 200_OK when send create user request with valid data. Case: 'state' length = max","tests.api.user","Mon May 25 08:47:00 UTC 2026","passed","Mon May 25 08:47:00 UTC 2026","TestCreateUserApi","test_create_user","",""
"","0","[API] Create user should return 400_BAD_REQUEST when send create user request with invalid data. Case: 'first_name' length = min - 1","tests.api.user","Mon May 25 08:46:49 UTC 2026","skipped","Mon May 25 08:46:49 UTC 2026","TestCreateUserApi","test_create_user","",""
"","3892","[WEB] Sign up with valid data. Case: 'address1' length = max","tests.web.component.auth","Mon May 25 09:01:45 UTC 2026","passed","Mon May 25 09:01:49 UTC 2026","TestSignUpWeb","test_signup_component","",""
"","0","[API] Create user should return 400_BAD_REQUEST when send create user request with invalid data. Case: 'address2' length = min - 1","tests.api.user","Mon May 25 08:46:49 UTC 2026","skipped","Mon May 25 08:46:49 UTC 2026","TestCreateUserApi","test_create_user","",""
"","3181","[WEB Component] Product details should have expected data","tests.web.component.product","Mon May 25 09:12:00 UTC 2026","failed","Mon May 25 09:12:03 UTC 2026","TestProductCard","test_product_details_component","",""
"","0","[API] Update user should return 400_BAD_REQUEST when send update user request with invalid data. Case: 'last_name' is empty","tests.api.user","Mon May 25 08:47:12 UTC 2026","skipped","Mon May 25 08:47:12 UTC 2026","TestUpdateUserApi","test_update_user","",""
"","0","[WEB] Sign up with invalid data. Case: 'city' length = max - 1","tests.web.component.auth","Mon May 25 08:47:43 UTC 2026","skipped","Mon May 25 08:47:43 UTC 2026","TestSignUpWeb","test_signup_component","",""
"","233","[API] Update user should return 200_OK when send update user request with valid data. Case: 'address1' length = max - 1","tests.api.user","Mon May 25 08:47:07 UTC 2026","passed","Mon May 25 08:47:07 UTC 2026","TestUpdateUserApi","test_update_user","",""
"","3260","[WEB] Sign up with valid data. Case: 'company' length = min","tests.web.component.auth","Mon May 25 08:56:15 UTC 2026","passed","Mon May 25 08:56:19 UTC 2026","TestSignUpWeb","test_signup_component","",""
"","0","[WEB Component] Pay with invalid card should show error message. Case: name only spaces","tests.web.component.payment","Mon May 25 08:57:32 UTC 2026","skipped","Mon May 25 08:57:32 UTC 2026","TestPaymentComponent","test_payment_component","",""
"","0","[API] Update user should return 400_BAD_REQUEST when send update user request with invalid data. Case: 'zipcode' length = max + 1","tests.api.user","Mon May 25 08:47:11 UTC 2026","skipped","Mon May 25 08:47:11 UTC 2026","TestUpdateUserApi","test_update_user","",""
"","0","[API] Update user should return 400_BAD_REQUEST when send update user request with invalid data. Case: 'first_name' is empty","tests.api.user","Mon May 25 08:47:12 UTC 2026","skipped","Mon May 25 08:47:12 UTC 2026","TestUpdateUserApi","test_update_user","",""
"","367","[API] Update user should return 200_OK when send update user request with valid data. Case: 'first_name' length = max","tests.api.user","Mon May 25 08:46:55 UTC 2026","passed","Mon May 25 08:46:56 UTC 2026","TestUpdateUserApi","test_update_user","",""
"","5804","[WEB Component] Category filter group should be collapsed after collapse expanded group","tests.web.component.filter","Mon May 25 09:10:36 UTC 2026","passed","Mon May 25 09:10:42 UTC 2026","TestCategoryFilter","test_category_filter","",""
"","0","[API] Create user should return 400_BAD_REQUEST when send create user request with invalid data. Case: 'email' contains mail server as ip and port","tests.api.user","Mon May 25 08:46:49 UTC 2026","skipped","Mon May 25 08:46:49 UTC 2026","TestCreateUserApi","test_create_user","",""
"","397","[API] Create user should return 200_OK when send create user request with valid data. Case: 'city' length = max","tests.api.user","Mon May 25 08:47:01 UTC 2026","passed","Mon May 25 08:47:01 UTC 2026","TestCreateUserApi","test_create_user","",""
"","0","[API] Update user should return 400_BAD_REQUEST when send update user request with invalid data. Case: 'city' is empty","tests.api.user","Mon May 25 08:47:12 UTC 2026","skipped","Mon May 25 08:47:12 UTC 2026","TestUpdateUserApi","test_update_user","",""
"","125","[API] Create user should return 200_OK when send create user request with valid data. Case: 'state' length = max - 1","tests.api.user","Mon May 25 08:47:00 UTC 2026","passed","Mon May 25 08:47:00 UTC 2026","TestCreateUserApi","test_create_user","",""
"","0","[API] Update user should return 400_BAD_REQUEST when send update user request with invalid data. Case: 'email' not contains '@' symbol","tests.api.user","Mon May 25 08:47:12 UTC 2026","skipped","Mon May 25 08:47:12 UTC 2026","TestUpdateUserApi","test_update_user","",""
"","687","[WEB Component] Should navigate to products page by click 'Products' button","tests.web.component.base","Mon May 25 08:48:40 UTC 2026","passed","Mon May 25 08:48:40 UTC 2026","TestHeaderComponent","test_header_component","",""
"","0","[API] Create user should return 400_BAD_REQUEST when send create user request with invalid data. Case: 'mobile_number' is empty","tests.api.user","Mon May 25 08:46:49 UTC 2026","skipped","Mon May 25 08:46:49 UTC 2026","TestCreateUserApi","test_create_user","",""
"","0","[API] Update user should return 400_BAD_REQUEST when send update user request with invalid data. Case: 'birth_year' is absent","tests.api.user","Mon May 25 08:47:12 UTC 2026","skipped","Mon May 25 08:47:12 UTC 2026","TestUpdateUserApi","test_update_user","",""
"","0","[API] Update user should return 400_BAD_REQUEST when send update user request with invalid data. Case: 'address1' length = min - 1","tests.api.user","Mon May 25 08:47:12 UTC 2026","skipped","Mon May 25 08:47:12 UTC 2026","TestUpdateUserApi","test_update_user","",""
"","582","[WEB] Should add product review with valid data. Case: 'email' username contains only underscore '-'","tests.web.component.review","Mon May 25 09:05:20 UTC 2026","passed","Mon May 25 09:05:20 UTC 2026","TestReviewComponent","test_review_component","",""
"","170","[API] Create user should return 200_OK when send create user request with valid data. Case: 'address1' length = max","tests.api.user","Mon May 25 08:47:03 UTC 2026","passed","Mon May 25 08:47:03 UTC 2026","TestCreateUserApi","test_create_user","",""
"","2246","[WEB Component] Products Carousel should show next products when scroll right","tests.web.component.carousel","Mon May 25 09:09:11 UTC 2026","passed","Mon May 25 09:09:13 UTC 2026","TestProductCarousel","test_product_carousel","",""
"","0","[WEB Component] Pay with invalid card should show error message. Case: name contains digits","tests.web.component.payment","Mon May 25 08:57:32 UTC 2026","skipped","Mon May 25 08:57:32 UTC 2026","TestPaymentComponent","test_payment_component","",""
"","695","[WEB Component] Should delete user name by click on 'Delete Account' button","tests.web.component.base","Mon May 25 08:50:01 UTC 2026","passed","Mon May 25 08:50:02 UTC 2026","TestHeaderComponent","test_header_component","",""
"","0","[WEB Component] Pay with invalid card should show error message. Case: name contains trailing spaces","tests.web.component.payment","Mon May 25 08:57:32 UTC 2026","skipped","Mon May 25 08:57:32 UTC 2026","TestPaymentComponent","test_payment_component","",""
"","0","[WEB Component] Pay with invalid card should show error message. Case: cvc contains letters","tests.web.component.payment","Mon May 25 08:57:32 UTC 2026","skipped","Mon May 25 08:57:32 UTC 2026","TestPaymentComponent","test_payment_component","",""
"","3346","[WEB] Sign up with valid data. Case: 'name' length = min","tests.web.component.auth","Mon May 25 08:48:06 UTC 2026","passed","Mon May 25 08:48:09 UTC 2026","TestSignUpWeb","test_signup_component","",""
"","195","[API] Update user should return 200_OK when send update user request with valid data. Case: 'birth_year' = 1","tests.api.user","Mon May 25 08:47:04 UTC 2026","passed","Mon May 25 08:47:04 UTC 2026","TestUpdateUserApi","test_update_user","",""
"","802","[WEB] Should add product review with valid data. Case: 'email' domain name length = 2","tests.web.component.review","Mon May 25 09:05:42 UTC 2026","passed","Mon May 25 09:05:43 UTC 2026","TestReviewComponent","test_review_component","",""
"","0","[API] Create user should return 400_BAD_REQUEST when send create user request with invalid data. Case: 'email' contains text after domain","tests.api.user","Mon May 25 08:46:49 UTC 2026","skipped","Mon May 25 08:46:49 UTC 2026","TestCreateUserApi","test_create_user","",""
"","0","[WEB] Sign up with invalid data. Case: 'address2' length = max","tests.web.component.auth","Mon May 25 08:47:43 UTC 2026","skipped","Mon May 25 08:47:43 UTC 2026","TestSignUpWeb","test_signup_component","",""
"","0","[API] Create user should return 400_BAD_REQUEST when send create user request with invalid data. Case: 'birth_year' is zero","tests.api.user","Mon May 25 08:46:49 UTC 2026","skipped","Mon May 25 08:46:49 UTC 2026","TestCreateUserApi","test_create_user","",""
"","0","[API] Create user should return 400_BAD_REQUEST when send create user request with invalid data. Case: 'address1' length = min - 1","tests.api.user","Mon May 25 08:46:49 UTC 2026","skipped","Mon May 25 08:46:49 UTC 2026","TestCreateUserApi","test_create_user","",""
"","0","[WEB] Sign up with invalid data. Case: 'state' length = max","tests.web.component.auth","Mon May 25 08:47:43 UTC 2026","skipped","Mon May 25 08:47:43 UTC 2026","TestSignUpWeb","test_signup_component","",""
"","0","[API] Create user should return 400_BAD_REQUEST when send create user request with invalid data. Case: 'email' contains multiple '@' symbols","tests.api.user","Mon May 25 08:46:49 UTC 2026","skipped","Mon May 25 08:46:49 UTC 2026","TestCreateUserApi","test_create_user","",""
"","1953","[WEB Component] Search filter should return all products when filter by empty query","tests.web.component.filter","Mon May 25 08:52:56 UTC 2026","passed","Mon May 25 08:52:58 UTC 2026","TestSearchFilter","test_search_filter","",""
"","179","[API] Update user should return 200_OK when send update user request with valid data. Case: 'mobile_number' length = max","tests.api.user","Mon May 25 08:47:00 UTC 2026","passed","Mon May 25 08:47:00 UTC 2026","TestUpdateUserApi","test_update_user","",""
"","1800","[WEB Component] Category filter should have expected screenshot when fully expanded","tests.web.component.filter","Mon May 25 08:52:14 UTC 2026","passed","Mon May 25 08:52:15 UTC 2026","TestCategoryFilter","test_category_filter","",""
"","0","[WEB] Sign up with invalid data. Case: 'first_name' length = min + 1","tests.web.component.auth","Mon May 25 08:47:43 UTC 2026","skipped","Mon May 25 08:47:43 UTC 2026","TestSignUpWeb","test_signup_component","",""
"","0","[WEB Component] Pay with invalid card should show error message. Case: expiry month is empty","tests.web.component.payment","Mon May 25 08:57:32 UTC 2026","skipped","Mon May 25 08:57:32 UTC 2026","TestPaymentComponent","test_payment_component","",""
"","0","[API] Update user should return 400_BAD_REQUEST when send update user request with invalid data. Case: 'birth_month' is negative","tests.api.user","Mon May 25 08:47:12 UTC 2026","skipped","Mon May 25 08:47:12 UTC 2026","TestUpdateUserApi","test_update_user","",""
"","3047","[WEB] Sign up with valid data. Case: 'address1' length = min","tests.web.component.auth","Mon May 25 09:00:40 UTC 2026","passed","Mon May 25 09:00:43 UTC 2026","TestSignUpWeb","test_signup_component","",""
"","0","[WEB] Sign up with invalid data. Case: 'state' length = max - 1","tests.web.component.auth","Mon May 25 08:47:43 UTC 2026","skipped","Mon May 25 08:47:43 UTC 2026","TestSignUpWeb","test_signup_component","",""
"","0","[API] Update user should return 400_BAD_REQUEST when send update user request with invalid data. Case: 'email' contains invalid top level domain web","tests.api.user","Mon May 25 08:47:12 UTC 2026","skipped","Mon May 25 08:47:12 UTC 2026","TestUpdateUserApi","test_update_user","",""
"","0","[API] Create user should return 400_BAD_REQUEST when send create user request with invalid data. Case: 'city' length = max + 1","tests.api.user","Mon May 25 08:46:49 UTC 2026","skipped","Mon May 25 08:46:49 UTC 2026","TestCreateUserApi","test_create_user","",""
"","299","[WEB Component] Product item should navigate to product page when click on item title","tests.web.component.product","Mon May 25 09:00:07 UTC 2026","passed","Mon May 25 09:00:08 UTC 2026","TestProductItem","test_product_item","",""
"","0","[API] Create user should return 400_BAD_REQUEST when send create user request with invalid data. Case: 'name' length = max + 1","tests.api.user","Mon May 25 08:47:05 UTC 2026","skipped","Mon May 25 08:47:05 UTC 2026","TestCreateUserApi","test_create_user","",""
"","0","[API] Update user should return 400_BAD_REQUEST when send update user request with invalid data. Case: 'first_name' is absent","tests.api.user","Mon May 25 08:47:12 UTC 2026","skipped","Mon May 25 08:47:12 UTC 2026","TestUpdateUserApi","test_update_user","",""
"","0","[API] Update user should return 400_BAD_REQUEST when send update user request with invalid data. Case: 'birth_year' is negative","tests.api.user","Mon May 25 08:47:12 UTC 2026","skipped","Mon May 25 08:47:12 UTC 2026","TestUpdateUserApi","test_update_user","",""
"","2469","[WEB Component] Order placed page should have expected screenshot","tests.web.component.payment","Mon May 25 09:11:13 UTC 2026","passed","Mon May 25 09:11:15 UTC 2026","TestPaymentComponent","test_invoice_file","",""
"","0","[API] Update user should return 400_BAD_REQUEST when send update user request with invalid data. Case: 'mobile_number' is empty","tests.api.user","Mon May 25 08:47:12 UTC 2026","skipped","Mon May 25 08:47:12 UTC 2026","TestUpdateUserApi","test_update_user","",""
"","128","[API] Create user should return 200_OK when send create user request with valid data. Case: 'birth_year' = 10000","tests.api.user","Mon May 25 08:46:58 UTC 2026","passed","Mon May 25 08:46:58 UTC 2026","TestCreateUserApi","test_create_user","",""
"","3070","[WEB] Sign up with valid data. Case: 'birth_month' = 12","tests.web.component.auth","Mon May 25 08:55:10 UTC 2026","passed","Mon May 25 08:55:13 UTC 2026","TestSignUpWeb","test_signup_component","",""
"","0","[WEB Component] Should not subscribe with invalid email","tests.web.component.base","Mon May 25 09:08:28 UTC 2026","skipped","Mon May 25 09:08:28 UTC 2026","TestSubscriptionComponent","test_subscription_component","",""
"","364","[WEB Component] Should navigate to main page by click on header logo","tests.web.component.base","Mon May 25 08:48:21 UTC 2026","passed","Mon May 25 08:48:22 UTC 2026","TestHeaderComponent","test_header_component","",""
"","673","[WEB] Should have expected screenshot when send review","tests.web.component.review","Mon May 25 09:12:30 UTC 2026","passed","Mon May 25 09:12:31 UTC 2026","TestReviewComponent","test_review_component","",""
"","602","[WEB] Should add product review with valid data. Case: 'email' has not exists email service","tests.web.component.review","Mon May 25 09:03:33 UTC 2026","passed","Mon May 25 09:03:34 UTC 2026","TestReviewComponent","test_review_component","",""
"","202","[API] Update user should return 200_OK when send update user request with valid data. Case: 'company' length = max","tests.api.user","Mon May 25 08:47:06 UTC 2026","passed","Mon May 25 08:47:07 UTC 2026","TestUpdateUserApi","test_update_user","",""
"","0","[API] Create user should return 400_BAD_REQUEST when send create user request with invalid data. Case: 'email' is word","tests.api.user","Mon May 25 08:46:49 UTC 2026","skipped","Mon May 25 08:46:49 UTC 2026","TestCreateUserApi","test_create_user","",""
"","644","[API] Login should return 200_OK when send login request with valid data and contains csrf cookie","tests.api.auth","Mon May 25 08:46:50 UTC 2026","passed","Mon May 25 08:46:50 UTC 2026","TestAuthApi","test_auth","",""
"","192","[API] Update user should return 200_OK when send update user request with valid data. Case: 'first_name' length = max - 1","tests.api.user","Mon May 25 08:46:55 UTC 2026","passed","Mon May 25 08:46:55 UTC 2026","TestUpdateUserApi","test_update_user","",""
"","159","[API] Update user should return 200_OK when send update user request with valid data. Case: 'zipcode' length = min","tests.api.user","Mon May 25 08:47:10 UTC 2026","passed","Mon May 25 08:47:11 UTC 2026","TestUpdateUserApi","test_update_user","",""
"","966","[WEB Component] Should open product page when click on view product button","tests.web.component.product","Mon May 25 08:58:29 UTC 2026","passed","Mon May 25 08:58:30 UTC 2026","TestAnimatedProductCard","test_animated_product_card_component","",""
"","1678","[WEB Component] Add product notification should have expected data and screenshot","tests.web.component.base","Mon May 25 09:07:07 UTC 2026","passed","Mon May 25 09:07:09 UTC 2026","TestNotificationComponent","test_notification_component","",""
"","0","[API] Create user should return 400_BAD_REQUEST when send create user request with invalid data. Case: 'company' length = min - 1","tests.api.user","Mon May 25 08:46:49 UTC 2026","skipped","Mon May 25 08:46:49 UTC 2026","TestCreateUserApi","test_create_user","",""
"","0","[API] Create user should return 400_BAD_REQUEST when send create user request with invalid data. Case: 'email' not contains domain","tests.api.user","Mon May 25 08:46:49 UTC 2026","skipped","Mon May 25 08:46:49 UTC 2026","TestCreateUserApi","test_create_user","",""
"","92","[API] Create user should return 200_OK when send create user request with valid data. Case: 'zipcode' length = max","tests.api.user","Mon May 25 08:47:05 UTC 2026","passed","Mon May 25 08:47:05 UTC 2026","TestCreateUserApi","test_create_user","",""
"","1175","[WEB Component] Brand filter should have expected screenshot","tests.web.component.filter","Mon May 25 09:10:28 UTC 2026","passed","Mon May 25 09:10:29 UTC 2026","TestBrandFilter","test_brand_filter","",""
"","516","[WEB] Should add product review with valid data. Case: 'email' username is numerical","tests.web.component.review","Mon May 25 09:04:41 UTC 2026","passed","Mon May 25 09:04:42 UTC 2026","TestReviewComponent","test_review_component","",""
"","0","[WEB] Sign up with invalid data. Case: 'mobile_number' length = max","tests.web.component.auth","Mon May 25 08:47:43 UTC 2026","skipped","Mon May 25 08:47:43 UTC 2026","TestSignUpWeb","test_signup_component","",""
"","339","[WEB] Should have expected screenshot when not send review","tests.web.component.review","Mon May 25 09:12:12 UTC 2026","passed","Mon May 25 09:12:12 UTC 2026","TestReviewComponent","test_review_component","",""
"","1629","[WEB Component] Pay with valid card should show success status message. Case: valid name contains multiple spaces","tests.web.component.payment","Mon May 25 08:55:25 UTC 2026","passed","Mon May 25 08:55:27 UTC 2026","TestPaymentComponent","test_payment_component","",""
"","0","[API] Create user should return 400_BAD_REQUEST when send create user request with invalid data. Case: 'mobile_number' is absent","tests.api.user","Mon May 25 08:46:49 UTC 2026","skipped","Mon May 25 08:46:49 UTC 2026","TestCreateUserApi","test_create_user","",""
"","0","[WEB Component] Pay with invalid card should show error message. Case: card number is empty","tests.web.component.payment","Mon May 25 08:57:32 UTC 2026","skipped","Mon May 25 08:57:32 UTC 2026","TestPaymentComponent","test_payment_component","",""
"","0","[WEB] Sign up with invalid data. Case: 'mobile_number' length = max - 1","tests.web.component.auth","Mon May 25 08:47:43 UTC 2026","skipped","Mon May 25 08:47:43 UTC 2026","TestSignUpWeb","test_signup_component","",""
"","0","[API] Update user should return 400_BAD_REQUEST when send update user request with invalid data. Case: 'address1' is empty","tests.api.user","Mon May 25 08:47:12 UTC 2026","skipped","Mon May 25 08:47:12 UTC 2026","TestUpdateUserApi","test_update_user","",""
"","157","[API] Update user should return 200_OK when send update user request with valid data. Case: 'zipcode' length = max - 1","tests.api.user","Mon May 25 08:47:11 UTC 2026","passed","Mon May 25 08:47:12 UTC 2026","TestUpdateUserApi","test_update_user","",""
"","0","[API] Update user should return 400_BAD_REQUEST when send update user request with invalid data. Case: 'email' not contains domain","tests.api.user","Mon May 25 08:47:12 UTC 2026","skipped","Mon May 25 08:47:12 UTC 2026","TestUpdateUserApi","test_update_user","",""
"","4102","[WEB] Sign up with valid data. Case: 'state' length = max - 1","tests.web.component.auth","Mon May 25 08:58:28 UTC 2026","passed","Mon May 25 08:58:33 UTC 2026","TestSignUpWeb","test_signup_component","",""
"","0","[API] Update user should return 400_BAD_REQUEST when send update user request with invalid data. Case: 'birth_month' is invalid positive","tests.api.user","Mon May 25 08:47:12 UTC 2026","skipped","Mon May 25 08:47:12 UTC 2026","TestUpdateUserApi","test_update_user","",""
"","0","[API] Create user should return 400_BAD_REQUEST when send create user request with invalid data. Case: 'state' is absent","tests.api.user","Mon May 25 08:46:49 UTC 2026","skipped","Mon May 25 08:46:49 UTC 2026","TestCreateUserApi","test_create_user","",""
"","184","[API] Create user should return 200_OK when send create user request with valid data. Case: 'address1' length = max - 1","tests.api.user","Mon May 25 08:47:02 UTC 2026","passed","Mon May 25 08:47:03 UTC 2026","TestCreateUserApi","test_create_user","",""
"","240","[API] Create user should return 200_OK when send create user request with valid data. Case: 'name' length = max - 1","tests.api.user","Mon May 25 08:46:52 UTC 2026","passed","Mon May 25 08:46:52 UTC 2026","TestCreateUserApi","test_create_user","",""
"","190","[API] Update user should return 200_OK when send update user request with valid data. Case: 'name' length = max - 1","tests.api.user","Mon May 25 08:46:53 UTC 2026","passed","Mon May 25 08:46:53 UTC 2026","TestUpdateUserApi","test_update_user","",""
"","103","[API] Create user should return 200_OK when send create user request with valid data. Case: 'first_name' length = max - 1","tests.api.user","Mon May 25 08:46:53 UTC 2026","passed","Mon May 25 08:46:53 UTC 2026","TestCreateUserApi","test_create_user","",""
"","301","[WEB Component] Payment component should have expected screenshot","tests.web.component.payment","Mon May 25 09:11:24 UTC 2026","passed","Mon May 25 09:11:24 UTC 2026","TestPaymentComponent","test_payment_component","",""
"","2311","[WEB Component] Image Carousel should show first image when scroll right on last image","tests.web.component.carousel","Mon May 25 09:08:31 UTC 2026","passed","Mon May 25 09:08:33 UTC 2026","TestImageCarousel","test_image_carousel","",""
"","3102","[WEB] Sign up with valid data. Case: 'city' length = max - 1","tests.web.component.auth","Mon May 25 08:59:57 UTC 2026","passed","Mon May 25 09:00:00 UTC 2026","TestSignUpWeb","test_signup_component","",""
"","204","[API] Update user should return 200_OK when send update user request with valid data. Case: 'first_name' length = min","tests.api.user","Mon May 25 08:46:54 UTC 2026","passed","Mon May 25 08:46:54 UTC 2026","TestUpdateUserApi","test_update_user","",""
"","84","test_search_products_returns_empty_array","tests.api.product","Mon May 25 08:46:51 UTC 2026","passed","Mon May 25 08:46:51 UTC 2026","TestProductApi","test_product","",""
"","0","[API] Create user should return 400_BAD_REQUEST when send create user request with invalid data. Case: 'state' is empty","tests.api.user","Mon May 25 08:46:49 UTC 2026","skipped","Mon May 25 08:46:49 UTC 2026","TestCreateUserApi","test_create_user","",""
"","166","[API] Update user should return 200_OK when send update user request with valid data. Case: 'city' length = max - 1","tests.api.user","Mon May 25 08:47:11 UTC 2026","passed","Mon May 25 08:47:11 UTC 2026","TestUpdateUserApi","test_update_user","",""
"","0","[API] Create user should return 400_BAD_REQUEST when send create user request with invalid data. Case: 'address1' length = max + 1","tests.api.user","Mon May 25 08:46:49 UTC 2026","skipped","Mon May 25 08:46:49 UTC 2026","TestCreateUserApi","test_create_user","",""
"","4361","[WEB] Sign up with valid data. Case: 'last_name' length = max","tests.web.component.auth","Mon May 25 08:52:12 UTC 2026","passed","Mon May 25 08:52:17 UTC 2026","TestSignUpWeb","test_signup_component","",""
"","544","[WEB] Should add product review with valid data. Case: 'email' domain contains '-'","tests.web.component.review","Mon May 25 09:05:01 UTC 2026","passed","Mon May 25 09:05:01 UTC 2026","TestReviewComponent","test_review_component","",""
"","4158","Purchase products with sign up before checkout","tests.web.e2e","Mon May 25 09:05:30 UTC 2026","failed","Mon May 25 09:05:34 UTC 2026","TestPlaceOrder","test_place_order","",""
"","2373","[WEB Component] Image Carousel should show last image when scroll left on first image","tests.web.component.carousel","Mon May 25 09:09:28 UTC 2026","passed","Mon May 25 09:09:30 UTC 2026","TestImageCarousel","test_image_carousel","",""
"","0","[API] Create user should return 400_BAD_REQUEST when send create user request with invalid data. Case: 'mobile_number' has invalid format","tests.api.user","Mon May 25 08:46:49 UTC 2026","skipped","Mon May 25 08:46:49 UTC 2026","TestCreateUserApi","test_create_user","",""
"","0","[API] Update user should return 400_BAD_REQUEST when send update user request with invalid data. Case: 'name' length = max + 1","tests.api.user","Mon May 25 08:47:12 UTC 2026","skipped","Mon May 25 08:47:12 UTC 2026","TestUpdateUserApi","test_update_user","",""
"","0","[API] Update user should return 400_BAD_REQUEST when send update user request with invalid data. Case: 'email' contains text after domain","tests.api.user","Mon May 25 08:47:12 UTC 2026","skipped","Mon May 25 08:47:12 UTC 2026","TestUpdateUserApi","test_update_user","",""
"","0","[WEB Component] Pay with invalid card should show error message. Case: card number too short","tests.web.component.payment","Mon May 25 08:57:32 UTC 2026","skipped","Mon May 25 08:57:32 UTC 2026","TestPaymentComponent","test_payment_component","",""
"","0","[API] Create user should return 400_BAD_REQUEST when send create user request with invalid data. Case: 'zipcode' length = max + 1","tests.api.user","Mon May 25 08:46:49 UTC 2026","skipped","Mon May 25 08:46:49 UTC 2026","TestCreateUserApi","test_create_user","",""
"","0","[WEB] Sign up with invalid data. Case: 'birth_month' = 1","tests.web.component.auth","Mon May 25 08:47:43 UTC 2026","skipped","Mon May 25 08:47:43 UTC 2026","TestSignUpWeb","test_signup_component","",""
"","63","[WEB Component] Should have all products expected total price","tests.web.component.product","Mon May 25 09:01:10 UTC 2026","passed","Mon May 25 09:01:10 UTC 2026","TestProductItem","test_product_item","",""
"","170","[API] Create user should return 200_OK when send create user request with valid data. Case: 'last_name' length = max","tests.api.user","Mon May 25 08:46:54 UTC 2026","passed","Mon May 25 08:46:55 UTC 2026","TestCreateUserApi","test_create_user","",""
"","1796","[WEB Component] Product carousel should have expected product","tests.web.component.carousel","Mon May 25 08:51:43 UTC 2026","failed","Mon May 25 08:51:45 UTC 2026","TestProductCarousel","test_product_carousel","",""
"","3203","[WEB] Sign up with valid data. Case: 'company' length = max - 1","tests.web.component.auth","Mon May 25 08:56:59 UTC 2026","passed","Mon May 25 08:57:02 UTC 2026","TestSignUpWeb","test_signup_component","",""
"","0","[API] Update user should return 400_BAD_REQUEST when send update user request with invalid data. Case: 'email' not contains username","tests.api.user","Mon May 25 08:47:12 UTC 2026","skipped","Mon May 25 08:47:12 UTC 2026","TestUpdateUserApi","test_update_user","",""
"","0","[WEB Component] Pay with invalid card should show error message. Case: name contains non latin characters","tests.web.component.payment","Mon May 25 08:57:32 UTC 2026","skipped","Mon May 25 08:57:32 UTC 2026","TestPaymentComponent","test_payment_component","",""
"","0","[WEB Component] Pay with invalid card should show error message. Case: expiry month one digit","tests.web.component.payment","Mon May 25 08:57:32 UTC 2026","skipped","Mon May 25 08:57:32 UTC 2026","TestPaymentComponent","test_payment_component","",""
"","0","[API] Update user should return 400_BAD_REQUEST when send update user request with invalid data. Case: 'last_name' length = min - 1","tests.api.user","Mon May 25 08:47:12 UTC 2026","skipped","Mon May 25 08:47:12 UTC 2026","TestUpdateUserApi","test_update_user","",""
"","0","[API] Update user should return 400_BAD_REQUEST when send update user request with invalid data. Case: 'email' contains '.' before dog symbol","tests.api.user","Mon May 25 08:47:12 UTC 2026","skipped","Mon May 25 08:47:12 UTC 2026","TestUpdateUserApi","test_update_user","",""
"","225","[API] Update user should return 200_OK when send update user request with valid data. Case: 'mobile_number' length = min + 1","tests.api.user","Mon May 25 08:46:59 UTC 2026","passed","Mon May 25 08:46:59 UTC 2026","TestUpdateUserApi","test_update_user","",""
"","0","[WEB] Sign up with invalid data. Case: 'address2' length = min + 1","tests.web.component.auth","Mon May 25 08:47:43 UTC 2026","skipped","Mon May 25 08:47:43 UTC 2026","TestSignUpWeb","test_signup_component","",""
"","3328","[WEB] Sign up with valid data. Case: 'name' length = min + 1","tests.web.component.auth","Mon May 25 08:48:28 UTC 2026","passed","Mon May 25 08:48:31 UTC 2026","TestSignUpWeb","test_signup_component","",""
"","147","[API] Update user should return 200_OK when send update user request with valid data. Case: 'city' length = max","tests.api.user","Mon May 25 08:47:11 UTC 2026","passed","Mon May 25 08:47:11 UTC 2026","TestUpdateUserApi","test_update_user","",""
"","171","[API] Update user should return 200_OK when send update user request with valid data. Case: 'company' length = min","tests.api.user","Mon May 25 08:47:05 UTC 2026","passed","Mon May 25 08:47:05 UTC 2026","TestUpdateUserApi","test_update_user","",""
"","101","[WEB Component] Should visible user name when authorized","tests.web.component.base","Mon May 25 08:49:40 UTC 2026","passed","Mon May 25 08:49:40 UTC 2026","TestHeaderComponent","test_header_component","",""
"","0","[WEB] Sign up with invalid data. Case: 'company' length = max - 1","tests.web.component.auth","Mon May 25 08:47:43 UTC 2026","skipped","Mon May 25 08:47:43 UTC 2026","TestSignUpWeb","test_signup_component","",""
"","3968","[WEB] Sign up with valid data. Case: 'address2' length = min","tests.web.component.auth","Mon May 25 09:02:07 UTC 2026","passed","Mon May 25 09:02:11 UTC 2026","TestSignUpWeb","test_signup_component","",""
"","0","[API] Update user should return 400_BAD_REQUEST when send update user request with invalid data. Case: 'city' length = min - 1","tests.api.user","Mon May 25 08:47:12 UTC 2026","skipped","Mon May 25 08:47:12 UTC 2026","TestUpdateUserApi","test_update_user","",""
"","0","[API] Update user should return 400_BAD_REQUEST when send update user request with invalid data. Case: 'birth_year' is invalid positive","tests.api.user","Mon May 25 08:47:12 UTC 2026","skipped","Mon May 25 08:47:12 UTC 2026","TestUpdateUserApi","test_update_user","",""
"","0","[WEB] Sign up with invalid data. Case: 'mobile_number' length = min","tests.web.component.auth","Mon May 25 08:47:43 UTC 2026","skipped","Mon May 25 08:47:43 UTC 2026","TestSignUpWeb","test_signup_component","",""
"","379","[WEB Component] Billing address has expected data","tests.web.component.address","Mon May 25 09:07:09 UTC 2026","passed","Mon May 25 09:07:10 UTC 2026","TestAddressComponent","test_address_component","",""
"","0","[API] Update user should return 400_BAD_REQUEST when send update user request with invalid data. Case: 'email' contains text before username","tests.api.user","Mon May 25 08:47:12 UTC 2026","skipped","Mon May 25 08:47:12 UTC 2026","TestUpdateUserApi","test_update_user","",""
"","0","[WEB] Sign up with invalid data. Case: 'zipcode' length = max","tests.web.component.auth","Mon May 25 08:47:43 UTC 2026","skipped","Mon May 25 08:47:43 UTC 2026","TestSignUpWeb","test_signup_component","",""
"","0","[API] Create user should return 400_BAD_REQUEST when send create user request with invalid data. Case: 'last_name' length = max + 1","tests.api.user","Mon May 25 08:46:49 UTC 2026","skipped","Mon May 25 08:46:49 UTC 2026","TestCreateUserApi","test_create_user","",""
"","0","[WEB] Should not add product review with invalid data. Case: 'message' length = max","tests.web.component.review","Mon May 25 09:05:12 UTC 2026","skipped","Mon May 25 09:05:12 UTC 2026","TestReviewComponent","test_review_component","",""
"","0","[WEB] Sign up with invalid data. Case: 'last_name' length = max - 1","tests.web.component.auth","Mon May 25 08:47:43 UTC 2026","skipped","Mon May 25 08:47:43 UTC 2026","TestSignUpWeb","test_signup_component","",""
"","2423","[WEB Component] Image Carousel should show previous image when scroll left","tests.web.component.carousel","Mon May 25 09:08:47 UTC 2026","passed","Mon May 25 09:08:49 UTC 2026","TestImageCarousel","test_image_carousel","",""
"","560","[WEB] Sign in with invalid credentials. Case: {case_title}","tests.web.component.auth","Mon May 25 08:47:46 UTC 2026","passed","Mon May 25 08:47:46 UTC 2026","TestLoginWeb","test_login_component","",""
"","0","[WEB] Sign up with invalid data. Case: 'birth_day' = 1","tests.web.component.auth","Mon May 25 08:47:43 UTC 2026","skipped","Mon May 25 08:47:43 UTC 2026","TestSignUpWeb","test_signup_component","",""
"","0","[WEB] Sign up with invalid data. Case: 'zipcode' length = min + 1","tests.web.component.auth","Mon May 25 08:47:43 UTC 2026","skipped","Mon May 25 08:47:43 UTC 2026","TestSignUpWeb","test_signup_component","",""
"","222","[API] Update user should return 200_OK when send update user request with valid data. Case: 'last_name' length = min + 1","tests.api.user","Mon May 25 08:46:57 UTC 2026","passed","Mon May 25 08:46:57 UTC 2026","TestUpdateUserApi","test_update_user","",""
"","0","[API] Create user should return 400_BAD_REQUEST when send create user request with invalid data. Case: 'birth_year' is negative","tests.api.user","Mon May 25 08:46:49 UTC 2026","skipped","Mon May 25 08:46:49 UTC 2026","TestCreateUserApi","test_create_user","",""
"","0","[API] Update user should return 400_BAD_REQUEST when send update user request with invalid data. Case: 'state' is empty","tests.api.user","Mon May 25 08:47:12 UTC 2026","skipped","Mon May 25 08:47:12 UTC 2026","TestUpdateUserApi","test_update_user","",""
"","848","[WEB Component] Add product notification should be closed when click on close button","tests.web.component.base","Mon May 25 08:50:41 UTC 2026","passed","Mon May 25 08:50:41 UTC 2026","TestNotificationComponent","test_notification_component","",""
"","0","[WEB] Should not add product review with invalid data. Case: 'email' not contains domain","tests.web.component.review","Mon May 25 09:05:12 UTC 2026","skipped","Mon May 25 09:05:12 UTC 2026","TestReviewComponent","test_review_component","",""
"","0","[API] Create user should return 400_BAD_REQUEST when send create user request with invalid data. Case: 'state' length = min - 1","tests.api.user","Mon May 25 08:46:49 UTC 2026","skipped","Mon May 25 08:46:49 UTC 2026","TestCreateUserApi","test_create_user","",""
"","0","[API] Create user should return 400_BAD_REQUEST when send create user request with invalid data. Case: 'birth_day' is absent","tests.api.user","Mon May 25 08:46:49 UTC 2026","skipped","Mon May 25 08:46:49 UTC 2026","TestCreateUserApi","test_create_user","",""
"","0","[API] Create user should return 400_BAD_REQUEST when send create user request with invalid data. Case: 'first_name' length = max + 1","tests.api.user","Mon May 25 08:46:49 UTC 2026","skipped","Mon May 25 08:46:49 UTC 2026","TestCreateUserApi","test_create_user","",""
"","0","[API] Update user should return 400_BAD_REQUEST when send update user request with invalid data. Case: 'mobile_number' length = max + 1","tests.api.user","Mon May 25 08:47:12 UTC 2026","skipped","Mon May 25 08:47:12 UTC 2026","TestUpdateUserApi","test_update_user","",""
"","0","[API] Update user should return 400_BAD_REQUEST when send update user request with invalid data. Case: 'city' length = max + 1","tests.api.user","Mon May 25 08:47:12 UTC 2026","skipped","Mon May 25 08:47:12 UTC 2026","TestUpdateUserApi","test_update_user","",""
"","0","[WEB] Should not add product review with invalid data. Case: 'email' is empty","tests.web.component.review","Mon May 25 09:05:12 UTC 2026","skipped","Mon May 25 09:05:12 UTC 2026","TestReviewComponent","test_review_component","",""
"","852","[WEB Component] Should navigate to contact us page by click on 'Contact us' button","tests.web.component.base","Mon May 25 08:50:21 UTC 2026","passed","Mon May 25 08:50:22 UTC 2026","TestHeaderComponent","test_header_component","",""
"","1209","[WEB Component] Should increase product item quantity","tests.web.component.product","Mon May 25 09:00:28 UTC 2026","passed","Mon May 25 09:00:30 UTC 2026","TestProductItem","test_product_item","",""
"","1514","[WEB Component] Add product to cart from product carousel","tests.web.component.carousel","Mon May 25 09:10:08 UTC 2026","passed","Mon May 25 09:10:09 UTC 2026","TestProductCarousel","test_product_carousel","",""
"","468","[WEB Component] Should decrease all products total price","tests.web.component.product","Mon May 25 09:01:53 UTC 2026","passed","Mon May 25 09:01:53 UTC 2026","TestProductItem","test_product_item","",""
"","0","[API] Update user should return 400_BAD_REQUEST when send update user request with invalid data. Case: 'name' is absent","tests.api.user","Mon May 25 08:47:12 UTC 2026","skipped","Mon May 25 08:47:12 UTC 2026","TestUpdateUserApi","test_update_user","",""
"","288","[API] Update user should return 200_OK when send update user request with valid data. Case: 'address2' length = min","tests.api.user","Mon May 25 08:47:08 UTC 2026","passed","Mon May 25 08:47:08 UTC 2026","TestUpdateUserApi","test_update_user","",""
"","0","[API] Create user should return 400_BAD_REQUEST when send create user request with invalid data. Case: 'address2' length = max + 1","tests.api.user","Mon May 25 08:46:49 UTC 2026","skipped","Mon May 25 08:46:49 UTC 2026","TestCreateUserApi","test_create_user","",""
"","80","Should return user exists when user exists with email and password","tests.api.user","Mon May 25 08:47:12 UTC 2026","passed","Mon May 25 08:47:12 UTC 2026","TestVerifyLoginApi","test_verify_login","",""
"","3810","[WEB] Sign up with valid data. Case: 'last_name' length = max - 1","tests.web.component.auth","Mon May 25 08:51:49 UTC 2026","passed","Mon May 25 08:51:53 UTC 2026","TestSignUpWeb","test_signup_component","",""
"","108","[API] Create user should return 200_OK when send create user request with valid data. Case: 'company' length = max - 1","tests.api.user","Mon May 25 08:46:58 UTC 2026","passed","Mon May 25 08:46:58 UTC 2026","TestCreateUserApi","test_create_user","",""
"","0","[WEB] Should not add product review with invalid data. Case: 'email' contains '.' before dog symbol","tests.web.component.review","Mon May 25 09:05:12 UTC 2026","skipped","Mon May 25 09:05:12 UTC 2026","TestReviewComponent","test_review_component","",""
"","936","[WEB Component] Should have expected success status message after sending contact info","tests.web.component.base","Mon May 25 08:51:24 UTC 2026","passed","Mon May 25 08:51:25 UTC 2026","TestSubscriptionComponent","test_subscription_component","",""
"","109","[API] Create user should return 200_OK when send create user request with valid data. Case: 'address2' length = max - 1","tests.api.user","Mon May 25 08:47:04 UTC 2026","passed","Mon May 25 08:47:04 UTC 2026","TestCreateUserApi","test_create_user","",""
"","105","[API] Create user should return 200_OK when send create user request with valid data. Case: 'birth_month' = 1","tests.api.user","Mon May 25 08:46:57 UTC 2026","passed","Mon May 25 08:46:57 UTC 2026","TestCreateUserApi","test_create_user","",""
"","102","[API] Create user should return 200_OK when send create user request with valid data. Case: 'first_name' length = max","tests.api.user","Mon May 25 08:46:53 UTC 2026","passed","Mon May 25 08:46:53 UTC 2026","TestCreateUserApi","test_create_user","",""
"","111","[API] Create user should return 200_OK when send create user request with valid data. Case: 'address1' length = min","tests.api.user","Mon May 25 08:47:02 UTC 2026","passed","Mon May 25 08:47:02 UTC 2026","TestCreateUserApi","test_create_user","",""
"","639","[WEB] Should add product review with valid data. Case: 'name' length = min","tests.web.component.review","Mon May 25 09:02:12 UTC 2026","passed","Mon May 25 09:02:13 UTC 2026","TestReviewComponent","test_review_component","",""
"","0","[WEB] Sign up with invalid data. Case: 'first_name' length = max - 1","tests.web.component.auth","Mon May 25 08:47:43 UTC 2026","skipped","Mon May 25 08:47:43 UTC 2026","TestSignUpWeb","test_signup_component","",""
"","0","[WEB] Sign up with invalid data. Case: 'mobile_number' length = min + 1","tests.web.component.auth","Mon May 25 08:47:43 UTC 2026","skipped","Mon May 25 08:47:43 UTC 2026","TestSignUpWeb","test_signup_component","",""
"","105","[API] Create user should return 200_OK when send create user request with valid data. Case: 'city' length = max - 1","tests.api.user","Mon May 25 08:47:01 UTC 2026","passed","Mon May 25 08:47:01 UTC 2026","TestCreateUserApi","test_create_user","",""
"","0","[WEB] Sign up with invalid data. Case: 'address2' length = max - 1","tests.web.component.auth","Mon May 25 08:47:43 UTC 2026","skipped","Mon May 25 08:47:43 UTC 2026","TestSignUpWeb","test_signup_component","",""
"","0","[API] Update user should return 400_BAD_REQUEST when send update user request with invalid data. Case: 'company' is empty","tests.api.user","Mon May 25 08:47:12 UTC 2026","skipped","Mon May 25 08:47:12 UTC 2026","TestUpdateUserApi","test_update_user","",""
"","0","[API] Update user should return 400_BAD_REQUEST when send update user request with invalid data. Case: 'name' is empty","tests.api.user","Mon May 25 08:47:12 UTC 2026","skipped","Mon May 25 08:47:12 UTC 2026","TestUpdateUserApi","test_update_user","",""
"","606","[WEB Component] Should increase all products total price","tests.web.component.product","Mon May 25 09:01:32 UTC 2026","passed","Mon May 25 09:01:32 UTC 2026","TestProductItem","test_product_item","",""
"","4858","[WEB] Sign up with valid data. Case: 'first_name' length = min","tests.web.component.auth","Mon May 25 08:49:34 UTC 2026","passed","Mon May 25 08:49:39 UTC 2026","TestSignUpWeb","test_signup_component","",""
"","186","[API] Update user should return 200_OK when send update user request with valid data. Case: 'name' length = min + 1","tests.api.user","Mon May 25 08:46:52 UTC 2026","passed","Mon May 25 08:46:52 UTC 2026","TestUpdateUserApi","test_update_user","",""
"","0","[WEB Component] Pay with invalid card should show error message. Case: expiry month = 00","tests.web.component.payment","Mon May 25 08:57:32 UTC 2026","skipped","Mon May 25 08:57:32 UTC 2026","TestPaymentComponent","test_payment_component","",""
"","0","[WEB] Should not add product review with invalid data. Case: 'email' contains invalid top level domain web","tests.web.component.review","Mon May 25 09:05:12 UTC 2026","skipped","Mon May 25 09:05:12 UTC 2026","TestReviewComponent","test_review_component","",""
"","0","[WEB] Should not add product review with invalid data. Case: 'email' contains multiple '@' symbols","tests.web.component.review","Mon May 25 09:05:12 UTC 2026","skipped","Mon May 25 09:05:12 UTC 2026","TestReviewComponent","test_review_component","",""
"","3062","[WEB] Sign up with valid data. Case: 'name' length = max - 1","tests.web.component.auth","Mon May 25 08:48:49 UTC 2026","passed","Mon May 25 08:48:53 UTC 2026","TestSignUpWeb","test_signup_component","",""
"","438","[WEB Component] Pay with valid card should show success status message. Case: valid: cvc typical","tests.web.component.payment","Mon May 25 08:56:28 UTC 2026","passed","Mon May 25 08:56:28 UTC 2026","TestPaymentComponent","test_payment_component","",""
"","3808","[WEB] Sign up with valid data. Case: 'zipcode' length = max - 1","tests.web.component.auth","Mon May 25 08:47:17 UTC 2026","passed","Mon May 25 08:47:21 UTC 2026","TestSignUpWeb","test_signup_component","",""
"","0","[WEB] Sign up with invalid data. Case: 'state' length = min","tests.web.component.auth","Mon May 25 08:47:43 UTC 2026","skipped","Mon May 25 08:47:43 UTC 2026","TestSignUpWeb","test_signup_component","",""
"","0","[WEB] Should not add product review with invalid data. Case: 'email' not contains '@' symbol","tests.web.component.review","Mon May 25 09:05:12 UTC 2026","skipped","Mon May 25 09:05:12 UTC 2026","TestReviewComponent","test_review_component","",""
"","0","[WEB] Should not add product review with invalid data. Case: 'name' is empty","tests.web.component.review","Mon May 25 09:05:12 UTC 2026","skipped","Mon May 25 09:05:12 UTC 2026","TestReviewComponent","test_review_component","",""
"","3263","[WEB] Sign up with valid data. Case: 'state' length = max","tests.web.component.auth","Mon May 25 08:58:52 UTC 2026","passed","Mon May 25 08:58:55 UTC 2026","TestSignUpWeb","test_signup_component","",""
"","0","[API] Update user should return 400_BAD_REQUEST when send update user request with invalid data. Case: 'address1' length = max + 1","tests.api.user","Mon May 25 08:47:12 UTC 2026","skipped","Mon May 25 08:47:12 UTC 2026","TestUpdateUserApi","test_update_user","",""
"","0","[WEB] Sign up with invalid data. Case: 'first_name' length = max","tests.web.component.auth","Mon May 25 08:47:43 UTC 2026","skipped","Mon May 25 08:47:43 UTC 2026","TestSignUpWeb","test_signup_component","",""
"","2930","[WEB] Sign up with valid data. Case: 'mobile_number' length = max","tests.web.component.auth","Mon May 25 08:53:44 UTC 2026","passed","Mon May 25 08:53:47 UTC 2026","TestSignUpWeb","test_signup_component","",""
"","0","[WEB Component] Pay with invalid card should show error message. Case: name contains special characters","tests.web.component.payment","Mon May 25 08:57:32 UTC 2026","skipped","Mon May 25 08:57:32 UTC 2026","TestPaymentComponent","test_payment_component","",""
"","0","[API] Update user should return 400_BAD_REQUEST when send update user request with invalid data. Case: 'state' length = max + 1","tests.api.user","Mon May 25 08:47:12 UTC 2026","skipped","Mon May 25 08:47:12 UTC 2026","TestUpdateUserApi","test_update_user","",""
"","93","[API] Create user should return 400_BAD_REQUEST when send create user request with existing email","tests.api.user","Mon May 25 08:46:50 UTC 2026","passed","Mon May 25 08:46:50 UTC 2026","TestCreateUserApi","test_create_user","",""
"","0","[WEB] Sign up with invalid data. Case: 'birth_year' = 1","tests.web.component.auth","Mon May 25 08:47:43 UTC 2026","skipped","Mon May 25 08:47:43 UTC 2026","TestSignUpWeb","test_signup_component","",""
"","0","[WEB Component] Pay with invalid card should show error message. Case: expiry year is empty","tests.web.component.payment","Mon May 25 08:57:32 UTC 2026","skipped","Mon May 25 08:57:32 UTC 2026","TestPaymentComponent","test_payment_component","",""
"","0","[WEB Component] Pay with invalid card should show error message. Case: card number contains special characters","tests.web.component.payment","Mon May 25 08:57:32 UTC 2026","skipped","Mon May 25 08:57:32 UTC 2026","TestPaymentComponent","test_payment_component","",""
"","5293","[WEB Component] Place order without authorization notification proceed to checkout button should navigate to login page","tests.web.component.base","Mon May 25 08:51:00 UTC 2026","passed","Mon May 25 08:51:06 UTC 2026","TestNotificationComponent","test_notification_component","",""
"","0","[API] Update user should return 400_BAD_REQUEST when send update user request with invalid data. Case: 'birth_month' is zero","tests.api.user","Mon May 25 08:47:12 UTC 2026","skipped","Mon May 25 08:47:12 UTC 2026","TestUpdateUserApi","test_update_user","",""
"","618","[WEB] Should add product review with valid data. Case: 'email' username contains '-'","tests.web.component.review","Mon May 25 09:04:22 UTC 2026","passed","Mon May 25 09:04:23 UTC 2026","TestReviewComponent","test_review_component","",""
"","0","[API] Update user should return 400_BAD_REQUEST when send update user request with invalid data. Case: 'zipcode' is empty","tests.api.user","Mon May 25 08:47:11 UTC 2026","skipped","Mon May 25 08:47:11 UTC 2026","TestUpdateUserApi","test_update_user","",""
"","4280","[WEB] Sign up with valid data. Case: 'address2' length = min + 1","tests.web.component.auth","Mon May 25 09:02:30 UTC 2026","passed","Mon May 25 09:02:35 UTC 2026","TestSignUpWeb","test_signup_component","",""
"","0","[WEB] Sign up with invalid data. Case: 'last_name' length = min","tests.web.component.auth","Mon May 25 08:47:43 UTC 2026","skipped","Mon May 25 08:47:43 UTC 2026","TestSignUpWeb","test_signup_component","",""
"","0","[WEB] Should not add product review with invalid data. Case: 'email' not contains username","tests.web.component.review","Mon May 25 09:05:12 UTC 2026","skipped","Mon May 25 09:05:12 UTC 2026","TestReviewComponent","test_review_component","",""
"","0","[API] Update user should return 400_BAD_REQUEST when send update user request with invalid data. Case: 'address2' length = min - 1","tests.api.user","Mon May 25 08:47:11 UTC 2026","skipped","Mon May 25 08:47:11 UTC 2026","TestUpdateUserApi","test_update_user","",""
"","471","[WEB Component] Pay with valid card should show success status message. Case: valid: name max length","tests.web.component.payment","Mon May 25 08:54:44 UTC 2026","passed","Mon May 25 08:54:44 UTC 2026","TestPaymentComponent","test_payment_component","",""
"","3537","[WEB] Sign up with valid data. Case: 'address1' length = max - 1","tests.web.component.auth","Mon May 25 09:01:23 UTC 2026","passed","Mon May 25 09:01:27 UTC 2026","TestSignUpWeb","test_signup_component","",""
"","102","Get brands should return 200_OK when send get brands request","tests.api.brand","Mon May 25 08:46:50 UTC 2026","passed","Mon May 25 08:46:50 UTC 2026","TestBrandApi","test_brand","",""
"","0","[API] Create user should return 400_BAD_REQUEST when send create user request with invalid data. Case: 'mobile_number' length = max + 1","tests.api.user","Mon May 25 08:46:49 UTC 2026","skipped","Mon May 25 08:46:49 UTC 2026","TestCreateUserApi","test_create_user","",""
"","0","[API] Create user should return 400_BAD_REQUEST when send create user request with invalid data. Case: 'email' contains text before username","tests.api.user","Mon May 25 08:46:49 UTC 2026","skipped","Mon May 25 08:46:49 UTC 2026","TestCreateUserApi","test_create_user","",""
"","92","[API] Create user should return 200_OK when send create user request with valid data. Case: 'address1' length = min + 1","tests.api.user","Mon May 25 08:47:02 UTC 2026","passed","Mon May 25 08:47:02 UTC 2026","TestCreateUserApi","test_create_user","",""
"","1608","[WEB Component] Page scroller scroll page to top","tests.web.component.base","Mon May 25 09:07:48 UTC 2026","passed","Mon May 25 09:07:50 UTC 2026","TestPageScrollerComponent","test_page_scroller_component","",""
"","245","[API] Update user should return 200_OK when send update user request with valid data. Case: 'address1' length = min","tests.api.user","Mon May 25 08:47:05 UTC 2026","passed","Mon May 25 08:47:06 UTC 2026","TestUpdateUserApi","test_update_user","",""
"","414","[WEB Component] Header has expected screenshot when authorized","tests.web.component.base","Mon May 25 09:08:11 UTC 2026","passed","Mon May 25 09:08:12 UTC 2026","TestHeaderComponent","test_header_component","",""
"","778","[WEB] Should add product review with valid data. Case: 'email' contains subdomain","tests.web.component.review","Mon May 25 09:03:52 UTC 2026","passed","Mon May 25 09:03:53 UTC 2026","TestReviewComponent","test_review_component","",""
"","0","[WEB] Sign up with invalid data. Case: 'address1' length = max","tests.web.component.auth","Mon May 25 08:47:43 UTC 2026","skipped","Mon May 25 08:47:43 UTC 2026","TestSignUpWeb","test_signup_component","",""
"","0","[API] Update user should return 400_BAD_REQUEST when send update user request with invalid data. Case: 'mobile_number' has invalid format","tests.api.user","Mon May 25 08:47:12 UTC 2026","skipped","Mon May 25 08:47:12 UTC 2026","TestUpdateUserApi","test_update_user","",""
"","0","[API] Update user should return 400_BAD_REQUEST when send update user request with invalid data. Case: 'birth_month' is absent","tests.api.user","Mon May 25 08:47:12 UTC 2026","skipped","Mon May 25 08:47:12 UTC 2026","TestUpdateUserApi","test_update_user","",""
"","0","[WEB Component] Pay with invalid card should show error message. Case: cvc all zeros","tests.web.component.payment","Mon May 25 08:57:32 UTC 2026","skipped","Mon May 25 08:57:32 UTC 2026","TestPaymentComponent","test_payment_component","",""
"","0","[API] Update user should return 400_BAD_REQUEST when send update user request with invalid data. Case: 'zipcode' length = min - 1","tests.api.user","Mon May 25 08:47:11 UTC 2026","skipped","Mon May 25 08:47:11 UTC 2026","TestUpdateUserApi","test_update_user","",""
"","1438","[WEB Component] Product item should have expected data","tests.web.component.product","Mon May 25 09:12:10 UTC 2026","passed","Mon May 25 09:12:11 UTC 2026","TestProductItem","test_product_item","",""
"","3050","[WEB] Sign up with valid data. Case: 'birth_month' = 1","tests.web.component.auth","Mon May 25 08:54:49 UTC 2026","passed","Mon May 25 08:54:52 UTC 2026","TestSignUpWeb","test_signup_component","",""
"","0","[API] Update user should return 400_BAD_REQUEST when send update user request with invalid data. Case: 'email' contains domain with one letter","tests.api.user","Mon May 25 08:47:12 UTC 2026","skipped","Mon May 25 08:47:12 UTC 2026","TestUpdateUserApi","test_update_user","",""
"","0","[WEB Component] Pay with invalid card should show error message. Case: name contains newline","tests.web.component.payment","Mon May 25 08:57:32 UTC 2026","skipped","Mon May 25 08:57:32 UTC 2026","TestPaymentComponent","test_payment_component","",""
"","213","[API] Create user should return 200_OK when send create user request with valid data. Case: 'first_name' length = min + 1","tests.api.user","Mon May 25 08:46:53 UTC 2026","passed","Mon May 25 08:46:53 UTC 2026","TestCreateUserApi","test_create_user","",""
"","96","[API] Create user should return 200_OK when send create user request with valid data. Case: 'last_name' length = min","tests.api.user","Mon May 25 08:46:54 UTC 2026","passed","Mon May 25 08:46:54 UTC 2026","TestCreateUserApi","test_create_user","",""
"","9729","Purchase products with sign up while checkout","tests.web.e2e","Mon May 25 09:05:57 UTC 2026","passed","Mon May 25 09:06:07 UTC 2026","TestPlaceOrder","test_place_order","",""
"","274","[API] Update user should return 200_OK when send update user request with valid data. Case: 'address2' length = min + 1","tests.api.user","Mon May 25 08:47:09 UTC 2026","passed","Mon May 25 08:47:09 UTC 2026","TestUpdateUserApi","test_update_user","",""
"","92","[API] Create user should return 200_OK when send create user request with valid data. Case: 'mobile_number' length = min","tests.api.user","Mon May 25 08:46:55 UTC 2026","passed","Mon May 25 08:46:55 UTC 2026","TestCreateUserApi","test_create_user","",""
"","0","[API] Update user should return 400_BAD_REQUEST when send update user request with invalid data. Case: 'last_name' length = max + 1","tests.api.user","Mon May 25 08:47:12 UTC 2026","skipped","Mon May 25 08:47:12 UTC 2026","TestUpdateUserApi","test_update_user","",""
"","0","[API] Create user should return 400_BAD_REQUEST when send create user request with invalid data. Case: 'zipcode' length = min - 1","tests.api.user","Mon May 25 08:46:49 UTC 2026","skipped","Mon May 25 08:46:49 UTC 2026","TestCreateUserApi","test_create_user","",""
"","0","[API] Update user should return 400_BAD_REQUEST when send update user request with invalid data. Case: 'company' length = min - 1","tests.api.user","Mon May 25 08:47:12 UTC 2026","skipped","Mon May 25 08:47:12 UTC 2026","TestUpdateUserApi","test_update_user","",""
"","222","[API] Update user should return 200_OK when send update user request with valid data. Case: 'state' length = min","tests.api.user","Mon May 25 08:47:07 UTC 2026","passed","Mon May 25 08:47:07 UTC 2026","TestUpdateUserApi","test_update_user","",""
"","0","[WEB] Should not add product review with invalid data. Case: 'email' contains mail server as ip and port","tests.web.component.review","Mon May 25 09:05:12 UTC 2026","skipped","Mon May 25 09:05:12 UTC 2026","TestReviewComponent","test_review_component","",""
"","0","[WEB Component] Pay with invalid card should show error message. Case: name contains leading spaces","tests.web.component.payment","Mon May 25 08:57:32 UTC 2026","skipped","Mon May 25 08:57:32 UTC 2026","TestPaymentComponent","test_payment_component","",""
"","115","[API] Create user should return 200_OK when send create user request with valid data. Case: 'name' length = min","tests.api.user","Mon May 25 08:46:51 UTC 2026","passed","Mon May 25 08:46:51 UTC 2026","TestCreateUserApi","test_create_user","",""
"","1409","[WEB Component] Products Carousel should first products when scroll right on last image","tests.web.component.carousel","Mon May 25 09:09:48 UTC 2026","passed","Mon May 25 09:09:50 UTC 2026","TestProductCarousel","test_product_carousel","",""
"","3083","[WEB] Sign up with valid data. Case: 'first_name' length = max","tests.web.component.auth","Mon May 25 08:50:46 UTC 2026","passed","Mon May 25 08:50:50 UTC 2026","TestSignUpWeb","test_signup_component","",""
"","0","[WEB Component] Pay with invalid card should show error message. Case: expiry year too short","tests.web.component.payment","Mon May 25 08:57:32 UTC 2026","skipped","Mon May 25 08:57:32 UTC 2026","TestPaymentComponent","test_payment_component","",""
"","3143","[WEB] Sign up with valid data. Case: 'birth_year' = 1","tests.web.component.auth","Mon May 25 08:55:32 UTC 2026","passed","Mon May 25 08:55:35 UTC 2026","TestSignUpWeb","test_signup_component","",""
"","0","[API] Update user should return 400_BAD_REQUEST when send update user request with invalid data. Case: 'state' is absent","tests.api.user","Mon May 25 08:47:12 UTC 2026","skipped","Mon May 25 08:47:12 UTC 2026","TestUpdateUserApi","test_update_user","",""
"","0","[WEB Component] Pay with invalid card should show error message. Case: expiry year too long","tests.web.component.payment","Mon May 25 08:57:32 UTC 2026","skipped","Mon May 25 08:57:32 UTC 2026","TestPaymentComponent","test_payment_component","",""
"","1285","[WEB Component] Search filter should have expected screenshot","tests.web.component.filter","Mon May 25 09:10:48 UTC 2026","passed","Mon May 25 09:10:50 UTC 2026","TestSearchFilter","test_search_filter","",""
"","0","[WEB Component] Pay with invalid card should show error message. Case: card number contains letters","tests.web.component.payment","Mon May 25 08:57:32 UTC 2026","skipped","Mon May 25 08:57:32 UTC 2026","TestPaymentComponent","test_payment_component","",""
"","172","[API] Update user should return 200_OK when send update user request with valid data. Case: 'state' length = max - 1","tests.api.user","Mon May 25 08:47:08 UTC 2026","passed","Mon May 25 08:47:09 UTC 2026","TestUpdateUserApi","test_update_user","",""
"","0","[WEB] Should not add product review with invalid data. Case: 'email' contains username hieroglyphs instead of username","tests.web.component.review","Mon May 25 09:05:12 UTC 2026","skipped","Mon May 25 09:05:12 UTC 2026","TestReviewComponent","test_review_component","",""
"","4917","[WEB Component] Search filter should return empty products catalog","tests.web.component.filter","Mon May 25 08:53:18 UTC 2026","passed","Mon May 25 08:53:22 UTC 2026","TestSearchFilter","test_search_filter","",""
"","0","[API] Update user should return 400_BAD_REQUEST when send update user request with invalid data. Case: 'last_name' is absent","tests.api.user","Mon May 25 08:47:12 UTC 2026","skipped","Mon May 25 08:47:12 UTC 2026","TestUpdateUserApi","test_update_user","",""
"","1034","[WEB Component] Should add product to cart when click on add to cart button from overlay","tests.web.component.product","Mon May 25 08:58:09 UTC 2026","passed","Mon May 25 08:58:10 UTC 2026","TestAnimatedProductCard","test_animated_product_card_component","",""
"","0","[WEB] Should not add product review with invalid data. Case: 'email' contains '-' after '@'","tests.web.component.review","Mon May 25 09:05:12 UTC 2026","skipped","Mon May 25 09:05:12 UTC 2026","TestReviewComponent","test_review_component","",""
"","0","[API] Update user should return 400_BAD_REQUEST when send update user request with invalid data. Case: 'name' length = min - 1","tests.api.user","Mon May 25 08:47:12 UTC 2026","skipped","Mon May 25 08:47:12 UTC 2026","TestUpdateUserApi","test_update_user","",""
"","1622","[WEB Component] Pay with valid card should show success status message. Case: valid: boundary valid number","tests.web.component.payment","Mon May 25 08:56:07 UTC 2026","passed","Mon May 25 08:56:08 UTC 2026","TestPaymentComponent","test_payment_component","",""
"","257","[API] Update user should return 200_OK when send update user request with valid data. Case: 'state' length = min + 1","tests.api.user","Mon May 25 08:47:08 UTC 2026","passed","Mon May 25 08:47:08 UTC 2026","TestUpdateUserApi","test_update_user","",""
"","0","[WEB] Sign up with invalid data. Case: 'state' length = min + 1","tests.web.component.auth","Mon May 25 08:47:43 UTC 2026","skipped","Mon May 25 08:47:43 UTC 2026","TestSignUpWeb","test_signup_component","",""
"","0","[API] Create user should return 400_BAD_REQUEST when send create user request with invalid data. Case: 'email' contains '.' before dog symbol","tests.api.user","Mon May 25 08:46:49 UTC 2026","skipped","Mon May 25 08:46:49 UTC 2026","TestCreateUserApi","test_create_user","",""
"","0","[WEB Component] Pay with invalid card should show error message. Case: card number too long","tests.web.component.payment","Mon May 25 08:57:32 UTC 2026","skipped","Mon May 25 08:57:32 UTC 2026","TestPaymentComponent","test_payment_component","",""
"","4002","[WEB] Sign up with valid data. Case: 'last_name' length = min","tests.web.component.auth","Mon May 25 08:51:08 UTC 2026","passed","Mon May 25 08:51:12 UTC 2026","TestSignUpWeb","test_signup_component","",""
"","1841","[WEB Component] Pay with valid card should show success status message. Case: valid: expiry month max","tests.web.component.payment","Mon May 25 08:57:09 UTC 2026","passed","Mon May 25 08:57:11 UTC 2026","TestPaymentComponent","test_payment_component","",""
"","107","[API] Create user should return 200_OK when send create user request with valid data. Case: 'zipcode' length = min + 1","tests.api.user","Mon May 25 08:47:04 UTC 2026","passed","Mon May 25 08:47:04 UTC 2026","TestCreateUserApi","test_create_user","",""
"","0","[WEB] Should not add product review with invalid data. Case: 'email' contains text before username","tests.web.component.review","Mon May 25 09:05:12 UTC 2026","skipped","Mon May 25 09:05:12 UTC 2026","TestReviewComponent","test_review_component","",""
"","0","[WEB Component] Pay with invalid card should show error message. Case: cvc contains special characters","tests.web.component.payment","Mon May 25 08:57:32 UTC 2026","skipped","Mon May 25 08:57:32 UTC 2026","TestPaymentComponent","test_payment_component","",""
"","0","[WEB Component] Pay with invalid card should show error message. Case: name length = max + 1","tests.web.component.payment","Mon May 25 08:57:32 UTC 2026","skipped","Mon May 25 08:57:32 UTC 2026","TestPaymentComponent","test_payment_component","",""
"","2035","[WEB Component] Pay with valid card should show success status message. Case: valid: name min length","tests.web.component.payment","Mon May 25 08:54:23 UTC 2026","passed","Mon May 25 08:54:25 UTC 2026","TestPaymentComponent","test_payment_component","",""
"","0","[API] Create user should return 400_BAD_REQUEST when send create user request with invalid data. Case: 'birth_year' is absent","tests.api.user","Mon May 25 08:46:49 UTC 2026","skipped","Mon May 25 08:46:49 UTC 2026","TestCreateUserApi","test_create_user","",""
"","0","[API] Update user should return 400_BAD_REQUEST when send update user request with invalid data. Case: 'birth_day' is absent","tests.api.user","Mon May 25 08:47:12 UTC 2026","skipped","Mon May 25 08:47:12 UTC 2026","TestUpdateUserApi","test_update_user","",""
"","0","[API] Create user should return 400_BAD_REQUEST when send create user request with invalid data. Case: 'birth_day' is zero","tests.api.user","Mon May 25 08:46:49 UTC 2026","skipped","Mon May 25 08:46:49 UTC 2026","TestCreateUserApi","test_create_user","",""
"","0","[WEB] Sign up with invalid data. Case: 'company' length = min","tests.web.component.auth","Mon May 25 08:47:43 UTC 2026","skipped","Mon May 25 08:47:43 UTC 2026","TestSignUpWeb","test_signup_component","",""
"","173","[API] Create user should return 200_OK when send create user request with valid data. Case: 'state' length = min","tests.api.user","Mon May 25 08:46:59 UTC 2026","passed","Mon May 25 08:46:59 UTC 2026","TestCreateUserApi","test_create_user","",""
"","0","[API] Create user should return 400_BAD_REQUEST when send create user request with invalid data. Case: 'state' length = max + 1","tests.api.user","Mon May 25 08:46:49 UTC 2026","skipped","Mon May 25 08:46:49 UTC 2026","TestCreateUserApi","test_create_user","",""
"","0","[API] Update user should return 400_BAD_REQUEST when send update user request with invalid data. Case: 'email' contains mail server as ip and port","tests.api.user","Mon May 25 08:47:12 UTC 2026","skipped","Mon May 25 08:47:12 UTC 2026","TestUpdateUserApi","test_update_user","",""
"","109","[API] Create user should return 200_OK when send create user request with valid data. Case: 'city' length = min + 1","tests.api.user","Mon May 25 08:47:00 UTC 2026","passed","Mon May 25 08:47:01 UTC 2026","TestCreateUserApi","test_create_user","",""
"","101","[API] Create user should return 200_OK when send create user request with valid data. Case: 'last_name' length = max - 1","tests.api.user","Mon May 25 08:46:54 UTC 2026","passed","Mon May 25 08:46:54 UTC 2026","TestCreateUserApi","test_create_user","",""
"","0","[WEB] Sign up with invalid data. Case: 'city' length = min","tests.web.component.auth","Mon May 25 08:47:43 UTC 2026","skipped","Mon May 25 08:47:43 UTC 2026","TestSignUpWeb","test_signup_component","",""
"","0","[API] Update user should return 400_BAD_REQUEST when send update user request with invalid data. Case: 'birth_day' is negative","tests.api.user","Mon May 25 08:47:12 UTC 2026","skipped","Mon May 25 08:47:12 UTC 2026","TestUpdateUserApi","test_update_user","",""
"","0","[API] Create user should return 400_BAD_REQUEST when send create user request with invalid data. Case: 'zipcode' is empty","tests.api.user","Mon May 25 08:46:49 UTC 2026","skipped","Mon May 25 08:46:49 UTC 2026","TestCreateUserApi","test_create_user","",""
"","2983","[WEB] Sign up with valid data. Case: 'last_name' length = min + 1","tests.web.component.auth","Mon May 25 08:51:31 UTC 2026","passed","Mon May 25 08:51:34 UTC 2026","TestSignUpWeb","test_signup_component","",""
"","3428","[WEB] Sign up with valid data. Case: 'mobile_number' length = min + 1","tests.web.component.auth","Mon May 25 08:52:59 UTC 2026","passed","Mon May 25 08:53:03 UTC 2026","TestSignUpWeb","test_signup_component","",""
"","0","[API] Create user should return 400_BAD_REQUEST when send create user request with invalid data. Case: 'email' contains '-' after '@'","tests.api.user","Mon May 25 08:46:49 UTC 2026","skipped","Mon May 25 08:46:49 UTC 2026","TestCreateUserApi","test_create_user","",""
"","695","[WEB] Should add product review with valid data. Case: 'email' username contains '.'","tests.web.component.review","Mon May 25 09:04:11 UTC 2026","passed","Mon May 25 09:04:12 UTC 2026","TestReviewComponent","test_review_component","",""
"","153","[API] Get user should return 404_NOT_FOUND when send get user request and user not exists","tests.api.user","Mon May 25 08:46:51 UTC 2026","passed","Mon May 25 08:46:51 UTC 2026","TestGetUserApi","test_get_user","",""
"","0","[API] Create user should return 400_BAD_REQUEST when send create user request with invalid data. Case: 'email' contains domain with one letter","tests.api.user","Mon May 25 08:46:49 UTC 2026","skipped","Mon May 25 08:46:49 UTC 2026","TestCreateUserApi","test_create_user","",""
"","0","[WEB Component] Pay with invalid card should show error message. Case: cvc is empty","tests.web.component.payment","Mon May 25 08:57:32 UTC 2026","skipped","Mon May 25 08:57:32 UTC 2026","TestPaymentComponent","test_payment_component","",""
"","113","[API] Create user should return 200_OK when send create user request with valid data. Case: 'birth_year' = 1","tests.api.user","Mon May 25 08:46:57 UTC 2026","passed","Mon May 25 08:46:57 UTC 2026","TestCreateUserApi","test_create_user","",""
"","0","[API] Update user should return 400_BAD_REQUEST when send update user request with invalid data. Case: 'mobile_number' length = min - 1","tests.api.user","Mon May 25 08:47:12 UTC 2026","skipped","Mon May 25 08:47:12 UTC 2026","TestUpdateUserApi","test_update_user","",""
"","1867","[WEB] Should add product review with valid data. Case: 'message' length = max","tests.web.component.review","Mon May 25 09:05:10 UTC 2026","passed","Mon May 25 09:05:12 UTC 2026","TestReviewComponent","test_review_component","",""
"","3886","[WEB Component] Invoice should have expected price","tests.web.component.payment","Mon May 25 08:53:38 UTC 2026","passed","Mon May 25 08:53:42 UTC 2026","TestPaymentComponent","test_invoice_file","",""
"","0","[API] Create user should return 400_BAD_REQUEST when send create user request with invalid data. Case: 'address1' is empty","tests.api.user","Mon May 25 08:46:49 UTC 2026","skipped","Mon May 25 08:46:49 UTC 2026","TestCreateUserApi","test_create_user","",""
"","0","[WEB] Should not add product review with invalid data. Case: 'email' contains only special symbols","tests.web.component.review","Mon May 25 09:05:12 UTC 2026","skipped","Mon May 25 09:05:12 UTC 2026","TestReviewComponent","test_review_component","",""
"","0","[WEB] Sign up with invalid data. Case: 'name' length = min + 1","tests.web.component.auth","Mon May 25 08:47:43 UTC 2026","skipped","Mon May 25 08:47:43 UTC 2026","TestSignUpWeb","test_signup_component","",""
"","5091","Purchase products with login before checkout","tests.web.e2e","Mon May 25 09:06:26 UTC 2026","passed","Mon May 25 09:06:31 UTC 2026","TestPlaceOrder","test_place_order","",""
"","91","[API] Create user should return 200_OK when send create user request with valid data. Case: 'address2' length = min","tests.api.user","Mon May 25 08:47:03 UTC 2026","passed","Mon May 25 08:47:03 UTC 2026","TestCreateUserApi","test_create_user","",""
"","0","[API] Create user should return 400_BAD_REQUEST when send create user request with invalid data. Case: 'birth_day' is negative","tests.api.user","Mon May 25 08:46:49 UTC 2026","skipped","Mon May 25 08:46:49 UTC 2026","TestCreateUserApi","test_create_user","",""
"","1834","[WEB Component] Place order without authorization notification should have expected data and screenshot","tests.web.component.base","Mon May 25 09:07:28 UTC 2026","passed","Mon May 25 09:07:30 UTC 2026","TestNotificationComponent","test_notification_component","",""
"","0","[WEB] Should not add product review with invalid data. Case: 'message' length = min","tests.web.component.review","Mon May 25 09:05:12 UTC 2026","skipped","Mon May 25 09:05:12 UTC 2026","TestReviewComponent","test_review_component","",""
"","95","[API] Delete user should return 200_OK when send delete user request and user exists","tests.api.user","Mon May 25 08:46:50 UTC 2026","passed","Mon May 25 08:46:51 UTC 2026","TestDeleteUserApi","test_delete_user","",""
"","0","[WEB] Sign up with invalid data. Case: 'address2' length = min","tests.web.component.auth","Mon May 25 08:47:43 UTC 2026","skipped","Mon May 25 08:47:43 UTC 2026","TestSignUpWeb","test_signup_component","",""
"","0","[API] Create user should return 400_BAD_REQUEST when send create user request with invalid data. Case: 'zipcode' has invalid format","tests.api.user","Mon May 25 08:46:49 UTC 2026","skipped","Mon May 25 08:46:49 UTC 2026","TestCreateUserApi","test_create_user","",""
"","180","[API] Update user should return 200_OK when send update user request with valid data. Case: 'name' length = min","tests.api.user","Mon May 25 08:46:52 UTC 2026","passed","Mon May 25 08:46:52 UTC 2026","TestUpdateUserApi","test_update_user","",""
"","146","test_get_all_products","tests.api.product","Mon May 25 08:46:51 UTC 2026","passed","Mon May 25 08:46:51 UTC 2026","TestProductApi","test_product","",""
"","0","[API] Create user should return 400_BAD_REQUEST when send create user request with invalid data. Case: 'company' is empty","tests.api.user","Mon May 25 08:46:49 UTC 2026","skipped","Mon May 25 08:46:49 UTC 2026","TestCreateUserApi","test_create_user","",""
"","177","Should return user not found when user password invalid","tests.api.user","Mon May 25 08:47:12 UTC 2026","passed","Mon May 25 08:47:13 UTC 2026","TestVerifyLoginApi","test_verify_login","",""
"","0","[WEB] Sign up with invalid data. Case: 'address1' length = min","tests.web.component.auth","Mon May 25 08:47:43 UTC 2026","skipped","Mon May 25 08:47:43 UTC 2026","TestSignUpWeb","test_signup_component","",""
"","0","[API] Update user should return 400_BAD_REQUEST when send update user request with invalid data. Case: 'email' contains username hieroglyphs instead of username","tests.api.user","Mon May 25 08:47:12 UTC 2026","skipped","Mon May 25 08:47:12 UTC 2026","TestUpdateUserApi","test_update_user","",""
