"DESCRIPTION","DURATION IN MS","NAME","PARENT SUITE","START TIME","STATUS","STOP TIME","SUB SUITE","SUITE","TEST CLASS","TEST METHOD"
"","4787","Purchase products with login while checkout","tests.web.e2e","Sat May 23 19:22:30 UTC 2026","passed","Sat May 23 19:22:35 UTC 2026","TestPlaceOrder","test_place_order","",""
"","9155","[WEB] Sign in with valid data","tests.web.component.auth","Sat May 23 19:03:07 UTC 2026","passed","Sat May 23 19:03:17 UTC 2026","TestLoginWeb","test_login_component","",""
"","0","[API] Update user should return 400_BAD_REQUEST when send update user request with invalid data. Case: 'mobile_number' length = min - 1","tests.api.user","Sat May 23 19:03:01 UTC 2026","skipped","Sat May 23 19:03:01 UTC 2026","TestUpdateUserApi","test_update_user","",""
"","0","[WEB Component] Pay with invalid card should show error message. Case: card number contains special characters","tests.web.component.payment","Sat May 23 19:13:19 UTC 2026","skipped","Sat May 23 19:13:19 UTC 2026","TestPaymentComponent","test_payment_component","",""
"","315","[WEB Component] Payment component should have expected screenshot","tests.web.component.payment","Sat May 23 19:27:15 UTC 2026","passed","Sat May 23 19:27:15 UTC 2026","TestPaymentComponent","test_payment_component","",""
"","331","[API] Update user should return 200_OK when send update user request with valid data. Case: 'address2' length = max","tests.api.user","Sat May 23 19:02:57 UTC 2026","passed","Sat May 23 19:02:57 UTC 2026","TestUpdateUserApi","test_update_user","",""
"","169","[API] Create user should return 200_OK when send create user request with valid data. Case: 'address2' length = min + 1","tests.api.user","Sat May 23 19:02:49 UTC 2026","passed","Sat May 23 19:02:49 UTC 2026","TestCreateUserApi","test_create_user","",""
"","3114","[WEB] Sign up with valid data. Case: 'state' length = min + 1","tests.web.component.auth","Sat May 23 19:13:49 UTC 2026","passed","Sat May 23 19:13:52 UTC 2026","TestSignUpWeb","test_signup_component","",""
"","195","[API] Create user should return 200_OK when send create user request with valid data. Case: 'zipcode' length = max","tests.api.user","Sat May 23 19:02:51 UTC 2026","passed","Sat May 23 19:02:51 UTC 2026","TestCreateUserApi","test_create_user","",""
"","149","[API] Create user should return 200_OK when send create user request with valid data. Case: 'birth_month' = 12","tests.api.user","Sat May 23 19:02:42 UTC 2026","passed","Sat May 23 19:02:42 UTC 2026","TestCreateUserApi","test_create_user","",""
"","163","[API] Create user should return 200_OK when send create user request with valid data. Case: 'last_name' length = max - 1","tests.api.user","Sat May 23 19:02:39 UTC 2026","passed","Sat May 23 19:02:39 UTC 2026","TestCreateUserApi","test_create_user","",""
"","0","[WEB] Should not add product review with invalid data. Case: 'email' contains username hieroglyphs instead of username","tests.web.component.review","Sat May 23 19:21:03 UTC 2026","skipped","Sat May 23 19:21:03 UTC 2026","TestReviewComponent","test_review_component","",""
"","0","[API] Create user should return 400_BAD_REQUEST when send create user request with invalid data. Case: 'address2' length = min - 1","tests.api.user","Sat May 23 19:02:33 UTC 2026","skipped","Sat May 23 19:02:33 UTC 2026","TestCreateUserApi","test_create_user","",""
"","1648","[WEB Component] Pay with valid card should show success status message. Case: valid: 16 digits number","tests.web.component.payment","Sat May 23 19:11:32 UTC 2026","passed","Sat May 23 19:11:34 UTC 2026","TestPaymentComponent","test_payment_component","",""
"","0","[WEB] Should not add product review with invalid data. Case: 'email' contains multiple '@' symbols","tests.web.component.review","Sat May 23 19:21:03 UTC 2026","skipped","Sat May 23 19:21:03 UTC 2026","TestReviewComponent","test_review_component","",""
"","0","[API] Update user should return 400_BAD_REQUEST when send update user request with invalid data. Case: 'email' is empty","tests.api.user","Sat May 23 19:03:01 UTC 2026","skipped","Sat May 23 19:03:01 UTC 2026","TestUpdateUserApi","test_update_user","",""
"","0","[API] Update user should return 400_BAD_REQUEST when send update user request with invalid data. Case: 'email' not contains '@' symbol","tests.api.user","Sat May 23 19:03:01 UTC 2026","skipped","Sat May 23 19:03:01 UTC 2026","TestUpdateUserApi","test_update_user","",""
"","0","[WEB Component] Pay with invalid card should show error message. Case: cvc contains special characters","tests.web.component.payment","Sat May 23 19:13:19 UTC 2026","skipped","Sat May 23 19:13:19 UTC 2026","TestPaymentComponent","test_payment_component","",""
"","0","[WEB Component] Pay with invalid card should show error message. Case: card number contains letters","tests.web.component.payment","Sat May 23 19:13:19 UTC 2026","skipped","Sat May 23 19:13:19 UTC 2026","TestPaymentComponent","test_payment_component","",""
"","0","[API] Update user should return 400_BAD_REQUEST when send update user request with invalid data. Case: 'mobile_number' length = max + 1","tests.api.user","Sat May 23 19:03:01 UTC 2026","skipped","Sat May 23 19:03:01 UTC 2026","TestUpdateUserApi","test_update_user","",""
"","343","[API] Update user should return 200_OK when send update user request with valid data. Case: 'address2' length = min + 1","tests.api.user","Sat May 23 19:02:56 UTC 2026","passed","Sat May 23 19:02:56 UTC 2026","TestUpdateUserApi","test_update_user","",""
"","3125","[WEB] Sign up with valid data. Case: 'name' length = min","tests.web.component.auth","Sat May 23 19:03:55 UTC 2026","passed","Sat May 23 19:03:58 UTC 2026","TestSignUpWeb","test_signup_component","",""
"","0","[API] Update user should return 400_BAD_REQUEST when send update user request with invalid data. Case: 'last_name' length = max + 1","tests.api.user","Sat May 23 19:03:01 UTC 2026","skipped","Sat May 23 19:03:01 UTC 2026","TestUpdateUserApi","test_update_user","",""
"","0","[WEB] Sign up with invalid data. Case: 'birth_day' = 1","tests.web.component.auth","Sat May 23 19:03:31 UTC 2026","skipped","Sat May 23 19:03:31 UTC 2026","TestSignUpWeb","test_signup_component","",""
"","3050","[WEB] Sign up with valid data. Case: 'birth_month' = 12","tests.web.component.auth","Sat May 23 19:10:56 UTC 2026","passed","Sat May 23 19:10:59 UTC 2026","TestSignUpWeb","test_signup_component","",""
"","4053","[WEB] Sign up with valid data. Case: 'state' length = max - 1","tests.web.component.auth","Sat May 23 19:14:11 UTC 2026","passed","Sat May 23 19:14:15 UTC 2026","TestSignUpWeb","test_signup_component","",""
"","0","[API] Update user should return 400_BAD_REQUEST when send update user request with invalid data. Case: 'email' contains text after domain","tests.api.user","Sat May 23 19:03:01 UTC 2026","skipped","Sat May 23 19:03:01 UTC 2026","TestUpdateUserApi","test_update_user","",""
"","0","[API] Update user should return 400_BAD_REQUEST when send update user request with invalid data. Case: 'birth_year' is absent","tests.api.user","Sat May 23 19:03:01 UTC 2026","skipped","Sat May 23 19:03:01 UTC 2026","TestUpdateUserApi","test_update_user","",""
"","0","[WEB] Should not add product review with invalid data. Case: 'email' contains '-' after '@'","tests.web.component.review","Sat May 23 19:21:03 UTC 2026","skipped","Sat May 23 19:21:03 UTC 2026","TestReviewComponent","test_review_component","",""
"","0","[API] Update user should return 400_BAD_REQUEST when send update user request with invalid data. Case: 'birth_day' is absent","tests.api.user","Sat May 23 19:03:01 UTC 2026","skipped","Sat May 23 19:03:01 UTC 2026","TestUpdateUserApi","test_update_user","",""
"","486","[WEB Component] Should increase all products total price","tests.web.component.product","Sat May 23 19:17:22 UTC 2026","passed","Sat May 23 19:17:22 UTC 2026","TestProductItem","test_product_item","",""
"","214","[API] Update user should return 200_OK when send update user request with valid data. Case: 'state' length = max","tests.api.user","Sat May 23 19:02:57 UTC 2026","passed","Sat May 23 19:02:57 UTC 2026","TestUpdateUserApi","test_update_user","",""
"","0","[API] Create user should return 400_BAD_REQUEST when send create user request with invalid data. Case: 'state' length = max + 1","tests.api.user","Sat May 23 19:02:33 UTC 2026","skipped","Sat May 23 19:02:33 UTC 2026","TestCreateUserApi","test_create_user","",""
"","4501","[WEB] Sign up with valid data. Case: 'first_name' length = min","tests.web.component.auth","Sat May 23 19:05:23 UTC 2026","passed","Sat May 23 19:05:27 UTC 2026","TestSignUpWeb","test_signup_component","",""
"","0","[API] Update user should return 400_BAD_REQUEST when send update user request with invalid data. Case: 'birth_day' is zero","tests.api.user","Sat May 23 19:03:01 UTC 2026","skipped","Sat May 23 19:03:01 UTC 2026","TestUpdateUserApi","test_update_user","",""
"","0","[WEB] Sign up with invalid data. Case: 'company' length = max","tests.web.component.auth","Sat May 23 19:03:31 UTC 2026","skipped","Sat May 23 19:03:31 UTC 2026","TestSignUpWeb","test_signup_component","",""
"","3070","[WEB] Sign up with valid data. Case: 'name' length = min + 1","tests.web.component.auth","Sat May 23 19:04:16 UTC 2026","passed","Sat May 23 19:04:20 UTC 2026","TestSignUpWeb","test_signup_component","",""
"","153","[API] Create user should return 200_OK when send create user request with valid data. Case: 'zipcode' length = min + 1","tests.api.user","Sat May 23 19:02:51 UTC 2026","passed","Sat May 23 19:02:51 UTC 2026","TestCreateUserApi","test_create_user","",""
"","3067","[WEB] Sign up with valid data. Case: 'first_name' length = max","tests.web.component.auth","Sat May 23 19:06:32 UTC 2026","passed","Sat May 23 19:06:35 UTC 2026","TestSignUpWeb","test_signup_component","",""
"","0","[API] Create user should return 400_BAD_REQUEST when send create user request with invalid data. Case: 'birth_day' is negative","tests.api.user","Sat May 23 19:02:33 UTC 2026","skipped","Sat May 23 19:02:33 UTC 2026","TestCreateUserApi","test_create_user","",""
"","0","[API] Create user should return 400_BAD_REQUEST when send create user request with invalid data. Case: 'birth_year' is absent","tests.api.user","Sat May 23 19:02:33 UTC 2026","skipped","Sat May 23 19:02:33 UTC 2026","TestCreateUserApi","test_create_user","",""
"","0","[WEB] Sign up with invalid data. Case: 'address1' length = min + 1","tests.web.component.auth","Sat May 23 19:03:31 UTC 2026","skipped","Sat May 23 19:03:31 UTC 2026","TestSignUpWeb","test_signup_component","",""
"","0","[API] Create user should return 400_BAD_REQUEST when send create user request with invalid data. Case: 'name' length = max + 1","tests.api.user","Sat May 23 19:02:52 UTC 2026","skipped","Sat May 23 19:02:52 UTC 2026","TestCreateUserApi","test_create_user","",""
"","0","[API] Update user should return 400_BAD_REQUEST when send update user request with invalid data. Case: 'birth_day' is negative","tests.api.user","Sat May 23 19:03:01 UTC 2026","skipped","Sat May 23 19:03:01 UTC 2026","TestUpdateUserApi","test_update_user","",""
"","0","[WEB] Should not add product review with invalid data. Case: 'email' not contains '@' symbol","tests.web.component.review","Sat May 23 19:21:03 UTC 2026","skipped","Sat May 23 19:21:03 UTC 2026","TestReviewComponent","test_review_component","",""
"","0","[API] Update user should return 400_BAD_REQUEST when send update user request with invalid data. Case: 'city' is empty","tests.api.user","Sat May 23 19:03:01 UTC 2026","skipped","Sat May 23 19:03:01 UTC 2026","TestUpdateUserApi","test_update_user","",""
"","0","[API] Create user should return 400_BAD_REQUEST when send create user request with invalid data. Case: 'mobile_number' is absent","tests.api.user","Sat May 23 19:02:33 UTC 2026","skipped","Sat May 23 19:02:33 UTC 2026","TestCreateUserApi","test_create_user","",""
"","416","[WEB] Should add product review with valid data. Case: 'message' length = min + 1","tests.web.component.review","Sat May 23 19:22:23 UTC 2026","passed","Sat May 23 19:22:24 UTC 2026","TestReviewComponent","test_review_component","",""
"","0","[API] Update user should return 400_BAD_REQUEST when send update user request with invalid data. Case: 'birth_month' is zero","tests.api.user","Sat May 23 19:03:01 UTC 2026","skipped","Sat May 23 19:03:01 UTC 2026","TestUpdateUserApi","test_update_user","",""
"","0","[WEB] Should not add product review with invalid data. Case: 'email' is empty","tests.web.component.review","Sat May 23 19:21:03 UTC 2026","skipped","Sat May 23 19:21:03 UTC 2026","TestReviewComponent","test_review_component","",""
"","0","[WEB] Sign up with invalid data. Case: 'mobile_number' length = max","tests.web.component.auth","Sat May 23 19:03:31 UTC 2026","skipped","Sat May 23 19:03:31 UTC 2026","TestSignUpWeb","test_signup_component","",""
"","0","[WEB] Sign up with invalid data. Case: 'city' length = max","tests.web.component.auth","Sat May 23 19:03:31 UTC 2026","skipped","Sat May 23 19:03:31 UTC 2026","TestSignUpWeb","test_signup_component","",""
"","0","[WEB] Sign up with invalid data. Case: 'city' length = min","tests.web.component.auth","Sat May 23 19:03:31 UTC 2026","skipped","Sat May 23 19:03:31 UTC 2026","TestSignUpWeb","test_signup_component","",""
"","0","[API] Update user should return 400_BAD_REQUEST when send update user request with invalid data. Case: 'city' length = min - 1","tests.api.user","Sat May 23 19:03:01 UTC 2026","skipped","Sat May 23 19:03:01 UTC 2026","TestUpdateUserApi","test_update_user","",""
"","0","[WEB] Sign up with invalid data. Case: 'zipcode' length = max - 1","tests.web.component.auth","Sat May 23 19:03:31 UTC 2026","skipped","Sat May 23 19:03:31 UTC 2026","TestSignUpWeb","test_signup_component","",""
"","269","[API] Update user should return 200_OK when send update user request with valid data. Case: 'first_name' length = min + 1","tests.api.user","Sat May 23 19:02:40 UTC 2026","passed","Sat May 23 19:02:40 UTC 2026","TestUpdateUserApi","test_update_user","",""
"","5458","[WEB Component] Category filter should have expected screenshot when group expanded","tests.web.component.filter","Sat May 23 19:25:56 UTC 2026","passed","Sat May 23 19:26:01 UTC 2026","TestCategoryFilter","test_category_filter","",""
"","0","[API] Update user should return 400_BAD_REQUEST when send update user request with invalid data. Case: 'address2' length = max + 1","tests.api.user","Sat May 23 19:03:01 UTC 2026","skipped","Sat May 23 19:03:01 UTC 2026","TestUpdateUserApi","test_update_user","",""
"","0","[WEB Component] Pay with invalid card should show error message. Case: expiry month contains letters","tests.web.component.payment","Sat May 23 19:13:19 UTC 2026","skipped","Sat May 23 19:13:19 UTC 2026","TestPaymentComponent","test_payment_component","",""
"","439","[WEB Component] Pay with valid card should show success status message. Case: valid: cvc typical","tests.web.component.payment","Sat May 23 19:12:14 UTC 2026","passed","Sat May 23 19:12:14 UTC 2026","TestPaymentComponent","test_payment_component","",""
"","0","[WEB] Should not add product review with invalid data. Case: 'name' is absent","tests.web.component.review","Sat May 23 19:21:03 UTC 2026","skipped","Sat May 23 19:21:03 UTC 2026","TestReviewComponent","test_review_component","",""
"","141","Get brands should return 200_OK when send get brands request","tests.api.brand","Sat May 23 19:02:34 UTC 2026","passed","Sat May 23 19:02:34 UTC 2026","TestBrandApi","test_brand","",""
"","1","[API] Update user should return 400_BAD_REQUEST when send update user request with invalid data. Case: 'email' contains '-' after '@'","tests.api.user","Sat May 23 19:03:01 UTC 2026","skipped","Sat May 23 19:03:01 UTC 2026","TestUpdateUserApi","test_update_user","",""
"","787","[WEB Component] Brand filter should have expected screenshot","tests.web.component.filter","Sat May 23 19:26:08 UTC 2026","passed","Sat May 23 19:26:08 UTC 2026","TestBrandFilter","test_brand_filter","",""
"","253","[API] Update user should return 200_OK when send update user request with valid data. Case: 'first_name' length = min","tests.api.user","Sat May 23 19:02:39 UTC 2026","passed","Sat May 23 19:02:39 UTC 2026","TestUpdateUserApi","test_update_user","",""
"","3085","[WEB] Sign up with valid data. Case: 'city' length = max - 1","tests.web.component.auth","Sat May 23 19:15:42 UTC 2026","passed","Sat May 23 19:15:45 UTC 2026","TestSignUpWeb","test_signup_component","",""
"","0","[API] Create user should return 400_BAD_REQUEST when send create user request with invalid data. Case: 'birth_day' is invalid positive","tests.api.user","Sat May 23 19:02:33 UTC 2026","skipped","Sat May 23 19:02:33 UTC 2026","TestCreateUserApi","test_create_user","",""
"","0","[WEB] Should not add product review with invalid data. Case: 'email' contains domain with one letter","tests.web.component.review","Sat May 23 19:21:03 UTC 2026","skipped","Sat May 23 19:21:03 UTC 2026","TestReviewComponent","test_review_component","",""
"","0","[API] Create user should return 400_BAD_REQUEST when send create user request with invalid data. Case: 'zipcode' length = max + 1","tests.api.user","Sat May 23 19:02:33 UTC 2026","skipped","Sat May 23 19:02:33 UTC 2026","TestCreateUserApi","test_create_user","",""
"","0","[WEB Component] Pay with invalid card should show error message. Case: expiry month one digit","tests.web.component.payment","Sat May 23 19:13:19 UTC 2026","skipped","Sat May 23 19:13:19 UTC 2026","TestPaymentComponent","test_payment_component","",""
"","350","[WEB Component] Subscription component should have expected screenshot","tests.web.component.base","Sat May 23 19:23:51 UTC 2026","passed","Sat May 23 19:23:51 UTC 2026","TestSubscriptionComponent","test_subscription_component","",""
"","0","[WEB Component] Pay with invalid card should show error message. Case: name contains digits","tests.web.component.payment","Sat May 23 19:13:19 UTC 2026","skipped","Sat May 23 19:13:19 UTC 2026","TestPaymentComponent","test_payment_component","",""
"","1798","[WEB Component] Product carousel should have expected product","tests.web.component.carousel","Sat May 23 19:07:29 UTC 2026","failed","Sat May 23 19:07:31 UTC 2026","TestProductCarousel","test_product_carousel","",""
"","0","[WEB] Should not add product review with invalid data. Case: 'email' not contains domain","tests.web.component.review","Sat May 23 19:21:03 UTC 2026","skipped","Sat May 23 19:21:03 UTC 2026","TestReviewComponent","test_review_component","",""
"","0","[API] Create user should return 400_BAD_REQUEST when send create user request with invalid data. Case: 'last_name' length = min - 1","tests.api.user","Sat May 23 19:02:33 UTC 2026","skipped","Sat May 23 19:02:33 UTC 2026","TestCreateUserApi","test_create_user","",""
"","3136","[WEB] Sign up with valid data. Case: 'birth_day' = 1","tests.web.component.auth","Sat May 23 19:09:50 UTC 2026","passed","Sat May 23 19:09:53 UTC 2026","TestSignUpWeb","test_signup_component","",""
"","0","[WEB] Sign up with invalid data. Case: 'zipcode' length = min","tests.web.component.auth","Sat May 23 19:03:31 UTC 2026","skipped","Sat May 23 19:03:31 UTC 2026","TestSignUpWeb","test_signup_component","",""
"","178","[API] Create user should return 200_OK when send create user request with valid data. Case: 'city' length = min + 1","tests.api.user","Sat May 23 19:02:46 UTC 2026","passed","Sat May 23 19:02:47 UTC 2026","TestCreateUserApi","test_create_user","",""
"","0","[WEB Component] Pay with invalid card should show error message. Case: name contains emoji","tests.web.component.payment","Sat May 23 19:13:19 UTC 2026","skipped","Sat May 23 19:13:19 UTC 2026","TestPaymentComponent","test_payment_component","",""
"","0","[API] Create user should return 400_BAD_REQUEST when send create user request with invalid data. Case: 'mobile_number' is empty","tests.api.user","Sat May 23 19:02:33 UTC 2026","skipped","Sat May 23 19:02:33 UTC 2026","TestCreateUserApi","test_create_user","",""
"","0","[WEB Component] Pay with invalid card should show error message. Case: name is empty","tests.web.component.payment","Sat May 23 19:13:19 UTC 2026","skipped","Sat May 23 19:13:19 UTC 2026","TestPaymentComponent","test_payment_component","",""
"","256","[API] Update user should return 200_OK when send update user request with valid data. Case: 'city' length = max - 1","tests.api.user","Sat May 23 19:02:59 UTC 2026","passed","Sat May 23 19:02:59 UTC 2026","TestUpdateUserApi","test_update_user","",""
"","0","[API] Update user should return 400_BAD_REQUEST when send update user request with invalid data. Case: 'birth_year' is invalid positive","tests.api.user","Sat May 23 19:03:01 UTC 2026","skipped","Sat May 23 19:03:01 UTC 2026","TestUpdateUserApi","test_update_user","",""
"","572","[WEB] Should add product review with valid data. Case: 'email' contains subdomain","tests.web.component.review","Sat May 23 19:19:42 UTC 2026","passed","Sat May 23 19:19:43 UTC 2026","TestReviewComponent","test_review_component","",""
"","0","[WEB] Sign up with invalid data. Case: 'mobile_number' length = min + 1","tests.web.component.auth","Sat May 23 19:03:31 UTC 2026","skipped","Sat May 23 19:03:31 UTC 2026","TestSignUpWeb","test_signup_component","",""
"","0","[WEB] Should not add product review with invalid data. Case: 'name' length = max + 1","tests.web.component.review","Sat May 23 19:21:03 UTC 2026","skipped","Sat May 23 19:21:03 UTC 2026","TestReviewComponent","test_review_component","",""
"","3213","[WEB] Sign up with valid data. Case: 'zipcode' length = max","tests.web.component.auth","Sat May 23 19:03:28 UTC 2026","passed","Sat May 23 19:03:31 UTC 2026","TestSignUpWeb","test_signup_component","",""
"","0","[WEB] Sign up with invalid data. Case: 'first_name' length = min + 1","tests.web.component.auth","Sat May 23 19:03:31 UTC 2026","skipped","Sat May 23 19:03:31 UTC 2026","TestSignUpWeb","test_signup_component","",""
"","156","[API] Create user should return 200_OK when send create user request with valid data. Case: 'company' length = min + 1","tests.api.user","Sat May 23 19:02:44 UTC 2026","passed","Sat May 23 19:02:44 UTC 2026","TestCreateUserApi","test_create_user","",""
"","0","[WEB Component] Pay with invalid card should show error message. Case: name contains leading spaces","tests.web.component.payment","Sat May 23 19:13:19 UTC 2026","skipped","Sat May 23 19:13:19 UTC 2026","TestPaymentComponent","test_payment_component","",""
"","153","[API] Delete user should return 200_OK when send delete user request and user exists","tests.api.user","Sat May 23 19:02:34 UTC 2026","passed","Sat May 23 19:02:34 UTC 2026","TestDeleteUserApi","test_delete_user","",""
"","166","[API] Create user should return 200_OK when send create user request with valid data. Case: 'company' length = min","tests.api.user","Sat May 23 19:02:43 UTC 2026","passed","Sat May 23 19:02:43 UTC 2026","TestCreateUserApi","test_create_user","",""
"","0","[API] Update user should return 400_BAD_REQUEST when send update user request with invalid data. Case: 'email' contains multiple '@' symbols","tests.api.user","Sat May 23 19:03:01 UTC 2026","skipped","Sat May 23 19:03:01 UTC 2026","TestUpdateUserApi","test_update_user","",""
"","268","[API] Update user should return 200_OK when send update user request with valid data. Case: 'birth_month' = 1","tests.api.user","Sat May 23 19:02:49 UTC 2026","passed","Sat May 23 19:02:49 UTC 2026","TestUpdateUserApi","test_update_user","",""
"","1224","[WEB Component] Products Carousel should first products when scroll right on last image","tests.web.component.carousel","Sat May 23 19:25:29 UTC 2026","passed","Sat May 23 19:25:30 UTC 2026","TestProductCarousel","test_product_carousel","",""
"","0","[API] Create user should return 400_BAD_REQUEST when send create user request with invalid data. Case: 'state' is empty","tests.api.user","Sat May 23 19:02:33 UTC 2026","skipped","Sat May 23 19:02:33 UTC 2026","TestCreateUserApi","test_create_user","",""
"","0","[WEB] Sign up with invalid data. Case: 'city' length = max - 1","tests.web.component.auth","Sat May 23 19:03:31 UTC 2026","skipped","Sat May 23 19:03:31 UTC 2026","TestSignUpWeb","test_signup_component","",""
"","0","[WEB] Sign up with invalid data. Case: 'zipcode' length = max","tests.web.component.auth","Sat May 23 19:03:31 UTC 2026","skipped","Sat May 23 19:03:31 UTC 2026","TestSignUpWeb","test_signup_component","",""
"","380","[API] Update user should return 200_OK when send update user request with valid data. Case: 'mobile_number' length = min","tests.api.user","Sat May 23 19:02:45 UTC 2026","passed","Sat May 23 19:02:45 UTC 2026","TestUpdateUserApi","test_update_user","",""
"","1","[API] Update user should return 400_BAD_REQUEST when send update user request with invalid data. Case: 'email' contains '.' before dog symbol","tests.api.user","Sat May 23 19:03:01 UTC 2026","skipped","Sat May 23 19:03:01 UTC 2026","TestUpdateUserApi","test_update_user","",""
"","0","[WEB] Sign up with invalid data. Case: 'birth_year' = 1","tests.web.component.auth","Sat May 23 19:03:31 UTC 2026","skipped","Sat May 23 19:03:31 UTC 2026","TestSignUpWeb","test_signup_component","",""
"","0","[WEB] Should not add product review with invalid data. Case: 'message' length = max","tests.web.component.review","Sat May 23 19:21:03 UTC 2026","skipped","Sat May 23 19:21:03 UTC 2026","TestReviewComponent","test_review_component","",""
"","0","[API] Update user should return 400_BAD_REQUEST when send update user request with invalid data. Case: 'zipcode' is absent","tests.api.user","Sat May 23 19:03:01 UTC 2026","skipped","Sat May 23 19:03:01 UTC 2026","TestUpdateUserApi","test_update_user","",""
"","0","[API] Create user should return 400_BAD_REQUEST when send create user request with invalid data. Case: 'email' contains multiple '@' symbols","tests.api.user","Sat May 23 19:02:33 UTC 2026","skipped","Sat May 23 19:02:33 UTC 2026","TestCreateUserApi","test_create_user","",""
"","0","[WEB Component] Pay with invalid card should show error message. Case: name contains newline","tests.web.component.payment","Sat May 23 19:13:19 UTC 2026","skipped","Sat May 23 19:13:19 UTC 2026","TestPaymentComponent","test_payment_component","",""
"","0","[API] Create user should return 400_BAD_REQUEST when send create user request with invalid data. Case: 'address1' is absent","tests.api.user","Sat May 23 19:02:33 UTC 2026","skipped","Sat May 23 19:02:33 UTC 2026","TestCreateUserApi","test_create_user","",""
"","0","[WEB] Sign up with invalid data. Case: 'last_name' length = max - 1","tests.web.component.auth","Sat May 23 19:03:31 UTC 2026","skipped","Sat May 23 19:03:31 UTC 2026","TestSignUpWeb","test_signup_component","",""
"","2265","[WEB Component] Products Carousel should show next products when scroll right","tests.web.component.carousel","Sat May 23 19:24:55 UTC 2026","passed","Sat May 23 19:24:58 UTC 2026","TestProductCarousel","test_product_carousel","",""
"","945","[WEB Component] Add product to cart from product carousel","tests.web.component.carousel","Sat May 23 19:25:48 UTC 2026","passed","Sat May 23 19:25:49 UTC 2026","TestProductCarousel","test_product_carousel","",""
"","0","[WEB] Should not add product review with invalid data. Case: 'email' contains only special symbols","tests.web.component.review","Sat May 23 19:21:03 UTC 2026","skipped","Sat May 23 19:21:03 UTC 2026","TestReviewComponent","test_review_component","",""
"","0","[API] Create user should return 400_BAD_REQUEST when send create user request with invalid data. Case: 'address1' is empty","tests.api.user","Sat May 23 19:02:33 UTC 2026","skipped","Sat May 23 19:02:33 UTC 2026","TestCreateUserApi","test_create_user","",""
"","3016","[WEB] Sign up with valid data. Case: 'address2' length = min","tests.web.component.auth","Sat May 23 19:17:51 UTC 2026","passed","Sat May 23 19:17:54 UTC 2026","TestSignUpWeb","test_signup_component","",""
"","183","[API] Create user should return 200_OK when send create user request with valid data. Case: 'birth_year' = 1","tests.api.user","Sat May 23 19:02:42 UTC 2026","passed","Sat May 23 19:02:43 UTC 2026","TestCreateUserApi","test_create_user","",""
"","0","[API] Create user should return 400_BAD_REQUEST when send create user request with invalid data. Case: 'first_name' is empty","tests.api.user","Sat May 23 19:02:33 UTC 2026","skipped","Sat May 23 19:02:33 UTC 2026","TestCreateUserApi","test_create_user","",""
"","0","[WEB Component] Pay with invalid card should show error message. Case: name contains special characters","tests.web.component.payment","Sat May 23 19:13:19 UTC 2026","skipped","Sat May 23 19:13:19 UTC 2026","TestPaymentComponent","test_payment_component","",""
"","3047","[WEB] Sign up with valid data. Case: 'company' length = max","tests.web.component.auth","Sat May 23 19:13:05 UTC 2026","passed","Sat May 23 19:13:09 UTC 2026","TestSignUpWeb","test_signup_component","",""
"","0","[WEB] Should not add product review with invalid data. Case: 'email' is word","tests.web.component.review","Sat May 23 19:21:03 UTC 2026","skipped","Sat May 23 19:21:03 UTC 2026","TestReviewComponent","test_review_component","",""
"","463","[API] Update user should return 200_OK when send update user request with valid data. Case: 'zipcode' length = max - 1","tests.api.user","Sat May 23 19:03:00 UTC 2026","passed","Sat May 23 19:03:00 UTC 2026","TestUpdateUserApi","test_update_user","",""
"","0","[API] Create user should return 400_BAD_REQUEST when send create user request with invalid data. Case: 'zipcode' length = min - 1","tests.api.user","Sat May 23 19:02:33 UTC 2026","skipped","Sat May 23 19:02:33 UTC 2026","TestCreateUserApi","test_create_user","",""
"","394","[API] Update user should return 404_BAD_REQUEST when send update user request with not existing email","tests.api.user","Sat May 23 19:03:01 UTC 2026","passed","Sat May 23 19:03:01 UTC 2026","TestUpdateUserApi","test_update_user","",""
"","2928","[WEB] Sign up with valid data. Case: 'address1' length = min","tests.web.component.auth","Sat May 23 19:16:25 UTC 2026","passed","Sat May 23 19:16:28 UTC 2026","TestSignUpWeb","test_signup_component","",""
"","207","[API] Update user should return 200_OK when send update user request with valid data. Case: 'name' length = min + 1","tests.api.user","Sat May 23 19:02:37 UTC 2026","passed","Sat May 23 19:02:37 UTC 2026","TestUpdateUserApi","test_update_user","",""
"","626","[WEB Component] Should navigate to contact us page by click on 'Contact us' button","tests.web.component.base","Sat May 23 19:06:08 UTC 2026","passed","Sat May 23 19:06:08 UTC 2026","TestHeaderComponent","test_header_component","",""
"","299","[API] Update user should return 200_OK when send update user request with valid data. Case: 'company' length = max","tests.api.user","Sat May 23 19:02:54 UTC 2026","passed","Sat May 23 19:02:54 UTC 2026","TestUpdateUserApi","test_update_user","",""
"","3024","[WEB] Sign up with valid data. Case: 'company' length = min + 1","tests.web.component.auth","Sat May 23 19:12:22 UTC 2026","passed","Sat May 23 19:12:25 UTC 2026","TestSignUpWeb","test_signup_component","",""
"","0","[API] Update user should return 400_BAD_REQUEST when send update user request with invalid data. Case: 'email' contains invalid top level domain web","tests.api.user","Sat May 23 19:03:01 UTC 2026","skipped","Sat May 23 19:03:01 UTC 2026","TestUpdateUserApi","test_update_user","",""
"","10083","[WEB Component] Category filter group should be collapsed after expand another group","tests.web.component.filter","Sat May 23 19:26:43 UTC 2026","passed","Sat May 23 19:26:54 UTC 2026","TestCategoryFilter","test_category_filter","",""
"","0","[WEB] Sign up with invalid data. Case: 'first_name' length = min","tests.web.component.auth","Sat May 23 19:03:31 UTC 2026","skipped","Sat May 23 19:03:31 UTC 2026","TestSignUpWeb","test_signup_component","",""
"","0","[API] Create user should return 400_BAD_REQUEST when send create user request with invalid data. Case: 'mobile_number' length = max + 1","tests.api.user","Sat May 23 19:02:33 UTC 2026","skipped","Sat May 23 19:02:33 UTC 2026","TestCreateUserApi","test_create_user","",""
"","467","[WEB Component] Pay with valid card should show success status message. Case: valid: future year","tests.web.component.payment","Sat May 23 19:13:18 UTC 2026","passed","Sat May 23 19:13:18 UTC 2026","TestPaymentComponent","test_payment_component","",""
"","0","[API] Update user should return 400_BAD_REQUEST when send update user request with invalid data. Case: 'email' contains only special symbols","tests.api.user","Sat May 23 19:03:01 UTC 2026","skipped","Sat May 23 19:03:01 UTC 2026","TestUpdateUserApi","test_update_user","",""
"","2995","[WEB] Sign up with valid data. Case: 'last_name' length = min","tests.web.component.auth","Sat May 23 19:06:54 UTC 2026","passed","Sat May 23 19:06:57 UTC 2026","TestSignUpWeb","test_signup_component","",""
"","535","[WEB Component] Should navigate to products page by click 'Products' button","tests.web.component.base","Sat May 23 19:04:27 UTC 2026","passed","Sat May 23 19:04:28 UTC 2026","TestHeaderComponent","test_header_component","",""
"","0","[API] Update user should return 400_BAD_REQUEST when send update user request with invalid data. Case: 'company' length = max + 1","tests.api.user","Sat May 23 19:03:01 UTC 2026","skipped","Sat May 23 19:03:01 UTC 2026","TestUpdateUserApi","test_update_user","",""
"","2556","[WEB Component] Animated product card overlay should have expected data","tests.web.component.product","Sat May 23 19:27:31 UTC 2026","passed","Sat May 23 19:27:33 UTC 2026","TestAnimatedProductCard","test_animated_product_card_component","",""
"","238","[API] Create user should return 200_OK when send create user request with valid data. Case: 'birth_day' = 1","tests.api.user","Sat May 23 19:02:41 UTC 2026","passed","Sat May 23 19:02:41 UTC 2026","TestCreateUserApi","test_create_user","",""
"","327","[WEB] Should have expected screenshot when not send review","tests.web.component.review","Sat May 23 19:27:58 UTC 2026","passed","Sat May 23 19:27:59 UTC 2026","TestReviewComponent","test_review_component","",""
"","0","[API] Create user should return 400_BAD_REQUEST when send create user request with invalid data. Case: 'first_name' length = max + 1","tests.api.user","Sat May 23 19:02:33 UTC 2026","skipped","Sat May 23 19:02:33 UTC 2026","TestCreateUserApi","test_create_user","",""
"","3095","[WEB] Sign up with valid data. Case: 'city' length = min + 1","tests.web.component.auth","Sat May 23 19:15:20 UTC 2026","passed","Sat May 23 19:15:23 UTC 2026","TestSignUpWeb","test_signup_component","",""
"","263","[API] Update user should return 200_OK when send update user request with valid data. Case: 'mobile_number' length = max - 1","tests.api.user","Sat May 23 19:02:46 UTC 2026","passed","Sat May 23 19:02:47 UTC 2026","TestUpdateUserApi","test_update_user","",""
"","333","[API] Update user should return 200_OK when send update user request with valid data. Case: 'city' length = max","tests.api.user","Sat May 23 19:03:00 UTC 2026","passed","Sat May 23 19:03:00 UTC 2026","TestUpdateUserApi","test_update_user","",""
"","0","[API] Create user should return 400_BAD_REQUEST when send create user request with invalid data. Case: 'email' contains only special symbols","tests.api.user","Sat May 23 19:02:33 UTC 2026","skipped","Sat May 23 19:02:33 UTC 2026","TestCreateUserApi","test_create_user","",""
"","0","[API] Update user should return 400_BAD_REQUEST when send update user request with invalid data. Case: 'email' not contains domain","tests.api.user","Sat May 23 19:03:01 UTC 2026","skipped","Sat May 23 19:03:01 UTC 2026","TestUpdateUserApi","test_update_user","",""
"","0","[WEB] Should not add product review with invalid data. Case: 'name' length = min - 1","tests.web.component.review","Sat May 23 19:21:03 UTC 2026","skipped","Sat May 23 19:21:03 UTC 2026","TestReviewComponent","test_review_component","",""
"","4535","[WEB Component] Search filter should return empty products catalog","tests.web.component.filter","Sat May 23 19:09:02 UTC 2026","passed","Sat May 23 19:09:06 UTC 2026","TestSearchFilter","test_search_filter","",""
"","774","[WEB Component] Add product notification should have expected data and screenshot","tests.web.component.base","Sat May 23 19:22:52 UTC 2026","passed","Sat May 23 19:22:52 UTC 2026","TestNotificationComponent","test_notification_component","",""
"","568","[WEB] Should add product review with valid data. Case: 'email' username is numerical","tests.web.component.review","Sat May 23 19:20:25 UTC 2026","passed","Sat May 23 19:20:26 UTC 2026","TestReviewComponent","test_review_component","",""
"","248","[API] Update user should return 200_OK when send update user request with valid data. Case: 'city' length = min","tests.api.user","Sat May 23 19:02:58 UTC 2026","passed","Sat May 23 19:02:58 UTC 2026","TestUpdateUserApi","test_update_user","",""
"","0","[API] Create user should return 400_BAD_REQUEST when send create user request with invalid data. Case: 'company' length = max + 1","tests.api.user","Sat May 23 19:02:33 UTC 2026","skipped","Sat May 23 19:02:33 UTC 2026","TestCreateUserApi","test_create_user","",""
"","0","[WEB Component] Pay with invalid card should show error message. Case: card number contains dashes","tests.web.component.payment","Sat May 23 19:13:19 UTC 2026","skipped","Sat May 23 19:13:19 UTC 2026","TestPaymentComponent","test_payment_component","",""
"","3196","[WEB] Sign up with valid data. Case: 'address1' length = max","tests.web.component.auth","Sat May 23 19:17:30 UTC 2026","passed","Sat May 23 19:17:33 UTC 2026","TestSignUpWeb","test_signup_component","",""
"","0","[API] Create user should return 400_BAD_REQUEST when send create user request with invalid data. Case: 'address1' length = min - 1","tests.api.user","Sat May 23 19:02:33 UTC 2026","skipped","Sat May 23 19:02:33 UTC 2026","TestCreateUserApi","test_create_user","",""
"","0","[API] Update user should return 400_BAD_REQUEST when send update user request with invalid data. Case: 'birth_year' is zero","tests.api.user","Sat May 23 19:03:01 UTC 2026","skipped","Sat May 23 19:03:01 UTC 2026","TestUpdateUserApi","test_update_user","",""
"","495","[WEB] Should add product review with valid data. Case: 'email' domain contains '-'","tests.web.component.review","Sat May 23 19:20:45 UTC 2026","passed","Sat May 23 19:20:45 UTC 2026","TestReviewComponent","test_review_component","",""
"","0","[WEB Component] Pay with invalid card should show error message. Case: card number contains spaces","tests.web.component.payment","Sat May 23 19:13:19 UTC 2026","skipped","Sat May 23 19:13:19 UTC 2026","TestPaymentComponent","test_payment_component","",""
"","4307","[WEB] Sign up with valid data. Case: 'zipcode' length = max - 1","tests.web.component.auth","Sat May 23 19:03:05 UTC 2026","passed","Sat May 23 19:03:09 UTC 2026","TestSignUpWeb","test_signup_component","",""
"","0","[API] Create user should return 400_BAD_REQUEST when send create user request with invalid data. Case: 'name' is empty","tests.api.user","Sat May 23 19:02:52 UTC 2026","skipped","Sat May 23 19:02:52 UTC 2026","TestCreateUserApi","test_create_user","",""
"","171","[API] Create user should return 200_OK when send create user request with valid data. Case: 'address1' length = min + 1","tests.api.user","Sat May 23 19:02:48 UTC 2026","passed","Sat May 23 19:02:48 UTC 2026","TestCreateUserApi","test_create_user","",""
"","0","[API] Create user should return 400_BAD_REQUEST when send create user request with invalid data. Case: 'address1' length = max + 1","tests.api.user","Sat May 23 19:02:33 UTC 2026","skipped","Sat May 23 19:02:33 UTC 2026","TestCreateUserApi","test_create_user","",""
"","3071","[WEB] Sign up with valid data. Case: 'mobile_number' length = max - 1","tests.web.component.auth","Sat May 23 19:09:07 UTC 2026","passed","Sat May 23 19:09:10 UTC 2026","TestSignUpWeb","test_signup_component","",""
"","169","[API] Create user should return 200_OK when send create user request with valid data. Case: 'state' length = min + 1","tests.api.user","Sat May 23 19:02:45 UTC 2026","passed","Sat May 23 19:02:45 UTC 2026","TestCreateUserApi","test_create_user","",""
"","47","[WEB Component] Should have all products expected total price","tests.web.component.product","Sat May 23 19:17:01 UTC 2026","passed","Sat May 23 19:17:01 UTC 2026","TestProductItem","test_product_item","",""
"","475","[WEB Component] Should navigate to main page by click on header logo","tests.web.component.base","Sat May 23 19:04:09 UTC 2026","passed","Sat May 23 19:04:09 UTC 2026","TestHeaderComponent","test_header_component","",""
"","164","[API] Create user should return 200_OK when send create user request with valid data. Case: 'first_name' length = max","tests.api.user","Sat May 23 19:02:38 UTC 2026","passed","Sat May 23 19:02:38 UTC 2026","TestCreateUserApi","test_create_user","",""
"","156","[API] Create user should return 200_OK when send create user request with valid data. Case: 'address2' length = min","tests.api.user","Sat May 23 19:02:49 UTC 2026","passed","Sat May 23 19:02:49 UTC 2026","TestCreateUserApi","test_create_user","",""
"","0","[WEB] Sign up with invalid data. Case: 'state' length = min + 1","tests.web.component.auth","Sat May 23 19:03:31 UTC 2026","skipped","Sat May 23 19:03:31 UTC 2026","TestSignUpWeb","test_signup_component","",""
"","5854","[WEB Component] Category filter group should be collapsed after collapse expanded group","tests.web.component.filter","Sat May 23 19:26:19 UTC 2026","passed","Sat May 23 19:26:25 UTC 2026","TestCategoryFilter","test_category_filter","",""
"","0","[API] Update user should return 400_BAD_REQUEST when send update user request with invalid data. Case: 'city' length = max + 1","tests.api.user","Sat May 23 19:03:01 UTC 2026","skipped","Sat May 23 19:03:01 UTC 2026","TestUpdateUserApi","test_update_user","",""
"","168","Should return user exists when user exists with email and password","tests.api.user","Sat May 23 19:03:01 UTC 2026","passed","Sat May 23 19:03:02 UTC 2026","TestVerifyLoginApi","test_verify_login","",""
"","0","[WEB Component] Pay with invalid card should show error message. Case: cvc only spaces","tests.web.component.payment","Sat May 23 19:13:19 UTC 2026","skipped","Sat May 23 19:13:19 UTC 2026","TestPaymentComponent","test_payment_component","",""
"","0","[API] Update user should return 400_BAD_REQUEST when send update user request with invalid data. Case: 'zipcode' is empty","tests.api.user","Sat May 23 19:03:01 UTC 2026","skipped","Sat May 23 19:03:01 UTC 2026","TestUpdateUserApi","test_update_user","",""
"","164","[API] Create user should return 200_OK when send create user request with valid data. Case: 'mobile_number' length = min + 1","tests.api.user","Sat May 23 19:02:40 UTC 2026","passed","Sat May 23 19:02:40 UTC 2026","TestCreateUserApi","test_create_user","",""
"","170","[API] Create user should return 200_OK when send create user request with valid data. Case: 'mobile_number' length = min","tests.api.user","Sat May 23 19:02:40 UTC 2026","passed","Sat May 23 19:02:40 UTC 2026","TestCreateUserApi","test_create_user","",""
"","565","[WEB Component] Should subscribe with valid email","tests.web.component.base","Sat May 23 19:24:09 UTC 2026","passed","Sat May 23 19:24:10 UTC 2026","TestSubscriptionComponent","test_subscription_component","",""
"","255","[API] Update user should return 200_OK when send update user request with valid data. Case: 'last_name' length = max - 1","tests.api.user","Sat May 23 19:02:43 UTC 2026","passed","Sat May 23 19:02:44 UTC 2026","TestUpdateUserApi","test_update_user","",""
"","0","[API] Update user should return 400_BAD_REQUEST when send update user request with invalid data. Case: 'birth_year' is negative","tests.api.user","Sat May 23 19:03:01 UTC 2026","skipped","Sat May 23 19:03:01 UTC 2026","TestUpdateUserApi","test_update_user","",""
"","140","[API] Get user should return 404_NOT_FOUND when send get user request and user not exists","tests.api.user","Sat May 23 19:02:35 UTC 2026","passed","Sat May 23 19:02:36 UTC 2026","TestGetUserApi","test_get_user","",""
"","357","[WEB Component] Should navigate to login page by click 'Signup / Login' button","tests.web.component.base","Sat May 23 19:05:06 UTC 2026","passed","Sat May 23 19:05:06 UTC 2026","TestHeaderComponent","test_header_component","",""
"","3086","[WEB] Sign up with valid data. Case: 'address1' length = max - 1","tests.web.component.auth","Sat May 23 19:17:08 UTC 2026","passed","Sat May 23 19:17:11 UTC 2026","TestSignUpWeb","test_signup_component","",""
"","80","[WEB Component] Should visible user name when authorized","tests.web.component.base","Sat May 23 19:05:28 UTC 2026","passed","Sat May 23 19:05:28 UTC 2026","TestHeaderComponent","test_header_component","",""
"","193","[API] Get csrf should return 200_OK when send get csrf request and contains csrf cookie","tests.api.auth","Sat May 23 19:02:33 UTC 2026","passed","Sat May 23 19:02:33 UTC 2026","TestAuthApi","test_auth","",""
"","0","[API] Create user should return 400_BAD_REQUEST when send create user request with invalid data. Case: 'email' contains invalid top level domain web","tests.api.user","Sat May 23 19:02:33 UTC 2026","skipped","Sat May 23 19:02:33 UTC 2026","TestCreateUserApi","test_create_user","",""
"","159","[API] Create user should return 200_OK when send create user request with valid data. Case: 'mobile_number' length = max - 1","tests.api.user","Sat May 23 19:02:40 UTC 2026","passed","Sat May 23 19:02:40 UTC 2026","TestCreateUserApi","test_create_user","",""
"","236","[API] Update user should return 200_OK when send update user request with valid data. Case: 'address1' length = min + 1","tests.api.user","Sat May 23 19:02:53 UTC 2026","passed","Sat May 23 19:02:53 UTC 2026","TestUpdateUserApi","test_update_user","",""
"","0","[API] Update user should return 400_BAD_REQUEST when send update user request with invalid data. Case: 'first_name' is empty","tests.api.user","Sat May 23 19:03:01 UTC 2026","skipped","Sat May 23 19:03:01 UTC 2026","TestUpdateUserApi","test_update_user","",""
"","326","[API] Update user should return 200_OK when send update user request with valid data. Case: 'company' length = max - 1","tests.api.user","Sat May 23 19:02:53 UTC 2026","passed","Sat May 23 19:02:54 UTC 2026","TestUpdateUserApi","test_update_user","",""
"","0","[API] Create user should return 400_BAD_REQUEST when send create user request with invalid data. Case: 'zipcode' is absent","tests.api.user","Sat May 23 19:02:33 UTC 2026","skipped","Sat May 23 19:02:33 UTC 2026","TestCreateUserApi","test_create_user","",""
"","0","[WEB] Sign up with invalid data. Case: 'birth_month' = 12","tests.web.component.auth","Sat May 23 19:03:31 UTC 2026","skipped","Sat May 23 19:03:31 UTC 2026","TestSignUpWeb","test_signup_component","",""
"","288","[API] Update user should return 200_OK when send update user request with valid data. Case: 'state' length = min + 1","tests.api.user","Sat May 23 19:02:56 UTC 2026","passed","Sat May 23 19:02:56 UTC 2026","TestUpdateUserApi","test_update_user","",""
"","0","[WEB Component] Pay with invalid card should show error message. Case: expiry year too long","tests.web.component.payment","Sat May 23 19:13:19 UTC 2026","skipped","Sat May 23 19:13:19 UTC 2026","TestPaymentComponent","test_payment_component","",""
"","0","[API] Update user should return 400_BAD_REQUEST when send update user request with invalid data. Case: 'email' not contains username","tests.api.user","Sat May 23 19:03:01 UTC 2026","skipped","Sat May 23 19:03:01 UTC 2026","TestUpdateUserApi","test_update_user","",""
"","3062","[WEB] Sign up with valid data. Case: 'city' length = max","tests.web.component.auth","Sat May 23 19:16:03 UTC 2026","passed","Sat May 23 19:16:06 UTC 2026","TestSignUpWeb","test_signup_component","",""
"","0","[API] Update user should return 400_BAD_REQUEST when send update user request with invalid data. Case: 'name' is absent","tests.api.user","Sat May 23 19:03:01 UTC 2026","skipped","Sat May 23 19:03:01 UTC 2026","TestUpdateUserApi","test_update_user","",""
"","4316","[WEB] Sign up with valid data. Case: 'state' length = max","tests.web.component.auth","Sat May 23 19:14:34 UTC 2026","passed","Sat May 23 19:14:38 UTC 2026","TestSignUpWeb","test_signup_component","",""
"","2283","[WEB Component] Image Carousel should show first image when scroll right on last image","tests.web.component.carousel","Sat May 23 19:24:15 UTC 2026","passed","Sat May 23 19:24:18 UTC 2026","TestImageCarousel","test_image_carousel","",""
"","0","[API] Update user should return 400_BAD_REQUEST when send update user request with invalid data. Case: 'state' length = min - 1","tests.api.user","Sat May 23 19:03:01 UTC 2026","skipped","Sat May 23 19:03:01 UTC 2026","TestUpdateUserApi","test_update_user","",""
"","154","test_search_products_returns_empty_array","tests.api.product","Sat May 23 19:02:35 UTC 2026","passed","Sat May 23 19:02:35 UTC 2026","TestProductApi","test_product","",""
"","178","[API] Create user should return 200_OK when send create user request with valid data. Case: 'city' length = min","tests.api.user","Sat May 23 19:02:46 UTC 2026","passed","Sat May 23 19:02:46 UTC 2026","TestCreateUserApi","test_create_user","",""
"","0","[API] Create user should return 400_BAD_REQUEST when send create user request with invalid data. Case: 'email' contains '-' after '@'","tests.api.user","Sat May 23 19:02:33 UTC 2026","skipped","Sat May 23 19:02:33 UTC 2026","TestCreateUserApi","test_create_user","",""
"","0","[WEB] Should not add product review with invalid data. Case: 'email' contains text after domain","tests.web.component.review","Sat May 23 19:21:03 UTC 2026","skipped","Sat May 23 19:21:03 UTC 2026","TestReviewComponent","test_review_component","",""
"","0","[API] Update user should return 400_BAD_REQUEST when send update user request with invalid data. Case: 'zipcode' length = min - 1","tests.api.user","Sat May 23 19:03:01 UTC 2026","skipped","Sat May 23 19:03:01 UTC 2026","TestUpdateUserApi","test_update_user","",""
"","291","[API] Update user should return 200_OK when send update user request with valid data. Case: 'address2' length = min","tests.api.user","Sat May 23 19:02:55 UTC 2026","passed","Sat May 23 19:02:55 UTC 2026","TestUpdateUserApi","test_update_user","",""
"","3067","[WEB] Sign up with valid data. Case: 'name' length = max - 1","tests.web.component.auth","Sat May 23 19:04:38 UTC 2026","passed","Sat May 23 19:04:41 UTC 2026","TestSignUpWeb","test_signup_component","",""
"","1177","[WEB Component] Product item should have expected data","tests.web.component.product","Sat May 23 19:27:54 UTC 2026","failed","Sat May 23 19:27:55 UTC 2026","TestProductItem","test_product_item","",""
"","0","[API] Update user should return 400_BAD_REQUEST when send update user request with invalid data. Case: 'company' length = min - 1","tests.api.user","Sat May 23 19:03:01 UTC 2026","skipped","Sat May 23 19:03:01 UTC 2026","TestUpdateUserApi","test_update_user","",""
"","0","[WEB Component] Pay with invalid card should show error message. Case: name length = min - 1","tests.web.component.payment","Sat May 23 19:13:19 UTC 2026","skipped","Sat May 23 19:13:19 UTC 2026","TestPaymentComponent","test_payment_component","",""
"","359","[API] Update user should return 200_OK when send update user request with valid data. Case: 'first_name' length = max","tests.api.user","Sat May 23 19:02:41 UTC 2026","passed","Sat May 23 19:02:41 UTC 2026","TestUpdateUserApi","test_update_user","",""
"","158","[API] Create user should return 200_OK when send create user request with valid data. Case: 'first_name' length = min","tests.api.user","Sat May 23 19:02:37 UTC 2026","passed","Sat May 23 19:02:37 UTC 2026","TestCreateUserApi","test_create_user","",""
"","0","[WEB] Sign up with invalid data. Case: 'address1' length = min","tests.web.component.auth","Sat May 23 19:03:31 UTC 2026","skipped","Sat May 23 19:03:31 UTC 2026","TestSignUpWeb","test_signup_component","",""
"","219","[API] Update user should return 200_OK when send update user request with valid data. Case: 'birth_year' = 1","tests.api.user","Sat May 23 19:02:51 UTC 2026","passed","Sat May 23 19:02:51 UTC 2026","TestUpdateUserApi","test_update_user","",""
"","0","[API] Update user should return 400_BAD_REQUEST when send update user request with invalid data. Case: 'state' is absent","tests.api.user","Sat May 23 19:03:01 UTC 2026","skipped","Sat May 23 19:03:01 UTC 2026","TestUpdateUserApi","test_update_user","",""
"","3336","[WEB] Sign up with valid data. Case: 'city' length = min","tests.web.component.auth","Sat May 23 19:14:58 UTC 2026","passed","Sat May 23 19:15:01 UTC 2026","TestSignUpWeb","test_signup_component","",""
"","0","[API] Create user should return 400_BAD_REQUEST when send create user request with invalid data. Case: 'email' not contains domain","tests.api.user","Sat May 23 19:02:33 UTC 2026","skipped","Sat May 23 19:02:33 UTC 2026","TestCreateUserApi","test_create_user","",""
"","1367","[WEB Component] Should add product to cart when click on add to cart button","tests.web.component.product","Sat May 23 19:15:16 UTC 2026","passed","Sat May 23 19:15:17 UTC 2026","TestProductCard","test_product_details_component","",""
"","0","[WEB] Sign up with invalid data. Case: 'name' length = max","tests.web.component.auth","Sat May 23 19:03:31 UTC 2026","skipped","Sat May 23 19:03:31 UTC 2026","TestSignUpWeb","test_signup_component","",""
"","0","[WEB] Should not add product review with invalid data. Case: 'email' contains '.' before dog symbol","tests.web.component.review","Sat May 23 19:21:03 UTC 2026","skipped","Sat May 23 19:21:03 UTC 2026","TestReviewComponent","test_review_component","",""
"","0","[API] Create user should return 400_BAD_REQUEST when send create user request with invalid data. Case: 'name' is absent","tests.api.user","Sat May 23 19:02:52 UTC 2026","skipped","Sat May 23 19:02:52 UTC 2026","TestCreateUserApi","test_create_user","",""
"","753","[WEB] Should add product review with valid data. Case: 'email' domain name length = 2","tests.web.component.review","Sat May 23 19:21:45 UTC 2026","passed","Sat May 23 19:21:45 UTC 2026","TestReviewComponent","test_review_component","",""
"","274","[API] Update user should return 200_OK when send update user request with valid data. Case: 'birth_year' = 10000","tests.api.user","Sat May 23 19:02:51 UTC 2026","passed","Sat May 23 19:02:51 UTC 2026","TestUpdateUserApi","test_update_user","",""
"","0","[WEB] Should not add product review with invalid data. Case: 'message' length = min + 1","tests.web.component.review","Sat May 23 19:21:03 UTC 2026","skipped","Sat May 23 19:21:03 UTC 2026","TestReviewComponent","test_review_component","",""
"","0","[API] Create user should return 400_BAD_REQUEST when send create user request with invalid data. Case: 'address2' length = max + 1","tests.api.user","Sat May 23 19:02:33 UTC 2026","skipped","Sat May 23 19:02:33 UTC 2026","TestCreateUserApi","test_create_user","",""
"","278","[API] Create user should return 200_OK when send create user request with valid data. Case: 'address2' length = max","tests.api.user","Sat May 23 19:02:50 UTC 2026","passed","Sat May 23 19:02:50 UTC 2026","TestCreateUserApi","test_create_user","",""
"","164","[API] Create user should return 200_OK when send create user request with valid data. Case: 'zipcode' length = max - 1","tests.api.user","Sat May 23 19:02:51 UTC 2026","passed","Sat May 23 19:02:51 UTC 2026","TestCreateUserApi","test_create_user","",""
"","0","[WEB Component] Pay with invalid card should show error message. Case: expiry year too short","tests.web.component.payment","Sat May 23 19:13:19 UTC 2026","skipped","Sat May 23 19:13:19 UTC 2026","TestPaymentComponent","test_payment_component","",""
"","218","[API] Update user should return 200_OK when send update user request with valid data. Case: 'name' length = max - 1","tests.api.user","Sat May 23 19:02:37 UTC 2026","passed","Sat May 23 19:02:38 UTC 2026","TestUpdateUserApi","test_update_user","",""
"","0","[WEB Component] Pay with invalid card should show error message. Case: expiry month = 00","tests.web.component.payment","Sat May 23 19:13:19 UTC 2026","skipped","Sat May 23 19:13:19 UTC 2026","TestPaymentComponent","test_payment_component","",""
"","0","[WEB Component] Pay with invalid card should show error message. Case: card number all zeros","tests.web.component.payment","Sat May 23 19:13:19 UTC 2026","skipped","Sat May 23 19:13:19 UTC 2026","TestPaymentComponent","test_payment_component","",""
"","1033","[WEB Component] Should add product to cart when click on add to cart button from overlay","tests.web.component.product","Sat May 23 19:13:56 UTC 2026","passed","Sat May 23 19:13:57 UTC 2026","TestAnimatedProductCard","test_animated_product_card_component","",""
"","0","[WEB] Should not add product review with invalid data. Case: 'message' length = max - 1","tests.web.component.review","Sat May 23 19:21:03 UTC 2026","skipped","Sat May 23 19:21:03 UTC 2026","TestReviewComponent","test_review_component","",""
"","295","[API] Update user should return 200_OK when send update user request with valid data. Case: 'birth_day' = 1","tests.api.user","Sat May 23 19:02:48 UTC 2026","passed","Sat May 23 19:02:48 UTC 2026","TestUpdateUserApi","test_update_user","",""
"","0","[WEB Component] Pay with invalid card should show error message. Case: card number too short","tests.web.component.payment","Sat May 23 19:13:19 UTC 2026","skipped","Sat May 23 19:13:19 UTC 2026","TestPaymentComponent","test_payment_component","",""
"","2060","[WEB Component] Pay with valid card should show success status message. Case: valid: name min length","tests.web.component.payment","Sat May 23 19:10:08 UTC 2026","passed","Sat May 23 19:10:10 UTC 2026","TestPaymentComponent","test_payment_component","",""
"","3332","[WEB] Sign up with valid data. Case: 'address2' length = min + 1","tests.web.component.auth","Sat May 23 19:18:13 UTC 2026","passed","Sat May 23 19:18:16 UTC 2026","TestSignUpWeb","test_signup_component","",""
"","0","[API] Update user should return 400_BAD_REQUEST when send update user request with invalid data. Case: 'email' contains username hieroglyphs instead of username","tests.api.user","Sat May 23 19:03:01 UTC 2026","skipped","Sat May 23 19:03:01 UTC 2026","TestUpdateUserApi","test_update_user","",""
"","0","[WEB] Sign up with invalid data. Case: 'last_name' length = max","tests.web.component.auth","Sat May 23 19:03:31 UTC 2026","skipped","Sat May 23 19:03:31 UTC 2026","TestSignUpWeb","test_signup_component","",""
"","0","[WEB] Sign up with invalid data. Case: 'company' length = min","tests.web.component.auth","Sat May 23 19:03:31 UTC 2026","skipped","Sat May 23 19:03:31 UTC 2026","TestSignUpWeb","test_signup_component","",""
"","160","[API] Create user should return 200_OK when send create user request with valid data. Case: 'birth_month' = 1","tests.api.user","Sat May 23 19:02:42 UTC 2026","passed","Sat May 23 19:02:42 UTC 2026","TestCreateUserApi","test_create_user","",""
"","0","[API] Create user should return 400_BAD_REQUEST when send create user request with invalid data. Case: 'last_name' length = max + 1","tests.api.user","Sat May 23 19:02:33 UTC 2026","skipped","Sat May 23 19:02:33 UTC 2026","TestCreateUserApi","test_create_user","",""
"","0","[API] Update user should return 400_BAD_REQUEST when send update user request with invalid data. Case: 'address1' length = min - 1","tests.api.user","Sat May 23 19:03:01 UTC 2026","skipped","Sat May 23 19:03:01 UTC 2026","TestUpdateUserApi","test_update_user","",""
"","163","[API] Create user should return 200_OK when send create user request with valid data. Case: 'address2' length = max - 1","tests.api.user","Sat May 23 19:02:50 UTC 2026","passed","Sat May 23 19:02:50 UTC 2026","TestCreateUserApi","test_create_user","",""
"","2293","[WEB Component] Image Carousel should show previous image when scroll left","tests.web.component.carousel","Sat May 23 19:24:28 UTC 2026","passed","Sat May 23 19:24:31 UTC 2026","TestImageCarousel","test_image_carousel","",""
"","0","[WEB Component] Pay with invalid card should show error message. Case: expiry month only spaces","tests.web.component.payment","Sat May 23 19:13:19 UTC 2026","skipped","Sat May 23 19:13:19 UTC 2026","TestPaymentComponent","test_payment_component","",""
"","0","[API] Update user should return 400_BAD_REQUEST when send update user request with invalid data. Case: 'mobile_number' is absent","tests.api.user","Sat May 23 19:03:01 UTC 2026","skipped","Sat May 23 19:03:01 UTC 2026","TestUpdateUserApi","test_update_user","",""
"","0","[API] Update user should return 400_BAD_REQUEST when send update user request with invalid data. Case: 'city' is absent","tests.api.user","Sat May 23 19:03:01 UTC 2026","skipped","Sat May 23 19:03:01 UTC 2026","TestUpdateUserApi","test_update_user","",""
"","0","[API] Update user should return 400_BAD_REQUEST when send update user request with invalid data. Case: 'address1' is empty","tests.api.user","Sat May 23 19:03:01 UTC 2026","skipped","Sat May 23 19:03:01 UTC 2026","TestUpdateUserApi","test_update_user","",""
"","0","[WEB Component] Pay with invalid card should show error message. Case: expiry month is empty","tests.web.component.payment","Sat May 23 19:13:19 UTC 2026","skipped","Sat May 23 19:13:19 UTC 2026","TestPaymentComponent","test_payment_component","",""
"","0","[API] Create user should return 400_BAD_REQUEST when send create user request with invalid data. Case: 'company' is empty","tests.api.user","Sat May 23 19:02:33 UTC 2026","skipped","Sat May 23 19:02:33 UTC 2026","TestCreateUserApi","test_create_user","",""
"","536","[WEB] Should add product review with valid data. Case: 'email' username contains only underscore '-'","tests.web.component.review","Sat May 23 19:21:05 UTC 2026","passed","Sat May 23 19:21:05 UTC 2026","TestReviewComponent","test_review_component","",""
"","873","[WEB Component] Should have expected success status message after sending contact info","tests.web.component.base","Sat May 23 19:07:10 UTC 2026","passed","Sat May 23 19:07:11 UTC 2026","TestSubscriptionComponent","test_subscription_component","",""
"","432","[WEB Component] Pay with valid card should show success status message. Case: valid: boundary valid number","tests.web.component.payment","Sat May 23 19:11:53 UTC 2026","passed","Sat May 23 19:11:53 UTC 2026","TestPaymentComponent","test_payment_component","",""
"","146","[API] Create user should return 400_BAD_REQUEST when send create user request with existing email","tests.api.user","Sat May 23 19:02:34 UTC 2026","passed","Sat May 23 19:02:34 UTC 2026","TestCreateUserApi","test_create_user","",""
"","165","[API] Create user should return 200_OK when send create user request with valid data. Case: 'birth_year' = 10000","tests.api.user","Sat May 23 19:02:43 UTC 2026","passed","Sat May 23 19:02:43 UTC 2026","TestCreateUserApi","test_create_user","",""
"","641","[WEB] Should add product review with valid data. Case: 'email' domain length = 2","tests.web.component.review","Sat May 23 19:21:25 UTC 2026","passed","Sat May 23 19:21:26 UTC 2026","TestReviewComponent","test_review_component","",""
"","2540","[WEB Component] Order placed page should have expected screenshot","tests.web.component.payment","Sat May 23 19:26:50 UTC 2026","passed","Sat May 23 19:26:53 UTC 2026","TestPaymentComponent","test_invoice_file","",""
"","0","[API] Update user should return 400_BAD_REQUEST when send update user request with invalid data. Case: 'birth_day' is invalid positive","tests.api.user","Sat May 23 19:03:01 UTC 2026","skipped","Sat May 23 19:03:01 UTC 2026","TestUpdateUserApi","test_update_user","",""
"","0","[API] Create user should return 400_BAD_REQUEST when send create user request with invalid data. Case: 'email' not contains '@' symbol","tests.api.user","Sat May 23 19:02:33 UTC 2026","skipped","Sat May 23 19:02:33 UTC 2026","TestCreateUserApi","test_create_user","",""
"","0","[WEB] Sign up with invalid data. Case: 'last_name' length = min","tests.web.component.auth","Sat May 23 19:03:31 UTC 2026","skipped","Sat May 23 19:03:31 UTC 2026","TestSignUpWeb","test_signup_component","",""
"","160","[API] Create user should return 200_OK when send create user request with valid data. Case: 'state' length = max","tests.api.user","Sat May 23 19:02:46 UTC 2026","passed","Sat May 23 19:02:46 UTC 2026","TestCreateUserApi","test_create_user","",""
"","547","[WEB Component] Should navigate to main page by click on header logo","tests.web.component.base","Sat May 23 19:03:50 UTC 2026","passed","Sat May 23 19:03:50 UTC 2026","TestHeaderComponent","test_header_component","",""
"","0","[WEB Component] Pay with invalid card should show error message. Case: expiry year only spaces","tests.web.component.payment","Sat May 23 19:13:19 UTC 2026","skipped","Sat May 23 19:13:19 UTC 2026","TestPaymentComponent","test_payment_component","",""
"","0","[WEB Component] Pay with invalid card should show error message. Case: name length = max + 1","tests.web.component.payment","Sat May 23 19:13:19 UTC 2026","skipped","Sat May 23 19:13:19 UTC 2026","TestPaymentComponent","test_payment_component","",""
"","771","[WEB] Should have expected screenshot when send review","tests.web.component.review","Sat May 23 19:28:03 UTC 2026","passed","Sat May 23 19:28:04 UTC 2026","TestReviewComponent","test_review_component","",""
"","0","[WEB] Sign up with invalid data. Case: 'company' length = min + 1","tests.web.component.auth","Sat May 23 19:03:31 UTC 2026","skipped","Sat May 23 19:03:31 UTC 2026","TestSignUpWeb","test_signup_component","",""
"","991","[WEB Component] Product details should have expected data","tests.web.component.product","Sat May 23 19:27:39 UTC 2026","passed","Sat May 23 19:27:40 UTC 2026","TestProductCard","test_product_details_component","",""
"","0","[WEB Component] Pay with invalid card should show error message. Case: name only spaces","tests.web.component.payment","Sat May 23 19:13:19 UTC 2026","skipped","Sat May 23 19:13:19 UTC 2026","TestPaymentComponent","test_payment_component","",""
"","156","[API] Create user should return 200_OK when send create user request with valid data. Case: 'state' length = min","tests.api.user","Sat May 23 19:02:45 UTC 2026","passed","Sat May 23 19:02:45 UTC 2026","TestCreateUserApi","test_create_user","",""
"","0","[API] Create user should return 400_BAD_REQUEST when send create user request with invalid data. Case: 'city' is empty","tests.api.user","Sat May 23 19:02:33 UTC 2026","skipped","Sat May 23 19:02:33 UTC 2026","TestCreateUserApi","test_create_user","",""
"","396","[WEB Component] Billing address has expected data","tests.web.component.address","Sat May 23 19:22:54 UTC 2026","passed","Sat May 23 19:22:55 UTC 2026","TestAddressComponent","test_address_component","",""
"","0","[API] Create user should return 400_BAD_REQUEST when send create user request with invalid data. Case: 'email' contains '.' before dog symbol","tests.api.user","Sat May 23 19:02:33 UTC 2026","skipped","Sat May 23 19:02:33 UTC 2026","TestCreateUserApi","test_create_user","",""
"","621","[WEB] Should add product review with valid data. Case: 'email' has not exists email service","tests.web.component.review","Sat May 23 19:19:22 UTC 2026","passed","Sat May 23 19:19:23 UTC 2026","TestReviewComponent","test_review_component","",""
"","0","[WEB Component] Should not subscribe with invalid email","tests.web.component.base","Sat May 23 19:24:10 UTC 2026","skipped","Sat May 23 19:24:10 UTC 2026","TestSubscriptionComponent","test_subscription_component","",""
"","0","[WEB] Sign up with invalid data. Case: 'name' length = min + 1","tests.web.component.auth","Sat May 23 19:03:31 UTC 2026","skipped","Sat May 23 19:03:31 UTC 2026","TestSignUpWeb","test_signup_component","",""
"","0","[WEB Component] Pay with invalid card should show error message. Case: cvc too long","tests.web.component.payment","Sat May 23 19:13:19 UTC 2026","skipped","Sat May 23 19:13:19 UTC 2026","TestPaymentComponent","test_payment_component","",""
"","2283","[WEB Component] Image Carousel should show next image when scroll right","tests.web.component.carousel","Sat May 23 19:24:49 UTC 2026","passed","Sat May 23 19:24:51 UTC 2026","TestImageCarousel","test_image_carousel","",""
"","0","[API] Create user should return 400_BAD_REQUEST when send create user request with invalid data. Case: 'email' contains text before username","tests.api.user","Sat May 23 19:02:33 UTC 2026","skipped","Sat May 23 19:02:33 UTC 2026","TestCreateUserApi","test_create_user","",""
"","276","[API] Update user should return 200_OK when send update user request with valid data. Case: 'name' length = max","tests.api.user","Sat May 23 19:02:38 UTC 2026","passed","Sat May 23 19:02:38 UTC 2026","TestUpdateUserApi","test_update_user","",""
"","4456","[WEB] Sign up with valid data. Case: 'address2' length = max","tests.web.component.auth","Sat May 23 19:18:57 UTC 2026","passed","Sat May 23 19:19:01 UTC 2026","TestSignUpWeb","test_signup_component","",""
"","0","[WEB] Sign up with invalid data. Case: 'first_name' length = max - 1","tests.web.component.auth","Sat May 23 19:03:31 UTC 2026","skipped","Sat May 23 19:03:31 UTC 2026","TestSignUpWeb","test_signup_component","",""
"","0","[API] Create user should return 400_BAD_REQUEST when send create user request with invalid data. Case: 'birth_year' is negative","tests.api.user","Sat May 23 19:02:33 UTC 2026","skipped","Sat May 23 19:02:33 UTC 2026","TestCreateUserApi","test_create_user","",""
"","163","[API] Create user should return 200_OK when send create user request with valid data. Case: 'company' length = max - 1","tests.api.user","Sat May 23 19:02:44 UTC 2026","passed","Sat May 23 19:02:44 UTC 2026","TestCreateUserApi","test_create_user","",""
"","0","[API] Update user should return 400_BAD_REQUEST when send update user request with invalid data. Case: 'name' is empty","tests.api.user","Sat May 23 19:03:01 UTC 2026","skipped","Sat May 23 19:03:01 UTC 2026","TestUpdateUserApi","test_update_user","",""
"","284","[API] Update user should return 200_OK when send update user request with valid data. Case: 'state' length = max - 1","tests.api.user","Sat May 23 19:02:56 UTC 2026","passed","Sat May 23 19:02:57 UTC 2026","TestUpdateUserApi","test_update_user","",""
"","1103","[WEB Component] Products Carousel should show previous image when scroll left","tests.web.component.carousel","Sat May 23 19:24:36 UTC 2026","passed","Sat May 23 19:24:37 UTC 2026","TestProductCarousel","test_product_carousel","",""
"","0","[API] Update user should return 400_BAD_REQUEST when send update user request with invalid data. Case: 'address2' length = min - 1","tests.api.user","Sat May 23 19:03:01 UTC 2026","skipped","Sat May 23 19:03:01 UTC 2026","TestUpdateUserApi","test_update_user","",""
"","0","[WEB Component] Pay with invalid card should show error message. Case: expiry year in the past","tests.web.component.payment","Sat May 23 19:13:19 UTC 2026","skipped","Sat May 23 19:13:19 UTC 2026","TestPaymentComponent","test_payment_component","",""
"","255","[API] Update user should return 200_OK when send update user request with valid data. Case: 'name' length = min","tests.api.user","Sat May 23 19:02:36 UTC 2026","passed","Sat May 23 19:02:36 UTC 2026","TestUpdateUserApi","test_update_user","",""
"","0","[WEB Component] Pay with invalid card should show error message. Case: card number fails luhn check","tests.web.component.payment","Sat May 23 19:13:19 UTC 2026","skipped","Sat May 23 19:13:19 UTC 2026","TestPaymentComponent","test_payment_component","",""
"","1342","[WEB Component] Page scroller scroll page to top","tests.web.component.base","Sat May 23 19:23:31 UTC 2026","passed","Sat May 23 19:23:33 UTC 2026","TestPageScrollerComponent","test_page_scroller_component","",""
"","252","[API] Create user should return 200_OK when send create user request with valid data. Case: 'city' length = max - 1","tests.api.user","Sat May 23 19:02:47 UTC 2026","passed","Sat May 23 19:02:47 UTC 2026","TestCreateUserApi","test_create_user","",""
"","0","[WEB Component] Pay with invalid card should show error message. Case: card number only spaces","tests.web.component.payment","Sat May 23 19:13:19 UTC 2026","skipped","Sat May 23 19:13:19 UTC 2026","TestPaymentComponent","test_payment_component","",""
"","0","[API] Update user should return 400_BAD_REQUEST when send update user request with invalid data. Case: 'name' length = max + 1","tests.api.user","Sat May 23 19:03:01 UTC 2026","skipped","Sat May 23 19:03:01 UTC 2026","TestUpdateUserApi","test_update_user","",""
"","410","[WEB Component] Header has expected screenshot when authorized","tests.web.component.base","Sat May 23 19:23:57 UTC 2026","passed","Sat May 23 19:23:57 UTC 2026","TestHeaderComponent","test_header_component","",""
"","0","[API] Update user should return 400_BAD_REQUEST when send update user request with invalid data. Case: 'birth_month' is negative","tests.api.user","Sat May 23 19:03:01 UTC 2026","skipped","Sat May 23 19:03:01 UTC 2026","TestUpdateUserApi","test_update_user","",""
"","1194","[WEB Component] Image Carousel should show last image when scroll left on first image","tests.web.component.carousel","Sat May 23 19:25:09 UTC 2026","passed","Sat May 23 19:25:10 UTC 2026","TestImageCarousel","test_image_carousel","",""
"","253","[API] Update user should return 200_OK when send update user request with valid data. Case: 'city' length = min + 1","tests.api.user","Sat May 23 19:02:59 UTC 2026","passed","Sat May 23 19:02:59 UTC 2026","TestUpdateUserApi","test_update_user","",""
"","0","[WEB Component] Pay with invalid card should show error message. Case: card number too long","tests.web.component.payment","Sat May 23 19:13:19 UTC 2026","skipped","Sat May 23 19:13:19 UTC 2026","TestPaymentComponent","test_payment_component","",""
"","1544","[WEB Component] Place order without authorization notification should have expected data and screenshot","tests.web.component.base","Sat May 23 19:23:12 UTC 2026","passed","Sat May 23 19:23:13 UTC 2026","TestNotificationComponent","test_notification_component","",""
"","163","[API] Create user should return 200_OK when send create user request with valid data. Case: 'mobile_number' length = max","tests.api.user","Sat May 23 19:02:41 UTC 2026","passed","Sat May 23 19:02:41 UTC 2026","TestCreateUserApi","test_create_user","",""
"","0","[WEB] Should not add product review with invalid data. Case: 'message' length = min","tests.web.component.review","Sat May 23 19:21:03 UTC 2026","skipped","Sat May 23 19:21:03 UTC 2026","TestReviewComponent","test_review_component","",""
"","250","[API] Update user should return 200_OK when send update user request with valid data. Case: 'birth_month' = 12","tests.api.user","Sat May 23 19:02:50 UTC 2026","passed","Sat May 23 19:02:50 UTC 2026","TestUpdateUserApi","test_update_user","",""
"","2292","[WEB] Should add product review with valid data. Case: 'message' length = max","tests.web.component.review","Sat May 23 19:21:00 UTC 2026","passed","Sat May 23 19:21:03 UTC 2026","TestReviewComponent","test_review_component","",""
"","469","[WEB Component] Should open product page when click on view product button","tests.web.component.product","Sat May 23 19:14:16 UTC 2026","passed","Sat May 23 19:14:16 UTC 2026","TestAnimatedProductCard","test_animated_product_card_component","",""
"","0","[API] Update user should return 400_BAD_REQUEST when send update user request with invalid data. Case: 'first_name' length = min - 1","tests.api.user","Sat May 23 19:03:01 UTC 2026","skipped","Sat May 23 19:03:01 UTC 2026","TestUpdateUserApi","test_update_user","",""
"","0","[WEB] Sign up with invalid data. Case: 'mobile_number' length = min","tests.web.component.auth","Sat May 23 19:03:31 UTC 2026","skipped","Sat May 23 19:03:31 UTC 2026","TestSignUpWeb","test_signup_component","",""
"","0","[API] Update user should return 400_BAD_REQUEST when send update user request with invalid data. Case: 'zipcode' has invalid format","tests.api.user","Sat May 23 19:03:01 UTC 2026","skipped","Sat May 23 19:03:01 UTC 2026","TestUpdateUserApi","test_update_user","",""
"","0","[WEB] Should not add product review with invalid data. Case: 'name' is empty","tests.web.component.review","Sat May 23 19:21:03 UTC 2026","skipped","Sat May 23 19:21:03 UTC 2026","TestReviewComponent","test_review_component","",""
"","0","[WEB] Sign up with invalid data. Case: 'address1' length = max","tests.web.component.auth","Sat May 23 19:03:31 UTC 2026","skipped","Sat May 23 19:03:31 UTC 2026","TestSignUpWeb","test_signup_component","",""
"","260","[API] Update user should return 200_OK when send update user request with valid data. Case: 'first_name' length = max - 1","tests.api.user","Sat May 23 19:02:40 UTC 2026","passed","Sat May 23 19:02:41 UTC 2026","TestUpdateUserApi","test_update_user","",""
"","670","[WEB] Should add product review with valid data. Case: 'name' length = max","tests.web.component.review","Sat May 23 19:19:02 UTC 2026","passed","Sat May 23 19:19:02 UTC 2026","TestReviewComponent","test_review_component","",""
"","0","[API] Update user should return 400_BAD_REQUEST when send update user request with invalid data. Case: 'mobile_number' is empty","tests.api.user","Sat May 23 19:03:01 UTC 2026","skipped","Sat May 23 19:03:01 UTC 2026","TestUpdateUserApi","test_update_user","",""
"","0","[API] Create user should return 400_BAD_REQUEST when send create user request with invalid data. Case: 'birth_year' is zero","tests.api.user","Sat May 23 19:02:33 UTC 2026","skipped","Sat May 23 19:02:33 UTC 2026","TestCreateUserApi","test_create_user","",""
"","266","[API] Update user should return 200_OK when send update user request with valid data. Case: 'last_name' length = min + 1","tests.api.user","Sat May 23 19:02:43 UTC 2026","passed","Sat May 23 19:02:43 UTC 2026","TestUpdateUserApi","test_update_user","",""
"","0","[API] Create user should return 400_BAD_REQUEST when send create user request with invalid data. Case: 'birth_month' is zero","tests.api.user","Sat May 23 19:02:33 UTC 2026","skipped","Sat May 23 19:02:33 UTC 2026","TestCreateUserApi","test_create_user","",""
"","0","[WEB] Sign up with invalid data. Case: 'name' length = max - 1","tests.web.component.auth","Sat May 23 19:03:31 UTC 2026","skipped","Sat May 23 19:03:31 UTC 2026","TestSignUpWeb","test_signup_component","",""
"","0","[WEB Component] Pay with invalid card should show error message. Case: name contains non latin characters","tests.web.component.payment","Sat May 23 19:13:19 UTC 2026","skipped","Sat May 23 19:13:19 UTC 2026","TestPaymentComponent","test_payment_component","",""
"","219","[API] Update user should return 200_OK when send update user request with valid data. Case: 'address1' length = min","tests.api.user","Sat May 23 19:02:52 UTC 2026","passed","Sat May 23 19:02:52 UTC 2026","TestUpdateUserApi","test_update_user","",""
"","0","[WEB] Sign up with invalid data. Case: 'address2' length = min","tests.web.component.auth","Sat May 23 19:03:31 UTC 2026","skipped","Sat May 23 19:03:31 UTC 2026","TestSignUpWeb","test_signup_component","",""
"","0","[API] Create user should return 400_BAD_REQUEST when send create user request with invalid data. Case: 'birth_day' is absent","tests.api.user","Sat May 23 19:02:33 UTC 2026","skipped","Sat May 23 19:02:33 UTC 2026","TestCreateUserApi","test_create_user","",""
"","0","[API] Create user should return 400_BAD_REQUEST when send create user request with invalid data. Case: 'email' not contains username","tests.api.user","Sat May 23 19:02:33 UTC 2026","skipped","Sat May 23 19:02:33 UTC 2026","TestCreateUserApi","test_create_user","",""
"","3053","[WEB] Sign up with valid data. Case: 'birth_day' length = 31","tests.web.component.auth","Sat May 23 19:10:12 UTC 2026","passed","Sat May 23 19:10:15 UTC 2026","TestSignUpWeb","test_signup_component","",""
"","319","[WEB Component] Should remove product from cart","tests.web.component.product","Sat May 23 19:16:39 UTC 2026","passed","Sat May 23 19:16:40 UTC 2026","TestProductItem","test_product_item","",""
"","0","[API] Create user should return 400_BAD_REQUEST when send create user request with invalid data. Case: 'zipcode' has invalid format","tests.api.user","Sat May 23 19:02:33 UTC 2026","skipped","Sat May 23 19:02:33 UTC 2026","TestCreateUserApi","test_create_user","",""
"","0","[WEB Component] Pay with invalid card should show error message. Case: name contains trailing spaces","tests.web.component.payment","Sat May 23 19:13:19 UTC 2026","skipped","Sat May 23 19:13:19 UTC 2026","TestPaymentComponent","test_payment_component","",""
"","0","[WEB Component] Pay with invalid card should show error message. Case: cvc is empty","tests.web.component.payment","Sat May 23 19:13:19 UTC 2026","skipped","Sat May 23 19:13:19 UTC 2026","TestPaymentComponent","test_payment_component","",""
"","1335","[WEB Component] Search filter should have expected screenshot","tests.web.component.filter","Sat May 23 19:26:28 UTC 2026","passed","Sat May 23 19:26:29 UTC 2026","TestSearchFilter","test_search_filter","",""
"","0","[WEB] Should not add product review with invalid data. Case: 'email' contains mail server as ip and port","tests.web.component.review","Sat May 23 19:21:03 UTC 2026","skipped","Sat May 23 19:21:03 UTC 2026","TestReviewComponent","test_review_component","",""
"","186","[API] Create user should return 200_OK when send create user request with valid data. Case: 'address1' length = max","tests.api.user","Sat May 23 19:02:49 UTC 2026","passed","Sat May 23 19:02:49 UTC 2026","TestCreateUserApi","test_create_user","",""
"","0","[API] Update user should return 400_BAD_REQUEST when send update user request with invalid data. Case: 'last_name' length = min - 1","tests.api.user","Sat May 23 19:03:01 UTC 2026","skipped","Sat May 23 19:03:01 UTC 2026","TestUpdateUserApi","test_update_user","",""
"","0","[API] Create user should return 400_BAD_REQUEST when send create user request with invalid data. Case: 'city' length = max + 1","tests.api.user","Sat May 23 19:02:33 UTC 2026","skipped","Sat May 23 19:02:33 UTC 2026","TestCreateUserApi","test_create_user","",""
"","0","[API] Create user should return 400_BAD_REQUEST when send create user request with invalid data. Case: 'email' contains mail server as ip and port","tests.api.user","Sat May 23 19:02:33 UTC 2026","skipped","Sat May 23 19:02:33 UTC 2026","TestCreateUserApi","test_create_user","",""
"","903","[WEB Component] Should not add negative products count to cart when click on add to cart button","tests.web.component.product","Sat May 23 19:15:35 UTC 2026","passed","Sat May 23 19:15:36 UTC 2026","TestProductCard","test_product_details_component","",""
"","314","[API] Update user should return 200_OK when send update user request with valid data. Case: 'company' length = min + 1","tests.api.user","Sat May 23 19:02:53 UTC 2026","passed","Sat May 23 19:02:53 UTC 2026","TestUpdateUserApi","test_update_user","",""
"","0","[API] Update user should return 400_BAD_REQUEST when send update user request with invalid data. Case: 'company' is empty","tests.api.user","Sat May 23 19:03:01 UTC 2026","skipped","Sat May 23 19:03:01 UTC 2026","TestUpdateUserApi","test_update_user","",""
"","0","[API] Update user should return 400_BAD_REQUEST when send update user request with invalid data. Case: 'address2' is empty","tests.api.user","Sat May 23 19:03:01 UTC 2026","skipped","Sat May 23 19:03:01 UTC 2026","TestUpdateUserApi","test_update_user","",""
"","3068","[WEB] Sign up with valid data. Case: 'birth_year' = 10000","tests.web.component.auth","Sat May 23 19:11:39 UTC 2026","passed","Sat May 23 19:11:42 UTC 2026","TestSignUpWeb","test_signup_component","",""
"","0","[API] Update user should return 400_BAD_REQUEST when send update user request with invalid data. Case: 'email' contains domain with one letter","tests.api.user","Sat May 23 19:03:01 UTC 2026","skipped","Sat May 23 19:03:01 UTC 2026","TestUpdateUserApi","test_update_user","",""
"","0","[WEB] Should not add product review with invalid data. Case: 'email' not contains username","tests.web.component.review","Sat May 23 19:21:03 UTC 2026","skipped","Sat May 23 19:21:03 UTC 2026","TestReviewComponent","test_review_component","",""
"","852","[WEB Component] Category filter should have expected screenshot when collapsed","tests.web.component.filter","Sat May 23 19:25:37 UTC 2026","passed","Sat May 23 19:25:37 UTC 2026","TestCategoryFilter","test_category_filter","",""
"","3092","[WEB] Sign up with valid data. Case: 'company' length = min","tests.web.component.auth","Sat May 23 19:12:01 UTC 2026","passed","Sat May 23 19:12:04 UTC 2026","TestSignUpWeb","test_signup_component","",""
"","0","[API] Create user should return 400_BAD_REQUEST when send create user request with invalid data. Case: 'mobile_number' has invalid format","tests.api.user","Sat May 23 19:02:33 UTC 2026","skipped","Sat May 23 19:02:33 UTC 2026","TestCreateUserApi","test_create_user","",""
"","0","[WEB] Sign up with invalid data. Case: 'birth_month' = 1","tests.web.component.auth","Sat May 23 19:03:31 UTC 2026","skipped","Sat May 23 19:03:31 UTC 2026","TestSignUpWeb","test_signup_component","",""
"","322","[API] Update user should return 200_OK when send update user request with valid data. Case: 'zipcode' length = min + 1","tests.api.user","Sat May 23 19:02:59 UTC 2026","passed","Sat May 23 19:02:59 UTC 2026","TestUpdateUserApi","test_update_user","",""
"","347","[API] Update user should return 200_OK when send update user request with valid data. Case: 'company' length = min","tests.api.user","Sat May 23 19:02:52 UTC 2026","passed","Sat May 23 19:02:52 UTC 2026","TestUpdateUserApi","test_update_user","",""
"","178","[API] Create user should return 200_OK when send create user request with valid data. Case: 'name' length = max - 1","tests.api.user","Sat May 23 19:02:36 UTC 2026","passed","Sat May 23 19:02:36 UTC 2026","TestCreateUserApi","test_create_user","",""
"","0","[API] Update user should return 400_BAD_REQUEST when send update user request with invalid data. Case: 'address1' is absent","tests.api.user","Sat May 23 19:03:01 UTC 2026","skipped","Sat May 23 19:03:01 UTC 2026","TestUpdateUserApi","test_update_user","",""
"","157","[API] Create user should return 200_OK when send create user request with valid data. Case: 'last_name' length = min + 1","tests.api.user","Sat May 23 19:02:39 UTC 2026","passed","Sat May 23 19:02:39 UTC 2026","TestCreateUserApi","test_create_user","",""
"","162","[API] Create user should return 200_OK when send create user request with valid data. Case: 'address1' length = min","tests.api.user","Sat May 23 19:02:47 UTC 2026","passed","Sat May 23 19:02:48 UTC 2026","TestCreateUserApi","test_create_user","",""
"","166","[API] Create user should return 200_OK when send create user request with valid data. Case: 'company' length = max","tests.api.user","Sat May 23 19:02:44 UTC 2026","passed","Sat May 23 19:02:44 UTC 2026","TestCreateUserApi","test_create_user","",""
"","1023","[WEB Component] Product card should have expected data","tests.web.component.product","Sat May 23 19:27:34 UTC 2026","skipped","Sat May 23 19:27:35 UTC 2026","TestProductCard","test_product_card_component","",""
"","0","[API] Create user should return 400_BAD_REQUEST when send create user request with invalid data. Case: 'address2' is empty","tests.api.user","Sat May 23 19:02:33 UTC 2026","skipped","Sat May 23 19:02:33 UTC 2026","TestCreateUserApi","test_create_user","",""
"","0","[WEB Component] Pay with invalid card should show error message. Case: cvc contains letters","tests.web.component.payment","Sat May 23 19:13:19 UTC 2026","skipped","Sat May 23 19:13:19 UTC 2026","TestPaymentComponent","test_payment_component","",""
"","0","[API] Create user should return 400_BAD_REQUEST when send create user request with invalid data. Case: 'last_name' is empty","tests.api.user","Sat May 23 19:02:33 UTC 2026","skipped","Sat May 23 19:02:33 UTC 2026","TestCreateUserApi","test_create_user","",""
"","3521","[WEB] Sign up with valid data. Case: 'first_name' length = min + 1","tests.web.component.auth","Sat May 23 19:05:47 UTC 2026","passed","Sat May 23 19:05:51 UTC 2026","TestSignUpWeb","test_signup_component","",""
"","0","[API] Create user should return 400_BAD_REQUEST when send create user request with invalid data. Case: 'birth_month' is invalid positive","tests.api.user","Sat May 23 19:02:33 UTC 2026","skipped","Sat May 23 19:02:33 UTC 2026","TestCreateUserApi","test_create_user","",""
"","448","[WEB Component] Should delete user name by click on 'Delete Account' button","tests.web.component.base","Sat May 23 19:05:48 UTC 2026","passed","Sat May 23 19:05:49 UTC 2026","TestHeaderComponent","test_header_component","",""
"","0","[API] Update user should return 400_BAD_REQUEST when send update user request with invalid data. Case: 'email' contains text before username","tests.api.user","Sat May 23 19:03:01 UTC 2026","skipped","Sat May 23 19:03:01 UTC 2026","TestUpdateUserApi","test_update_user","",""
"","3016","[WEB] Sign up with valid data. Case: 'state' length = min","tests.web.component.auth","Sat May 23 19:13:27 UTC 2026","passed","Sat May 23 19:13:30 UTC 2026","TestSignUpWeb","test_signup_component","",""
"","0","[API] Update user should return 400_BAD_REQUEST when send update user request with invalid data. Case: 'address1' length = max + 1","tests.api.user","Sat May 23 19:03:01 UTC 2026","skipped","Sat May 23 19:03:01 UTC 2026","TestUpdateUserApi","test_update_user","",""
"","1727","[WEB Component] Pay with valid card should show success status message. Case: valid: name max length","tests.web.component.payment","Sat May 23 19:10:29 UTC 2026","passed","Sat May 23 19:10:31 UTC 2026","TestPaymentComponent","test_payment_component","",""
"","6041","Purchase products with login before checkout","tests.web.e2e","Sat May 23 19:22:16 UTC 2026","failed","Sat May 23 19:22:22 UTC 2026","TestPlaceOrder","test_place_order","",""
"","0","[API] Create user should return 400_BAD_REQUEST when send create user request with invalid data. Case: 'zipcode' is empty","tests.api.user","Sat May 23 19:02:33 UTC 2026","skipped","Sat May 23 19:02:33 UTC 2026","TestCreateUserApi","test_create_user","",""
"","0","[API] Update user should return 400_BAD_REQUEST when send update user request with invalid data. Case: 'first_name' length = max + 1","tests.api.user","Sat May 23 19:03:01 UTC 2026","skipped","Sat May 23 19:03:01 UTC 2026","TestUpdateUserApi","test_update_user","",""
"","0","[API] Update user should return 400_BAD_REQUEST when send update user request with invalid data. Case: 'state' is empty","tests.api.user","Sat May 23 19:03:01 UTC 2026","skipped","Sat May 23 19:03:01 UTC 2026","TestUpdateUserApi","test_update_user","",""
"","604","[WEB] Should add product review with valid data. Case: 'email' username contains '+'","tests.web.component.review","Sat May 23 19:20:21 UTC 2026","passed","Sat May 23 19:20:21 UTC 2026","TestReviewComponent","test_review_component","",""
"","0","[WEB] Sign up with invalid data. Case: 'first_name' length = max","tests.web.component.auth","Sat May 23 19:03:31 UTC 2026","skipped","Sat May 23 19:03:31 UTC 2026","TestSignUpWeb","test_signup_component","",""
"","152","[API] Get user should return 200_OK when send get user request and user exists","tests.api.user","Sat May 23 19:02:35 UTC 2026","passed","Sat May 23 19:02:35 UTC 2026","TestGetUserApi","test_get_user","",""
"","0","[API] Create user should return 400_BAD_REQUEST when send create user request with invalid data. Case: 'birth_day' is zero","tests.api.user","Sat May 23 19:02:33 UTC 2026","skipped","Sat May 23 19:02:33 UTC 2026","TestCreateUserApi","test_create_user","",""
"","150","[API] Create user should return 200_OK when send create user request with valid data. Case: 'last_name' length = min","tests.api.user","Sat May 23 19:02:38 UTC 2026","passed","Sat May 23 19:02:38 UTC 2026","TestCreateUserApi","test_create_user","",""
"","728","[WEB] Should add product review with valid data. Case: 'name' length = min","tests.web.component.review","Sat May 23 19:18:02 UTC 2026","passed","Sat May 23 19:18:03 UTC 2026","TestReviewComponent","test_review_component","",""
"","0","[API] Create user should return 400_BAD_REQUEST when send create user request with invalid data. Case: 'email' is word","tests.api.user","Sat May 23 19:02:33 UTC 2026","skipped","Sat May 23 19:02:33 UTC 2026","TestCreateUserApi","test_create_user","",""
"","1976","[WEB Component] Pay with valid card should show success status message. Case: valid: expiry month max","tests.web.component.payment","Sat May 23 19:12:56 UTC 2026","passed","Sat May 23 19:12:58 UTC 2026","TestPaymentComponent","test_payment_component","",""
"","0","[API] Update user should return 400_BAD_REQUEST when send update user request with invalid data. Case: 'email' contains mail server as ip and port","tests.api.user","Sat May 23 19:03:01 UTC 2026","skipped","Sat May 23 19:03:01 UTC 2026","TestUpdateUserApi","test_update_user","",""
"","4498","[WEB] Sign up with valid data. Case: 'last_name' length = max","tests.web.component.auth","Sat May 23 19:07:58 UTC 2026","passed","Sat May 23 19:08:02 UTC 2026","TestSignUpWeb","test_signup_component","",""
"","0","[API] Update user should return 400_BAD_REQUEST when send update user request with invalid data. Case: 'first_name' is absent","tests.api.user","Sat May 23 19:03:01 UTC 2026","skipped","Sat May 23 19:03:01 UTC 2026","TestUpdateUserApi","test_update_user","",""
"","0","[API] Update user should return 400_BAD_REQUEST when send update user request with invalid data. Case: 'state' length = max + 1","tests.api.user","Sat May 23 19:03:01 UTC 2026","skipped","Sat May 23 19:03:01 UTC 2026","TestUpdateUserApi","test_update_user","",""
"","397","[WEB Component] Header has expected screenshot","tests.web.component.base","Sat May 23 19:23:37 UTC 2026","passed","Sat May 23 19:23:37 UTC 2026","TestHeaderComponent","test_header_component","",""
"","8118","Purchase products with sign up before checkout","tests.web.e2e","Sat May 23 19:21:22 UTC 2026","passed","Sat May 23 19:21:30 UTC 2026","TestPlaceOrder","test_place_order","",""
"","714","[WEB Component] Should add product to cart when click on add to cart button","tests.web.component.product","Sat May 23 19:14:36 UTC 2026","passed","Sat May 23 19:14:37 UTC 2026","TestProductCard","test_product_card_component","",""
"","527","[WEB] Should add product review with valid data. Case: 'email' username contains '.'","tests.web.component.review","Sat May 23 19:20:01 UTC 2026","passed","Sat May 23 19:20:02 UTC 2026","TestReviewComponent","test_review_component","",""
"","626","[API] Login should return 200_OK when send login request with valid data and contains csrf cookie","tests.api.auth","Sat May 23 19:02:33 UTC 2026","passed","Sat May 23 19:02:34 UTC 2026","TestAuthApi","test_auth","",""
"","568","[WEB Component] Should decrease all products total price","tests.web.component.product","Sat May 23 19:17:43 UTC 2026","passed","Sat May 23 19:17:44 UTC 2026","TestProductItem","test_product_item","",""
"","323","[API] Update user should return 200_OK when send update user request with valid data. Case: 'state' length = min","tests.api.user","Sat May 23 19:02:55 UTC 2026","passed","Sat May 23 19:02:55 UTC 2026","TestUpdateUserApi","test_update_user","",""
"","332","[WEB Component] Should navigate to cart page by click 'Cart' button","tests.web.component.base","Sat May 23 19:04:46 UTC 2026","passed","Sat May 23 19:04:47 UTC 2026","TestHeaderComponent","test_header_component","",""
"","3462","[WEB] Sign up with valid data. Case: 'address2' length = max - 1","tests.web.component.auth","Sat May 23 19:18:35 UTC 2026","passed","Sat May 23 19:18:38 UTC 2026","TestSignUpWeb","test_signup_component","",""
"","338","[API] Update user should return 200_OK when send update user request with valid data. Case: 'address1' length = max - 1","tests.api.user","Sat May 23 19:02:53 UTC 2026","passed","Sat May 23 19:02:54 UTC 2026","TestUpdateUserApi","test_update_user","",""
"","482","[WEB] Should add product review with valid data. Case: 'message' length = min","tests.web.component.review","Sat May 23 19:22:04 UTC 2026","passed","Sat May 23 19:22:05 UTC 2026","TestReviewComponent","test_review_component","",""
"","1400","[WEB Component] Search filter should filter products by query","tests.web.component.filter","Sat May 23 19:08:21 UTC 2026","passed","Sat May 23 19:08:22 UTC 2026","TestSearchFilter","test_search_filter","",""
"","3036","[WEB] Sign up with valid data. Case: 'address1' length = min + 1","tests.web.component.auth","Sat May 23 19:16:46 UTC 2026","passed","Sat May 23 19:16:50 UTC 2026","TestSignUpWeb","test_signup_component","",""
"","0","[WEB] Sign up with invalid data. Case: 'mobile_number' length = max - 1","tests.web.component.auth","Sat May 23 19:03:31 UTC 2026","skipped","Sat May 23 19:03:31 UTC 2026","TestSignUpWeb","test_signup_component","",""
"","237","Should return user not found when user password invalid","tests.api.user","Sat May 23 19:03:02 UTC 2026","passed","Sat May 23 19:03:02 UTC 2026","TestVerifyLoginApi","test_verify_login","",""
"","292","test_get_all_products","tests.api.product","Sat May 23 19:02:34 UTC 2026","passed","Sat May 23 19:02:35 UTC 2026","TestProductApi","test_product","",""
"","561","[WEB Component] Add product notification should be closed when click on close button","tests.web.component.base","Sat May 23 19:06:27 UTC 2026","passed","Sat May 23 19:06:28 UTC 2026","TestNotificationComponent","test_notification_component","",""
"","0","[WEB Component] Pay with invalid card should show error message. Case: expiry year contains letters","tests.web.component.payment","Sat May 23 19:13:19 UTC 2026","skipped","Sat May 23 19:13:19 UTC 2026","TestPaymentComponent","test_payment_component","",""
"","286","[API] Update user should return 200_OK when send update user request with valid data. Case: 'mobile_number' length = min + 1","tests.api.user","Sat May 23 19:02:45 UTC 2026","passed","Sat May 23 19:02:46 UTC 2026","TestUpdateUserApi","test_update_user","",""
"","5058","[WEB Component] Place order without authorization notification proceed to checkout button should navigate to login page","tests.web.component.base","Sat May 23 19:06:46 UTC 2026","passed","Sat May 23 19:06:51 UTC 2026","TestNotificationComponent","test_notification_component","",""
"","191","[API] Get products should return 200_OK and contains expected product title","tests.api.product","Sat May 23 19:02:35 UTC 2026","passed","Sat May 23 19:02:35 UTC 2026","TestProductApi","test_product","",""
"","292","[API] Update user should return 200_OK when send update user request with valid data. Case: 'birth_day' length = 31","tests.api.user","Sat May 23 19:02:48 UTC 2026","passed","Sat May 23 19:02:49 UTC 2026","TestUpdateUserApi","test_update_user","",""
"","243","[API] Update user should return 200_OK when send update user request with valid data. Case: 'mobile_number' length = max","tests.api.user","Sat May 23 19:02:47 UTC 2026","passed","Sat May 23 19:02:47 UTC 2026","TestUpdateUserApi","test_update_user","",""
"","3215","[WEB] Sign up with valid data. Case: 'first_name' length = max - 1","tests.web.component.auth","Sat May 23 19:06:10 UTC 2026","passed","Sat May 23 19:06:13 UTC 2026","TestSignUpWeb","test_signup_component","",""
"","1726","[WEB Component] Should add product to cart when click on add to cart button multiple times","tests.web.component.product","Sat May 23 19:14:56 UTC 2026","passed","Sat May 23 19:14:57 UTC 2026","TestProductCard","test_product_details_component","",""
"","0","[WEB] Sign up with invalid data. Case: 'state' length = max","tests.web.component.auth","Sat May 23 19:03:31 UTC 2026","skipped","Sat May 23 19:03:31 UTC 2026","TestSignUpWeb","test_signup_component","",""
"","1662","[WEB Component] Pay with valid card should show success status message. Case: valid name contains multiple spaces","tests.web.component.payment","Sat May 23 19:11:11 UTC 2026","passed","Sat May 23 19:11:13 UTC 2026","TestPaymentComponent","test_payment_component","",""
"","0","[WEB] Sign up with invalid data. Case: 'zipcode' length = min + 1","tests.web.component.auth","Sat May 23 19:03:31 UTC 2026","skipped","Sat May 23 19:03:31 UTC 2026","TestSignUpWeb","test_signup_component","",""
"","3030","[WEB] Sign up with valid data. Case: 'mobile_number' length = max","tests.web.component.auth","Sat May 23 19:09:28 UTC 2026","passed","Sat May 23 19:09:31 UTC 2026","TestSignUpWeb","test_signup_component","",""
"","0","[API] Create user should return 400_BAD_REQUEST when send create user request with invalid data. Case: 'state' is absent","tests.api.user","Sat May 23 19:02:33 UTC 2026","skipped","Sat May 23 19:02:33 UTC 2026","TestCreateUserApi","test_create_user","",""
"","0","[API] Create user should return 400_BAD_REQUEST when send create user request with invalid data. Case: 'last_name' is absent","tests.api.user","Sat May 23 19:02:33 UTC 2026","skipped","Sat May 23 19:02:33 UTC 2026","TestCreateUserApi","test_create_user","",""
"","2271","[WEB Component] Products Carousel should last products when scroll left on first slide","tests.web.component.carousel","Sat May 23 19:25:16 UTC 2026","passed","Sat May 23 19:25:18 UTC 2026","TestProductCarousel","test_product_carousel","",""
"","3000","[WEB] Sign up with valid data. Case: 'birth_year' = 1","tests.web.component.auth","Sat May 23 19:11:17 UTC 2026","passed","Sat May 23 19:11:20 UTC 2026","TestSignUpWeb","test_signup_component","",""
"","0","[API] Update user should return 400_BAD_REQUEST when send update user request with invalid data. Case: 'zipcode' length = max + 1","tests.api.user","Sat May 23 19:03:01 UTC 2026","skipped","Sat May 23 19:03:01 UTC 2026","TestUpdateUserApi","test_update_user","",""
"","179","[API] Create user should return 200_OK when send create user request with valid data. Case: 'state' length = max - 1","tests.api.user","Sat May 23 19:02:45 UTC 2026","passed","Sat May 23 19:02:45 UTC 2026","TestCreateUserApi","test_create_user","",""
"","160","[API] Create user should return 200_OK when send create user request with valid data. Case: 'zipcode' length = min","tests.api.user","Sat May 23 19:02:50 UTC 2026","passed","Sat May 23 19:02:50 UTC 2026","TestCreateUserApi","test_create_user","",""
"","3891","[WEB Component] Invoice should have expected price","tests.web.component.payment","Sat May 23 19:09:22 UTC 2026","passed","Sat May 23 19:09:26 UTC 2026","TestPaymentComponent","test_invoice_file","",""
"","0","[API] Create user should return 400_BAD_REQUEST when send create user request with invalid data. Case: 'first_name' length = min - 1","tests.api.user","Sat May 23 19:02:33 UTC 2026","skipped","Sat May 23 19:02:33 UTC 2026","TestCreateUserApi","test_create_user","",""
"","0","[WEB] Sign up with invalid data. Case: 'address2' length = max - 1","tests.web.component.auth","Sat May 23 19:03:31 UTC 2026","skipped","Sat May 23 19:03:31 UTC 2026","TestSignUpWeb","test_signup_component","",""
"","2257","[WEB Component] Category filter should have expected screenshot when fully expanded","tests.web.component.filter","Sat May 23 19:07:59 UTC 2026","passed","Sat May 23 19:08:01 UTC 2026","TestCategoryFilter","test_category_filter","",""
"","160","[API] Create user should return 200_OK when send create user request with valid data. Case: 'first_name' length = min + 1","tests.api.user","Sat May 23 19:02:37 UTC 2026","passed","Sat May 23 19:02:37 UTC 2026","TestCreateUserApi","test_create_user","",""
"","448","[WEB] Sign in with invalid credentials. Case: {case_title}","tests.web.component.auth","Sat May 23 19:03:36 UTC 2026","passed","Sat May 23 19:03:36 UTC 2026","TestLoginWeb","test_login_component","",""
"","0","[WEB] Sign up with invalid data. Case: 'state' length = max - 1","tests.web.component.auth","Sat May 23 19:03:31 UTC 2026","skipped","Sat May 23 19:03:31 UTC 2026","TestSignUpWeb","test_signup_component","",""
"","607","[WEB] Should add product review with valid data. Case: 'name' length = min + 1","tests.web.component.review","Sat May 23 19:18:22 UTC 2026","passed","Sat May 23 19:18:23 UTC 2026","TestReviewComponent","test_review_component","",""
"","159","[API] Create user should return 200_OK when send create user request with valid data. Case: 'name' length = max","tests.api.user","Sat May 23 19:02:36 UTC 2026","passed","Sat May 23 19:02:37 UTC 2026","TestCreateUserApi","test_create_user","",""
"","0","[WEB] Sign up with invalid data. Case: 'address2' length = max","tests.web.component.auth","Sat May 23 19:03:31 UTC 2026","skipped","Sat May 23 19:03:31 UTC 2026","TestSignUpWeb","test_signup_component","",""
"","3146","[WEB] Sign up with valid data. Case: 'mobile_number' length = min + 1","tests.web.component.auth","Sat May 23 19:08:45 UTC 2026","passed","Sat May 23 19:08:48 UTC 2026","TestSignUpWeb","test_signup_component","",""
"","314","[API] Update user should return 200_OK when send update user request with valid data. Case: 'zipcode' length = min","tests.api.user","Sat May 23 19:02:58 UTC 2026","passed","Sat May 23 19:02:58 UTC 2026","TestUpdateUserApi","test_update_user","",""
"","7780","Purchase products with sign up while checkout","tests.web.e2e","Sat May 23 19:21:49 UTC 2026","passed","Sat May 23 19:21:57 UTC 2026","TestPlaceOrder","test_place_order","",""
"","0","[API] Update user should return 400_BAD_REQUEST when send update user request with invalid data. Case: 'birth_month' is invalid positive","tests.api.user","Sat May 23 19:03:01 UTC 2026","skipped","Sat May 23 19:03:01 UTC 2026","TestUpdateUserApi","test_update_user","",""
"","0","[WEB Component] Pay with invalid card should show error message. Case: expiry month = 13","tests.web.component.payment","Sat May 23 19:13:19 UTC 2026","skipped","Sat May 23 19:13:19 UTC 2026","TestPaymentComponent","test_payment_component","",""
"","3061","[WEB] Sign up with valid data. Case: 'last_name' length = min + 1","tests.web.component.auth","Sat May 23 19:07:15 UTC 2026","passed","Sat May 23 19:07:18 UTC 2026","TestSignUpWeb","test_signup_component","",""
"","243","[API] Update user should return 200_OK when send update user request with valid data. Case: 'address2' length = max - 1","tests.api.user","Sat May 23 19:02:56 UTC 2026","passed","Sat May 23 19:02:57 UTC 2026","TestUpdateUserApi","test_update_user","",""
"","0","[WEB] Sign up with invalid data. Case: 'birth_year' = 10000","tests.web.component.auth","Sat May 23 19:03:31 UTC 2026","skipped","Sat May 23 19:03:31 UTC 2026","TestSignUpWeb","test_signup_component","",""
"","0","[API] Create user should return 400_BAD_REQUEST when send create user request with invalid data. Case: 'mobile_number' length = min - 1","tests.api.user","Sat May 23 19:02:33 UTC 2026","skipped","Sat May 23 19:02:33 UTC 2026","TestCreateUserApi","test_create_user","",""
"","1577","[WEB Component] Should increase product item quantity","tests.web.component.product","Sat May 23 19:16:17 UTC 2026","passed","Sat May 23 19:16:19 UTC 2026","TestProductItem","test_product_item","",""
"","1068","[WEB Component] Brand filter should filters products by brand","tests.web.component.filter","Sat May 23 19:07:39 UTC 2026","passed","Sat May 23 19:07:40 UTC 2026","TestBrandFilter","test_brand_filter","",""
"","0","[API] Update user should return 400_BAD_REQUEST when send update user request with invalid data. Case: 'last_name' is empty","tests.api.user","Sat May 23 19:03:01 UTC 2026","skipped","Sat May 23 19:03:01 UTC 2026","TestUpdateUserApi","test_update_user","",""
"","1546","[WEB Component] Search filter should return all products when filter by empty query","tests.web.component.filter","Sat May 23 19:08:41 UTC 2026","passed","Sat May 23 19:08:43 UTC 2026","TestSearchFilter","test_search_filter","",""
"","520","[WEB] Should add product review with valid data. Case: 'email' username contains '-'","tests.web.component.review","Sat May 23 19:20:06 UTC 2026","passed","Sat May 23 19:20:07 UTC 2026","TestReviewComponent","test_review_component","",""
"","0","[WEB] Sign up with invalid data. Case: 'city' length = min + 1","tests.web.component.auth","Sat May 23 19:03:31 UTC 2026","skipped","Sat May 23 19:03:31 UTC 2026","TestSignUpWeb","test_signup_component","",""
"","160","[API] Create user should return 200_OK when send create user request with valid data. Case: 'last_name' length = max","tests.api.user","Sat May 23 19:02:39 UTC 2026","passed","Sat May 23 19:02:39 UTC 2026","TestCreateUserApi","test_create_user","",""
"","1912","[WEB Component] Animated product card should have expected data","tests.web.component.product","Sat May 23 19:27:11 UTC 2026","passed","Sat May 23 19:27:12 UTC 2026","TestAnimatedProductCard","test_animated_product_card_component","",""
"","1646","[WEB Component] Pay with valid card should show success status message. Case: valid: common latin name","tests.web.component.payment","Sat May 23 19:10:50 UTC 2026","passed","Sat May 23 19:10:52 UTC 2026","TestPaymentComponent","test_payment_component","",""
"","0","[WEB Component] Pay with invalid card should show error message. Case: expiry year is empty","tests.web.component.payment","Sat May 23 19:13:19 UTC 2026","skipped","Sat May 23 19:13:19 UTC 2026","TestPaymentComponent","test_payment_component","",""
"","179","[API] Create user should return 200_OK when send create user request with valid data. Case: 'address1' length = max - 1","tests.api.user","Sat May 23 19:02:48 UTC 2026","passed","Sat May 23 19:02:48 UTC 2026","TestCreateUserApi","test_create_user","",""
"","0","[WEB Component] Pay with invalid card should show error message. Case: cvc too short","tests.web.component.payment","Sat May 23 19:13:19 UTC 2026","skipped","Sat May 23 19:13:19 UTC 2026","TestPaymentComponent","test_payment_component","",""
"","0","[API] Create user should return 400_BAD_REQUEST when send create user request with invalid data. Case: 'email' is empty","tests.api.user","Sat May 23 19:02:33 UTC 2026","skipped","Sat May 23 19:02:33 UTC 2026","TestCreateUserApi","test_create_user","",""
"","3127","[WEB] Sign up with valid data. Case: 'zipcode' length = min + 1","tests.web.component.auth","Sat May 23 19:19:44 UTC 2026","passed","Sat May 23 19:19:47 UTC 2026","TestSignUpWeb","test_signup_component","",""
"","0","[API] Update user should return 400_BAD_REQUEST when send update user request with invalid data. Case: 'birth_month' is absent","tests.api.user","Sat May 23 19:03:01 UTC 2026","skipped","Sat May 23 19:03:01 UTC 2026","TestUpdateUserApi","test_update_user","",""
"","368","[WEB Component] Delivery address has expected data","tests.web.component.address","Sat May 23 19:23:18 UTC 2026","passed","Sat May 23 19:23:18 UTC 2026","TestAddressComponent","test_address_component","",""
"","0","[API] Update user should return 400_BAD_REQUEST when send update user request with invalid data. Case: 'mobile_number' has invalid format","tests.api.user","Sat May 23 19:03:01 UTC 2026","skipped","Sat May 23 19:03:01 UTC 2026","TestUpdateUserApi","test_update_user","",""
"","0","[WEB] Sign up with invalid data. Case: 'name' length = min","tests.web.component.auth","Sat May 23 19:03:31 UTC 2026","skipped","Sat May 23 19:03:31 UTC 2026","TestSignUpWeb","test_signup_component","",""
"","0","[API] Update user should return 400_BAD_REQUEST when send update user request with invalid data. Case: 'name' length = min - 1","tests.api.user","Sat May 23 19:03:01 UTC 2026","skipped","Sat May 23 19:03:01 UTC 2026","TestUpdateUserApi","test_update_user","",""
"","159","[API] Create user should return 200_OK when send create user request with valid data. Case: 'name' length = min + 1","tests.api.user","Sat May 23 19:02:36 UTC 2026","passed","Sat May 23 19:02:36 UTC 2026","TestCreateUserApi","test_create_user","",""
"","242","[API] Create user should return 200_OK when send create user request with valid data. Case: 'name' length = min","tests.api.user","Sat May 23 19:02:35 UTC 2026","passed","Sat May 23 19:02:35 UTC 2026","TestCreateUserApi","test_create_user","",""
"","0","[WEB] Sign up with invalid data. Case: 'state' length = min","tests.web.component.auth","Sat May 23 19:03:31 UTC 2026","skipped","Sat May 23 19:03:31 UTC 2026","TestSignUpWeb","test_signup_component","",""
"","0","[API] Update user should return 400_BAD_REQUEST when send update user request with invalid data. Case: 'last_name' is absent","tests.api.user","Sat May 23 19:03:01 UTC 2026","skipped","Sat May 23 19:03:01 UTC 2026","TestUpdateUserApi","test_update_user","",""
"","0","[API] Create user should return 400_BAD_REQUEST when send create user request with invalid data. Case: 'name' length = min - 1","tests.api.user","Sat May 23 19:02:52 UTC 2026","skipped","Sat May 23 19:02:52 UTC 2026","TestCreateUserApi","test_create_user","",""
"","0","[API] Create user should return 400_BAD_REQUEST when send create user request with invalid data. Case: 'first_name' is absent","tests.api.user","Sat May 23 19:02:52 UTC 2026","skipped","Sat May 23 19:02:52 UTC 2026","TestCreateUserApi","test_create_user","",""
"","2056","[WEB] Should add product review with valid data. Case: 'message' length = max - 1","tests.web.component.review","Sat May 23 19:20:40 UTC 2026","passed","Sat May 23 19:20:42 UTC 2026","TestReviewComponent","test_review_component","",""
"","251","[API] Update user should return 200_OK when send update user request with valid data. Case: 'address1' length = max","tests.api.user","Sat May 23 19:02:54 UTC 2026","passed","Sat May 23 19:02:54 UTC 2026","TestUpdateUserApi","test_update_user","",""
"","6031","[WEB Component] Can download invoice multiple times","tests.web.component.payment","Sat May 23 19:09:44 UTC 2026","passed","Sat May 23 19:09:50 UTC 2026","TestPaymentComponent","test_invoice_file","",""
"","268","[API] Update user should return 200_OK when send update user request with valid data. Case: 'last_name' length = max","tests.api.user","Sat May 23 19:02:44 UTC 2026","passed","Sat May 23 19:02:44 UTC 2026","TestUpdateUserApi","test_update_user","",""
"","0","[API] Create user should return 400_BAD_REQUEST when send create user request with invalid data. Case: 'state' length = min - 1","tests.api.user","Sat May 23 19:02:33 UTC 2026","skipped","Sat May 23 19:02:33 UTC 2026","TestCreateUserApi","test_create_user","",""
"","3684","[WEB] Sign up with valid data. Case: 'last_name' length = max - 1","tests.web.component.auth","Sat May 23 19:07:35 UTC 2026","passed","Sat May 23 19:07:39 UTC 2026","TestSignUpWeb","test_signup_component","",""
"","3055","[WEB] Sign up with valid data. Case: 'company' length = max - 1","tests.web.component.auth","Sat May 23 19:12:44 UTC 2026","passed","Sat May 23 19:12:47 UTC 2026","TestSignUpWeb","test_signup_component","",""
"","0","[API] Create user should return 400_BAD_REQUEST when send create user request with invalid data. Case: 'birth_month' is negative","tests.api.user","Sat May 23 19:02:33 UTC 2026","skipped","Sat May 23 19:02:33 UTC 2026","TestCreateUserApi","test_create_user","",""
"","2994","[WEB] Sign up with valid data. Case: 'birth_month' = 1","tests.web.component.auth","Sat May 23 19:10:34 UTC 2026","passed","Sat May 23 19:10:37 UTC 2026","TestSignUpWeb","test_signup_component","",""
"","0","[API] Create user should return 400_BAD_REQUEST when send create user request with invalid data. Case: 'email' contains text after domain","tests.api.user","Sat May 23 19:02:33 UTC 2026","skipped","Sat May 23 19:02:33 UTC 2026","TestCreateUserApi","test_create_user","",""
"","0","[API] Create user should return 400_BAD_REQUEST when send create user request with invalid data. Case: 'company' length = min - 1","tests.api.user","Sat May 23 19:02:33 UTC 2026","skipped","Sat May 23 19:02:33 UTC 2026","TestCreateUserApi","test_create_user","",""
"","0","[WEB Component] Pay with invalid card should show error message. Case: cvc all zeros","tests.web.component.payment","Sat May 23 19:13:19 UTC 2026","skipped","Sat May 23 19:13:19 UTC 2026","TestPaymentComponent","test_payment_component","",""
"","0","[API] Create user should return 400_BAD_REQUEST when send create user request with invalid data. Case: 'city' is absent","tests.api.user","Sat May 23 19:02:33 UTC 2026","skipped","Sat May 23 19:02:33 UTC 2026","TestCreateUserApi","test_create_user","",""
"","0","[WEB] Should not add product review with invalid data. Case: 'email' contains invalid top level domain web","tests.web.component.review","Sat May 23 19:21:03 UTC 2026","skipped","Sat May 23 19:21:03 UTC 2026","TestReviewComponent","test_review_component","",""
"","285","[WEB Component] Product item should navigate to product page when click on item title","tests.web.component.product","Sat May 23 19:15:56 UTC 2026","passed","Sat May 23 19:15:57 UTC 2026","TestProductItem","test_product_item","",""
"","0","[WEB] Sign up with invalid data. Case: 'last_name' length = min + 1","tests.web.component.auth","Sat May 23 19:03:31 UTC 2026","skipped","Sat May 23 19:03:31 UTC 2026","TestSignUpWeb","test_signup_component","",""
"","0","[WEB] Sign up with invalid data. Case: 'birth_day' length = 31","tests.web.component.auth","Sat May 23 19:03:31 UTC 2026","skipped","Sat May 23 19:03:31 UTC 2026","TestSignUpWeb","test_signup_component","",""
"","0","[WEB] Sign up with invalid data. Case: 'address1' length = max - 1","tests.web.component.auth","Sat May 23 19:03:31 UTC 2026","skipped","Sat May 23 19:03:31 UTC 2026","TestSignUpWeb","test_signup_component","",""
"","177","[API] Create user should return 200_OK when send create user request with valid data. Case: 'birth_day' length = 31","tests.api.user","Sat May 23 19:02:41 UTC 2026","passed","Sat May 23 19:02:42 UTC 2026","TestCreateUserApi","test_create_user","",""
"","139","[API] Delete user should return 404_NOT_FOUND when send delete user request and user not exists","tests.api.user","Sat May 23 19:02:35 UTC 2026","passed","Sat May 23 19:02:35 UTC 2026","TestDeleteUserApi","test_delete_user","",""
"","0","[API] Create user should return 400_BAD_REQUEST when send create user request with invalid data. Case: 'birth_month' is absent","tests.api.user","Sat May 23 19:02:33 UTC 2026","skipped","Sat May 23 19:02:33 UTC 2026","TestCreateUserApi","test_create_user","",""
"","271","[WEB Component] Should add product to cart when click on add to cart button","tests.web.component.product","Sat May 23 19:13:37 UTC 2026","passed","Sat May 23 19:13:37 UTC 2026","TestAnimatedProductCard","test_animated_product_card_component","",""
"","0","[WEB] Sign up with invalid data. Case: 'address2' length = min + 1","tests.web.component.auth","Sat May 23 19:03:31 UTC 2026","skipped","Sat May 23 19:03:31 UTC 2026","TestSignUpWeb","test_signup_component","",""
"","1657","[WEB Component] Pay with valid card should show success status message. Case: valid: expiry month min","tests.web.component.payment","Sat May 23 19:12:35 UTC 2026","passed","Sat May 23 19:12:37 UTC 2026","TestPaymentComponent","test_payment_component","",""
"","232","[API] Create user should return 200_OK when send create user request with valid data. Case: 'city' length = max","tests.api.user","Sat May 23 19:02:47 UTC 2026","passed","Sat May 23 19:02:47 UTC 2026","TestCreateUserApi","test_create_user","",""
"","0","[API] Create user should return 400_BAD_REQUEST when send create user request with invalid data. Case: 'birth_year' is invalid positive","tests.api.user","Sat May 23 19:02:33 UTC 2026","skipped","Sat May 23 19:02:33 UTC 2026","TestCreateUserApi","test_create_user","",""
"","661","[WEB] Should add product review with valid data. Case: 'name' length = max - 1","tests.web.component.review","Sat May 23 19:18:41 UTC 2026","passed","Sat May 23 19:18:42 UTC 2026","TestReviewComponent","test_review_component","",""
"","3138","[WEB] Sign up with valid data. Case: 'mobile_number' length = min","tests.web.component.auth","Sat May 23 19:08:22 UTC 2026","passed","Sat May 23 19:08:25 UTC 2026","TestSignUpWeb","test_signup_component","",""
"","0","[API] Create user should return 400_BAD_REQUEST when send create user request with invalid data. Case: 'city' length = min - 1","tests.api.user","Sat May 23 19:02:33 UTC 2026","skipped","Sat May 23 19:02:33 UTC 2026","TestCreateUserApi","test_create_user","",""
"","0","[API] Create user should return 400_BAD_REQUEST when send create user request with invalid data. Case: 'email' contains username hieroglyphs instead of username","tests.api.user","Sat May 23 19:02:33 UTC 2026","skipped","Sat May 23 19:02:33 UTC 2026","TestCreateUserApi","test_create_user","",""
"","0","[API] Create user should return 400_BAD_REQUEST when send create user request with invalid data. Case: 'email' contains domain with one letter","tests.api.user","Sat May 23 19:02:33 UTC 2026","skipped","Sat May 23 19:02:33 UTC 2026","TestCreateUserApi","test_create_user","",""
"","185","[API] Create user should return 200_OK when send create user request with valid data. Case: 'first_name' length = max - 1","tests.api.user","Sat May 23 19:02:37 UTC 2026","passed","Sat May 23 19:02:38 UTC 2026","TestCreateUserApi","test_create_user","",""
"","0","[WEB] Sign up with invalid data. Case: 'company' length = max - 1","tests.web.component.auth","Sat May 23 19:03:31 UTC 2026","skipped","Sat May 23 19:03:31 UTC 2026","TestSignUpWeb","test_signup_component","",""
"","0","[API] Update user should return 400_BAD_REQUEST when send update user request with invalid data. Case: 'email' is word","tests.api.user","Sat May 23 19:03:01 UTC 2026","skipped","Sat May 23 19:03:01 UTC 2026","TestUpdateUserApi","test_update_user","",""
"","431","[API] Update user should return 200_OK when send update user request with valid data. Case: 'zipcode' length = max","tests.api.user","Sat May 23 19:03:01 UTC 2026","passed","Sat May 23 19:03:01 UTC 2026","TestUpdateUserApi","test_update_user","",""
"","0","[WEB Component] Pay with invalid card should show error message. Case: card number is empty","tests.web.component.payment","Sat May 23 19:13:19 UTC 2026","skipped","Sat May 23 19:13:19 UTC 2026","TestPaymentComponent","test_payment_component","",""
"","3792","[WEB] Sign up with valid data. Case: 'name' length = max","tests.web.component.auth","Sat May 23 19:05:00 UTC 2026","passed","Sat May 23 19:05:04 UTC 2026","TestSignUpWeb","test_signup_component","",""
"","254","[API] Update user should return 200_OK when send update user request with valid data. Case: 'last_name' length = min","tests.api.user","Sat May 23 19:02:42 UTC 2026","passed","Sat May 23 19:02:42 UTC 2026","TestUpdateUserApi","test_update_user","",""
"","3685","[WEB] Sign up with valid data. Case: 'zipcode' length = min","tests.web.component.auth","Sat May 23 19:19:21 UTC 2026","passed","Sat May 23 19:19:25 UTC 2026","TestSignUpWeb","test_signup_component","",""
"","0","[WEB] Should not add product review with invalid data. Case: 'email' contains text before username","tests.web.component.review","Sat May 23 19:21:03 UTC 2026","skipped","Sat May 23 19:21:03 UTC 2026","TestReviewComponent","test_review_component","",""
