"DESCRIPTION","DURATION IN MS","NAME","PARENT SUITE","START TIME","STATUS","STOP TIME","SUB SUITE","SUITE","TEST CLASS","TEST METHOD"
"","3372","[WEB] Sign up with valid data. Case: 'last_name' length = min","tests.web.component.auth","2026-07-20","passed","2026-07-20","TestSignUpWeb","test_signup_component","",""
"","502","[WEB] Should add product review with valid data. Case: 'email' username contains '-'","tests.web.component.review","2026-07-20","passed","2026-07-20","TestReviewComponent","test_review_component","",""
"","0","[API] Update user should return 400_BAD_REQUEST when send update user request with invalid data. Case: 'birth_month' is zero","tests.api.user","2026-07-20","skipped","2026-07-20","TestUpdateUserApi","test_update_user","",""
"","0","[API] Create user should return 400_BAD_REQUEST when send create user request with invalid data. Case: 'email' contains multiple '@' symbols","tests.api.user","2026-07-20","skipped","2026-07-20","TestCreateUserApi","test_create_user","",""
"","0","[WEB Component] Pay with invalid card should show error message. Case: expiry year only spaces","tests.web.component.payment","2026-07-20","skipped","2026-07-20","TestPaymentComponent","test_payment_component","",""
"","134","[API] Create user should return 200_OK when send create user request with valid data. Case: 'city' length = min","tests.api.user","2026-07-20","passed","2026-07-20","TestCreateUserApi","test_create_user","",""
"","0","[WEB] Sign up with invalid data. Case: 'name' length = min","tests.web.component.auth","2026-07-20","skipped","2026-07-20","TestSignUpWeb","test_signup_component","",""
"","131","[API] Delete user should return 200_OK when send delete user request and user exists","tests.api.user","2026-07-20","passed","2026-07-20","TestDeleteUserApi","test_delete_user","",""
"","153","[API] Update user should return 404_BAD_REQUEST when send update user request with not existing email","tests.api.user","2026-07-20","passed","2026-07-20","TestUpdateUserApi","test_update_user","",""
"","304","[API] Update user should return 200_OK when send update user request with valid data. Case: 'company' length = min","tests.api.user","2026-07-20","passed","2026-07-20","TestUpdateUserApi","test_update_user","",""
"","498","[WEB] Should add product review with valid data. Case: 'email' domain contains '-'","tests.web.component.review","2026-07-20","passed","2026-07-20","TestReviewComponent","test_review_component","",""
"","0","[API] Update user should return 400_BAD_REQUEST when send update user request with invalid data. Case: 'email' not contains username","tests.api.user","2026-07-20","skipped","2026-07-20","TestUpdateUserApi","test_update_user","",""
"","133","[API] Create user should return 200_OK when send create user request with valid data. Case: 'state' length = min","tests.api.user","2026-07-20","passed","2026-07-20","TestCreateUserApi","test_create_user","",""
"","196","[API] Update user should return 200_OK when send update user request with valid data. Case: 'birth_month' = 12","tests.api.user","2026-07-20","passed","2026-07-20","TestUpdateUserApi","test_update_user","",""
"","233","[API] Update user should return 200_OK when send update user request with valid data. Case: 'state' length = max","tests.api.user","2026-07-20","passed","2026-07-20","TestUpdateUserApi","test_update_user","",""
"","0","[API] Update user should return 400_BAD_REQUEST when send update user request with invalid data. Case: 'last_name' is empty","tests.api.user","2026-07-20","skipped","2026-07-20","TestUpdateUserApi","test_update_user","",""
"","0","[WEB] Should not add product review with invalid data. Case: 'name' length = min - 1","tests.web.component.review","2026-07-20","skipped","2026-07-20","TestReviewComponent","test_review_component","",""
"","1782","[WEB Component] Should have expected success status message after sending contact info","tests.web.component.base","2026-07-20","passed","2026-07-20","TestSubscriptionComponent","test_subscription_component","",""
"","211","[API] Update user should return 200_OK when send update user request with valid data. Case: 'zipcode' length = min","tests.api.user","2026-07-20","passed","2026-07-20","TestUpdateUserApi","test_update_user","",""
"","0","[API] Update user should return 400_BAD_REQUEST when send update user request with invalid data. Case: 'zipcode' is empty","tests.api.user","2026-07-20","skipped","2026-07-20","TestUpdateUserApi","test_update_user","",""
"","0","[API] Update user should return 400_BAD_REQUEST when send update user request with invalid data. Case: 'state' is empty","tests.api.user","2026-07-20","skipped","2026-07-20","TestUpdateUserApi","test_update_user","",""
"","0","[API] Update user should return 400_BAD_REQUEST when send update user request with invalid data. Case: 'email' contains text before username","tests.api.user","2026-07-20","skipped","2026-07-20","TestUpdateUserApi","test_update_user","",""
"","0","[API] Create user should return 400_BAD_REQUEST when send create user request with invalid data. Case: 'name' length = max + 1","tests.api.user","2026-07-20","skipped","2026-07-20","TestCreateUserApi","test_create_user","",""
"","0","[WEB Component] Should not subscribe with invalid email","tests.web.component.base","2026-07-20","skipped","2026-07-20","TestSubscriptionComponent","test_subscription_component","",""
"","0","[API] Update user should return 400_BAD_REQUEST when send update user request with invalid data. Case: 'mobile_number' length = min - 1","tests.api.user","2026-07-20","skipped","2026-07-20","TestUpdateUserApi","test_update_user","",""
"","1029","[WEB Component] Should open product page when click on view product button","tests.web.component.product","2026-07-20","passed","2026-07-20","TestAnimatedProductCard","test_animated_product_card_component","",""
"","0","[API] Create user should return 400_BAD_REQUEST when send create user request with invalid data. Case: 'email' contains '-' after '@'","tests.api.user","2026-07-20","skipped","2026-07-20","TestCreateUserApi","test_create_user","",""
"","0","[API] Create user should return 400_BAD_REQUEST when send create user request with invalid data. Case: 'state' length = max + 1","tests.api.user","2026-07-20","skipped","2026-07-20","TestCreateUserApi","test_create_user","",""
"","144","[API] Create user should return 200_OK when send create user request with valid data. Case: 'name' length = max - 1","tests.api.user","2026-07-20","passed","2026-07-20","TestCreateUserApi","test_create_user","",""
"","241","[API] Update user should return 200_OK when send update user request with valid data. Case: 'address1' length = max","tests.api.user","2026-07-20","passed","2026-07-20","TestUpdateUserApi","test_update_user","",""
"","254","Should return user not found when user password invalid","tests.api.user","2026-07-20","passed","2026-07-20","TestVerifyLoginApi","test_verify_login","",""
"","0","[WEB] Sign up with invalid data. Case: 'name' length = max - 1","tests.web.component.auth","2026-07-20","skipped","2026-07-20","TestSignUpWeb","test_signup_component","",""
"","0","[WEB] Sign up with invalid data. Case: 'first_name' length = min","tests.web.component.auth","2026-07-20","skipped","2026-07-20","TestSignUpWeb","test_signup_component","",""
"","1215","[WEB Component] Brand filter should filters products by brand","tests.web.component.filter","2026-07-20","passed","2026-07-20","TestBrandFilter","test_brand_filter","",""
"","205","[API] Update user should return 200_OK when send update user request with valid data. Case: 'company' length = max","tests.api.user","2026-07-20","passed","2026-07-20","TestUpdateUserApi","test_update_user","",""
"","0","[WEB] Sign up with invalid data. Case: 'birth_year' = 1","tests.web.component.auth","2026-07-20","skipped","2026-07-20","TestSignUpWeb","test_signup_component","",""
"","135","[API] Create user should return 200_OK when send create user request with valid data. Case: 'zipcode' length = min + 1","tests.api.user","2026-07-20","passed","2026-07-20","TestCreateUserApi","test_create_user","",""
"","0","[WEB Component] Pay with invalid card should show error message. Case: cvc too short","tests.web.component.payment","2026-07-20","skipped","2026-07-20","TestPaymentComponent","test_payment_component","",""
"","207","[API] Update user should return 200_OK when send update user request with valid data. Case: 'address2' length = min + 1","tests.api.user","2026-07-20","passed","2026-07-20","TestUpdateUserApi","test_update_user","",""
"","0","[API] Create user should return 400_BAD_REQUEST when send create user request with invalid data. Case: 'email' contains text after domain","tests.api.user","2026-07-20","skipped","2026-07-20","TestCreateUserApi","test_create_user","",""
"","341","[WEB Component] Product item should navigate to product page when click on item title","tests.web.component.product","2026-07-20","passed","2026-07-20","TestProductItem","test_product_item","",""
"","0","[WEB] Sign up with invalid data. Case: 'mobile_number' length = min","tests.web.component.auth","2026-07-20","skipped","2026-07-20","TestSignUpWeb","test_signup_component","",""
"","0","[API] Create user should return 400_BAD_REQUEST when send create user request with invalid data. Case: 'email' contains '.' before dog symbol","tests.api.user","2026-07-20","skipped","2026-07-20","TestCreateUserApi","test_create_user","",""
"","351","test_get_all_products","tests.api.product","2026-07-20","passed","2026-07-20","TestProductApi","test_product","",""
"","124","Get brands should return 200_OK when send get brands request","tests.api.brand","2026-07-20","passed","2026-07-20","TestBrandApi","test_brand","",""
"","235","[API] Update user should return 200_OK when send update user request with valid data. Case: 'city' length = min","tests.api.user","2026-07-20","passed","2026-07-20","TestUpdateUserApi","test_update_user","",""
"","572","[WEB] Should add product review with valid data. Case: 'email' contains subdomain","tests.web.component.review","2026-07-20","passed","2026-07-20","TestReviewComponent","test_review_component","",""
"","3549","[WEB] Sign up with valid data. Case: 'mobile_number' length = max - 1","tests.web.component.auth","2026-07-20","passed","2026-07-20","TestSignUpWeb","test_signup_component","",""
"","0","[WEB] Sign up with invalid data. Case: 'birth_year' = 10000","tests.web.component.auth","2026-07-20","skipped","2026-07-20","TestSignUpWeb","test_signup_component","",""
"","4809","[WEB] Sign up with valid data. Case: 'address1' length = min","tests.web.component.auth","2026-07-20","passed","2026-07-20","TestSignUpWeb","test_signup_component","",""
"","328","[API] Create user should return 200_OK when send create user request with valid data. Case: 'company' length = min","tests.api.user","2026-07-20","passed","2026-07-20","TestCreateUserApi","test_create_user","",""
"","137","[API] Create user should return 200_OK when send create user request with valid data. Case: 'mobile_number' length = max - 1","tests.api.user","2026-07-20","passed","2026-07-20","TestCreateUserApi","test_create_user","",""
"","0","[API] Update user should return 400_BAD_REQUEST when send update user request with invalid data. Case: 'email' contains invalid top level domain web","tests.api.user","2026-07-20","skipped","2026-07-20","TestUpdateUserApi","test_update_user","",""
"","223","[API] Update user should return 200_OK when send update user request with valid data. Case: 'address2' length = max","tests.api.user","2026-07-20","passed","2026-07-20","TestUpdateUserApi","test_update_user","",""
"","0","[WEB] Sign up with invalid data. Case: 'name' length = max","tests.web.component.auth","2026-07-20","skipped","2026-07-20","TestSignUpWeb","test_signup_component","",""
"","3731","[WEB] Sign up with valid data. Case: 'state' length = min","tests.web.component.auth","2026-07-20","passed","2026-07-20","TestSignUpWeb","test_signup_component","",""
"","0","[API] Create user should return 400_BAD_REQUEST when send create user request with invalid data. Case: 'birth_month' is absent","tests.api.user","2026-07-20","skipped","2026-07-20","TestCreateUserApi","test_create_user","",""
"","3174","[WEB] Sign up with valid data. Case: 'zipcode' length = min","tests.web.component.auth","2026-07-20","passed","2026-07-20","TestSignUpWeb","test_signup_component","",""
"","4143","[WEB] Sign up with valid data. Case: 'company' length = min + 1","tests.web.component.auth","2026-07-20","passed","2026-07-20","TestSignUpWeb","test_signup_component","",""
"","1873","[WEB Component] Product details should have expected data","tests.web.component.product","2026-07-20","passed","2026-07-20","TestProductCard","test_product_details_component","",""
"","0","[API] Create user should return 400_BAD_REQUEST when send create user request with invalid data. Case: 'zipcode' is absent","tests.api.user","2026-07-20","skipped","2026-07-20","TestCreateUserApi","test_create_user","",""
"","1860","[WEB Component] Pay with valid card should show success status message. Case: valid: future year","tests.web.component.payment","2026-07-20","passed","2026-07-20","TestPaymentComponent","test_payment_component","",""
"","1244","[WEB Component] Products Carousel should first products when scroll right on last image","tests.web.component.carousel","2026-07-20","passed","2026-07-20","TestProductCarousel","test_product_carousel","",""
"","1219","[WEB Component] Should add product to cart when click on add to cart button from overlay","tests.web.component.product","2026-07-20","passed","2026-07-20","TestAnimatedProductCard","test_animated_product_card_component","",""
"","0","[WEB] Should not add product review with invalid data. Case: 'email' is word","tests.web.component.review","2026-07-20","skipped","2026-07-20","TestReviewComponent","test_review_component","",""
"","0","[WEB Component] Pay with invalid card should show error message. Case: name contains newline","tests.web.component.payment","2026-07-20","skipped","2026-07-20","TestPaymentComponent","test_payment_component","",""
"","234","[API] Update user should return 200_OK when send update user request with valid data. Case: 'name' length = max - 1","tests.api.user","2026-07-20","passed","2026-07-20","TestUpdateUserApi","test_update_user","",""
"","214","[API] Update user should return 200_OK when send update user request with valid data. Case: 'city' length = max - 1","tests.api.user","2026-07-20","passed","2026-07-20","TestUpdateUserApi","test_update_user","",""
"","315","[API] Create user should return 400_BAD_REQUEST when send create user request with existing email","tests.api.user","2026-07-20","passed","2026-07-20","TestCreateUserApi","test_create_user","",""
"","0","[API] Create user should return 400_BAD_REQUEST when send create user request with invalid data. Case: 'first_name' length = max + 1","tests.api.user","2026-07-20","skipped","2026-07-20","TestCreateUserApi","test_create_user","",""
"","0","[API] Update user should return 400_BAD_REQUEST when send update user request with invalid data. Case: 'email' contains multiple '@' symbols","tests.api.user","2026-07-20","skipped","2026-07-20","TestUpdateUserApi","test_update_user","",""
"","0","[API] Update user should return 400_BAD_REQUEST when send update user request with invalid data. Case: 'mobile_number' is empty","tests.api.user","2026-07-20","skipped","2026-07-20","TestUpdateUserApi","test_update_user","",""
"","3768","[WEB Component] Add product to cart from product carousel","tests.web.component.carousel","2026-07-20","passed","2026-07-20","TestProductCarousel","test_product_carousel","",""
"","4736","[WEB] Sign up with valid data. Case: 'address1' length = min + 1","tests.web.component.auth","2026-07-20","passed","2026-07-20","TestSignUpWeb","test_signup_component","",""
"","1855","[WEB Component] Pay with valid card should show success status message. Case: valid: boundary valid number","tests.web.component.payment","2026-07-20","passed","2026-07-20","TestPaymentComponent","test_payment_component","",""
"","0","[API] Create user should return 400_BAD_REQUEST when send create user request with invalid data. Case: 'state' length = min - 1","tests.api.user","2026-07-20","skipped","2026-07-20","TestCreateUserApi","test_create_user","",""
"","0","[WEB] Sign up with invalid data. Case: 'last_name' length = max","tests.web.component.auth","2026-07-20","skipped","2026-07-20","TestSignUpWeb","test_signup_component","",""
"","0","[WEB Component] Pay with invalid card should show error message. Case: expiry month only spaces","tests.web.component.payment","2026-07-20","skipped","2026-07-20","TestPaymentComponent","test_payment_component","",""
"","564","[WEB] Should add product review with valid data. Case: 'email' domain length = 2","tests.web.component.review","2026-07-20","passed","2026-07-20","TestReviewComponent","test_review_component","",""
"","626","[WEB Component] Should subscribe with valid email","tests.web.component.base","2026-07-20","passed","2026-07-20","TestSubscriptionComponent","test_subscription_component","",""
"","173","[API] Create user should return 200_OK when send create user request with valid data. Case: 'first_name' length = max","tests.api.user","2026-07-20","passed","2026-07-20","TestCreateUserApi","test_create_user","",""
"","1878","[WEB Component] Pay with valid card should show success status message. Case: valid: common latin name","tests.web.component.payment","2026-07-20","passed","2026-07-20","TestPaymentComponent","test_payment_component","",""
"","0","[API] Create user should return 400_BAD_REQUEST when send create user request with invalid data. Case: 'birth_day' is absent","tests.api.user","2026-07-20","skipped","2026-07-20","TestCreateUserApi","test_create_user","",""
"","0","[API] Create user should return 400_BAD_REQUEST when send create user request with invalid data. Case: 'email' contains mail server as ip and port","tests.api.user","2026-07-20","skipped","2026-07-20","TestCreateUserApi","test_create_user","",""
"","281","[API] Create user should return 200_OK when send create user request with valid data. Case: 'address1' length = min","tests.api.user","2026-07-20","passed","2026-07-20","TestCreateUserApi","test_create_user","",""
"","3532","[WEB] Sign up with valid data. Case: 'name' length = min","tests.web.component.auth","2026-07-20","passed","2026-07-20","TestSignUpWeb","test_signup_component","",""
"","136","[API] Create user should return 200_OK when send create user request with valid data. Case: 'birth_month' = 1","tests.api.user","2026-07-20","passed","2026-07-20","TestCreateUserApi","test_create_user","",""
"","0","[API] Update user should return 400_BAD_REQUEST when send update user request with invalid data. Case: 'zipcode' has invalid format","tests.api.user","2026-07-20","skipped","2026-07-20","TestUpdateUserApi","test_update_user","",""
"","244","[API] Update user should return 200_OK when send update user request with valid data. Case: 'name' length = max","tests.api.user","2026-07-20","passed","2026-07-20","TestUpdateUserApi","test_update_user","",""
"","426","[WEB Component] Should remove product from cart","tests.web.component.product","2026-07-20","passed","2026-07-20","TestProductItem","test_product_item","",""
"","0","[WEB Component] Pay with invalid card should show error message. Case: name is empty","tests.web.component.payment","2026-07-20","skipped","2026-07-20","TestPaymentComponent","test_payment_component","",""
"","0","[API] Update user should return 400_BAD_REQUEST when send update user request with invalid data. Case: 'email' not contains domain","tests.api.user","2026-07-20","skipped","2026-07-20","TestUpdateUserApi","test_update_user","",""
"","0","[WEB] Should not add product review with invalid data. Case: 'email' contains invalid top level domain web","tests.web.component.review","2026-07-20","skipped","2026-07-20","TestReviewComponent","test_review_component","",""
"","0","[API] Update user should return 400_BAD_REQUEST when send update user request with invalid data. Case: 'email' contains only special symbols","tests.api.user","2026-07-20","skipped","2026-07-20","TestUpdateUserApi","test_update_user","",""
"","0","[API] Update user should return 400_BAD_REQUEST when send update user request with invalid data. Case: 'email' contains '.' before dog symbol","tests.api.user","2026-07-20","skipped","2026-07-20","TestUpdateUserApi","test_update_user","",""
"","152","[API] Create user should return 200_OK when send create user request with valid data. Case: 'company' length = max","tests.api.user","2026-07-20","passed","2026-07-20","TestCreateUserApi","test_create_user","",""
"","0","[API] Create user should return 400_BAD_REQUEST when send create user request with invalid data. Case: 'birth_day' is invalid positive","tests.api.user","2026-07-20","skipped","2026-07-20","TestCreateUserApi","test_create_user","",""
"","0","[WEB] Sign up with invalid data. Case: 'zipcode' length = max","tests.web.component.auth","2026-07-20","skipped","2026-07-20","TestSignUpWeb","test_signup_component","",""
"","185","[API] Update user should return 200_OK when send update user request with valid data. Case: 'first_name' length = min + 1","tests.api.user","2026-07-20","passed","2026-07-20","TestUpdateUserApi","test_update_user","",""
"","1402","[WEB Component] Should add product to cart when click on add to cart button","tests.web.component.product","2026-07-20","passed","2026-07-20","TestAnimatedProductCard","test_animated_product_card_component","",""
"","4265","[WEB] Sign up with valid data. Case: 'address1' length = max","tests.web.component.auth","2026-07-20","passed","2026-07-20","TestSignUpWeb","test_signup_component","",""
"","6676","[WEB Component] Category filter group should be collapsed after collapse expanded group","tests.web.component.filter","2026-07-20","passed","2026-07-20","TestCategoryFilter","test_category_filter","",""
"","0","[WEB] Should not add product review with invalid data. Case: 'name' is empty","tests.web.component.review","2026-07-20","skipped","2026-07-20","TestReviewComponent","test_review_component","",""
"","139","[API] Create user should return 200_OK when send create user request with valid data. Case: 'address1' length = min + 1","tests.api.user","2026-07-20","passed","2026-07-20","TestCreateUserApi","test_create_user","",""
"","0","[WEB] Sign up with invalid data. Case: 'birth_day' length = 31","tests.web.component.auth","2026-07-20","skipped","2026-07-20","TestSignUpWeb","test_signup_component","",""
"","0","[API] Update user should return 400_BAD_REQUEST when send update user request with invalid data. Case: 'name' is absent","tests.api.user","2026-07-20","skipped","2026-07-20","TestUpdateUserApi","test_update_user","",""
"","1854","[WEB Component] Place order without authorization notification should have expected data and screenshot","tests.web.component.base","2026-07-20","passed","2026-07-20","TestNotificationComponent","test_notification_component","",""
"","137","[API] Create user should return 200_OK when send create user request with valid data. Case: 'state' length = max","tests.api.user","2026-07-20","passed","2026-07-20","TestCreateUserApi","test_create_user","",""
"","0","[API] Update user should return 400_BAD_REQUEST when send update user request with invalid data. Case: 'last_name' length = min - 1","tests.api.user","2026-07-20","skipped","2026-07-20","TestUpdateUserApi","test_update_user","",""
"","0","[API] Create user should return 400_BAD_REQUEST when send create user request with invalid data. Case: 'mobile_number' is absent","tests.api.user","2026-07-20","skipped","2026-07-20","TestCreateUserApi","test_create_user","",""
"","0","[API] Update user should return 400_BAD_REQUEST when send update user request with invalid data. Case: 'email' contains '-' after '@'","tests.api.user","2026-07-20","skipped","2026-07-20","TestUpdateUserApi","test_update_user","",""
"","3471","[WEB] Sign up with valid data. Case: 'city' length = min","tests.web.component.auth","2026-07-20","passed","2026-07-20","TestSignUpWeb","test_signup_component","",""
"","0","[WEB Component] Pay with invalid card should show error message. Case: expiry month is empty","tests.web.component.payment","2026-07-20","skipped","2026-07-20","TestPaymentComponent","test_payment_component","",""
"","230","[API] Update user should return 200_OK when send update user request with valid data. Case: 'mobile_number' length = min","tests.api.user","2026-07-20","passed","2026-07-20","TestUpdateUserApi","test_update_user","",""
"","0","[WEB Component] Pay with invalid card should show error message. Case: card number contains dashes","tests.web.component.payment","2026-07-20","skipped","2026-07-20","TestPaymentComponent","test_payment_component","",""
"","0","[WEB] Should not add product review with invalid data. Case: 'email' contains multiple '@' symbols","tests.web.component.review","2026-07-20","skipped","2026-07-20","TestReviewComponent","test_review_component","",""
"","0","[API] Create user should return 400_BAD_REQUEST when send create user request with invalid data. Case: 'zipcode' has invalid format","tests.api.user","2026-07-20","skipped","2026-07-20","TestCreateUserApi","test_create_user","",""
"","248","[API] Create user should return 200_OK when send create user request with valid data. Case: 'city' length = min + 1","tests.api.user","2026-07-20","passed","2026-07-20","TestCreateUserApi","test_create_user","",""
"","131","Should return user exists when user exists with email and password","tests.api.user","2026-07-20","passed","2026-07-20","TestVerifyLoginApi","test_verify_login","",""
"","3276","[WEB] Sign up with valid data. Case: 'address2' length = max - 1","tests.web.component.auth","2026-07-20","passed","2026-07-20","TestSignUpWeb","test_signup_component","",""
"","0","[WEB] Should not add product review with invalid data. Case: 'email' contains only special symbols","tests.web.component.review","2026-07-20","skipped","2026-07-20","TestReviewComponent","test_review_component","",""
"","0","[WEB] Should not add product review with invalid data. Case: 'email' contains username hieroglyphs instead of username","tests.web.component.review","2026-07-20","skipped","2026-07-20","TestReviewComponent","test_review_component","",""
"","0","[API] Update user should return 400_BAD_REQUEST when send update user request with invalid data. Case: 'name' length = max + 1","tests.api.user","2026-07-20","skipped","2026-07-20","TestUpdateUserApi","test_update_user","",""
"","9008","Purchase products with login while checkout","tests.web.e2e","2026-07-20","passed","2026-07-20","TestPlaceOrder","test_place_order","",""
"","0","[WEB] Sign up with invalid data. Case: 'address1' length = max - 1","tests.web.component.auth","2026-07-20","skipped","2026-07-20","TestSignUpWeb","test_signup_component","",""
"","4375","[WEB] Sign up with valid data. Case: 'birth_year' = 1","tests.web.component.auth","2026-07-20","passed","2026-07-20","TestSignUpWeb","test_signup_component","",""
"","0","[WEB Component] Pay with invalid card should show error message. Case: card number fails luhn check","tests.web.component.payment","2026-07-20","skipped","2026-07-20","TestPaymentComponent","test_payment_component","",""
"","0","[WEB] Sign up with invalid data. Case: 'address2' length = max - 1","tests.web.component.auth","2026-07-20","skipped","2026-07-20","TestSignUpWeb","test_signup_component","",""
"","0","[WEB Component] Pay with invalid card should show error message. Case: card number contains special characters","tests.web.component.payment","2026-07-20","skipped","2026-07-20","TestPaymentComponent","test_payment_component","",""
"","317","[API] Create user should return 200_OK when send create user request with valid data. Case: 'first_name' length = min","tests.api.user","2026-07-20","passed","2026-07-20","TestCreateUserApi","test_create_user","",""
"","4795","[WEB] Sign up with valid data. Case: 'zipcode' length = max - 1","tests.web.component.auth","2026-07-20","passed","2026-07-20","TestSignUpWeb","test_signup_component","",""
"","1455","[WEB Component] Page scroller scroll page to top","tests.web.component.base","2026-07-20","passed","2026-07-20","TestPageScrollerComponent","test_page_scroller_component","",""
"","1980","[WEB Component] Pay with valid card should show success status message. Case: valid: name max length","tests.web.component.payment","2026-07-20","passed","2026-07-20","TestPaymentComponent","test_payment_component","",""
"","0","[API] Update user should return 400_BAD_REQUEST when send update user request with invalid data. Case: 'last_name' is absent","tests.api.user","2026-07-20","skipped","2026-07-20","TestUpdateUserApi","test_update_user","",""
"","0","[API] Update user should return 400_BAD_REQUEST when send update user request with invalid data. Case: 'email' contains text after domain","tests.api.user","2026-07-20","skipped","2026-07-20","TestUpdateUserApi","test_update_user","",""
"","0","[WEB Component] Pay with invalid card should show error message. Case: name contains special characters","tests.web.component.payment","2026-07-20","skipped","2026-07-20","TestPaymentComponent","test_payment_component","",""
"","1334","[WEB Component] Search filter should have expected screenshot","tests.web.component.filter","2026-07-20","passed","2026-07-20","TestSearchFilter","test_search_filter","",""
"","645","[WEB] Should add product review with valid data. Case: 'email' username contains '+'","tests.web.component.review","2026-07-20","passed","2026-07-20","TestReviewComponent","test_review_component","",""
"","456","[WEB] Should add product review with valid data. Case: 'message' length = min + 1","tests.web.component.review","2026-07-20","passed","2026-07-20","TestReviewComponent","test_review_component","",""
"","0","[WEB] Sign up with invalid data. Case: 'address2' length = min","tests.web.component.auth","2026-07-20","skipped","2026-07-20","TestSignUpWeb","test_signup_component","",""
"","0","[WEB] Sign up with invalid data. Case: 'address1' length = max","tests.web.component.auth","2026-07-20","skipped","2026-07-20","TestSignUpWeb","test_signup_component","",""
"","0","[WEB Component] Pay with invalid card should show error message. Case: card number only spaces","tests.web.component.payment","2026-07-20","skipped","2026-07-20","TestPaymentComponent","test_payment_component","",""
"","0","[API] Create user should return 400_BAD_REQUEST when send create user request with invalid data. Case: 'last_name' is absent","tests.api.user","2026-07-20","skipped","2026-07-20","TestCreateUserApi","test_create_user","",""
"","216","[API] Update user should return 200_OK when send update user request with valid data. Case: 'first_name' length = max - 1","tests.api.user","2026-07-20","passed","2026-07-20","TestUpdateUserApi","test_update_user","",""
"","0","[API] Create user should return 400_BAD_REQUEST when send create user request with invalid data. Case: 'city' length = min - 1","tests.api.user","2026-07-20","skipped","2026-07-20","TestCreateUserApi","test_create_user","",""
"","416","[WEB Component] Billing address has expected data","tests.web.component.address","2026-07-20","passed","2026-07-20","TestAddressComponent","test_address_component","",""
"","2808","[WEB Component] Product carousel should have expected product","tests.web.component.carousel","2026-07-20","failed","2026-07-20","TestProductCarousel","test_product_carousel","",""
"","3586","[WEB] Sign up with valid data. Case: 'city' length = max - 1","tests.web.component.auth","2026-07-20","passed","2026-07-20","TestSignUpWeb","test_signup_component","",""
"","0","[API] Create user should return 400_BAD_REQUEST when send create user request with invalid data. Case: 'birth_month' is invalid positive","tests.api.user","2026-07-20","skipped","2026-07-20","TestCreateUserApi","test_create_user","",""
"","3142","[WEB] Sign up with valid data. Case: 'name' length = max","tests.web.component.auth","2026-07-20","passed","2026-07-20","TestSignUpWeb","test_signup_component","",""
"","0","[API] Create user should return 400_BAD_REQUEST when send create user request with invalid data. Case: 'email' not contains domain","tests.api.user","2026-07-20","skipped","2026-07-20","TestCreateUserApi","test_create_user","",""
"","227","[API] Update user should return 200_OK when send update user request with valid data. Case: 'name' length = min","tests.api.user","2026-07-20","passed","2026-07-20","TestUpdateUserApi","test_update_user","",""
"","0","[API] Create user should return 400_BAD_REQUEST when send create user request with invalid data. Case: 'birth_day' is negative","tests.api.user","2026-07-20","skipped","2026-07-20","TestCreateUserApi","test_create_user","",""
"","224","[API] Update user should return 200_OK when send update user request with valid data. Case: 'last_name' length = max - 1","tests.api.user","2026-07-20","passed","2026-07-20","TestUpdateUserApi","test_update_user","",""
"","209","[API] Update user should return 200_OK when send update user request with valid data. Case: 'city' length = max","tests.api.user","2026-07-20","passed","2026-07-20","TestUpdateUserApi","test_update_user","",""
"","146","[API] Create user should return 200_OK when send create user request with valid data. Case: 'address1' length = max - 1","tests.api.user","2026-07-20","passed","2026-07-20","TestCreateUserApi","test_create_user","",""
"","0","[API] Update user should return 400_BAD_REQUEST when send update user request with invalid data. Case: 'name' length = min - 1","tests.api.user","2026-07-20","skipped","2026-07-20","TestUpdateUserApi","test_update_user","",""
"","0","[WEB Component] Pay with invalid card should show error message. Case: card number all zeros","tests.web.component.payment","2026-07-20","skipped","2026-07-20","TestPaymentComponent","test_payment_component","",""
"","0","[WEB] Should not add product review with invalid data. Case: 'message' length = min + 1","tests.web.component.review","2026-07-20","skipped","2026-07-20","TestReviewComponent","test_review_component","",""
"","0","[API] Update user should return 400_BAD_REQUEST when send update user request with invalid data. Case: 'zipcode' length = min - 1","tests.api.user","2026-07-20","skipped","2026-07-20","TestUpdateUserApi","test_update_user","",""
"","3089","[WEB] Sign up with valid data. Case: 'zipcode' length = min + 1","tests.web.component.auth","2026-07-20","passed","2026-07-20","TestSignUpWeb","test_signup_component","",""
"","235","[API] Update user should return 200_OK when send update user request with valid data. Case: 'last_name' length = max","tests.api.user","2026-07-20","passed","2026-07-20","TestUpdateUserApi","test_update_user","",""
"","0","[API] Create user should return 400_BAD_REQUEST when send create user request with invalid data. Case: 'email' contains invalid top level domain web","tests.api.user","2026-07-20","skipped","2026-07-20","TestCreateUserApi","test_create_user","",""
"","204","[API] Create user should return 200_OK when send create user request with valid data. Case: 'last_name' length = min + 1","tests.api.user","2026-07-20","passed","2026-07-20","TestCreateUserApi","test_create_user","",""
"","617","[API] Login should return 200_OK when send login request with valid data and contains csrf cookie","tests.api.auth","2026-07-20","passed","2026-07-20","TestAuthApi","test_auth","",""
"","4168","[WEB] Sign up with valid data. Case: 'company' length = min","tests.web.component.auth","2026-07-20","passed","2026-07-20","TestSignUpWeb","test_signup_component","",""
"","0","[API] Update user should return 400_BAD_REQUEST when send update user request with invalid data. Case: 'birth_year' is absent","tests.api.user","2026-07-20","skipped","2026-07-20","TestUpdateUserApi","test_update_user","",""
"","0","[API] Update user should return 400_BAD_REQUEST when send update user request with invalid data. Case: 'birth_day' is zero","tests.api.user","2026-07-20","skipped","2026-07-20","TestUpdateUserApi","test_update_user","",""
"","303","[API] Create user should return 200_OK when send create user request with valid data. Case: 'last_name' length = max - 1","tests.api.user","2026-07-20","passed","2026-07-20","TestCreateUserApi","test_create_user","",""
"","0","[WEB] Sign up with invalid data. Case: 'name' length = min + 1","tests.web.component.auth","2026-07-20","skipped","2026-07-20","TestSignUpWeb","test_signup_component","",""
"","215","[API] Update user should return 200_OK when send update user request with valid data. Case: 'address1' length = max - 1","tests.api.user","2026-07-20","passed","2026-07-20","TestUpdateUserApi","test_update_user","",""
"","0","[WEB] Sign up with invalid data. Case: 'state' length = max","tests.web.component.auth","2026-07-20","skipped","2026-07-20","TestSignUpWeb","test_signup_component","",""
"","3170","[WEB] Sign up with valid data. Case: 'city' length = min + 1","tests.web.component.auth","2026-07-20","passed","2026-07-20","TestSignUpWeb","test_signup_component","",""
"","0","[API] Update user should return 400_BAD_REQUEST when send update user request with invalid data. Case: 'address1' length = max + 1","tests.api.user","2026-07-20","skipped","2026-07-20","TestUpdateUserApi","test_update_user","",""
"","136","[API] Create user should return 200_OK when send create user request with valid data. Case: 'address2' length = max","tests.api.user","2026-07-20","passed","2026-07-20","TestCreateUserApi","test_create_user","",""
"","0","[API] Create user should return 400_BAD_REQUEST when send create user request with invalid data. Case: 'address2' length = max + 1","tests.api.user","2026-07-20","skipped","2026-07-20","TestCreateUserApi","test_create_user","",""
"","0","[API] Create user should return 400_BAD_REQUEST when send create user request with invalid data. Case: 'email' is word","tests.api.user","2026-07-20","skipped","2026-07-20","TestCreateUserApi","test_create_user","",""
"","556","[WEB Component] Subscription component should have expected screenshot","tests.web.component.base","2026-07-20","failed","2026-07-20","TestSubscriptionComponent","test_subscription_component","",""
"","2506","[WEB Component] Image Carousel should show previous image when scroll left","tests.web.component.carousel","2026-07-20","passed","2026-07-20","TestImageCarousel","test_image_carousel","",""
"","0","[API] Create user should return 400_BAD_REQUEST when send create user request with invalid data. Case: 'birth_year' is negative","tests.api.user","2026-07-20","skipped","2026-07-20","TestCreateUserApi","test_create_user","",""
"","514","[WEB] Should add product review with valid data. Case: 'email' has not exists email service","tests.web.component.review","2026-07-20","passed","2026-07-20","TestReviewComponent","test_review_component","",""
"","0","[API] Create user should return 400_BAD_REQUEST when send create user request with invalid data. Case: 'first_name' is absent","tests.api.user","2026-07-20","skipped","2026-07-20","TestCreateUserApi","test_create_user","",""
"","0","[WEB Component] Pay with invalid card should show error message. Case: expiry year is empty","tests.web.component.payment","2026-07-20","skipped","2026-07-20","TestPaymentComponent","test_payment_component","",""
"","0","[API] Create user should return 400_BAD_REQUEST when send create user request with invalid data. Case: 'last_name' length = max + 1","tests.api.user","2026-07-20","skipped","2026-07-20","TestCreateUserApi","test_create_user","",""
"","9102","Purchase products with sign up before checkout","tests.web.e2e","2026-07-20","passed","2026-07-20","TestPlaceOrder","test_place_order","",""
"","708","[WEB] Sign in with invalid credentials. Case: {case_title}","tests.web.component.auth","2026-07-20","passed","2026-07-20","TestLoginWeb","test_login_component","",""
"","0","[API] Update user should return 400_BAD_REQUEST when send update user request with invalid data. Case: 'name' is empty","tests.api.user","2026-07-20","skipped","2026-07-20","TestUpdateUserApi","test_update_user","",""
"","146","[API] Create user should return 200_OK when send create user request with valid data. Case: 'zipcode' length = min","tests.api.user","2026-07-20","passed","2026-07-20","TestCreateUserApi","test_create_user","",""
"","1072","[WEB Component] Add product notification should have expected data and screenshot","tests.web.component.base","2026-07-20","passed","2026-07-20","TestNotificationComponent","test_notification_component","",""
"","0","[WEB] Sign up with invalid data. Case: 'city' length = max - 1","tests.web.component.auth","2026-07-20","skipped","2026-07-20","TestSignUpWeb","test_signup_component","",""
"","0","[WEB] Sign up with invalid data. Case: 'address1' length = min","tests.web.component.auth","2026-07-20","skipped","2026-07-20","TestSignUpWeb","test_signup_component","",""
"","0","[API] Create user should return 400_BAD_REQUEST when send create user request with invalid data. Case: 'birth_year' is invalid positive","tests.api.user","2026-07-20","skipped","2026-07-20","TestCreateUserApi","test_create_user","",""
"","0","[WEB Component] Pay with invalid card should show error message. Case: name contains trailing spaces","tests.web.component.payment","2026-07-20","skipped","2026-07-20","TestPaymentComponent","test_payment_component","",""
"","402","[API] Create user should return 200_OK when send create user request with valid data. Case: 'city' length = max","tests.api.user","2026-07-20","passed","2026-07-20","TestCreateUserApi","test_create_user","",""
"","509","[WEB Component] Should navigate to products page by click 'Products' button","tests.web.component.base","2026-07-20","passed","2026-07-20","TestHeaderComponent","test_header_component","",""
"","0","[WEB Component] Pay with invalid card should show error message. Case: cvc too long","tests.web.component.payment","2026-07-20","skipped","2026-07-20","TestPaymentComponent","test_payment_component","",""
"","0","[API] Create user should return 400_BAD_REQUEST when send create user request with invalid data. Case: 'email' contains username hieroglyphs instead of username","tests.api.user","2026-07-20","skipped","2026-07-20","TestCreateUserApi","test_create_user","",""
"","792","[WEB] Should add product review with valid data. Case: 'name' length = min + 1","tests.web.component.review","2026-07-20","passed","2026-07-20","TestReviewComponent","test_review_component","",""
"","0","[WEB] Sign up with invalid data. Case: 'company' length = min + 1","tests.web.component.auth","2026-07-20","skipped","2026-07-20","TestSignUpWeb","test_signup_component","",""
"","0","[WEB] Sign up with invalid data. Case: 'mobile_number' length = max - 1","tests.web.component.auth","2026-07-20","skipped","2026-07-20","TestSignUpWeb","test_signup_component","",""
"","0","[WEB] Should not add product review with invalid data. Case: 'message' length = max - 1","tests.web.component.review","2026-07-20","skipped","2026-07-20","TestReviewComponent","test_review_component","",""
"","4083","[WEB] Sign up with valid data. Case: 'birth_year' = 10000","tests.web.component.auth","2026-07-20","passed","2026-07-20","TestSignUpWeb","test_signup_component","",""
"","139","[API] Create user should return 200_OK when send create user request with valid data. Case: 'birth_month' = 12","tests.api.user","2026-07-20","passed","2026-07-20","TestCreateUserApi","test_create_user","",""
"","412","[API] Update user should return 200_OK when send update user request with valid data. Case: 'birth_year' = 10000","tests.api.user","2026-07-20","passed","2026-07-20","TestUpdateUserApi","test_update_user","",""
"","0","[API] Update user should return 400_BAD_REQUEST when send update user request with invalid data. Case: 'birth_day' is absent","tests.api.user","2026-07-20","skipped","2026-07-20","TestUpdateUserApi","test_update_user","",""
"","0","[WEB Component] Pay with invalid card should show error message. Case: name length = min - 1","tests.web.component.payment","2026-07-20","skipped","2026-07-20","TestPaymentComponent","test_payment_component","",""
"","0","[WEB Component] Pay with invalid card should show error message. Case: card number contains spaces","tests.web.component.payment","2026-07-20","skipped","2026-07-20","TestPaymentComponent","test_payment_component","",""
"","142","[API] Create user should return 200_OK when send create user request with valid data. Case: 'birth_day' length = 31","tests.api.user","2026-07-20","passed","2026-07-20","TestCreateUserApi","test_create_user","",""
"","1619","[WEB] Should add product review with valid data. Case: 'message' length = max - 1","tests.web.component.review","2026-07-20","passed","2026-07-20","TestReviewComponent","test_review_component","",""
"","0","[WEB Component] Pay with invalid card should show error message. Case: cvc all zeros","tests.web.component.payment","2026-07-20","skipped","2026-07-20","TestPaymentComponent","test_payment_component","",""
"","0","[API] Create user should return 400_BAD_REQUEST when send create user request with invalid data. Case: 'mobile_number' length = max + 1","tests.api.user","2026-07-20","skipped","2026-07-20","TestCreateUserApi","test_create_user","",""
"","0","[WEB] Sign up with invalid data. Case: 'company' length = min","tests.web.component.auth","2026-07-20","skipped","2026-07-20","TestSignUpWeb","test_signup_component","",""
"","0","[API] Create user should return 400_BAD_REQUEST when send create user request with invalid data. Case: 'mobile_number' length = min - 1","tests.api.user","2026-07-20","skipped","2026-07-20","TestCreateUserApi","test_create_user","",""
"","1051","[WEB Component] Category filter should have expected screenshot when collapsed","tests.web.component.filter","2026-07-20","passed","2026-07-20","TestCategoryFilter","test_category_filter","",""
"","3675","[WEB] Sign up with valid data. Case: 'first_name' length = max","tests.web.component.auth","2026-07-20","passed","2026-07-20","TestSignUpWeb","test_signup_component","",""
"","3830","[WEB] Sign up with valid data. Case: 'state' length = min + 1","tests.web.component.auth","2026-07-20","passed","2026-07-20","TestSignUpWeb","test_signup_component","",""
"","152","[API] Create user should return 200_OK when send create user request with valid data. Case: 'address1' length = max","tests.api.user","2026-07-20","passed","2026-07-20","TestCreateUserApi","test_create_user","",""
"","403","[API] Update user should return 200_OK when send update user request with valid data. Case: 'birth_year' = 1","tests.api.user","2026-07-20","passed","2026-07-20","TestUpdateUserApi","test_update_user","",""
"","3915","[WEB] Sign up with valid data. Case: 'birth_month' = 1","tests.web.component.auth","2026-07-20","passed","2026-07-20","TestSignUpWeb","test_signup_component","",""
"","6719","[WEB Component] Can download invoice multiple times","tests.web.component.payment","2026-07-20","passed","2026-07-20","TestPaymentComponent","test_invoice_file","",""
"","0","[API] Create user should return 400_BAD_REQUEST when send create user request with invalid data. Case: 'address1' length = min - 1","tests.api.user","2026-07-20","skipped","2026-07-20","TestCreateUserApi","test_create_user","",""
"","0","[API] Create user should return 400_BAD_REQUEST when send create user request with invalid data. Case: 'name' length = min - 1","tests.api.user","2026-07-20","skipped","2026-07-20","TestCreateUserApi","test_create_user","",""
"","0","[WEB] Sign up with invalid data. Case: 'city' length = max","tests.web.component.auth","2026-07-20","skipped","2026-07-20","TestSignUpWeb","test_signup_component","",""
"","0","[WEB Component] Pay with invalid card should show error message. Case: cvc contains special characters","tests.web.component.payment","2026-07-20","skipped","2026-07-20","TestPaymentComponent","test_payment_component","",""
"","0","[API] Update user should return 400_BAD_REQUEST when send update user request with invalid data. Case: 'company' length = max + 1","tests.api.user","2026-07-20","skipped","2026-07-20","TestUpdateUserApi","test_update_user","",""
"","0","[WEB] Sign up with invalid data. Case: 'last_name' length = min + 1","tests.web.component.auth","2026-07-20","skipped","2026-07-20","TestSignUpWeb","test_signup_component","",""
"","0","[API] Update user should return 400_BAD_REQUEST when send update user request with invalid data. Case: 'mobile_number' is absent","tests.api.user","2026-07-20","skipped","2026-07-20","TestUpdateUserApi","test_update_user","",""
"","1313","[WEB Component] Products Carousel should show previous image when scroll left","tests.web.component.carousel","2026-07-20","passed","2026-07-20","TestProductCarousel","test_product_carousel","",""
"","129","[API] Get user should return 200_OK when send get user request and user exists","tests.api.user","2026-07-20","passed","2026-07-20","TestGetUserApi","test_get_user","",""
"","3343","[WEB] Sign up with valid data. Case: 'state' length = max","tests.web.component.auth","2026-07-20","passed","2026-07-20","TestSignUpWeb","test_signup_component","",""
"","637","[WEB Component] Should navigate to contact us page by click on 'Contact us' button","tests.web.component.base","2026-07-20","passed","2026-07-20","TestHeaderComponent","test_header_component","",""
"","1898","[WEB Component] Pay with valid card should show success status message. Case: valid: name min length","tests.web.component.payment","2026-07-20","passed","2026-07-20","TestPaymentComponent","test_payment_component","",""
"","346","[API] Get products should return 200_OK and contains expected product title","tests.api.product","2026-07-20","passed","2026-07-20","TestProductApi","test_product","",""
"","0","[WEB Component] Pay with invalid card should show error message. Case: expiry month contains letters","tests.web.component.payment","2026-07-20","skipped","2026-07-20","TestPaymentComponent","test_payment_component","",""
"","1122","[WEB Component] Should add product to cart when click on add to cart button","tests.web.component.product","2026-07-20","passed","2026-07-20","TestProductCard","test_product_details_component","",""
"","1709","[WEB] Should add product review with valid data. Case: 'message' length = max","tests.web.component.review","2026-07-20","passed","2026-07-20","TestReviewComponent","test_review_component","",""
"","0","[WEB] Sign up with invalid data. Case: 'zipcode' length = min","tests.web.component.auth","2026-07-20","skipped","2026-07-20","TestSignUpWeb","test_signup_component","",""
"","1","[WEB Component] Pay with invalid card should show error message. Case: card number contains letters","tests.web.component.payment","2026-07-20","skipped","2026-07-20","TestPaymentComponent","test_payment_component","",""
"","0","[API] Update user should return 400_BAD_REQUEST when send update user request with invalid data. Case: 'first_name' length = min - 1","tests.api.user","2026-07-20","skipped","2026-07-20","TestUpdateUserApi","test_update_user","",""
"","0","[WEB Component] Pay with invalid card should show error message. Case: expiry year too short","tests.web.component.payment","2026-07-20","skipped","2026-07-20","TestPaymentComponent","test_payment_component","",""
"","0","[API] Update user should return 400_BAD_REQUEST when send update user request with invalid data. Case: 'birth_day' is negative","tests.api.user","2026-07-20","skipped","2026-07-20","TestUpdateUserApi","test_update_user","",""
"","3197","[WEB] Sign up with valid data. Case: 'address2' length = max","tests.web.component.auth","2026-07-20","passed","2026-07-20","TestSignUpWeb","test_signup_component","",""
"","0","[API] Update user should return 400_BAD_REQUEST when send update user request with invalid data. Case: 'first_name' length = max + 1","tests.api.user","2026-07-20","skipped","2026-07-20","TestUpdateUserApi","test_update_user","",""
"","1109","[WEB Component] Brand filter should have expected screenshot","tests.web.component.filter","2026-07-20","passed","2026-07-20","TestBrandFilter","test_brand_filter","",""
"","4962","[WEB] Sign up with valid data. Case: 'mobile_number' length = min","tests.web.component.auth","2026-07-20","passed","2026-07-20","TestSignUpWeb","test_signup_component","",""
"","337","[WEB Component] Payment component should have expected screenshot","tests.web.component.payment","2026-07-20","passed","2026-07-20","TestPaymentComponent","test_payment_component","",""
"","5245","[WEB] Sign up with valid data. Case: 'city' length = max","tests.web.component.auth","2026-07-20","passed","2026-07-20","TestSignUpWeb","test_signup_component","",""
"","2599","[WEB Component] Image Carousel should show next image when scroll right","tests.web.component.carousel","2026-07-20","passed","2026-07-20","TestImageCarousel","test_image_carousel","",""
"","0","[API] Create user should return 400_BAD_REQUEST when send create user request with invalid data. Case: 'email' contains text before username","tests.api.user","2026-07-20","skipped","2026-07-20","TestCreateUserApi","test_create_user","",""
"","539","[WEB] Should add product review with valid data. Case: 'email' domain name length = 2","tests.web.component.review","2026-07-20","passed","2026-07-20","TestReviewComponent","test_review_component","",""
"","139","[API] Create user should return 200_OK when send create user request with valid data. Case: 'state' length = max - 1","tests.api.user","2026-07-20","passed","2026-07-20","TestCreateUserApi","test_create_user","",""
"","4817","[WEB Component] Search filter should return empty products catalog","tests.web.component.filter","2026-07-20","passed","2026-07-20","TestSearchFilter","test_search_filter","",""
"","0","[API] Create user should return 400_BAD_REQUEST when send create user request with invalid data. Case: 'email' contains only special symbols","tests.api.user","2026-07-20","skipped","2026-07-20","TestCreateUserApi","test_create_user","",""
"","517","[WEB Component] Should navigate to main page by click on header logo","tests.web.component.base","2026-07-20","passed","2026-07-20","TestHeaderComponent","test_header_component","",""
"","0","[API] Update user should return 400_BAD_REQUEST when send update user request with invalid data. Case: 'email' is empty","tests.api.user","2026-07-20","skipped","2026-07-20","TestUpdateUserApi","test_update_user","",""
"","0","[WEB Component] Pay with invalid card should show error message. Case: cvc contains letters","tests.web.component.payment","2026-07-20","skipped","2026-07-20","TestPaymentComponent","test_payment_component","",""
"","0","[WEB Component] Pay with invalid card should show error message. Case: expiry year contains letters","tests.web.component.payment","2026-07-20","skipped","2026-07-20","TestPaymentComponent","test_payment_component","",""
"","145","[API] Create user should return 200_OK when send create user request with valid data. Case: 'mobile_number' length = min","tests.api.user","2026-07-20","passed","2026-07-20","TestCreateUserApi","test_create_user","",""
"","0","[API] Create user should return 400_BAD_REQUEST when send create user request with invalid data. Case: 'company' length = max + 1","tests.api.user","2026-07-20","skipped","2026-07-20","TestCreateUserApi","test_create_user","",""
"","0","[WEB] Should not add product review with invalid data. Case: 'email' not contains username","tests.web.component.review","2026-07-20","skipped","2026-07-20","TestReviewComponent","test_review_component","",""
"","0","[API] Update user should return 400_BAD_REQUEST when send update user request with invalid data. Case: 'birth_month' is absent","tests.api.user","2026-07-20","skipped","2026-07-20","TestUpdateUserApi","test_update_user","",""
"","0","[API] Update user should return 400_BAD_REQUEST when send update user request with invalid data. Case: 'state' length = max + 1","tests.api.user","2026-07-20","skipped","2026-07-20","TestUpdateUserApi","test_update_user","",""
"","233","[API] Update user should return 200_OK when send update user request with valid data. Case: 'address2' length = min","tests.api.user","2026-07-20","passed","2026-07-20","TestUpdateUserApi","test_update_user","",""
"","65","[WEB Component] Should have all products expected total price","tests.web.component.product","2026-07-20","passed","2026-07-20","TestProductItem","test_product_item","",""
"","0","[WEB Component] Pay with invalid card should show error message. Case: name contains digits","tests.web.component.payment","2026-07-20","skipped","2026-07-20","TestPaymentComponent","test_payment_component","",""
"","0","[WEB] Sign up with invalid data. Case: 'mobile_number' length = min + 1","tests.web.component.auth","2026-07-20","skipped","2026-07-20","TestSignUpWeb","test_signup_component","",""
"","0","[WEB Component] Pay with invalid card should show error message. Case: card number too short","tests.web.component.payment","2026-07-20","skipped","2026-07-20","TestPaymentComponent","test_payment_component","",""
"","0","[API] Create user should return 400_BAD_REQUEST when send create user request with invalid data. Case: 'zipcode' is empty","tests.api.user","2026-07-20","skipped","2026-07-20","TestCreateUserApi","test_create_user","",""
"","138","[API] Create user should return 200_OK when send create user request with valid data. Case: 'mobile_number' length = max","tests.api.user","2026-07-20","passed","2026-07-20","TestCreateUserApi","test_create_user","",""
"","812","[WEB Component] Should increase all products total price","tests.web.component.product","2026-07-20","passed","2026-07-20","TestProductItem","test_product_item","",""
"","0","[API] Create user should return 400_BAD_REQUEST when send create user request with invalid data. Case: 'mobile_number' is empty","tests.api.user","2026-07-20","skipped","2026-07-20","TestCreateUserApi","test_create_user","",""
"","0","[WEB] Sign up with invalid data. Case: 'first_name' length = max","tests.web.component.auth","2026-07-20","skipped","2026-07-20","TestSignUpWeb","test_signup_component","",""
"","1309","[WEB Component] Category filter should have expected screenshot when fully expanded","tests.web.component.filter","2026-07-20","passed","2026-07-20","TestCategoryFilter","test_category_filter","",""
"","1294","[WEB Component] Should add product to cart when click on add to cart button","tests.web.component.product","2026-07-20","passed","2026-07-20","TestProductCard","test_product_card_component","",""
"","1977","[WEB Component] Pay with valid card should show success status message. Case: valid: 16 digits number","tests.web.component.payment","2026-07-20","passed","2026-07-20","TestPaymentComponent","test_payment_component","",""
"","2115","[WEB Component] Search filter should return all products when filter by empty query","tests.web.component.filter","2026-07-20","passed","2026-07-20","TestSearchFilter","test_search_filter","",""
"","0","[WEB] Sign up with invalid data. Case: 'state' length = min","tests.web.component.auth","2026-07-20","skipped","2026-07-20","TestSignUpWeb","test_signup_component","",""
"","0","[WEB Component] Pay with invalid card should show error message. Case: expiry year in the past","tests.web.component.payment","2026-07-20","skipped","2026-07-20","TestPaymentComponent","test_payment_component","",""
"","151","[API] Create user should return 200_OK when send create user request with valid data. Case: 'state' length = min + 1","tests.api.user","2026-07-20","passed","2026-07-20","TestCreateUserApi","test_create_user","",""
"","0","[WEB] Sign up with invalid data. Case: 'zipcode' length = max - 1","tests.web.component.auth","2026-07-20","skipped","2026-07-20","TestSignUpWeb","test_signup_component","",""
"","0","[WEB Component] Pay with invalid card should show error message. Case: expiry year too long","tests.web.component.payment","2026-07-20","skipped","2026-07-20","TestPaymentComponent","test_payment_component","",""
"","0","[API] Update user should return 400_BAD_REQUEST when send update user request with invalid data. Case: 'email' contains username hieroglyphs instead of username","tests.api.user","2026-07-20","skipped","2026-07-20","TestUpdateUserApi","test_update_user","",""
"","311","[API] Create user should return 200_OK when send create user request with valid data. Case: 'name' length = min","tests.api.user","2026-07-20","passed","2026-07-20","TestCreateUserApi","test_create_user","",""
"","139","[API] Create user should return 200_OK when send create user request with valid data. Case: 'first_name' length = min + 1","tests.api.user","2026-07-20","passed","2026-07-20","TestCreateUserApi","test_create_user","",""
"","0","[API] Update user should return 400_BAD_REQUEST when send update user request with invalid data. Case: 'address2' length = max + 1","tests.api.user","2026-07-20","skipped","2026-07-20","TestUpdateUserApi","test_update_user","",""
"","0","[API] Create user should return 400_BAD_REQUEST when send create user request with invalid data. Case: 'first_name' is empty","tests.api.user","2026-07-20","skipped","2026-07-20","TestCreateUserApi","test_create_user","",""
"","0","[WEB] Sign up with invalid data. Case: 'last_name' length = min","tests.web.component.auth","2026-07-20","skipped","2026-07-20","TestSignUpWeb","test_signup_component","",""
"","215","[API] Update user should return 200_OK when send update user request with valid data. Case: 'last_name' length = min","tests.api.user","2026-07-20","passed","2026-07-20","TestUpdateUserApi","test_update_user","",""
"","2387","[WEB Component] Products Carousel should last products when scroll left on first slide","tests.web.component.carousel","2026-07-20","passed","2026-07-20","TestProductCarousel","test_product_carousel","",""
"","116","[API] Get csrf should return 200_OK when send get csrf request and contains csrf cookie","tests.api.auth","2026-07-20","passed","2026-07-20","TestAuthApi","test_auth","",""
"","0","[WEB Component] Pay with invalid card should show error message. Case: expiry month one digit","tests.web.component.payment","2026-07-20","skipped","2026-07-20","TestPaymentComponent","test_payment_component","",""
"","205","[API] Update user should return 200_OK when send update user request with valid data. Case: 'first_name' length = max","tests.api.user","2026-07-20","passed","2026-07-20","TestUpdateUserApi","test_update_user","",""
"","723","[WEB] Should have expected screenshot when send review","tests.web.component.review","2026-07-20","passed","2026-07-20","TestReviewComponent","test_review_component","",""
"","213","[API] Update user should return 200_OK when send update user request with valid data. Case: 'first_name' length = min","tests.api.user","2026-07-20","passed","2026-07-20","TestUpdateUserApi","test_update_user","",""
"","0","[API] Update user should return 400_BAD_REQUEST when send update user request with invalid data. Case: 'birth_month' is invalid positive","tests.api.user","2026-07-20","skipped","2026-07-20","TestUpdateUserApi","test_update_user","",""
"","0","[API] Update user should return 400_BAD_REQUEST when send update user request with invalid data. Case: 'city' is absent","tests.api.user","2026-07-20","skipped","2026-07-20","TestUpdateUserApi","test_update_user","",""
"","0","[WEB Component] Pay with invalid card should show error message. Case: name length = max + 1","tests.web.component.payment","2026-07-20","skipped","2026-07-20","TestPaymentComponent","test_payment_component","",""
"","0","[WEB] Sign up with invalid data. Case: 'company' length = max - 1","tests.web.component.auth","2026-07-20","skipped","2026-07-20","TestSignUpWeb","test_signup_component","",""
"","1611","[WEB Component] Should increase product item quantity","tests.web.component.product","2026-07-20","passed","2026-07-20","TestProductItem","test_product_item","",""
"","3554","[WEB] Sign up with valid data. Case: 'birth_day' = 1","tests.web.component.auth","2026-07-20","passed","2026-07-20","TestSignUpWeb","test_signup_component","",""
"","4180","[WEB Component] Invoice should have expected price","tests.web.component.payment","2026-07-20","passed","2026-07-20","TestPaymentComponent","test_invoice_file","",""
"","4726","[WEB] Sign up with valid data. Case: 'address1' length = max - 1","tests.web.component.auth","2026-07-20","passed","2026-07-20","TestSignUpWeb","test_signup_component","",""
"","0","[WEB] Should not add product review with invalid data. Case: 'email' is empty","tests.web.component.review","2026-07-20","skipped","2026-07-20","TestReviewComponent","test_review_component","",""
"","0","[WEB] Sign up with invalid data. Case: 'address1' length = min + 1","tests.web.component.auth","2026-07-20","skipped","2026-07-20","TestSignUpWeb","test_signup_component","",""
"","4003","[WEB] Sign up with valid data. Case: 'birth_month' = 12","tests.web.component.auth","2026-07-20","passed","2026-07-20","TestSignUpWeb","test_signup_component","",""
"","221","[API] Update user should return 200_OK when send update user request with valid data. Case: 'state' length = max - 1","tests.api.user","2026-07-20","passed","2026-07-20","TestUpdateUserApi","test_update_user","",""
"","1204","[WEB] Should add product review with valid data. Case: 'name' length = min","tests.web.component.review","2026-07-20","passed","2026-07-20","TestReviewComponent","test_review_component","",""
"","143","[API] Create user should return 200_OK when send create user request with valid data. Case: 'address2' length = max - 1","tests.api.user","2026-07-20","passed","2026-07-20","TestCreateUserApi","test_create_user","",""
"","0","[API] Create user should return 400_BAD_REQUEST when send create user request with invalid data. Case: 'birth_month' is zero","tests.api.user","2026-07-20","skipped","2026-07-20","TestCreateUserApi","test_create_user","",""
"","200","[API] Update user should return 200_OK when send update user request with valid data. Case: 'zipcode' length = min + 1","tests.api.user","2026-07-20","passed","2026-07-20","TestUpdateUserApi","test_update_user","",""
"","313","[API] Create user should return 200_OK when send create user request with valid data. Case: 'last_name' length = max","tests.api.user","2026-07-20","passed","2026-07-20","TestCreateUserApi","test_create_user","",""
"","0","[WEB] Sign up with invalid data. Case: 'address2' length = max","tests.web.component.auth","2026-07-20","skipped","2026-07-20","TestSignUpWeb","test_signup_component","",""
"","0","[WEB] Sign up with invalid data. Case: 'first_name' length = max - 1","tests.web.component.auth","2026-07-20","skipped","2026-07-20","TestSignUpWeb","test_signup_component","",""
"","483","[WEB Component] Pay with valid card should show success status message. Case: valid: cvc typical","tests.web.component.payment","2026-07-20","passed","2026-07-20","TestPaymentComponent","test_payment_component","",""
"","0","[WEB] Sign up with invalid data. Case: 'birth_day' = 1","tests.web.component.auth","2026-07-20","skipped","2026-07-20","TestSignUpWeb","test_signup_component","",""
"","1245","[WEB Component] Image Carousel should show last image when scroll left on first image","tests.web.component.carousel","2026-07-20","passed","2026-07-20","TestImageCarousel","test_image_carousel","",""
"","0","[API] Update user should return 400_BAD_REQUEST when send update user request with invalid data. Case: 'state' length = min - 1","tests.api.user","2026-07-20","skipped","2026-07-20","TestUpdateUserApi","test_update_user","",""
"","0","[WEB] Sign up with invalid data. Case: 'birth_month' = 1","tests.web.component.auth","2026-07-20","skipped","2026-07-20","TestSignUpWeb","test_signup_component","",""
"","0","[API] Update user should return 400_BAD_REQUEST when send update user request with invalid data. Case: 'email' contains domain with one letter","tests.api.user","2026-07-20","skipped","2026-07-20","TestUpdateUserApi","test_update_user","",""
"","0","[WEB] Sign up with invalid data. Case: 'company' length = max","tests.web.component.auth","2026-07-20","skipped","2026-07-20","TestSignUpWeb","test_signup_component","",""
"","0","[API] Create user should return 400_BAD_REQUEST when send create user request with invalid data. Case: 'first_name' length = min - 1","tests.api.user","2026-07-20","skipped","2026-07-20","TestCreateUserApi","test_create_user","",""
"","0","[API] Create user should return 400_BAD_REQUEST when send create user request with invalid data. Case: 'name' is absent","tests.api.user","2026-07-20","skipped","2026-07-20","TestCreateUserApi","test_create_user","",""
"","976","[WEB Component] Animated product card should have expected data","tests.web.component.product","2026-07-20","passed","2026-07-20","TestAnimatedProductCard","test_animated_product_card_component","",""
"","0","[WEB Component] Pay with invalid card should show error message. Case: name contains non latin characters","tests.web.component.payment","2026-07-20","skipped","2026-07-20","TestPaymentComponent","test_payment_component","",""
"","141","[API] Create user should return 200_OK when send create user request with valid data. Case: 'company' length = max - 1","tests.api.user","2026-07-20","passed","2026-07-20","TestCreateUserApi","test_create_user","",""
"","0","[API] Create user should return 400_BAD_REQUEST when send create user request with invalid data. Case: 'mobile_number' has invalid format","tests.api.user","2026-07-20","skipped","2026-07-20","TestCreateUserApi","test_create_user","",""
"","4041","[WEB] Sign up with valid data. Case: 'mobile_number' length = min + 1","tests.web.component.auth","2026-07-20","passed","2026-07-20","TestSignUpWeb","test_signup_component","",""
"","0","[API] Create user should return 400_BAD_REQUEST when send create user request with invalid data. Case: 'address2' length = min - 1","tests.api.user","2026-07-20","skipped","2026-07-20","TestCreateUserApi","test_create_user","",""
"","131","[API] Create user should return 200_OK when send create user request with valid data. Case: 'company' length = min + 1","tests.api.user","2026-07-20","passed","2026-07-20","TestCreateUserApi","test_create_user","",""
"","0","[WEB] Sign up with invalid data. Case: 'first_name' length = min + 1","tests.web.component.auth","2026-07-20","skipped","2026-07-20","TestSignUpWeb","test_signup_component","",""
"","312","[API] Create user should return 200_OK when send create user request with valid data. Case: 'name' length = min + 1","tests.api.user","2026-07-20","passed","2026-07-20","TestCreateUserApi","test_create_user","",""
"","4459","[WEB] Sign up with valid data. Case: 'last_name' length = max","tests.web.component.auth","2026-07-20","passed","2026-07-20","TestSignUpWeb","test_signup_component","",""
"","0","[WEB] Sign up with invalid data. Case: 'last_name' length = max - 1","tests.web.component.auth","2026-07-20","skipped","2026-07-20","TestSignUpWeb","test_signup_component","",""
"","0","[WEB Component] Pay with invalid card should show error message. Case: card number is empty","tests.web.component.payment","2026-07-20","skipped","2026-07-20","TestPaymentComponent","test_payment_component","",""
"","0","[WEB] Should not add product review with invalid data. Case: 'message' length = min","tests.web.component.review","2026-07-20","skipped","2026-07-20","TestReviewComponent","test_review_component","",""
"","10352","[WEB Component] Category filter group should be collapsed after expand another group","tests.web.component.filter","2026-07-20","passed","2026-07-20","TestCategoryFilter","test_category_filter","",""
"","1939","[WEB Component] Pay with valid card should show success status message. Case: valid: expiry month max","tests.web.component.payment","2026-07-20","passed","2026-07-20","TestPaymentComponent","test_payment_component","",""
"","0","[API] Create user should return 400_BAD_REQUEST when send create user request with invalid data. Case: 'address1' is absent","tests.api.user","2026-07-20","skipped","2026-07-20","TestCreateUserApi","test_create_user","",""
"","0","[API] Create user should return 400_BAD_REQUEST when send create user request with invalid data. Case: 'city' is empty","tests.api.user","2026-07-20","skipped","2026-07-20","TestCreateUserApi","test_create_user","",""
"","0","[API] Update user should return 400_BAD_REQUEST when send update user request with invalid data. Case: 'city' length = min - 1","tests.api.user","2026-07-20","skipped","2026-07-20","TestUpdateUserApi","test_update_user","",""
"","130","[API] Get user should return 404_NOT_FOUND when send get user request and user not exists","tests.api.user","2026-07-20","passed","2026-07-20","TestGetUserApi","test_get_user","",""
"","146","[API] Create user should return 200_OK when send create user request with valid data. Case: 'city' length = max - 1","tests.api.user","2026-07-20","passed","2026-07-20","TestCreateUserApi","test_create_user","",""
"","0","[WEB] Should not add product review with invalid data. Case: 'name' is absent","tests.web.component.review","2026-07-20","skipped","2026-07-20","TestReviewComponent","test_review_component","",""
"","0","[WEB] Sign up with invalid data. Case: 'city' length = min + 1","tests.web.component.auth","2026-07-20","skipped","2026-07-20","TestSignUpWeb","test_signup_component","",""
"","324","[API] Delete user should return 404_NOT_FOUND when send delete user request and user not exists","tests.api.user","2026-07-20","passed","2026-07-20","TestDeleteUserApi","test_delete_user","",""
"","871","[WEB Component] Should decrease all products total price","tests.web.component.product","2026-07-20","passed","2026-07-20","TestProductItem","test_product_item","",""
"","1433","[WEB Component] Should navigate to main page by click on header logo","tests.web.component.base","2026-07-20","passed","2026-07-20","TestHeaderComponent","test_header_component","",""
"","167","[API] Create user should return 200_OK when send create user request with valid data. Case: 'zipcode' length = max - 1","tests.api.user","2026-07-20","passed","2026-07-20","TestCreateUserApi","test_create_user","",""
"","7100","[WEB Component] Category filter should have expected screenshot when group expanded","tests.web.component.filter","2026-07-20","passed","2026-07-20","TestCategoryFilter","test_category_filter","",""
"","0","[API] Update user should return 400_BAD_REQUEST when send update user request with invalid data. Case: 'birth_year' is negative","tests.api.user","2026-07-20","skipped","2026-07-20","TestUpdateUserApi","test_update_user","",""
"","0","[API] Create user should return 400_BAD_REQUEST when send create user request with invalid data. Case: 'address2' is empty","tests.api.user","2026-07-20","skipped","2026-07-20","TestCreateUserApi","test_create_user","",""
"","0","[WEB] Should not add product review with invalid data. Case: 'email' contains text before username","tests.web.component.review","2026-07-20","skipped","2026-07-20","TestReviewComponent","test_review_component","",""
"","0","[API] Create user should return 400_BAD_REQUEST when send create user request with invalid data. Case: 'last_name' is empty","tests.api.user","2026-07-20","skipped","2026-07-20","TestCreateUserApi","test_create_user","",""
"","0","[API] Update user should return 400_BAD_REQUEST when send update user request with invalid data. Case: 'address1' is empty","tests.api.user","2026-07-20","skipped","2026-07-20","TestUpdateUserApi","test_update_user","",""
"","0","[API] Create user should return 400_BAD_REQUEST when send create user request with invalid data. Case: 'email' not contains '@' symbol","tests.api.user","2026-07-20","skipped","2026-07-20","TestCreateUserApi","test_create_user","",""
"","418","[API] Update user should return 200_OK when send update user request with valid data. Case: 'zipcode' length = max","tests.api.user","2026-07-20","passed","2026-07-20","TestUpdateUserApi","test_update_user","",""
"","141","[API] Create user should return 200_OK when send create user request with valid data. Case: 'birth_day' = 1","tests.api.user","2026-07-20","passed","2026-07-20","TestCreateUserApi","test_create_user","",""
"","0","[WEB] Should not add product review with invalid data. Case: 'email' not contains '@' symbol","tests.web.component.review","2026-07-20","skipped","2026-07-20","TestReviewComponent","test_review_component","",""
"","0","[WEB] Should not add product review with invalid data. Case: 'email' contains '.' before dog symbol","tests.web.component.review","2026-07-20","skipped","2026-07-20","TestReviewComponent","test_review_component","",""
"","348","[WEB Component] Should navigate to cart page by click 'Cart' button","tests.web.component.base","2026-07-20","passed","2026-07-20","TestHeaderComponent","test_header_component","",""
"","0","[API] Update user should return 400_BAD_REQUEST when send update user request with invalid data. Case: 'birth_year' is invalid positive","tests.api.user","2026-07-20","skipped","2026-07-20","TestUpdateUserApi","test_update_user","",""
"","226","[API] Update user should return 200_OK when send update user request with valid data. Case: 'address1' length = min + 1","tests.api.user","2026-07-20","passed","2026-07-20","TestUpdateUserApi","test_update_user","",""
"","1498","[WEB Component] Search filter should filter products by query","tests.web.component.filter","2026-07-20","passed","2026-07-20","TestSearchFilter","test_search_filter","",""
"","145","[API] Create user should return 200_OK when send create user request with valid data. Case: 'mobile_number' length = min + 1","tests.api.user","2026-07-20","passed","2026-07-20","TestCreateUserApi","test_create_user","",""
"","224","[API] Update user should return 200_OK when send update user request with valid data. Case: 'mobile_number' length = max","tests.api.user","2026-07-20","passed","2026-07-20","TestUpdateUserApi","test_update_user","",""
"","0","[API] Update user should return 400_BAD_REQUEST when send update user request with invalid data. Case: 'city' is empty","tests.api.user","2026-07-20","skipped","2026-07-20","TestUpdateUserApi","test_update_user","",""
"","530","[WEB] Should add product review with valid data. Case: 'name' length = max","tests.web.component.review","2026-07-20","passed","2026-07-20","TestReviewComponent","test_review_component","",""
"","2907","[WEB Component] Image Carousel should show first image when scroll right on last image","tests.web.component.carousel","2026-07-20","passed","2026-07-20","TestImageCarousel","test_image_carousel","",""
"","411","[WEB Component] Should navigate to login page by click 'Signup / Login' button","tests.web.component.base","2026-07-20","passed","2026-07-20","TestHeaderComponent","test_header_component","",""
"","0","[WEB] Should not add product review with invalid data. Case: 'email' not contains domain","tests.web.component.review","2026-07-20","skipped","2026-07-20","TestReviewComponent","test_review_component","",""
"","3917","[WEB] Sign up with valid data. Case: 'first_name' length = min + 1","tests.web.component.auth","2026-07-20","passed","2026-07-20","TestSignUpWeb","test_signup_component","",""
"","413","[WEB Component] Should delete user name by click on 'Delete Account' button","tests.web.component.base","2026-07-20","passed","2026-07-20","TestHeaderComponent","test_header_component","",""
"","651","[WEB Component] Header has expected screenshot when authorized","tests.web.component.base","2026-07-20","passed","2026-07-20","TestHeaderComponent","test_header_component","",""
"","368","[API] Update user should return 200_OK when send update user request with valid data. Case: 'birth_month' = 1","tests.api.user","2026-07-20","passed","2026-07-20","TestUpdateUserApi","test_update_user","",""
"","0","[API] Create user should return 400_BAD_REQUEST when send create user request with invalid data. Case: 'birth_day' is zero","tests.api.user","2026-07-20","skipped","2026-07-20","TestCreateUserApi","test_create_user","",""
"","4792","[WEB] Sign up with valid data. Case: 'company' length = max - 1","tests.web.component.auth","2026-07-20","passed","2026-07-20","TestSignUpWeb","test_signup_component","",""
"","570","[WEB] Should add product review with valid data. Case: 'name' length = max - 1","tests.web.component.review","2026-07-20","passed","2026-07-20","TestReviewComponent","test_review_component","",""
"","316","[API] Create user should return 200_OK when send create user request with valid data. Case: 'address2' length = min","tests.api.user","2026-07-20","passed","2026-07-20","TestCreateUserApi","test_create_user","",""
"","213","[API] Update user should return 200_OK when send update user request with valid data. Case: 'zipcode' length = max - 1","tests.api.user","2026-07-20","passed","2026-07-20","TestUpdateUserApi","test_update_user","",""
"","0","[API] Create user should return 400_BAD_REQUEST when send create user request with invalid data. Case: 'birth_year' is zero","tests.api.user","2026-07-20","skipped","2026-07-20","TestCreateUserApi","test_create_user","",""
"","255","[API] Update user should return 200_OK when send update user request with valid data. Case: 'birth_day' = 1","tests.api.user","2026-07-20","passed","2026-07-20","TestUpdateUserApi","test_update_user","",""
"","511","[WEB Component] Header has expected screenshot","tests.web.component.base","2026-07-20","passed","2026-07-20","TestHeaderComponent","test_header_component","",""
"","3314","[WEB] Sign up with valid data. Case: 'mobile_number' length = max","tests.web.component.auth","2026-07-20","passed","2026-07-20","TestSignUpWeb","test_signup_component","",""
"","150","[API] Create user should return 200_OK when send create user request with valid data. Case: 'name' length = max","tests.api.user","2026-07-20","passed","2026-07-20","TestCreateUserApi","test_create_user","",""
"","2513","[WEB Component] Products Carousel should show next products when scroll right","tests.web.component.carousel","2026-07-20","passed","2026-07-20","TestProductCarousel","test_product_carousel","",""
"","0","[WEB Component] Pay with invalid card should show error message. Case: name contains leading spaces","tests.web.component.payment","2026-07-20","skipped","2026-07-20","TestPaymentComponent","test_payment_component","",""
"","0","[API] Update user should return 400_BAD_REQUEST when send update user request with invalid data. Case: 'zipcode' is absent","tests.api.user","2026-07-20","skipped","2026-07-20","TestUpdateUserApi","test_update_user","",""
"","3260","[WEB] Sign up with valid data. Case: 'name' length = max - 1","tests.web.component.auth","2026-07-20","passed","2026-07-20","TestSignUpWeb","test_signup_component","",""
"","0","[WEB] Sign up with invalid data. Case: 'mobile_number' length = max","tests.web.component.auth","2026-07-20","skipped","2026-07-20","TestSignUpWeb","test_signup_component","",""
"","2961","[WEB] Sign up with valid data. Case: 'last_name' length = max - 1","tests.web.component.auth","2026-07-20","passed","2026-07-20","TestSignUpWeb","test_signup_component","",""
"","0","[API] Update user should return 400_BAD_REQUEST when send update user request with invalid data. Case: 'first_name' is absent","tests.api.user","2026-07-20","skipped","2026-07-20","TestUpdateUserApi","test_update_user","",""
"","340","[WEB] Should have expected screenshot when not send review","tests.web.component.review","2026-07-20","passed","2026-07-20","TestReviewComponent","test_review_component","",""
"","205","[API] Update user should return 200_OK when send update user request with valid data. Case: 'name' length = min + 1","tests.api.user","2026-07-20","passed","2026-07-20","TestUpdateUserApi","test_update_user","",""
"","223","[API] Update user should return 200_OK when send update user request with valid data. Case: 'birth_day' length = 31","tests.api.user","2026-07-20","passed","2026-07-20","TestUpdateUserApi","test_update_user","",""
"","0","[API] Create user should return 400_BAD_REQUEST when send create user request with invalid data. Case: 'company' length = min - 1","tests.api.user","2026-07-20","skipped","2026-07-20","TestCreateUserApi","test_create_user","",""
"","4718","[WEB] Sign up with valid data. Case: 'first_name' length = max - 1","tests.web.component.auth","2026-07-20","passed","2026-07-20","TestSignUpWeb","test_signup_component","",""
"","4080","[WEB] Sign up with valid data. Case: 'address2' length = min","tests.web.component.auth","2026-07-20","passed","2026-07-20","TestSignUpWeb","test_signup_component","",""
"","3826","[WEB] Sign up with valid data. Case: 'company' length = max","tests.web.component.auth","2026-07-20","passed","2026-07-20","TestSignUpWeb","test_signup_component","",""
"","6183","Purchase products with login before checkout","tests.web.e2e","2026-07-20","passed","2026-07-20","TestPlaceOrder","test_place_order","",""
"","360","[API] Update user should return 200_OK when send update user request with valid data. Case: 'mobile_number' length = min + 1","tests.api.user","2026-07-20","passed","2026-07-20","TestUpdateUserApi","test_update_user","",""
"","0","[API] Create user should return 400_BAD_REQUEST when send create user request with invalid data. Case: 'state' is empty","tests.api.user","2026-07-20","skipped","2026-07-20","TestCreateUserApi","test_create_user","",""
"","140","test_search_products_returns_empty_array","tests.api.product","2026-07-20","passed","2026-07-20","TestProductApi","test_product","",""
"","243","[API] Update user should return 200_OK when send update user request with valid data. Case: 'last_name' length = min + 1","tests.api.user","2026-07-20","passed","2026-07-20","TestUpdateUserApi","test_update_user","",""
"","0","[API] Update user should return 400_BAD_REQUEST when send update user request with invalid data. Case: 'address2' length = min - 1","tests.api.user","2026-07-20","skipped","2026-07-20","TestUpdateUserApi","test_update_user","",""
"","619","[WEB] Should add product review with valid data. Case: 'email' username contains '.'","tests.web.component.review","2026-07-20","passed","2026-07-20","TestReviewComponent","test_review_component","",""
"","11014","Purchase products with sign up while checkout","tests.web.e2e","2026-07-20","passed","2026-07-20","TestPlaceOrder","test_place_order","",""
"","3175","[WEB] Sign up with valid data. Case: 'first_name' length = min","tests.web.component.auth","2026-07-20","passed","2026-07-20","TestSignUpWeb","test_signup_component","",""
"","0","[API] Update user should return 400_BAD_REQUEST when send update user request with invalid data. Case: 'company' length = min - 1","tests.api.user","2026-07-20","skipped","2026-07-20","TestUpdateUserApi","test_update_user","",""
"","0","[API] Create user should return 400_BAD_REQUEST when send create user request with invalid data. Case: 'email' contains domain with one letter","tests.api.user","2026-07-20","skipped","2026-07-20","TestCreateUserApi","test_create_user","",""
"","0","[API] Update user should return 400_BAD_REQUEST when send update user request with invalid data. Case: 'city' length = max + 1","tests.api.user","2026-07-20","skipped","2026-07-20","TestUpdateUserApi","test_update_user","",""
"","0","[WEB Component] Pay with invalid card should show error message. Case: expiry month = 13","tests.web.component.payment","2026-07-20","skipped","2026-07-20","TestPaymentComponent","test_payment_component","",""
"","0","[API] Create user should return 400_BAD_REQUEST when send create user request with invalid data. Case: 'last_name' length = min - 1","tests.api.user","2026-07-20","skipped","2026-07-20","TestCreateUserApi","test_create_user","",""
"","3395","[WEB] Sign up with valid data. Case: 'last_name' length = min + 1","tests.web.component.auth","2026-07-20","passed","2026-07-20","TestSignUpWeb","test_signup_component","",""
"","0","[WEB Component] Pay with invalid card should show error message. Case: expiry month = 00","tests.web.component.payment","2026-07-20","skipped","2026-07-20","TestPaymentComponent","test_payment_component","",""
"","0","[API] Update user should return 400_BAD_REQUEST when send update user request with invalid data. Case: 'birth_month' is negative","tests.api.user","2026-07-20","skipped","2026-07-20","TestUpdateUserApi","test_update_user","",""
"","1251","[WEB Component] Product card should have expected data","tests.web.component.product","2026-07-20","skipped","2026-07-20","TestProductCard","test_product_card_component","",""
"","0","[API] Update user should return 400_BAD_REQUEST when send update user request with invalid data. Case: 'address2' is empty","tests.api.user","2026-07-20","skipped","2026-07-20","TestUpdateUserApi","test_update_user","",""
"","82","[WEB Component] Should visible user name when authorized","tests.web.component.base","2026-07-20","passed","2026-07-20","TestHeaderComponent","test_header_component","",""
"","0","[API] Create user should return 400_BAD_REQUEST when send create user request with invalid data. Case: 'company' is empty","tests.api.user","2026-07-20","skipped","2026-07-20","TestCreateUserApi","test_create_user","",""
"","0","[API] Update user should return 400_BAD_REQUEST when send update user request with invalid data. Case: 'birth_year' is zero","tests.api.user","2026-07-20","skipped","2026-07-20","TestUpdateUserApi","test_update_user","",""
"","0","[WEB Component] Pay with invalid card should show error message. Case: cvc only spaces","tests.web.component.payment","2026-07-20","skipped","2026-07-20","TestPaymentComponent","test_payment_component","",""
"","238","[API] Update user should return 200_OK when send update user request with valid data. Case: 'mobile_number' length = max - 1","tests.api.user","2026-07-20","passed","2026-07-20","TestUpdateUserApi","test_update_user","",""
"","0","[WEB] Should not add product review with invalid data. Case: 'email' contains text after domain","tests.web.component.review","2026-07-20","skipped","2026-07-20","TestReviewComponent","test_review_component","",""
"","0","[WEB Component] Pay with invalid card should show error message. Case: name contains emoji","tests.web.component.payment","2026-07-20","skipped","2026-07-20","TestPaymentComponent","test_payment_component","",""
"","148","[API] Create user should return 200_OK when send create user request with valid data. Case: 'address2' length = min + 1","tests.api.user","2026-07-20","passed","2026-07-20","TestCreateUserApi","test_create_user","",""
"","0","[API] Create user should return 400_BAD_REQUEST when send create user request with invalid data. Case: 'email' not contains username","tests.api.user","2026-07-20","skipped","2026-07-20","TestCreateUserApi","test_create_user","",""
"","0","[API] Create user should return 400_BAD_REQUEST when send create user request with invalid data. Case: 'zipcode' length = min - 1","tests.api.user","2026-07-20","skipped","2026-07-20","TestCreateUserApi","test_create_user","",""
"","0","[WEB] Should not add product review with invalid data. Case: 'name' length = max + 1","tests.web.component.review","2026-07-20","skipped","2026-07-20","TestReviewComponent","test_review_component","",""
"","212","[API] Update user should return 200_OK when send update user request with valid data. Case: 'state' length = min + 1","tests.api.user","2026-07-20","passed","2026-07-20","TestUpdateUserApi","test_update_user","",""
"","144","[API] Create user should return 200_OK when send create user request with valid data. Case: 'last_name' length = min","tests.api.user","2026-07-20","passed","2026-07-20","TestCreateUserApi","test_create_user","",""
"","0","[API] Create user should return 400_BAD_REQUEST when send create user request with invalid data. Case: 'email' is empty","tests.api.user","2026-07-20","skipped","2026-07-20","TestCreateUserApi","test_create_user","",""
"","221","[API] Update user should return 200_OK when send update user request with valid data. Case: 'address1' length = min","tests.api.user","2026-07-20","passed","2026-07-20","TestUpdateUserApi","test_update_user","",""
"","703","[WEB] Should add product review with valid data. Case: 'message' length = min","tests.web.component.review","2026-07-20","passed","2026-07-20","TestReviewComponent","test_review_component","",""
"","0","[API] Create user should return 400_BAD_REQUEST when send create user request with invalid data. Case: 'birth_year' is absent","tests.api.user","2026-07-20","skipped","2026-07-20","TestCreateUserApi","test_create_user","",""
"","0","[WEB] Should not add product review with invalid data. Case: 'email' contains '-' after '@'","tests.web.component.review","2026-07-20","skipped","2026-07-20","TestReviewComponent","test_review_component","",""
"","4530","[WEB] Sign up with valid data. Case: 'birth_day' length = 31","tests.web.component.auth","2026-07-20","passed","2026-07-20","TestSignUpWeb","test_signup_component","",""
"","3388","[WEB] Sign up with valid data. Case: 'address2' length = min + 1","tests.web.component.auth","2026-07-20","passed","2026-07-20","TestSignUpWeb","test_signup_component","",""
"","0","[API] Update user should return 400_BAD_REQUEST when send update user request with invalid data. Case: 'email' contains mail server as ip and port","tests.api.user","2026-07-20","skipped","2026-07-20","TestUpdateUserApi","test_update_user","",""
"","482","[WEB] Should add product review with valid data. Case: 'email' username is numerical","tests.web.component.review","2026-07-20","passed","2026-07-20","TestReviewComponent","test_review_component","",""
"","0","[WEB Component] Pay with invalid card should show error message. Case: name only spaces","tests.web.component.payment","2026-07-20","skipped","2026-07-20","TestPaymentComponent","test_payment_component","",""
"","496","[WEB] Should add product review with valid data. Case: 'email' username contains only underscore '-'","tests.web.component.review","2026-07-20","passed","2026-07-20","TestReviewComponent","test_review_component","",""
"","1348","[WEB Component] Should not add negative products count to cart when click on add to cart button","tests.web.component.product","2026-07-20","passed","2026-07-20","TestProductCard","test_product_details_component","",""
"","0","[API] Update user should return 400_BAD_REQUEST when send update user request with invalid data. Case: 'email' is word","tests.api.user","2026-07-20","skipped","2026-07-20","TestUpdateUserApi","test_update_user","",""
"","3303","[WEB] Sign up with valid data. Case: 'name' length = min + 1","tests.web.component.auth","2026-07-20","passed","2026-07-20","TestSignUpWeb","test_signup_component","",""
"","1198","[WEB Component] Add product notification should be closed when click on close button","tests.web.component.base","2026-07-20","passed","2026-07-20","TestNotificationComponent","test_notification_component","",""
"","5168","[WEB] Sign in with valid data","tests.web.component.auth","2026-07-20","passed","2026-07-20","TestLoginWeb","test_login_component","",""
"","0","[API] Update user should return 400_BAD_REQUEST when send update user request with invalid data. Case: 'first_name' is empty","tests.api.user","2026-07-20","skipped","2026-07-20","TestUpdateUserApi","test_update_user","",""
"","0","[API] Create user should return 400_BAD_REQUEST when send create user request with invalid data. Case: 'address1' length = max + 1","tests.api.user","2026-07-20","skipped","2026-07-20","TestCreateUserApi","test_create_user","",""
"","0","[API] Create user should return 400_BAD_REQUEST when send create user request with invalid data. Case: 'name' is empty","tests.api.user","2026-07-20","skipped","2026-07-20","TestCreateUserApi","test_create_user","",""
"","0","[WEB] Should not add product review with invalid data. Case: 'email' contains domain with one letter","tests.web.component.review","2026-07-20","skipped","2026-07-20","TestReviewComponent","test_review_component","",""
"","0","[API] Update user should return 400_BAD_REQUEST when send update user request with invalid data. Case: 'email' not contains '@' symbol","tests.api.user","2026-07-20","skipped","2026-07-20","TestUpdateUserApi","test_update_user","",""
"","0","[WEB] Sign up with invalid data. Case: 'address2' length = min + 1","tests.web.component.auth","2026-07-20","skipped","2026-07-20","TestSignUpWeb","test_signup_component","",""
"","0","[API] Update user should return 400_BAD_REQUEST when send update user request with invalid data. Case: 'birth_day' is invalid positive","tests.api.user","2026-07-20","skipped","2026-07-20","TestUpdateUserApi","test_update_user","",""
"","0","[API] Update user should return 400_BAD_REQUEST when send update user request with invalid data. Case: 'state' is absent","tests.api.user","2026-07-20","skipped","2026-07-20","TestUpdateUserApi","test_update_user","",""
"","0","[API] Update user should return 400_BAD_REQUEST when send update user request with invalid data. Case: 'company' is empty","tests.api.user","2026-07-20","skipped","2026-07-20","TestUpdateUserApi","test_update_user","",""
"","5194","[WEB Component] Place order without authorization notification proceed to checkout button should navigate to login page","tests.web.component.base","2026-07-20","passed","2026-07-20","TestNotificationComponent","test_notification_component","",""
"","1","[API] Update user should return 400_BAD_REQUEST when send update user request with invalid data. Case: 'address1' length = min - 1","tests.api.user","2026-07-20","skipped","2026-07-20","TestUpdateUserApi","test_update_user","",""
"","0","[API] Create user should return 400_BAD_REQUEST when send create user request with invalid data. Case: 'zipcode' length = max + 1","tests.api.user","2026-07-20","skipped","2026-07-20","TestCreateUserApi","test_create_user","",""
"","337","[WEB Component] Delivery address has expected data","tests.web.component.address","2026-07-20","passed","2026-07-20","TestAddressComponent","test_address_component","",""
"","0","[WEB] Should not add product review with invalid data. Case: 'message' length = max","tests.web.component.review","2026-07-20","skipped","2026-07-20","TestReviewComponent","test_review_component","",""
"","239","[API] Update user should return 200_OK when send update user request with valid data. Case: 'state' length = min","tests.api.user","2026-07-20","passed","2026-07-20","TestUpdateUserApi","test_update_user","",""
"","0","[WEB] Should not add product review with invalid data. Case: 'email' contains mail server as ip and port","tests.web.component.review","2026-07-20","skipped","2026-07-20","TestReviewComponent","test_review_component","",""
"","2043","[WEB Component] Pay with valid card should show success status message. Case: valid: expiry month min","tests.web.component.payment","2026-07-20","passed","2026-07-20","TestPaymentComponent","test_payment_component","",""
"","1939","[WEB Component] Pay with valid card should show success status message. Case: valid name contains multiple spaces","tests.web.component.payment","2026-07-20","passed","2026-07-20","TestPaymentComponent","test_payment_component","",""
"","218","[API] Update user should return 200_OK when send update user request with valid data. Case: 'company' length = max - 1","tests.api.user","2026-07-20","passed","2026-07-20","TestUpdateUserApi","test_update_user","",""
"","0","[API] Update user should return 400_BAD_REQUEST when send update user request with invalid data. Case: 'mobile_number' length = max + 1","tests.api.user","2026-07-20","skipped","2026-07-20","TestUpdateUserApi","test_update_user","",""
"","0","[API] Update user should return 400_BAD_REQUEST when send update user request with invalid data. Case: 'mobile_number' has invalid format","tests.api.user","2026-07-20","skipped","2026-07-20","TestUpdateUserApi","test_update_user","",""
"","0","[WEB Component] Pay with invalid card should show error message. Case: cvc is empty","tests.web.component.payment","2026-07-20","skipped","2026-07-20","TestPaymentComponent","test_payment_component","",""
"","0","[API] Create user should return 400_BAD_REQUEST when send create user request with invalid data. Case: 'state' is absent","tests.api.user","2026-07-20","skipped","2026-07-20","TestCreateUserApi","test_create_user","",""
"","0","[API] Update user should return 400_BAD_REQUEST when send update user request with invalid data. Case: 'zipcode' length = max + 1","tests.api.user","2026-07-20","skipped","2026-07-20","TestUpdateUserApi","test_update_user","",""
"","0","[API] Create user should return 400_BAD_REQUEST when send create user request with invalid data. Case: 'address1' is empty","tests.api.user","2026-07-20","skipped","2026-07-20","TestCreateUserApi","test_create_user","",""
"","131","[API] Create user should return 200_OK when send create user request with valid data. Case: 'first_name' length = max - 1","tests.api.user","2026-07-20","passed","2026-07-20","TestCreateUserApi","test_create_user","",""
"","255","[API] Create user should return 200_OK when send create user request with valid data. Case: 'zipcode' length = max","tests.api.user","2026-07-20","passed","2026-07-20","TestCreateUserApi","test_create_user","",""
"","3347","[WEB] Sign up with valid data. Case: 'state' length = max - 1","tests.web.component.auth","2026-07-20","passed","2026-07-20","TestSignUpWeb","test_signup_component","",""
"","0","[WEB Component] Pay with invalid card should show error message. Case: card number too long","tests.web.component.payment","2026-07-20","skipped","2026-07-20","TestPaymentComponent","test_payment_component","",""
"","0","[WEB] Sign up with invalid data. Case: 'city' length = min","tests.web.component.auth","2026-07-20","skipped","2026-07-20","TestSignUpWeb","test_signup_component","",""
"","2499","[WEB Component] Animated product card overlay should have expected data","tests.web.component.product","2026-07-20","passed","2026-07-20","TestAnimatedProductCard","test_animated_product_card_component","",""
"","0","[WEB] Sign up with invalid data. Case: 'birth_month' = 12","tests.web.component.auth","2026-07-20","skipped","2026-07-20","TestSignUpWeb","test_signup_component","",""
"","317","[API] Update user should return 200_OK when send update user request with valid data. Case: 'company' length = min + 1","tests.api.user","2026-07-20","passed","2026-07-20","TestUpdateUserApi","test_update_user","",""
"","239","[API] Update user should return 200_OK when send update user request with valid data. Case: 'address2' length = max - 1","tests.api.user","2026-07-20","passed","2026-07-20","TestUpdateUserApi","test_update_user","",""
"","0","[WEB] Sign up with invalid data. Case: 'state' length = max - 1","tests.web.component.auth","2026-07-20","skipped","2026-07-20","TestSignUpWeb","test_signup_component","",""
"","138","[API] Create user should return 200_OK when send create user request with valid data. Case: 'birth_year' = 1","tests.api.user","2026-07-20","passed","2026-07-20","TestCreateUserApi","test_create_user","",""
"","0","[API] Create user should return 400_BAD_REQUEST when send create user request with invalid data. Case: 'birth_month' is negative","tests.api.user","2026-07-20","skipped","2026-07-20","TestCreateUserApi","test_create_user","",""
"","5144","[WEB] Sign up with valid data. Case: 'zipcode' length = max","tests.web.component.auth","2026-07-20","passed","2026-07-20","TestSignUpWeb","test_signup_component","",""
"","1192","[WEB Component] Should add product to cart when click on add to cart button multiple times","tests.web.component.product","2026-07-20","passed","2026-07-20","TestProductCard","test_product_details_component","",""
"","2767","[WEB Component] Order placed page should have expected screenshot","tests.web.component.payment","2026-07-20","passed","2026-07-20","TestPaymentComponent","test_invoice_file","",""
"","0","[API] Update user should return 400_BAD_REQUEST when send update user request with invalid data. Case: 'last_name' length = max + 1","tests.api.user","2026-07-20","skipped","2026-07-20","TestUpdateUserApi","test_update_user","",""
"","0","[API] Create user should return 400_BAD_REQUEST when send create user request with invalid data. Case: 'city' is absent","tests.api.user","2026-07-20","skipped","2026-07-20","TestCreateUserApi","test_create_user","",""
"","0","[API] Create user should return 400_BAD_REQUEST when send create user request with invalid data. Case: 'city' length = max + 1","tests.api.user","2026-07-20","skipped","2026-07-20","TestCreateUserApi","test_create_user","",""
"","143","[API] Create user should return 200_OK when send create user request with valid data. Case: 'birth_year' = 10000","tests.api.user","2026-07-20","passed","2026-07-20","TestCreateUserApi","test_create_user","",""
"","0","[WEB] Sign up with invalid data. Case: 'zipcode' length = min + 1","tests.web.component.auth","2026-07-20","skipped","2026-07-20","TestSignUpWeb","test_signup_component","",""
"","1176","[WEB Component] Product item should have expected data","tests.web.component.product","2026-07-20","failed","2026-07-20","TestProductItem","test_product_item","",""
"","0","[API] Update user should return 400_BAD_REQUEST when send update user request with invalid data. Case: 'address1' is absent","tests.api.user","2026-07-20","skipped","2026-07-20","TestUpdateUserApi","test_update_user","",""
"","0","[WEB] Sign up with invalid data. Case: 'state' length = min + 1","tests.web.component.auth","2026-07-20","skipped","2026-07-20","TestSignUpWeb","test_signup_component","",""
"","216","[API] Update user should return 200_OK when send update user request with valid data. Case: 'city' length = min + 1","tests.api.user","2026-07-20","passed","2026-07-20","TestUpdateUserApi","test_update_user","",""
