"DESCRIPTION","DURATION IN MS","NAME","PARENT SUITE","START TIME","STATUS","STOP TIME","SUB SUITE","SUITE","TEST CLASS","TEST METHOD"
"","0","[API] Create user should return 400_BAD_REQUEST when send create user request with invalid data. Case: 'birth_day' is absent","tests.api.user","2026-09-21","skipped","2026-09-21","TestCreateUserApi","test_create_user","",""
"","405","[API] Update user should return 200_OK when send update user request with valid data. Case: 'name' length = min + 1","tests.api.user","2026-09-21","passed","2026-09-21","TestUpdateUserApi","test_update_user","",""
"","0","[API] Update user should return 400_BAD_REQUEST when send update user request with invalid data. Case: 'address1' is absent","tests.api.user","2026-09-21","skipped","2026-09-21","TestUpdateUserApi","test_update_user","",""
"","1898","[WEB Component] Product carousel should have expected product","tests.web.component.carousel","2026-09-21","failed","2026-09-21","TestProductCarousel","test_product_carousel","",""
"","1349","[WEB Component] Brand filter should have expected screenshot","tests.web.component.filter","2026-09-21","passed","2026-09-21","TestBrandFilter","test_brand_filter","",""
"","1048","[WEB Component] Should add product to cart when click on add to cart button from overlay","tests.web.component.product","2026-09-21","passed","2026-09-21","TestAnimatedProductCard","test_animated_product_card_component","",""
"","0","[API] Update user should return 400_BAD_REQUEST when send update user request with invalid data. Case: 'zipcode' is empty","tests.api.user","2026-09-21","skipped","2026-09-21","TestUpdateUserApi","test_update_user","",""
"","0","[API] Update user should return 400_BAD_REQUEST when send update user request with invalid data. Case: 'birth_day' is invalid positive","tests.api.user","2026-09-21","skipped","2026-09-21","TestUpdateUserApi","test_update_user","",""
"","0","[API] Update user should return 400_BAD_REQUEST when send update user request with invalid data. Case: 'birth_year' is invalid positive","tests.api.user","2026-09-21","skipped","2026-09-21","TestUpdateUserApi","test_update_user","",""
"","282","[API] Update user should return 200_OK when send update user request with valid data. Case: 'name' length = min","tests.api.user","2026-09-21","passed","2026-09-21","TestUpdateUserApi","test_update_user","",""
"","192","[API] Create user should return 200_OK when send create user request with valid data. Case: 'birth_year' = 1","tests.api.user","2026-09-21","passed","2026-09-21","TestCreateUserApi","test_create_user","",""
"","0","[API] Update user should return 400_BAD_REQUEST when send update user request with invalid data. Case: 'company' length = min - 1","tests.api.user","2026-09-21","skipped","2026-09-21","TestUpdateUserApi","test_update_user","",""
"","0","[API] Update user should return 400_BAD_REQUEST when send update user request with invalid data. Case: 'address2' is empty","tests.api.user","2026-09-21","skipped","2026-09-21","TestUpdateUserApi","test_update_user","",""
"","0","[WEB] Sign up with invalid data. Case: 'state' length = max","tests.web.component.auth","2026-09-21","skipped","2026-09-21","TestSignUpWeb","test_signup_component","",""
"","0","[WEB Component] Pay with invalid card should show error message. Case: name contains leading spaces","tests.web.component.payment","2026-09-21","skipped","2026-09-21","TestPaymentComponent","test_payment_component","",""
"","0","[API] Create user should return 400_BAD_REQUEST when send create user request with invalid data. Case: 'last_name' is empty","tests.api.user","2026-09-21","skipped","2026-09-21","TestCreateUserApi","test_create_user","",""
"","248","[API] Update user should return 200_OK when send update user request with valid data. Case: 'city' length = max","tests.api.user","2026-09-21","passed","2026-09-21","TestUpdateUserApi","test_update_user","",""
"","1733","[WEB Component] Pay with valid card should show success status message. Case: valid: expiry month min","tests.web.component.payment","2026-09-21","passed","2026-09-21","TestPaymentComponent","test_payment_component","",""
"","0","[WEB Component] Pay with invalid card should show error message. Case: expiry month = 00","tests.web.component.payment","2026-09-21","skipped","2026-09-21","TestPaymentComponent","test_payment_component","",""
"","0","[API] Update user should return 400_BAD_REQUEST when send update user request with invalid data. Case: 'mobile_number' is empty","tests.api.user","2026-09-21","skipped","2026-09-21","TestUpdateUserApi","test_update_user","",""
"","925","[WEB Component] Animated product card should have expected data","tests.web.component.product","2026-09-21","passed","2026-09-21","TestAnimatedProductCard","test_animated_product_card_component","",""
"","0","[WEB] Sign up with invalid data. Case: 'zipcode' length = max - 1","tests.web.component.auth","2026-09-21","skipped","2026-09-21","TestSignUpWeb","test_signup_component","",""
"","0","[API] Update user should return 400_BAD_REQUEST when send update user request with invalid data. Case: 'city' length = max + 1","tests.api.user","2026-09-21","skipped","2026-09-21","TestUpdateUserApi","test_update_user","",""
"","0","[API] Update user should return 400_BAD_REQUEST when send update user request with invalid data. Case: 'email' contains '.' before dog symbol","tests.api.user","2026-09-21","skipped","2026-09-21","TestUpdateUserApi","test_update_user","",""
"","3450","[WEB] Sign up with valid data. Case: 'last_name' length = min + 1","tests.web.component.auth","2026-09-21","passed","2026-09-21","TestSignUpWeb","test_signup_component","",""
"","0","[WEB Component] Pay with invalid card should show error message. Case: name only spaces","tests.web.component.payment","2026-09-21","skipped","2026-09-21","TestPaymentComponent","test_payment_component","",""
"","0","[WEB] Should not add product review with invalid data. Case: 'message' length = min","tests.web.component.review","2026-09-21","skipped","2026-09-21","TestReviewComponent","test_review_component","",""
"","0","[WEB Component] Pay with invalid card should show error message. Case: expiry year only spaces","tests.web.component.payment","2026-09-21","skipped","2026-09-21","TestPaymentComponent","test_payment_component","",""
"","188","[API] Create user should return 200_OK when send create user request with valid data. Case: 'birth_month' = 12","tests.api.user","2026-09-21","passed","2026-09-21","TestCreateUserApi","test_create_user","",""
"","3343","[WEB] Sign up with valid data. Case: 'last_name' length = min","tests.web.component.auth","2026-09-21","passed","2026-09-21","TestSignUpWeb","test_signup_component","",""
"","2399","[WEB Component] Image Carousel should show next image when scroll right","tests.web.component.carousel","2026-09-21","passed","2026-09-21","TestImageCarousel","test_image_carousel","",""
"","0","[WEB] Sign up with invalid data. Case: 'zipcode' length = min + 1","tests.web.component.auth","2026-09-21","skipped","2026-09-21","TestSignUpWeb","test_signup_component","",""
"","0","[WEB Component] Pay with invalid card should show error message. Case: card number is empty","tests.web.component.payment","2026-09-21","skipped","2026-09-21","TestPaymentComponent","test_payment_component","",""
"","0","[API] Create user should return 400_BAD_REQUEST when send create user request with invalid data. Case: 'name' is absent","tests.api.user","2026-09-21","skipped","2026-09-21","TestCreateUserApi","test_create_user","",""
"","0","[WEB] Sign up with invalid data. Case: 'address1' length = max","tests.web.component.auth","2026-09-21","skipped","2026-09-21","TestSignUpWeb","test_signup_component","",""
"","594","[WEB] Should add product review with valid data. Case: 'email' username is numerical","tests.web.component.review","2026-09-21","passed","2026-09-21","TestReviewComponent","test_review_component","",""
"","292","[API] Update user should return 200_OK when send update user request with valid data. Case: 'birth_year' = 10000","tests.api.user","2026-09-21","passed","2026-09-21","TestUpdateUserApi","test_update_user","",""
"","0","[WEB] Sign up with invalid data. Case: 'city' length = min","tests.web.component.auth","2026-09-21","skipped","2026-09-21","TestSignUpWeb","test_signup_component","",""
"","4126","[WEB Component] Can download invoice multiple times","tests.web.component.payment","2026-09-21","passed","2026-09-21","TestPaymentComponent","test_invoice_file","",""
"","0","[WEB] Sign up with invalid data. Case: 'zipcode' length = max","tests.web.component.auth","2026-09-21","skipped","2026-09-21","TestSignUpWeb","test_signup_component","",""
"","265","[API] Update user should return 200_OK when send update user request with valid data. Case: 'first_name' length = min","tests.api.user","2026-09-21","passed","2026-09-21","TestUpdateUserApi","test_update_user","",""
"","467","[WEB Component] Add product notification should be closed when click on close button","tests.web.component.base","2026-09-21","passed","2026-09-21","TestNotificationComponent","test_notification_component","",""
"","689","[API] Update user should return 200_OK when send update user request with valid data. Case: 'address2' length = max - 1","tests.api.user","2026-09-21","passed","2026-09-21","TestUpdateUserApi","test_update_user","",""
"","3329","[WEB] Sign up with valid data. Case: 'birth_day' = 1","tests.web.component.auth","2026-09-21","passed","2026-09-21","TestSignUpWeb","test_signup_component","",""
"","0","[API] Update user should return 400_BAD_REQUEST when send update user request with invalid data. Case: 'address1' length = min - 1","tests.api.user","2026-09-21","skipped","2026-09-21","TestUpdateUserApi","test_update_user","",""
"","0","[API] Update user should return 400_BAD_REQUEST when send update user request with invalid data. Case: 'state' is empty","tests.api.user","2026-09-21","skipped","2026-09-21","TestUpdateUserApi","test_update_user","",""
"","0","[API] Create user should return 400_BAD_REQUEST when send create user request with invalid data. Case: 'state' length = min - 1","tests.api.user","2026-09-21","skipped","2026-09-21","TestCreateUserApi","test_create_user","",""
"","430","[WEB Component] Subscription component should have expected screenshot","tests.web.component.base","2026-09-21","passed","2026-09-21","TestSubscriptionComponent","test_subscription_component","",""
"","0","[API] Create user should return 400_BAD_REQUEST when send create user request with invalid data. Case: 'zipcode' is absent","tests.api.user","2026-09-21","skipped","2026-09-21","TestCreateUserApi","test_create_user","",""
"","0","[WEB] Sign up with invalid data. Case: 'birth_month' = 1","tests.web.component.auth","2026-09-21","skipped","2026-09-21","TestSignUpWeb","test_signup_component","",""
"","0","[WEB Component] Should not subscribe with invalid email","tests.web.component.base","2026-09-21","skipped","2026-09-21","TestSubscriptionComponent","test_subscription_component","",""
"","158","[API] Create user should return 200_OK when send create user request with valid data. Case: 'birth_day' = 1","tests.api.user","2026-09-21","passed","2026-09-21","TestCreateUserApi","test_create_user","",""
"","107","[WEB Component] Should visible user name when authorized","tests.web.component.base","2026-09-21","passed","2026-09-21","TestHeaderComponent","test_header_component","",""
"","0","[API] Update user should return 400_BAD_REQUEST when send update user request with invalid data. Case: 'email' contains mail server as ip and port","tests.api.user","2026-09-21","skipped","2026-09-21","TestUpdateUserApi","test_update_user","",""
"","138","[API] Create user should return 200_OK when send create user request with valid data. Case: 'city' length = min + 1","tests.api.user","2026-09-21","passed","2026-09-21","TestCreateUserApi","test_create_user","",""
"","0","[API] Update user should return 400_BAD_REQUEST when send update user request with invalid data. Case: 'email' contains only special symbols","tests.api.user","2026-09-21","skipped","2026-09-21","TestUpdateUserApi","test_update_user","",""
"","231","[API] Create user should return 200_OK when send create user request with valid data. Case: 'mobile_number' length = max","tests.api.user","2026-09-21","passed","2026-09-21","TestCreateUserApi","test_create_user","",""
"","3228","[WEB] Sign up with valid data. Case: 'address1' length = min","tests.web.component.auth","2026-09-21","passed","2026-09-21","TestSignUpWeb","test_signup_component","",""
"","66","[WEB Component] Should have all products expected total price","tests.web.component.product","2026-09-21","passed","2026-09-21","TestProductItem","test_product_item","",""
"","0","[WEB] Should not add product review with invalid data. Case: 'email' not contains username","tests.web.component.review","2026-09-21","skipped","2026-09-21","TestReviewComponent","test_review_component","",""
"","0","[WEB Component] Pay with invalid card should show error message. Case: name contains newline","tests.web.component.payment","2026-09-21","skipped","2026-09-21","TestPaymentComponent","test_payment_component","",""
"","994","[WEB Component] Add product to cart from product carousel","tests.web.component.carousel","2026-09-21","passed","2026-09-21","TestProductCarousel","test_product_carousel","",""
"","3393","[WEB] Sign up with valid data. Case: 'address1' length = max - 1","tests.web.component.auth","2026-09-21","passed","2026-09-21","TestSignUpWeb","test_signup_component","",""
"","231","[API] Create user should return 200_OK when send create user request with valid data. Case: 'first_name' length = max","tests.api.user","2026-09-21","passed","2026-09-21","TestCreateUserApi","test_create_user","",""
"","0","[WEB Component] Pay with invalid card should show error message. Case: cvc contains special characters","tests.web.component.payment","2026-09-21","skipped","2026-09-21","TestPaymentComponent","test_payment_component","",""
"","147","[API] Create user should return 200_OK when send create user request with valid data. Case: 'last_name' length = min + 1","tests.api.user","2026-09-21","passed","2026-09-21","TestCreateUserApi","test_create_user","",""
"","0","[API] Create user should return 400_BAD_REQUEST when send create user request with invalid data. Case: 'address2' is empty","tests.api.user","2026-09-21","skipped","2026-09-21","TestCreateUserApi","test_create_user","",""
"","968","[WEB Component] Should navigate to contact us page by click on 'Contact us' button","tests.web.component.base","2026-09-21","passed","2026-09-21","TestHeaderComponent","test_header_component","",""
"","0","[API] Create user should return 400_BAD_REQUEST when send create user request with invalid data. Case: 'mobile_number' has invalid format","tests.api.user","2026-09-21","skipped","2026-09-21","TestCreateUserApi","test_create_user","",""
"","0","[API] Update user should return 400_BAD_REQUEST when send update user request with invalid data. Case: 'email' is word","tests.api.user","2026-09-21","skipped","2026-09-21","TestUpdateUserApi","test_update_user","",""
"","1319","[WEB Component] Product details should have expected data","tests.web.component.product","2026-09-21","passed","2026-09-21","TestProductCard","test_product_details_component","",""
"","989","[WEB Component] Should have expected success status message after sending contact info","tests.web.component.base","2026-09-21","passed","2026-09-21","TestSubscriptionComponent","test_subscription_component","",""
"","0","[WEB] Sign up with invalid data. Case: 'name' length = max - 1","tests.web.component.auth","2026-09-21","skipped","2026-09-21","TestSignUpWeb","test_signup_component","",""
"","0","[API] Create user should return 400_BAD_REQUEST when send create user request with invalid data. Case: 'state' length = max + 1","tests.api.user","2026-09-21","skipped","2026-09-21","TestCreateUserApi","test_create_user","",""
"","0","[WEB] Sign up with invalid data. Case: 'address1' length = min","tests.web.component.auth","2026-09-21","skipped","2026-09-21","TestSignUpWeb","test_signup_component","",""
"","0","[WEB] Sign up with invalid data. Case: 'name' length = min","tests.web.component.auth","2026-09-21","skipped","2026-09-21","TestSignUpWeb","test_signup_component","",""
"","135","[API] Create user should return 200_OK when send create user request with valid data. Case: 'address2' length = max - 1","tests.api.user","2026-09-21","passed","2026-09-21","TestCreateUserApi","test_create_user","",""
"","0","[WEB Component] Pay with invalid card should show error message. Case: card number too short","tests.web.component.payment","2026-09-21","skipped","2026-09-21","TestPaymentComponent","test_payment_component","",""
"","0","[WEB] Should not add product review with invalid data. Case: 'email' not contains domain","tests.web.component.review","2026-09-21","skipped","2026-09-21","TestReviewComponent","test_review_component","",""
"","0","[WEB] Sign up with invalid data. Case: 'address1' length = max - 1","tests.web.component.auth","2026-09-21","skipped","2026-09-21","TestSignUpWeb","test_signup_component","",""
"","0","[API] Update user should return 400_BAD_REQUEST when send update user request with invalid data. Case: 'city' is absent","tests.api.user","2026-09-21","skipped","2026-09-21","TestUpdateUserApi","test_update_user","",""
"","151","[API] Create user should return 200_OK when send create user request with valid data. Case: 'first_name' length = min + 1","tests.api.user","2026-09-21","passed","2026-09-21","TestCreateUserApi","test_create_user","",""
"","0","[API] Create user should return 400_BAD_REQUEST when send create user request with invalid data. Case: 'last_name' is absent","tests.api.user","2026-09-21","skipped","2026-09-21","TestCreateUserApi","test_create_user","",""
"","0","[API] Update user should return 400_BAD_REQUEST when send update user request with invalid data. Case: 'state' is absent","tests.api.user","2026-09-21","skipped","2026-09-21","TestUpdateUserApi","test_update_user","",""
"","0","[WEB Component] Pay with invalid card should show error message. Case: card number contains spaces","tests.web.component.payment","2026-09-21","skipped","2026-09-21","TestPaymentComponent","test_payment_component","",""
"","4652","[WEB] Sign up with valid data. Case: 'state' length = max - 1","tests.web.component.auth","2026-09-21","passed","2026-09-21","TestSignUpWeb","test_signup_component","",""
"","0","[WEB Component] Pay with invalid card should show error message. Case: cvc contains letters","tests.web.component.payment","2026-09-21","skipped","2026-09-21","TestPaymentComponent","test_payment_component","",""
"","0","[API] Create user should return 400_BAD_REQUEST when send create user request with invalid data. Case: 'company' is empty","tests.api.user","2026-09-21","skipped","2026-09-21","TestCreateUserApi","test_create_user","",""
"","0","[API] Update user should return 400_BAD_REQUEST when send update user request with invalid data. Case: 'address2' length = max + 1","tests.api.user","2026-09-21","skipped","2026-09-21","TestUpdateUserApi","test_update_user","",""
"","0","[WEB Component] Pay with invalid card should show error message. Case: expiry month only spaces","tests.web.component.payment","2026-09-21","skipped","2026-09-21","TestPaymentComponent","test_payment_component","",""
"","0","[WEB] Sign up with invalid data. Case: 'mobile_number' length = min","tests.web.component.auth","2026-09-21","skipped","2026-09-21","TestSignUpWeb","test_signup_component","",""
"","3910","[WEB] Sign up with valid data. Case: 'address1' length = max","tests.web.component.auth","2026-09-21","passed","2026-09-21","TestSignUpWeb","test_signup_component","",""
"","2657","[WEB Component] Order placed page should have expected screenshot","tests.web.component.payment","2026-09-21","passed","2026-09-21","TestPaymentComponent","test_invoice_file","",""
"","1673","[API] Login should return 200_OK when send login request with valid data and contains csrf cookie","tests.api.auth","2026-09-21","passed","2026-09-21","TestAuthApi","test_auth","",""
"","786","[WEB] Should have expected screenshot when send review","tests.web.component.review","2026-09-21","passed","2026-09-21","TestReviewComponent","test_review_component","",""
"","175","[API] Create user should return 200_OK when send create user request with valid data. Case: 'first_name' length = max - 1","tests.api.user","2026-09-21","passed","2026-09-21","TestCreateUserApi","test_create_user","",""
"","9351","Purchase products with sign up while checkout","tests.web.e2e","2026-09-21","passed","2026-09-21","TestPlaceOrder","test_place_order","",""
"","883","[WEB] Should add product review with valid data. Case: 'email' domain length = 2","tests.web.component.review","2026-09-21","passed","2026-09-21","TestReviewComponent","test_review_component","",""
"","0","[WEB Component] Pay with invalid card should show error message. Case: expiry year too short","tests.web.component.payment","2026-09-21","skipped","2026-09-21","TestPaymentComponent","test_payment_component","",""
"","0","[API] Update user should return 400_BAD_REQUEST when send update user request with invalid data. Case: 'address1' is empty","tests.api.user","2026-09-21","skipped","2026-09-21","TestUpdateUserApi","test_update_user","",""
"","0","[API] Update user should return 400_BAD_REQUEST when send update user request with invalid data. Case: 'last_name' is empty","tests.api.user","2026-09-21","skipped","2026-09-21","TestUpdateUserApi","test_update_user","",""
"","252","[API] Update user should return 200_OK when send update user request with valid data. Case: 'address2' length = min","tests.api.user","2026-09-21","passed","2026-09-21","TestUpdateUserApi","test_update_user","",""
"","135","[API] Create user should return 200_OK when send create user request with valid data. Case: 'state' length = min + 1","tests.api.user","2026-09-21","passed","2026-09-21","TestCreateUserApi","test_create_user","",""
"","0","[WEB] Sign up with invalid data. Case: 'address2' length = max - 1","tests.web.component.auth","2026-09-21","skipped","2026-09-21","TestSignUpWeb","test_signup_component","",""
"","0","[API] Update user should return 400_BAD_REQUEST when send update user request with invalid data. Case: 'city' length = min - 1","tests.api.user","2026-09-21","skipped","2026-09-21","TestUpdateUserApi","test_update_user","",""
"","0","[API] Create user should return 400_BAD_REQUEST when send create user request with invalid data. Case: 'last_name' length = max + 1","tests.api.user","2026-09-21","skipped","2026-09-21","TestCreateUserApi","test_create_user","",""
"","0","[API] Create user should return 400_BAD_REQUEST when send create user request with invalid data. Case: 'state' is absent","tests.api.user","2026-09-21","skipped","2026-09-21","TestCreateUserApi","test_create_user","",""
"","0","[API] Update user should return 400_BAD_REQUEST when send update user request with invalid data. Case: 'company' length = max + 1","tests.api.user","2026-09-21","skipped","2026-09-21","TestUpdateUserApi","test_update_user","",""
"","0","[WEB] Should not add product review with invalid data. Case: 'email' contains domain with one letter","tests.web.component.review","2026-09-21","skipped","2026-09-21","TestReviewComponent","test_review_component","",""
"","0","[API] Create user should return 400_BAD_REQUEST when send create user request with invalid data. Case: 'zipcode' length = min - 1","tests.api.user","2026-09-21","skipped","2026-09-21","TestCreateUserApi","test_create_user","",""
"","0","[WEB] Sign up with invalid data. Case: 'name' length = max","tests.web.component.auth","2026-09-21","skipped","2026-09-21","TestSignUpWeb","test_signup_component","",""
"","0","[API] Create user should return 400_BAD_REQUEST when send create user request with invalid data. Case: 'zipcode' is empty","tests.api.user","2026-09-21","skipped","2026-09-21","TestCreateUserApi","test_create_user","",""
"","180","[API] Create user should return 200_OK when send create user request with valid data. Case: 'address1' length = max","tests.api.user","2026-09-21","passed","2026-09-21","TestCreateUserApi","test_create_user","",""
"","826","[WEB Component] Should delete user name by click on 'Delete Account' button","tests.web.component.base","2026-09-21","passed","2026-09-21","TestHeaderComponent","test_header_component","",""
"","164","[API] Create user should return 200_OK when send create user request with valid data. Case: 'state' length = max","tests.api.user","2026-09-21","passed","2026-09-21","TestCreateUserApi","test_create_user","",""
"","187","[API] Create user should return 200_OK when send create user request with valid data. Case: 'company' length = min","tests.api.user","2026-09-21","passed","2026-09-21","TestCreateUserApi","test_create_user","",""
"","429","test_get_all_products","tests.api.product","2026-09-21","passed","2026-09-21","TestProductApi","test_product","",""
"","569","[API] Update user should return 200_OK when send update user request with valid data. Case: 'state' length = max - 1","tests.api.user","2026-09-21","passed","2026-09-21","TestUpdateUserApi","test_update_user","",""
"","0","[API] Create user should return 400_BAD_REQUEST when send create user request with invalid data. Case: 'state' is empty","tests.api.user","2026-09-21","skipped","2026-09-21","TestCreateUserApi","test_create_user","",""
"","0","[WEB] Sign up with invalid data. Case: 'first_name' length = min","tests.web.component.auth","2026-09-21","skipped","2026-09-21","TestSignUpWeb","test_signup_component","",""
"","1197","[WEB Component] Products Carousel should first products when scroll right on last image","tests.web.component.carousel","2026-09-21","passed","2026-09-21","TestProductCarousel","test_product_carousel","",""
"","265","[API] Update user should return 200_OK when send update user request with valid data. Case: 'address1' length = max","tests.api.user","2026-09-21","passed","2026-09-21","TestUpdateUserApi","test_update_user","",""
"","0","[API] Update user should return 400_BAD_REQUEST when send update user request with invalid data. Case: 'last_name' length = max + 1","tests.api.user","2026-09-21","skipped","2026-09-21","TestUpdateUserApi","test_update_user","",""
"","0","[API] Create user should return 400_BAD_REQUEST when send create user request with invalid data. Case: 'birth_year' is absent","tests.api.user","2026-09-21","skipped","2026-09-21","TestCreateUserApi","test_create_user","",""
"","3545","[WEB] Sign up with valid data. Case: 'address2' length = max","tests.web.component.auth","2026-09-21","passed","2026-09-21","TestSignUpWeb","test_signup_component","",""
"","0","[API] Update user should return 400_BAD_REQUEST when send update user request with invalid data. Case: 'birth_day' is absent","tests.api.user","2026-09-21","skipped","2026-09-21","TestUpdateUserApi","test_update_user","",""
"","0","[WEB] Should not add product review with invalid data. Case: 'name' length = min - 1","tests.web.component.review","2026-09-21","skipped","2026-09-21","TestReviewComponent","test_review_component","",""
"","0","[API] Create user should return 400_BAD_REQUEST when send create user request with invalid data. Case: 'email' not contains username","tests.api.user","2026-09-21","skipped","2026-09-21","TestCreateUserApi","test_create_user","",""
"","0","[API] Update user should return 400_BAD_REQUEST when send update user request with invalid data. Case: 'email' contains text before username","tests.api.user","2026-09-21","skipped","2026-09-21","TestUpdateUserApi","test_update_user","",""
"","3673","[WEB] Sign up with valid data. Case: 'first_name' length = min + 1","tests.web.component.auth","2026-09-21","passed","2026-09-21","TestSignUpWeb","test_signup_component","",""
"","0","[API] Update user should return 400_BAD_REQUEST when send update user request with invalid data. Case: 'email' contains '-' after '@'","tests.api.user","2026-09-21","skipped","2026-09-21","TestUpdateUserApi","test_update_user","",""
"","0","[API] Create user should return 400_BAD_REQUEST when send create user request with invalid data. Case: 'mobile_number' is empty","tests.api.user","2026-09-21","skipped","2026-09-21","TestCreateUserApi","test_create_user","",""
"","358","[API] Update user should return 200_OK when send update user request with valid data. Case: 'city' length = min + 1","tests.api.user","2026-09-21","passed","2026-09-21","TestUpdateUserApi","test_update_user","",""
"","3486","[WEB] Sign up with valid data. Case: 'name' length = max - 1","tests.web.component.auth","2026-09-21","passed","2026-09-21","TestSignUpWeb","test_signup_component","",""
"","0","[API] Update user should return 400_BAD_REQUEST when send update user request with invalid data. Case: 'email' contains username hieroglyphs instead of username","tests.api.user","2026-09-21","skipped","2026-09-21","TestUpdateUserApi","test_update_user","",""
"","1173","[WEB Component] Product item should have expected data","tests.web.component.product","2026-09-21","passed","2026-09-21","TestProductItem","test_product_item","",""
"","0","[WEB] Sign up with invalid data. Case: 'state' length = max - 1","tests.web.component.auth","2026-09-21","skipped","2026-09-21","TestSignUpWeb","test_signup_component","",""
"","0","[WEB] Sign up with invalid data. Case: 'first_name' length = min + 1","tests.web.component.auth","2026-09-21","skipped","2026-09-21","TestSignUpWeb","test_signup_component","",""
"","0","[API] Create user should return 400_BAD_REQUEST when send create user request with invalid data. Case: 'zipcode' has invalid format","tests.api.user","2026-09-21","skipped","2026-09-21","TestCreateUserApi","test_create_user","",""
"","0","[API] Create user should return 400_BAD_REQUEST when send create user request with invalid data. Case: 'address1' is absent","tests.api.user","2026-09-21","skipped","2026-09-21","TestCreateUserApi","test_create_user","",""
"","0","[API] Update user should return 400_BAD_REQUEST when send update user request with invalid data. Case: 'birth_day' is negative","tests.api.user","2026-09-21","skipped","2026-09-21","TestUpdateUserApi","test_update_user","",""
"","287","[WEB Component] Product item should navigate to product page when click on item title","tests.web.component.product","2026-09-21","passed","2026-09-21","TestProductItem","test_product_item","",""
"","4442","[WEB] Sign up with valid data. Case: 'last_name' length = max","tests.web.component.auth","2026-09-21","passed","2026-09-21","TestSignUpWeb","test_signup_component","",""
"","3434","[WEB] Sign up with valid data. Case: 'zipcode' length = min","tests.web.component.auth","2026-09-21","passed","2026-09-21","TestSignUpWeb","test_signup_component","",""
"","3496","[WEB] Sign up with valid data. Case: 'name' length = min","tests.web.component.auth","2026-09-21","passed","2026-09-21","TestSignUpWeb","test_signup_component","",""
"","0","[WEB] Should not add product review with invalid data. Case: 'email' contains text after domain","tests.web.component.review","2026-09-21","skipped","2026-09-21","TestReviewComponent","test_review_component","",""
"","467","[WEB] Should add product review with valid data. Case: 'message' length = min","tests.web.component.review","2026-09-21","passed","2026-09-21","TestReviewComponent","test_review_component","",""
"","0","[API] Update user should return 400_BAD_REQUEST when send update user request with invalid data. Case: 'address2' length = min - 1","tests.api.user","2026-09-21","skipped","2026-09-21","TestUpdateUserApi","test_update_user","",""
"","0","[API] Update user should return 400_BAD_REQUEST when send update user request with invalid data. Case: 'birth_year' is negative","tests.api.user","2026-09-21","skipped","2026-09-21","TestUpdateUserApi","test_update_user","",""
"","678","[WEB] Should add product review with valid data. Case: 'email' username contains '+'","tests.web.component.review","2026-09-21","passed","2026-09-21","TestReviewComponent","test_review_component","",""
"","0","[API] Create user should return 400_BAD_REQUEST when send create user request with invalid data. Case: 'email' is word","tests.api.user","2026-09-21","skipped","2026-09-21","TestCreateUserApi","test_create_user","",""
"","0","[WEB Component] Pay with invalid card should show error message. Case: cvc too long","tests.web.component.payment","2026-09-21","skipped","2026-09-21","TestPaymentComponent","test_payment_component","",""
"","506","[WEB Component] Should decrease all products total price","tests.web.component.product","2026-09-21","passed","2026-09-21","TestProductItem","test_product_item","",""
"","0","[WEB Component] Pay with invalid card should show error message. Case: name contains digits","tests.web.component.payment","2026-09-21","skipped","2026-09-21","TestPaymentComponent","test_payment_component","",""
"","363","[API] Update user should return 200_OK when send update user request with valid data. Case: 'zipcode' length = min","tests.api.user","2026-09-21","passed","2026-09-21","TestUpdateUserApi","test_update_user","",""
"","0","[API] Update user should return 400_BAD_REQUEST when send update user request with invalid data. Case: 'name' is empty","tests.api.user","2026-09-21","skipped","2026-09-21","TestUpdateUserApi","test_update_user","",""
"","0","[API] Update user should return 400_BAD_REQUEST when send update user request with invalid data. Case: 'zipcode' length = max + 1","tests.api.user","2026-09-21","skipped","2026-09-21","TestUpdateUserApi","test_update_user","",""
"","0","[API] Create user should return 400_BAD_REQUEST when send create user request with invalid data. Case: 'city' is absent","tests.api.user","2026-09-21","skipped","2026-09-21","TestCreateUserApi","test_create_user","",""
"","0","[API] Update user should return 400_BAD_REQUEST when send update user request with invalid data. Case: 'mobile_number' length = min - 1","tests.api.user","2026-09-21","skipped","2026-09-21","TestUpdateUserApi","test_update_user","",""
"","537","[WEB] Should add product review with valid data. Case: 'name' length = min + 1","tests.web.component.review","2026-09-21","passed","2026-09-21","TestReviewComponent","test_review_component","",""
"","146","[API] Create user should return 200_OK when send create user request with valid data. Case: 'birth_month' = 1","tests.api.user","2026-09-21","passed","2026-09-21","TestCreateUserApi","test_create_user","",""
"","0","[WEB Component] Pay with invalid card should show error message. Case: expiry month contains letters","tests.web.component.payment","2026-09-21","skipped","2026-09-21","TestPaymentComponent","test_payment_component","",""
"","0","[API] Create user should return 400_BAD_REQUEST when send create user request with invalid data. Case: 'last_name' length = min - 1","tests.api.user","2026-09-21","skipped","2026-09-21","TestCreateUserApi","test_create_user","",""
"","320","[API] Create user should return 200_OK when send create user request with valid data. Case: 'mobile_number' length = min","tests.api.user","2026-09-21","passed","2026-09-21","TestCreateUserApi","test_create_user","",""
"","0","[API] Create user should return 400_BAD_REQUEST when send create user request with invalid data. Case: 'mobile_number' length = max + 1","tests.api.user","2026-09-21","skipped","2026-09-21","TestCreateUserApi","test_create_user","",""
"","992","[WEB Component] Category filter should have expected screenshot when collapsed","tests.web.component.filter","2026-09-21","passed","2026-09-21","TestCategoryFilter","test_category_filter","",""
"","0","[WEB] Sign up with invalid data. Case: 'city' length = min + 1","tests.web.component.auth","2026-09-21","skipped","2026-09-21","TestSignUpWeb","test_signup_component","",""
"","1742","[WEB Component] Place order without authorization notification should have expected data and screenshot","tests.web.component.base","2026-09-21","passed","2026-09-21","TestNotificationComponent","test_notification_component","",""
"","0","[API] Update user should return 400_BAD_REQUEST when send update user request with invalid data. Case: 'state' length = max + 1","tests.api.user","2026-09-21","skipped","2026-09-21","TestUpdateUserApi","test_update_user","",""
"","1235","[WEB Component] Image Carousel should show last image when scroll left on first image","tests.web.component.carousel","2026-09-21","passed","2026-09-21","TestImageCarousel","test_image_carousel","",""
"","4821","[WEB] Sign up with valid data. Case: 'name' length = max","tests.web.component.auth","2026-09-21","passed","2026-09-21","TestSignUpWeb","test_signup_component","",""
"","2204","[WEB Component] Pay with valid card should show success status message. Case: valid: name min length","tests.web.component.payment","2026-09-21","passed","2026-09-21","TestPaymentComponent","test_payment_component","",""
"","0","[WEB] Sign up with invalid data. Case: 'first_name' length = max - 1","tests.web.component.auth","2026-09-21","skipped","2026-09-21","TestSignUpWeb","test_signup_component","",""
"","0","[API] Create user should return 400_BAD_REQUEST when send create user request with invalid data. Case: 'first_name' length = max + 1","tests.api.user","2026-09-21","skipped","2026-09-21","TestCreateUserApi","test_create_user","",""
"","1991","[WEB Component] Pay with valid card should show success status message. Case: valid: boundary valid number","tests.web.component.payment","2026-09-21","passed","2026-09-21","TestPaymentComponent","test_payment_component","",""
"","0","[WEB] Should not add product review with invalid data. Case: 'email' contains multiple '@' symbols","tests.web.component.review","2026-09-21","skipped","2026-09-21","TestReviewComponent","test_review_component","",""
"","319","[API] Update user should return 200_OK when send update user request with valid data. Case: 'address2' length = max","tests.api.user","2026-09-21","passed","2026-09-21","TestUpdateUserApi","test_update_user","",""
"","0","[API] Create user should return 400_BAD_REQUEST when send create user request with invalid data. Case: 'address2' length = max + 1","tests.api.user","2026-09-21","skipped","2026-09-21","TestCreateUserApi","test_create_user","",""
"","0","[API] Create user should return 400_BAD_REQUEST when send create user request with invalid data. Case: 'address1' is empty","tests.api.user","2026-09-21","skipped","2026-09-21","TestCreateUserApi","test_create_user","",""
"","138","[API] Create user should return 200_OK when send create user request with valid data. Case: 'company' length = max","tests.api.user","2026-09-21","passed","2026-09-21","TestCreateUserApi","test_create_user","",""
"","119","test_search_products_returns_empty_array","tests.api.product","2026-09-21","passed","2026-09-21","TestProductApi","test_product","",""
"","568","[WEB] Should add product review with valid data. Case: 'email' contains subdomain","tests.web.component.review","2026-09-21","passed","2026-09-21","TestReviewComponent","test_review_component","",""
"","0","[WEB] Should not add product review with invalid data. Case: 'email' is empty","tests.web.component.review","2026-09-21","skipped","2026-09-21","TestReviewComponent","test_review_component","",""
"","0","[WEB] Should not add product review with invalid data. Case: 'email' is word","tests.web.component.review","2026-09-21","skipped","2026-09-21","TestReviewComponent","test_review_component","",""
"","5033","[WEB Component] Place order without authorization notification proceed to checkout button should navigate to login page","tests.web.component.base","2026-09-21","passed","2026-09-21","TestNotificationComponent","test_notification_component","",""
"","10276","[WEB Component] Category filter group should be collapsed after expand another group","tests.web.component.filter","2026-09-21","passed","2026-09-21","TestCategoryFilter","test_category_filter","",""
"","310","[API] Update user should return 200_OK when send update user request with valid data. Case: 'company' length = min","tests.api.user","2026-09-21","passed","2026-09-21","TestUpdateUserApi","test_update_user","",""
"","0","[WEB] Sign up with invalid data. Case: 'birth_month' = 12","tests.web.component.auth","2026-09-21","skipped","2026-09-21","TestSignUpWeb","test_signup_component","",""
"","0","[API] Create user should return 400_BAD_REQUEST when send create user request with invalid data. Case: 'email' not contains '@' symbol","tests.api.user","2026-09-21","skipped","2026-09-21","TestCreateUserApi","test_create_user","",""
"","156","[API] Create user should return 200_OK when send create user request with valid data. Case: 'birth_year' = 10000","tests.api.user","2026-09-21","passed","2026-09-21","TestCreateUserApi","test_create_user","",""
"","293","[API] Update user should return 200_OK when send update user request with valid data. Case: 'mobile_number' length = max","tests.api.user","2026-09-21","passed","2026-09-21","TestUpdateUserApi","test_update_user","",""
"","146","[API] Create user should return 200_OK when send create user request with valid data. Case: 'address1' length = min + 1","tests.api.user","2026-09-21","passed","2026-09-21","TestCreateUserApi","test_create_user","",""
"","335","[API] Update user should return 200_OK when send update user request with valid data. Case: 'birth_day' = 1","tests.api.user","2026-09-21","passed","2026-09-21","TestUpdateUserApi","test_update_user","",""
"","176","[API] Create user should return 200_OK when send create user request with valid data. Case: 'address1' length = max - 1","tests.api.user","2026-09-21","passed","2026-09-21","TestCreateUserApi","test_create_user","",""
"","467","[API] Update user should return 200_OK when send update user request with valid data. Case: 'company' length = min + 1","tests.api.user","2026-09-21","passed","2026-09-21","TestUpdateUserApi","test_update_user","",""
"","0","[WEB] Sign up with invalid data. Case: 'last_name' length = min","tests.web.component.auth","2026-09-21","skipped","2026-09-21","TestSignUpWeb","test_signup_component","",""
"","0","[API] Create user should return 400_BAD_REQUEST when send create user request with invalid data. Case: 'email' is empty","tests.api.user","2026-09-21","skipped","2026-09-21","TestCreateUserApi","test_create_user","",""
"","306","[API] Update user should return 200_OK when send update user request with valid data. Case: 'address1' length = max - 1","tests.api.user","2026-09-21","passed","2026-09-21","TestUpdateUserApi","test_update_user","",""
"","0","[API] Update user should return 400_BAD_REQUEST when send update user request with invalid data. Case: 'state' length = min - 1","tests.api.user","2026-09-21","skipped","2026-09-21","TestUpdateUserApi","test_update_user","",""
"","0","[WEB] Sign up with invalid data. Case: 'company' length = min","tests.web.component.auth","2026-09-21","skipped","2026-09-21","TestSignUpWeb","test_signup_component","",""
"","1692","[WEB] Should add product review with valid data. Case: 'message' length = max - 1","tests.web.component.review","2026-09-21","passed","2026-09-21","TestReviewComponent","test_review_component","",""
"","0","[WEB] Should not add product review with invalid data. Case: 'message' length = max","tests.web.component.review","2026-09-21","skipped","2026-09-21","TestReviewComponent","test_review_component","",""
"","398","[API] Update user should return 200_OK when send update user request with valid data. Case: 'mobile_number' length = min + 1","tests.api.user","2026-09-21","passed","2026-09-21","TestUpdateUserApi","test_update_user","",""
"","140","[API] Create user should return 200_OK when send create user request with valid data. Case: 'city' length = max - 1","tests.api.user","2026-09-21","passed","2026-09-21","TestCreateUserApi","test_create_user","",""
"","143","[API] Create user should return 200_OK when send create user request with valid data. Case: 'zipcode' length = max - 1","tests.api.user","2026-09-21","passed","2026-09-21","TestCreateUserApi","test_create_user","",""
"","0","[WEB Component] Pay with invalid card should show error message. Case: name is empty","tests.web.component.payment","2026-09-21","skipped","2026-09-21","TestPaymentComponent","test_payment_component","",""
"","0","[WEB] Sign up with invalid data. Case: 'last_name' length = max - 1","tests.web.component.auth","2026-09-21","skipped","2026-09-21","TestSignUpWeb","test_signup_component","",""
"","0","[API] Update user should return 400_BAD_REQUEST when send update user request with invalid data. Case: 'last_name' is absent","tests.api.user","2026-09-21","skipped","2026-09-21","TestUpdateUserApi","test_update_user","",""
"","323","[WEB Component] Payment component should have expected screenshot","tests.web.component.payment","2026-09-21","passed","2026-09-21","TestPaymentComponent","test_payment_component","",""
"","3264","[WEB] Sign up with valid data. Case: 'mobile_number' length = max - 1","tests.web.component.auth","2026-09-21","passed","2026-09-21","TestSignUpWeb","test_signup_component","",""
"","0","[WEB Component] Pay with invalid card should show error message. Case: name length = max + 1","tests.web.component.payment","2026-09-21","skipped","2026-09-21","TestPaymentComponent","test_payment_component","",""
"","1161","[WEB Component] Product card should have expected data","tests.web.component.product","2026-09-21","skipped","2026-09-21","TestProductCard","test_product_card_component","",""
"","0","[API] Create user should return 400_BAD_REQUEST when send create user request with invalid data. Case: 'address1' length = min - 1","tests.api.user","2026-09-21","skipped","2026-09-21","TestCreateUserApi","test_create_user","",""
"","0","[API] Create user should return 400_BAD_REQUEST when send create user request with invalid data. Case: 'birth_year' is invalid positive","tests.api.user","2026-09-21","skipped","2026-09-21","TestCreateUserApi","test_create_user","",""
"","0","[API] Update user should return 400_BAD_REQUEST when send update user request with invalid data. Case: 'first_name' is absent","tests.api.user","2026-09-21","skipped","2026-09-21","TestUpdateUserApi","test_update_user","",""
"","448","[API] Update user should return 200_OK when send update user request with valid data. Case: 'address2' length = min + 1","tests.api.user","2026-09-21","passed","2026-09-21","TestUpdateUserApi","test_update_user","",""
"","0","[API] Update user should return 400_BAD_REQUEST when send update user request with invalid data. Case: 'email' contains invalid top level domain web","tests.api.user","2026-09-21","skipped","2026-09-21","TestUpdateUserApi","test_update_user","",""
"","256","[API] Update user should return 200_OK when send update user request with valid data. Case: 'zipcode' length = min + 1","tests.api.user","2026-09-21","passed","2026-09-21","TestUpdateUserApi","test_update_user","",""
"","315","[WEB Component] Should remove product from cart","tests.web.component.product","2026-09-21","passed","2026-09-21","TestProductItem","test_product_item","",""
"","1376","[WEB Component] Page scroller scroll page to top","tests.web.component.base","2026-09-21","passed","2026-09-21","TestPageScrollerComponent","test_page_scroller_component","",""
"","0","[API] Update user should return 400_BAD_REQUEST when send update user request with invalid data. Case: 'zipcode' has invalid format","tests.api.user","2026-09-21","skipped","2026-09-21","TestUpdateUserApi","test_update_user","",""
"","3242","[WEB] Sign up with valid data. Case: 'mobile_number' length = max","tests.web.component.auth","2026-09-21","passed","2026-09-21","TestSignUpWeb","test_signup_component","",""
"","165","[API] Update user should return 404_BAD_REQUEST when send update user request with not existing email","tests.api.user","2026-09-21","passed","2026-09-21","TestUpdateUserApi","test_update_user","",""
"","143","[API] Create user should return 200_OK when send create user request with valid data. Case: 'zipcode' length = min + 1","tests.api.user","2026-09-21","passed","2026-09-21","TestCreateUserApi","test_create_user","",""
"","0","[API] Update user should return 400_BAD_REQUEST when send update user request with invalid data. Case: 'birth_year' is absent","tests.api.user","2026-09-21","skipped","2026-09-21","TestUpdateUserApi","test_update_user","",""
"","223","[API] Create user should return 200_OK when send create user request with valid data. Case: 'last_name' length = max - 1","tests.api.user","2026-09-21","passed","2026-09-21","TestCreateUserApi","test_create_user","",""
"","0","[API] Update user should return 400_BAD_REQUEST when send update user request with invalid data. Case: 'birth_month' is invalid positive","tests.api.user","2026-09-21","skipped","2026-09-21","TestUpdateUserApi","test_update_user","",""
"","3387","[WEB] Sign up with valid data. Case: 'company' length = max","tests.web.component.auth","2026-09-21","passed","2026-09-21","TestSignUpWeb","test_signup_component","",""
"","146","[API] Create user should return 200_OK when send create user request with valid data. Case: 'name' length = max","tests.api.user","2026-09-21","passed","2026-09-21","TestCreateUserApi","test_create_user","",""
"","1090","[WEB Component] Should add product to cart when click on add to cart button","tests.web.component.product","2026-09-21","passed","2026-09-21","TestProductCard","test_product_card_component","",""
"","0","[WEB Component] Pay with invalid card should show error message. Case: cvc too short","tests.web.component.payment","2026-09-21","skipped","2026-09-21","TestPaymentComponent","test_payment_component","",""
"","3278","[WEB] Sign up with valid data. Case: 'state' length = min + 1","tests.web.component.auth","2026-09-21","passed","2026-09-21","TestSignUpWeb","test_signup_component","",""
"","0","[API] Create user should return 400_BAD_REQUEST when send create user request with invalid data. Case: 'first_name' length = min - 1","tests.api.user","2026-09-21","skipped","2026-09-21","TestCreateUserApi","test_create_user","",""
"","0","[WEB Component] Pay with invalid card should show error message. Case: expiry year contains letters","tests.web.component.payment","2026-09-21","skipped","2026-09-21","TestPaymentComponent","test_payment_component","",""
"","139","[API] Get csrf should return 200_OK when send get csrf request and contains csrf cookie","tests.api.auth","2026-09-21","passed","2026-09-21","TestAuthApi","test_auth","",""
"","0","[API] Create user should return 400_BAD_REQUEST when send create user request with invalid data. Case: 'name' length = min - 1","tests.api.user","2026-09-21","skipped","2026-09-21","TestCreateUserApi","test_create_user","",""
"","0","[WEB] Should not add product review with invalid data. Case: 'email' contains mail server as ip and port","tests.web.component.review","2026-09-21","skipped","2026-09-21","TestReviewComponent","test_review_component","",""
"","0","[API] Create user should return 400_BAD_REQUEST when send create user request with invalid data. Case: 'birth_month' is absent","tests.api.user","2026-09-21","skipped","2026-09-21","TestCreateUserApi","test_create_user","",""
"","0","[WEB Component] Pay with invalid card should show error message. Case: name contains special characters","tests.web.component.payment","2026-09-21","skipped","2026-09-21","TestPaymentComponent","test_payment_component","",""
"","0","[WEB Component] Pay with invalid card should show error message. Case: card number only spaces","tests.web.component.payment","2026-09-21","skipped","2026-09-21","TestPaymentComponent","test_payment_component","",""
"","0","[WEB] Should not add product review with invalid data. Case: 'email' contains text before username","tests.web.component.review","2026-09-21","skipped","2026-09-21","TestReviewComponent","test_review_component","",""
"","1264","[WEB Component] Should add product to cart when click on add to cart button","tests.web.component.product","2026-09-21","passed","2026-09-21","TestProductCard","test_product_details_component","",""
"","0","[WEB Component] Pay with invalid card should show error message. Case: card number too long","tests.web.component.payment","2026-09-21","skipped","2026-09-21","TestPaymentComponent","test_payment_component","",""
"","0","[API] Create user should return 400_BAD_REQUEST when send create user request with invalid data. Case: 'city' is empty","tests.api.user","2026-09-21","skipped","2026-09-21","TestCreateUserApi","test_create_user","",""
"","3903","[WEB] Sign up with valid data. Case: 'address2' length = max - 1","tests.web.component.auth","2026-09-21","passed","2026-09-21","TestSignUpWeb","test_signup_component","",""
"","0","[WEB] Should not add product review with invalid data. Case: 'name' is absent","tests.web.component.review","2026-09-21","skipped","2026-09-21","TestReviewComponent","test_review_component","",""
"","0","[API] Create user should return 400_BAD_REQUEST when send create user request with invalid data. Case: 'zipcode' length = max + 1","tests.api.user","2026-09-21","skipped","2026-09-21","TestCreateUserApi","test_create_user","",""
"","0","[WEB] Should not add product review with invalid data. Case: 'email' not contains '@' symbol","tests.web.component.review","2026-09-21","skipped","2026-09-21","TestReviewComponent","test_review_component","",""
"","0","[API] Update user should return 400_BAD_REQUEST when send update user request with invalid data. Case: 'birth_month' is zero","tests.api.user","2026-09-21","skipped","2026-09-21","TestUpdateUserApi","test_update_user","",""
"","133","Should return user exists when user exists with email and password","tests.api.user","2026-09-21","passed","2026-09-21","TestVerifyLoginApi","test_verify_login","",""
"","320","[API] Create user should return 200_OK when send create user request with valid data. Case: 'address1' length = min","tests.api.user","2026-09-21","passed","2026-09-21","TestCreateUserApi","test_create_user","",""
"","267","[API] Update user should return 200_OK when send update user request with valid data. Case: 'name' length = max - 1","tests.api.user","2026-09-21","passed","2026-09-21","TestUpdateUserApi","test_update_user","",""
"","3644","[WEB] Sign up with valid data. Case: 'city' length = min","tests.web.component.auth","2026-09-21","passed","2026-09-21","TestSignUpWeb","test_signup_component","",""
"","1715","[WEB Component] Pay with valid card should show success status message. Case: valid name contains multiple spaces","tests.web.component.payment","2026-09-21","passed","2026-09-21","TestPaymentComponent","test_payment_component","",""
"","3352","[WEB] Sign up with valid data. Case: 'city' length = min + 1","tests.web.component.auth","2026-09-21","passed","2026-09-21","TestSignUpWeb","test_signup_component","",""
"","0","[WEB] Sign up with invalid data. Case: 'birth_day' = 1","tests.web.component.auth","2026-09-21","skipped","2026-09-21","TestSignUpWeb","test_signup_component","",""
"","0","[WEB Component] Pay with invalid card should show error message. Case: card number contains special characters","tests.web.component.payment","2026-09-21","skipped","2026-09-21","TestPaymentComponent","test_payment_component","",""
"","0","[API] Update user should return 400_BAD_REQUEST when send update user request with invalid data. Case: 'birth_day' is zero","tests.api.user","2026-09-21","skipped","2026-09-21","TestUpdateUserApi","test_update_user","",""
"","0","[WEB] Sign up with invalid data. Case: 'city' length = max - 1","tests.web.component.auth","2026-09-21","skipped","2026-09-21","TestSignUpWeb","test_signup_component","",""
"","0","[API] Update user should return 400_BAD_REQUEST when send update user request with invalid data. Case: 'birth_year' is zero","tests.api.user","2026-09-21","skipped","2026-09-21","TestUpdateUserApi","test_update_user","",""
"","0","[WEB Component] Pay with invalid card should show error message. Case: card number all zeros","tests.web.component.payment","2026-09-21","skipped","2026-09-21","TestPaymentComponent","test_payment_component","",""
"","528","[WEB Component] Should navigate to main page by click on header logo","tests.web.component.base","2026-09-21","passed","2026-09-21","TestHeaderComponent","test_header_component","",""
"","0","[WEB] Sign up with invalid data. Case: 'address1' length = min + 1","tests.web.component.auth","2026-09-21","skipped","2026-09-21","TestSignUpWeb","test_signup_component","",""
"","0","[API] Create user should return 400_BAD_REQUEST when send create user request with invalid data. Case: 'company' length = max + 1","tests.api.user","2026-09-21","skipped","2026-09-21","TestCreateUserApi","test_create_user","",""
"","0","[API] Create user should return 400_BAD_REQUEST when send create user request with invalid data. Case: 'email' contains text after domain","tests.api.user","2026-09-21","skipped","2026-09-21","TestCreateUserApi","test_create_user","",""
"","0","[API] Create user should return 400_BAD_REQUEST when send create user request with invalid data. Case: 'email' contains username hieroglyphs instead of username","tests.api.user","2026-09-21","skipped","2026-09-21","TestCreateUserApi","test_create_user","",""
"","4155","[WEB] Sign up with valid data. Case: 'birth_year' = 10000","tests.web.component.auth","2026-09-21","passed","2026-09-21","TestSignUpWeb","test_signup_component","",""
"","0","[WEB] Sign up with invalid data. Case: 'first_name' length = max","tests.web.component.auth","2026-09-21","skipped","2026-09-21","TestSignUpWeb","test_signup_component","",""
"","0","[WEB Component] Pay with invalid card should show error message. Case: expiry month = 13","tests.web.component.payment","2026-09-21","skipped","2026-09-21","TestPaymentComponent","test_payment_component","",""
"","0","[WEB Component] Pay with invalid card should show error message. Case: expiry month is empty","tests.web.component.payment","2026-09-21","skipped","2026-09-21","TestPaymentComponent","test_payment_component","",""
"","0","[WEB] Sign up with invalid data. Case: 'birth_year' = 1","tests.web.component.auth","2026-09-21","skipped","2026-09-21","TestSignUpWeb","test_signup_component","",""
"","9656","[WEB] Sign in with valid data","tests.web.component.auth","2026-09-21","passed","2026-09-21","TestLoginWeb","test_login_component","",""
"","0","[API] Create user should return 400_BAD_REQUEST when send create user request with invalid data. Case: 'first_name' is absent","tests.api.user","2026-09-21","skipped","2026-09-21","TestCreateUserApi","test_create_user","",""
"","418","[API] Update user should return 200_OK when send update user request with valid data. Case: 'first_name' length = min + 1","tests.api.user","2026-09-21","passed","2026-09-21","TestUpdateUserApi","test_update_user","",""
"","0","[WEB Component] Pay with invalid card should show error message. Case: expiry year in the past","tests.web.component.payment","2026-09-21","skipped","2026-09-21","TestPaymentComponent","test_payment_component","",""
"","477","[WEB Component] Header has expected screenshot when authorized","tests.web.component.base","2026-09-21","passed","2026-09-21","TestHeaderComponent","test_header_component","",""
"","0","[WEB] Sign up with invalid data. Case: 'company' length = max - 1","tests.web.component.auth","2026-09-21","skipped","2026-09-21","TestSignUpWeb","test_signup_component","",""
"","142","[API] Delete user should return 404_NOT_FOUND when send delete user request and user not exists","tests.api.user","2026-09-21","passed","2026-09-21","TestDeleteUserApi","test_delete_user","",""
"","587","[WEB Component] Should navigate to cart page by click 'Cart' button","tests.web.component.base","2026-09-21","passed","2026-09-21","TestHeaderComponent","test_header_component","",""
"","0","[WEB Component] Pay with invalid card should show error message. Case: cvc all zeros","tests.web.component.payment","2026-09-21","skipped","2026-09-21","TestPaymentComponent","test_payment_component","",""
"","0","[WEB] Should not add product review with invalid data. Case: 'email' contains username hieroglyphs instead of username","tests.web.component.review","2026-09-21","skipped","2026-09-21","TestReviewComponent","test_review_component","",""
"","162","[API] Create user should return 200_OK when send create user request with valid data. Case: 'company' length = min + 1","tests.api.user","2026-09-21","passed","2026-09-21","TestCreateUserApi","test_create_user","",""
"","1409","[WEB Component] Search filter should have expected screenshot","tests.web.component.filter","2026-09-21","passed","2026-09-21","TestSearchFilter","test_search_filter","",""
"","0","[WEB] Should not add product review with invalid data. Case: 'email' contains invalid top level domain web","tests.web.component.review","2026-09-21","skipped","2026-09-21","TestReviewComponent","test_review_component","",""
"","1730","[WEB Component] Pay with valid card should show success status message. Case: valid: future year","tests.web.component.payment","2026-09-21","passed","2026-09-21","TestPaymentComponent","test_payment_component","",""
"","0","[WEB Component] Pay with invalid card should show error message. Case: expiry year is empty","tests.web.component.payment","2026-09-21","skipped","2026-09-21","TestPaymentComponent","test_payment_component","",""
"","447","[API] Update user should return 200_OK when send update user request with valid data. Case: 'city' length = min","tests.api.user","2026-09-21","passed","2026-09-21","TestUpdateUserApi","test_update_user","",""
"","539","[WEB Component] Should increase all products total price","tests.web.component.product","2026-09-21","passed","2026-09-21","TestProductItem","test_product_item","",""
"","1123","[WEB Component] Should subscribe with valid email","tests.web.component.base","2026-09-21","passed","2026-09-21","TestSubscriptionComponent","test_subscription_component","",""
"","4842","[WEB] Sign up with valid data. Case: 'state' length = max","tests.web.component.auth","2026-09-21","passed","2026-09-21","TestSignUpWeb","test_signup_component","",""
"","155","[API] Create user should return 200_OK when send create user request with valid data. Case: 'state' length = min","tests.api.user","2026-09-21","passed","2026-09-21","TestCreateUserApi","test_create_user","",""
"","149","[API] Create user should return 200_OK when send create user request with valid data. Case: 'name' length = max - 1","tests.api.user","2026-09-21","passed","2026-09-21","TestCreateUserApi","test_create_user","",""
"","0","[API] Update user should return 400_BAD_REQUEST when send update user request with invalid data. Case: 'company' is empty","tests.api.user","2026-09-21","skipped","2026-09-21","TestUpdateUserApi","test_update_user","",""
"","238","[API] Update user should return 200_OK when send update user request with valid data. Case: 'zipcode' length = max - 1","tests.api.user","2026-09-21","passed","2026-09-21","TestUpdateUserApi","test_update_user","",""
"","4019","[WEB] Sign up with valid data. Case: 'address2' length = min","tests.web.component.auth","2026-09-21","passed","2026-09-21","TestSignUpWeb","test_signup_component","",""
"","4905","[WEB] Sign up with valid data. Case: 'address2' length = min + 1","tests.web.component.auth","2026-09-21","passed","2026-09-21","TestSignUpWeb","test_signup_component","",""
"","3449","[WEB] Sign up with valid data. Case: 'birth_month' = 12","tests.web.component.auth","2026-09-21","passed","2026-09-21","TestSignUpWeb","test_signup_component","",""
"","682","[WEB] Should add product review with valid data. Case: 'email' username contains only underscore '-'","tests.web.component.review","2026-09-21","passed","2026-09-21","TestReviewComponent","test_review_component","",""
"","0","[API] Update user should return 400_BAD_REQUEST when send update user request with invalid data. Case: 'email' not contains domain","tests.api.user","2026-09-21","skipped","2026-09-21","TestUpdateUserApi","test_update_user","",""
"","251","[API] Create user should return 200_OK when send create user request with valid data. Case: 'name' length = min","tests.api.user","2026-09-21","passed","2026-09-21","TestCreateUserApi","test_create_user","",""
"","159","[API] Create user should return 200_OK when send create user request with valid data. Case: 'last_name' length = max","tests.api.user","2026-09-21","passed","2026-09-21","TestCreateUserApi","test_create_user","",""
"","401","[WEB] Should have expected screenshot when not send review","tests.web.component.review","2026-09-21","passed","2026-09-21","TestReviewComponent","test_review_component","",""
"","0","[API] Create user should return 400_BAD_REQUEST when send create user request with invalid data. Case: 'address2' length = min - 1","tests.api.user","2026-09-21","skipped","2026-09-21","TestCreateUserApi","test_create_user","",""
"","3553","[WEB] Sign up with valid data. Case: 'company' length = min","tests.web.component.auth","2026-09-21","passed","2026-09-21","TestSignUpWeb","test_signup_component","",""
"","3414","[WEB] Sign up with valid data. Case: 'city' length = max","tests.web.component.auth","2026-09-21","passed","2026-09-21","TestSignUpWeb","test_signup_component","",""
"","0","[API] Update user should return 400_BAD_REQUEST when send update user request with invalid data. Case: 'email' not contains username","tests.api.user","2026-09-21","skipped","2026-09-21","TestUpdateUserApi","test_update_user","",""
"","0","[API] Create user should return 400_BAD_REQUEST when send create user request with invalid data. Case: 'email' contains invalid top level domain web","tests.api.user","2026-09-21","skipped","2026-09-21","TestCreateUserApi","test_create_user","",""
"","0","[API] Update user should return 400_BAD_REQUEST when send update user request with invalid data. Case: 'name' is absent","tests.api.user","2026-09-21","skipped","2026-09-21","TestUpdateUserApi","test_update_user","",""
"","8844","Purchase products with sign up before checkout","tests.web.e2e","2026-09-21","passed","2026-09-21","TestPlaceOrder","test_place_order","",""
"","319","[API] Create user should return 200_OK when send create user request with valid data. Case: 'state' length = max - 1","tests.api.user","2026-09-21","passed","2026-09-21","TestCreateUserApi","test_create_user","",""
"","506","[WEB] Sign in with invalid credentials. Case: {case_title}","tests.web.component.auth","2026-09-21","passed","2026-09-21","TestLoginWeb","test_login_component","",""
"","0","[API] Update user should return 400_BAD_REQUEST when send update user request with invalid data. Case: 'birth_month' is absent","tests.api.user","2026-09-21","skipped","2026-09-21","TestUpdateUserApi","test_update_user","",""
"","0","[WEB] Should not add product review with invalid data. Case: 'name' is empty","tests.web.component.review","2026-09-21","skipped","2026-09-21","TestReviewComponent","test_review_component","",""
"","0","[API] Create user should return 400_BAD_REQUEST when send create user request with invalid data. Case: 'birth_day' is invalid positive","tests.api.user","2026-09-21","skipped","2026-09-21","TestCreateUserApi","test_create_user","",""
"","2664","[WEB Component] Animated product card overlay should have expected data","tests.web.component.product","2026-09-21","passed","2026-09-21","TestAnimatedProductCard","test_animated_product_card_component","",""
"","219","Get brands should return 200_OK when send get brands request","tests.api.brand","2026-09-21","passed","2026-09-21","TestBrandApi","test_brand","",""
"","5273","[WEB] Sign up with valid data. Case: 'zipcode' length = max - 1","tests.web.component.auth","2026-09-21","passed","2026-09-21","TestSignUpWeb","test_signup_component","",""
"","6326","[WEB Component] Category filter group should be collapsed after collapse expanded group","tests.web.component.filter","2026-09-21","passed","2026-09-21","TestCategoryFilter","test_category_filter","",""
"","208","[API] Create user should return 200_OK when send create user request with valid data. Case: 'address2' length = min + 1","tests.api.user","2026-09-21","passed","2026-09-21","TestCreateUserApi","test_create_user","",""
"","490","[WEB] Should add product review with valid data. Case: 'message' length = min + 1","tests.web.component.review","2026-09-21","passed","2026-09-21","TestReviewComponent","test_review_component","",""
"","3572","[WEB] Sign up with valid data. Case: 'company' length = min + 1","tests.web.component.auth","2026-09-21","passed","2026-09-21","TestSignUpWeb","test_signup_component","",""
"","391","[WEB Component] Billing address has expected data","tests.web.component.address","2026-09-21","passed","2026-09-21","TestAddressComponent","test_address_component","",""
"","0","[API] Create user should return 400_BAD_REQUEST when send create user request with invalid data. Case: 'birth_year' is zero","tests.api.user","2026-09-21","skipped","2026-09-21","TestCreateUserApi","test_create_user","",""
"","3315","[WEB] Sign up with valid data. Case: 'mobile_number' length = min + 1","tests.web.component.auth","2026-09-21","passed","2026-09-21","TestSignUpWeb","test_signup_component","",""
"","325","[API] Update user should return 200_OK when send update user request with valid data. Case: 'state' length = min + 1","tests.api.user","2026-09-21","passed","2026-09-21","TestUpdateUserApi","test_update_user","",""
"","0","[API] Create user should return 400_BAD_REQUEST when send create user request with invalid data. Case: 'first_name' is empty","tests.api.user","2026-09-21","skipped","2026-09-21","TestCreateUserApi","test_create_user","",""
"","1915","[WEB Component] Search filter should return all products when filter by empty query","tests.web.component.filter","2026-09-21","passed","2026-09-21","TestSearchFilter","test_search_filter","",""
"","0","[API] Update user should return 400_BAD_REQUEST when send update user request with invalid data. Case: 'mobile_number' has invalid format","tests.api.user","2026-09-21","skipped","2026-09-21","TestUpdateUserApi","test_update_user","",""
"","0","[API] Create user should return 400_BAD_REQUEST when send create user request with invalid data. Case: 'birth_day' is negative","tests.api.user","2026-09-21","skipped","2026-09-21","TestCreateUserApi","test_create_user","",""
"","394","[WEB Component] Delivery address has expected data","tests.web.component.address","2026-09-21","passed","2026-09-21","TestAddressComponent","test_address_component","",""
"","1243","[WEB Component] Products Carousel should show previous image when scroll left","tests.web.component.carousel","2026-09-21","failed","2026-09-21","TestProductCarousel","test_product_carousel","",""
"","0","[API] Update user should return 400_BAD_REQUEST when send update user request with invalid data. Case: 'city' is empty","tests.api.user","2026-09-21","skipped","2026-09-21","TestUpdateUserApi","test_update_user","",""
"","0","[API] Create user should return 400_BAD_REQUEST when send create user request with invalid data. Case: 'company' length = min - 1","tests.api.user","2026-09-21","skipped","2026-09-21","TestCreateUserApi","test_create_user","",""
"","0","[WEB Component] Pay with invalid card should show error message. Case: expiry month one digit","tests.web.component.payment","2026-09-21","skipped","2026-09-21","TestPaymentComponent","test_payment_component","",""
"","550","[WEB Component] Should navigate to main page by click on header logo","tests.web.component.base","2026-09-21","passed","2026-09-21","TestHeaderComponent","test_header_component","",""
"","0","[WEB] Should not add product review with invalid data. Case: 'name' length = max + 1","tests.web.component.review","2026-09-21","skipped","2026-09-21","TestReviewComponent","test_review_component","",""
"","0","[WEB] Sign up with invalid data. Case: 'name' length = min + 1","tests.web.component.auth","2026-09-21","skipped","2026-09-21","TestSignUpWeb","test_signup_component","",""
"","3345","[WEB] Sign up with valid data. Case: 'zipcode' length = min + 1","tests.web.component.auth","2026-09-21","passed","2026-09-21","TestSignUpWeb","test_signup_component","",""
"","715","[WEB] Should add product review with valid data. Case: 'email' domain contains '-'","tests.web.component.review","2026-09-21","passed","2026-09-21","TestReviewComponent","test_review_component","",""
"","1","[WEB Component] Pay with invalid card should show error message. Case: name length = min - 1","tests.web.component.payment","2026-09-21","skipped","2026-09-21","TestPaymentComponent","test_payment_component","",""
"","258","[API] Update user should return 200_OK when send update user request with valid data. Case: 'zipcode' length = max","tests.api.user","2026-09-21","passed","2026-09-21","TestUpdateUserApi","test_update_user","",""
"","3522","[WEB] Sign up with valid data. Case: 'zipcode' length = max","tests.web.component.auth","2026-09-21","passed","2026-09-21","TestSignUpWeb","test_signup_component","",""
"","233","[API] Create user should return 200_OK when send create user request with valid data. Case: 'last_name' length = min","tests.api.user","2026-09-21","passed","2026-09-21","TestCreateUserApi","test_create_user","",""
"","0","[WEB] Should not add product review with invalid data. Case: 'message' length = max - 1","tests.web.component.review","2026-09-21","skipped","2026-09-21","TestReviewComponent","test_review_component","",""
"","169","[API] Create user should return 200_OK when send create user request with valid data. Case: 'address2' length = max","tests.api.user","2026-09-21","passed","2026-09-21","TestCreateUserApi","test_create_user","",""
"","123","[API] Get user should return 200_OK when send get user request and user exists","tests.api.user","2026-09-21","passed","2026-09-21","TestGetUserApi","test_get_user","",""
"","135","[API] Create user should return 200_OK when send create user request with valid data. Case: 'mobile_number' length = max - 1","tests.api.user","2026-09-21","passed","2026-09-21","TestCreateUserApi","test_create_user","",""
"","0","[API] Update user should return 400_BAD_REQUEST when send update user request with invalid data. Case: 'first_name' length = min - 1","tests.api.user","2026-09-21","skipped","2026-09-21","TestUpdateUserApi","test_update_user","",""
"","0","[WEB] Sign up with invalid data. Case: 'last_name' length = min + 1","tests.web.component.auth","2026-09-21","skipped","2026-09-21","TestSignUpWeb","test_signup_component","",""
"","632","[WEB] Should add product review with valid data. Case: 'email' username contains '-'","tests.web.component.review","2026-09-21","passed","2026-09-21","TestReviewComponent","test_review_component","",""
"","3452","[WEB Component] Image Carousel should show previous image when scroll left","tests.web.component.carousel","2026-09-21","passed","2026-09-21","TestImageCarousel","test_image_carousel","",""
"","4000","[WEB] Sign up with valid data. Case: 'first_name' length = min","tests.web.component.auth","2026-09-21","passed","2026-09-21","TestSignUpWeb","test_signup_component","",""
"","139","[API] Create user should return 200_OK when send create user request with valid data. Case: 'zipcode' length = max","tests.api.user","2026-09-21","passed","2026-09-21","TestCreateUserApi","test_create_user","",""
"","315","[API] Update user should return 200_OK when send update user request with valid data. Case: 'company' length = max","tests.api.user","2026-09-21","passed","2026-09-21","TestUpdateUserApi","test_update_user","",""
"","308","[API] Update user should return 200_OK when send update user request with valid data. Case: 'birth_year' = 1","tests.api.user","2026-09-21","passed","2026-09-21","TestUpdateUserApi","test_update_user","",""
"","295","[API] Update user should return 200_OK when send update user request with valid data. Case: 'last_name' length = min","tests.api.user","2026-09-21","passed","2026-09-21","TestUpdateUserApi","test_update_user","",""
"","796","[WEB Component] Add product notification should have expected data and screenshot","tests.web.component.base","2026-09-21","passed","2026-09-21","TestNotificationComponent","test_notification_component","",""
"","158","[API] Create user should return 200_OK when send create user request with valid data. Case: 'name' length = min + 1","tests.api.user","2026-09-21","passed","2026-09-21","TestCreateUserApi","test_create_user","",""
"","0","[API] Create user should return 400_BAD_REQUEST when send create user request with invalid data. Case: 'email' contains mail server as ip and port","tests.api.user","2026-09-21","skipped","2026-09-21","TestCreateUserApi","test_create_user","",""
"","5606","Purchase products with login while checkout","tests.web.e2e","2026-09-21","passed","2026-09-21","TestPlaceOrder","test_place_order","",""
"","0","[WEB] Sign up with invalid data. Case: 'state' length = min","tests.web.component.auth","2026-09-21","skipped","2026-09-21","TestSignUpWeb","test_signup_component","",""
"","0","[WEB] Sign up with invalid data. Case: 'mobile_number' length = max - 1","tests.web.component.auth","2026-09-21","skipped","2026-09-21","TestSignUpWeb","test_signup_component","",""
"","0","[API] Create user should return 400_BAD_REQUEST when send create user request with invalid data. Case: 'name' is empty","tests.api.user","2026-09-21","skipped","2026-09-21","TestCreateUserApi","test_create_user","",""
"","0","[WEB] Sign up with invalid data. Case: 'birth_day' length = 31","tests.web.component.auth","2026-09-21","skipped","2026-09-21","TestSignUpWeb","test_signup_component","",""
"","5856","[WEB] Sign up with valid data. Case: 'last_name' length = max - 1","tests.web.component.auth","2026-09-21","passed","2026-09-21","TestSignUpWeb","test_signup_component","",""
"","1041","[WEB] Should add product review with valid data. Case: 'email' domain name length = 2","tests.web.component.review","2026-09-21","passed","2026-09-21","TestReviewComponent","test_review_component","",""
"","0","[WEB] Sign up with invalid data. Case: 'birth_year' = 10000","tests.web.component.auth","2026-09-21","skipped","2026-09-21","TestSignUpWeb","test_signup_component","",""
"","0","[WEB Component] Pay with invalid card should show error message. Case: name contains non latin characters","tests.web.component.payment","2026-09-21","skipped","2026-09-21","TestPaymentComponent","test_payment_component","",""
"","0","[API] Update user should return 400_BAD_REQUEST when send update user request with invalid data. Case: 'birth_month' is negative","tests.api.user","2026-09-21","skipped","2026-09-21","TestUpdateUserApi","test_update_user","",""
"","251","Should return user not found when user password invalid","tests.api.user","2026-09-21","passed","2026-09-21","TestVerifyLoginApi","test_verify_login","",""
"","0","[API] Update user should return 400_BAD_REQUEST when send update user request with invalid data. Case: 'name' length = max + 1","tests.api.user","2026-09-21","skipped","2026-09-21","TestUpdateUserApi","test_update_user","",""
"","0","[API] Update user should return 400_BAD_REQUEST when send update user request with invalid data. Case: 'zipcode' is absent","tests.api.user","2026-09-21","skipped","2026-09-21","TestUpdateUserApi","test_update_user","",""
"","1764","[WEB Component] Pay with valid card should show success status message. Case: valid: name max length","tests.web.component.payment","2026-09-21","passed","2026-09-21","TestPaymentComponent","test_payment_component","",""
"","282","[API] Update user should return 200_OK when send update user request with valid data. Case: 'name' length = max","tests.api.user","2026-09-21","passed","2026-09-21","TestUpdateUserApi","test_update_user","",""
"","0","[WEB] Should not add product review with invalid data. Case: 'email' contains only special symbols","tests.web.component.review","2026-09-21","skipped","2026-09-21","TestReviewComponent","test_review_component","",""
"","0","[API] Create user should return 400_BAD_REQUEST when send create user request with invalid data. Case: 'email' contains '-' after '@'","tests.api.user","2026-09-21","skipped","2026-09-21","TestCreateUserApi","test_create_user","",""
"","3433","[WEB] Sign up with valid data. Case: 'mobile_number' length = min","tests.web.component.auth","2026-09-21","passed","2026-09-21","TestSignUpWeb","test_signup_component","",""
"","0","[WEB] Sign up with invalid data. Case: 'address2' length = min + 1","tests.web.component.auth","2026-09-21","skipped","2026-09-21","TestSignUpWeb","test_signup_component","",""
"","1503","[WEB Component] Should increase product item quantity","tests.web.component.product","2026-09-21","passed","2026-09-21","TestProductItem","test_product_item","",""
"","0","[API] Create user should return 400_BAD_REQUEST when send create user request with invalid data. Case: 'birth_year' is negative","tests.api.user","2026-09-21","skipped","2026-09-21","TestCreateUserApi","test_create_user","",""
"","0","[API] Update user should return 400_BAD_REQUEST when send update user request with invalid data. Case: 'email' not contains '@' symbol","tests.api.user","2026-09-21","skipped","2026-09-21","TestUpdateUserApi","test_update_user","",""
"","2352","[WEB Component] Products Carousel should show next products when scroll right","tests.web.component.carousel","2026-09-21","passed","2026-09-21","TestProductCarousel","test_product_carousel","",""
"","437","[API] Update user should return 200_OK when send update user request with valid data. Case: 'first_name' length = max - 1","tests.api.user","2026-09-21","passed","2026-09-21","TestUpdateUserApi","test_update_user","",""
"","0","[WEB] Sign up with invalid data. Case: 'zipcode' length = min","tests.web.component.auth","2026-09-21","skipped","2026-09-21","TestSignUpWeb","test_signup_component","",""
"","452","[API] Update user should return 200_OK when send update user request with valid data. Case: 'address1' length = min","tests.api.user","2026-09-21","passed","2026-09-21","TestUpdateUserApi","test_update_user","",""
"","1741","[WEB Component] Pay with valid card should show success status message. Case: valid: expiry month max","tests.web.component.payment","2026-09-21","passed","2026-09-21","TestPaymentComponent","test_payment_component","",""
"","0","[WEB Component] Pay with invalid card should show error message. Case: expiry year too long","tests.web.component.payment","2026-09-21","skipped","2026-09-21","TestPaymentComponent","test_payment_component","",""
"","3399","[WEB] Sign up with valid data. Case: 'first_name' length = max","tests.web.component.auth","2026-09-21","passed","2026-09-21","TestSignUpWeb","test_signup_component","",""
"","0","[API] Update user should return 400_BAD_REQUEST when send update user request with invalid data. Case: 'mobile_number' length = max + 1","tests.api.user","2026-09-21","skipped","2026-09-21","TestUpdateUserApi","test_update_user","",""
"","3502","[WEB] Sign up with valid data. Case: 'name' length = min + 1","tests.web.component.auth","2026-09-21","passed","2026-09-21","TestSignUpWeb","test_signup_component","",""
"","4634","[WEB Component] Search filter should return empty products catalog","tests.web.component.filter","2026-09-21","passed","2026-09-21","TestSearchFilter","test_search_filter","",""
"","3379","[WEB] Sign up with valid data. Case: 'city' length = max - 1","tests.web.component.auth","2026-09-21","passed","2026-09-21","TestSignUpWeb","test_signup_component","",""
"","281","[API] Create user should return 200_OK when send create user request with valid data. Case: 'mobile_number' length = min + 1","tests.api.user","2026-09-21","passed","2026-09-21","TestCreateUserApi","test_create_user","",""
"","0","[API] Update user should return 400_BAD_REQUEST when send update user request with invalid data. Case: 'email' is empty","tests.api.user","2026-09-21","skipped","2026-09-21","TestUpdateUserApi","test_update_user","",""
"","0","[WEB] Sign up with invalid data. Case: 'mobile_number' length = min + 1","tests.web.component.auth","2026-09-21","skipped","2026-09-21","TestSignUpWeb","test_signup_component","",""
"","0","[WEB] Sign up with invalid data. Case: 'city' length = max","tests.web.component.auth","2026-09-21","skipped","2026-09-21","TestSignUpWeb","test_signup_component","",""
"","272","[API] Update user should return 200_OK when send update user request with valid data. Case: 'state' length = min","tests.api.user","2026-09-21","passed","2026-09-21","TestUpdateUserApi","test_update_user","",""
"","1916","[WEB Component] Pay with valid card should show success status message. Case: valid: cvc typical","tests.web.component.payment","2026-09-21","passed","2026-09-21","TestPaymentComponent","test_payment_component","",""
"","567","[WEB Component] Header has expected screenshot","tests.web.component.base","2026-09-21","passed","2026-09-21","TestHeaderComponent","test_header_component","",""
"","320","[API] Update user should return 200_OK when send update user request with valid data. Case: 'address1' length = min + 1","tests.api.user","2026-09-21","passed","2026-09-21","TestUpdateUserApi","test_update_user","",""
"","866","[WEB] Should add product review with valid data. Case: 'name' length = max - 1","tests.web.component.review","2026-09-21","passed","2026-09-21","TestReviewComponent","test_review_component","",""
"","140","[API] Create user should return 200_OK when send create user request with valid data. Case: 'city' length = min","tests.api.user","2026-09-21","passed","2026-09-21","TestCreateUserApi","test_create_user","",""
"","1625","[WEB Component] Brand filter should filters products by brand","tests.web.component.filter","2026-09-21","passed","2026-09-21","TestBrandFilter","test_brand_filter","",""
"","5365","Purchase products with login before checkout","tests.web.e2e","2026-09-21","passed","2026-09-21","TestPlaceOrder","test_place_order","",""
"","318","[API] Delete user should return 200_OK when send delete user request and user exists","tests.api.user","2026-09-21","passed","2026-09-21","TestDeleteUserApi","test_delete_user","",""
"","0","[API] Create user should return 400_BAD_REQUEST when send create user request with invalid data. Case: 'email' contains domain with one letter","tests.api.user","2026-09-21","skipped","2026-09-21","TestCreateUserApi","test_create_user","",""
"","0","[API] Create user should return 400_BAD_REQUEST when send create user request with invalid data. Case: 'email' not contains domain","tests.api.user","2026-09-21","skipped","2026-09-21","TestCreateUserApi","test_create_user","",""
"","259","[API] Update user should return 200_OK when send update user request with valid data. Case: 'mobile_number' length = min","tests.api.user","2026-09-21","passed","2026-09-21","TestUpdateUserApi","test_update_user","",""
"","1953","[WEB Component] Should add product to cart when click on add to cart button multiple times","tests.web.component.product","2026-09-21","passed","2026-09-21","TestProductCard","test_product_details_component","",""
"","296","[API] Update user should return 200_OK when send update user request with valid data. Case: 'birth_month' = 1","tests.api.user","2026-09-21","passed","2026-09-21","TestUpdateUserApi","test_update_user","",""
"","212","[API] Create user should return 200_OK when send create user request with valid data. Case: 'address2' length = min","tests.api.user","2026-09-21","passed","2026-09-21","TestCreateUserApi","test_create_user","",""
"","0","[API] Create user should return 400_BAD_REQUEST when send create user request with invalid data. Case: 'email' contains text before username","tests.api.user","2026-09-21","skipped","2026-09-21","TestCreateUserApi","test_create_user","",""
"","0","[API] Update user should return 400_BAD_REQUEST when send update user request with invalid data. Case: 'email' contains domain with one letter","tests.api.user","2026-09-21","skipped","2026-09-21","TestUpdateUserApi","test_update_user","",""
"","0","[API] Update user should return 400_BAD_REQUEST when send update user request with invalid data. Case: 'email' contains multiple '@' symbols","tests.api.user","2026-09-21","skipped","2026-09-21","TestUpdateUserApi","test_update_user","",""
"","0","[WEB] Sign up with invalid data. Case: 'address2' length = max","tests.web.component.auth","2026-09-21","skipped","2026-09-21","TestSignUpWeb","test_signup_component","",""
"","0","[API] Create user should return 400_BAD_REQUEST when send create user request with invalid data. Case: 'email' contains '.' before dog symbol","tests.api.user","2026-09-21","skipped","2026-09-21","TestCreateUserApi","test_create_user","",""
"","0","[WEB Component] Pay with invalid card should show error message. Case: card number fails luhn check","tests.web.component.payment","2026-09-21","skipped","2026-09-21","TestPaymentComponent","test_payment_component","",""
"","283","[API] Update user should return 200_OK when send update user request with valid data. Case: 'last_name' length = max - 1","tests.api.user","2026-09-21","passed","2026-09-21","TestUpdateUserApi","test_update_user","",""
"","953","[WEB Component] Should add product to cart when click on add to cart button","tests.web.component.product","2026-09-21","passed","2026-09-21","TestAnimatedProductCard","test_animated_product_card_component","",""
"","0","[API] Create user should return 400_BAD_REQUEST when send create user request with invalid data. Case: 'birth_month' is zero","tests.api.user","2026-09-21","skipped","2026-09-21","TestCreateUserApi","test_create_user","",""
"","764","[WEB Component] Should navigate to login page by click 'Signup / Login' button","tests.web.component.base","2026-09-21","passed","2026-09-21","TestHeaderComponent","test_header_component","",""
"","0","[API] Create user should return 400_BAD_REQUEST when send create user request with invalid data. Case: 'email' contains only special symbols","tests.api.user","2026-09-21","skipped","2026-09-21","TestCreateUserApi","test_create_user","",""
"","2292","[WEB Component] Products Carousel should last products when scroll left on first slide","tests.web.component.carousel","2026-09-21","passed","2026-09-21","TestProductCarousel","test_product_carousel","",""
"","3890","[WEB] Sign up with valid data. Case: 'birth_year' = 1","tests.web.component.auth","2026-09-21","passed","2026-09-21","TestSignUpWeb","test_signup_component","",""
"","472","[WEB Component] Pay with valid card should show success status message. Case: valid: common latin name","tests.web.component.payment","2026-09-21","passed","2026-09-21","TestPaymentComponent","test_payment_component","",""
"","3564","[WEB] Sign up with valid data. Case: 'first_name' length = max - 1","tests.web.component.auth","2026-09-21","passed","2026-09-21","TestSignUpWeb","test_signup_component","",""
"","0","[API] Update user should return 400_BAD_REQUEST when send update user request with invalid data. Case: 'mobile_number' is absent","tests.api.user","2026-09-21","skipped","2026-09-21","TestUpdateUserApi","test_update_user","",""
"","0","[API] Create user should return 400_BAD_REQUEST when send create user request with invalid data. Case: 'mobile_number' is absent","tests.api.user","2026-09-21","skipped","2026-09-21","TestCreateUserApi","test_create_user","",""
"","0","[WEB Component] Pay with invalid card should show error message. Case: name contains trailing spaces","tests.web.component.payment","2026-09-21","skipped","2026-09-21","TestPaymentComponent","test_payment_component","",""
"","764","[WEB] Should add product review with valid data. Case: 'name' length = max","tests.web.component.review","2026-09-21","passed","2026-09-21","TestReviewComponent","test_review_component","",""
"","337","[API] Update user should return 200_OK when send update user request with valid data. Case: 'city' length = max - 1","tests.api.user","2026-09-21","passed","2026-09-21","TestUpdateUserApi","test_update_user","",""
"","2081","[WEB Component] Category filter should have expected screenshot when fully expanded","tests.web.component.filter","2026-09-21","passed","2026-09-21","TestCategoryFilter","test_category_filter","",""
"","0","[API] Create user should return 400_BAD_REQUEST when send create user request with invalid data. Case: 'city' length = min - 1","tests.api.user","2026-09-21","skipped","2026-09-21","TestCreateUserApi","test_create_user","",""
"","0","[WEB Component] Pay with invalid card should show error message. Case: card number contains letters","tests.web.component.payment","2026-09-21","skipped","2026-09-21","TestPaymentComponent","test_payment_component","",""
"","906","[WEB Component] Should not add negative products count to cart when click on add to cart button","tests.web.component.product","2026-09-21","passed","2026-09-21","TestProductCard","test_product_details_component","",""
"","0","[API] Update user should return 400_BAD_REQUEST when send update user request with invalid data. Case: 'first_name' is empty","tests.api.user","2026-09-21","skipped","2026-09-21","TestUpdateUserApi","test_update_user","",""
"","1780","[WEB] Should add product review with valid data. Case: 'message' length = max","tests.web.component.review","2026-09-21","passed","2026-09-21","TestReviewComponent","test_review_component","",""
"","0","[API] Update user should return 400_BAD_REQUEST when send update user request with invalid data. Case: 'last_name' length = min - 1","tests.api.user","2026-09-21","skipped","2026-09-21","TestUpdateUserApi","test_update_user","",""
"","319","[API] Create user should return 200_OK when send create user request with valid data. Case: 'birth_day' length = 31","tests.api.user","2026-09-21","passed","2026-09-21","TestCreateUserApi","test_create_user","",""
"","0","[WEB] Sign up with invalid data. Case: 'last_name' length = max","tests.web.component.auth","2026-09-21","skipped","2026-09-21","TestSignUpWeb","test_signup_component","",""
"","493","[WEB Component] Should navigate to products page by click 'Products' button","tests.web.component.base","2026-09-21","passed","2026-09-21","TestHeaderComponent","test_header_component","",""
"","0","[WEB] Sign up with invalid data. Case: 'state' length = min + 1","tests.web.component.auth","2026-09-21","skipped","2026-09-21","TestSignUpWeb","test_signup_component","",""
"","0","[WEB] Should not add product review with invalid data. Case: 'email' contains '-' after '@'","tests.web.component.review","2026-09-21","skipped","2026-09-21","TestReviewComponent","test_review_component","",""
"","0","[API] Create user should return 400_BAD_REQUEST when send create user request with invalid data. Case: 'birth_month' is invalid positive","tests.api.user","2026-09-21","skipped","2026-09-21","TestCreateUserApi","test_create_user","",""
"","2353","[WEB Component] Image Carousel should show first image when scroll right on last image","tests.web.component.carousel","2026-09-21","passed","2026-09-21","TestImageCarousel","test_image_carousel","",""
"","0","[WEB] Should not add product review with invalid data. Case: 'message' length = min + 1","tests.web.component.review","2026-09-21","skipped","2026-09-21","TestReviewComponent","test_review_component","",""
"","3225","[WEB] Sign up with valid data. Case: 'state' length = min","tests.web.component.auth","2026-09-21","passed","2026-09-21","TestSignUpWeb","test_signup_component","",""
"","0","[API] Update user should return 400_BAD_REQUEST when send update user request with invalid data. Case: 'address1' length = max + 1","tests.api.user","2026-09-21","skipped","2026-09-21","TestUpdateUserApi","test_update_user","",""
"","186","[API] Get products should return 200_OK and contains expected product title","tests.api.product","2026-09-21","passed","2026-09-21","TestProductApi","test_product","",""
"","1989","[WEB Component] Search filter should filter products by query","tests.web.component.filter","2026-09-21","passed","2026-09-21","TestSearchFilter","test_search_filter","",""
"","0","[WEB Component] Pay with invalid card should show error message. Case: name contains emoji","tests.web.component.payment","2026-09-21","skipped","2026-09-21","TestPaymentComponent","test_payment_component","",""
"","3901","[WEB Component] Invoice should have expected price","tests.web.component.payment","2026-09-21","passed","2026-09-21","TestPaymentComponent","test_invoice_file","",""
"","288","[API] Update user should return 200_OK when send update user request with valid data. Case: 'birth_month' = 12","tests.api.user","2026-09-21","passed","2026-09-21","TestUpdateUserApi","test_update_user","",""
"","442","[API] Update user should return 200_OK when send update user request with valid data. Case: 'birth_day' length = 31","tests.api.user","2026-09-21","passed","2026-09-21","TestUpdateUserApi","test_update_user","",""
"","0","[WEB Component] Pay with invalid card should show error message. Case: cvc is empty","tests.web.component.payment","2026-09-21","skipped","2026-09-21","TestPaymentComponent","test_payment_component","",""
"","0","[API] Create user should return 400_BAD_REQUEST when send create user request with invalid data. Case: 'email' contains multiple '@' symbols","tests.api.user","2026-09-21","skipped","2026-09-21","TestCreateUserApi","test_create_user","",""
"","653","[WEB] Should add product review with valid data. Case: 'name' length = min","tests.web.component.review","2026-09-21","passed","2026-09-21","TestReviewComponent","test_review_component","",""
"","132","[API] Create user should return 400_BAD_REQUEST when send create user request with existing email","tests.api.user","2026-09-21","passed","2026-09-21","TestCreateUserApi","test_create_user","",""
"","145","[API] Create user should return 200_OK when send create user request with valid data. Case: 'company' length = max - 1","tests.api.user","2026-09-21","passed","2026-09-21","TestCreateUserApi","test_create_user","",""
"","0","[WEB Component] Pay with invalid card should show error message. Case: card number contains dashes","tests.web.component.payment","2026-09-21","skipped","2026-09-21","TestPaymentComponent","test_payment_component","",""
"","302","[API] Update user should return 200_OK when send update user request with valid data. Case: 'last_name' length = max","tests.api.user","2026-09-21","passed","2026-09-21","TestUpdateUserApi","test_update_user","",""
"","0","[WEB] Sign up with invalid data. Case: 'company' length = max","tests.web.component.auth","2026-09-21","skipped","2026-09-21","TestSignUpWeb","test_signup_component","",""
"","3338","[WEB] Sign up with valid data. Case: 'birth_month' = 1","tests.web.component.auth","2026-09-21","passed","2026-09-21","TestSignUpWeb","test_signup_component","",""
"","0","[API] Update user should return 400_BAD_REQUEST when send update user request with invalid data. Case: 'zipcode' length = min - 1","tests.api.user","2026-09-21","skipped","2026-09-21","TestUpdateUserApi","test_update_user","",""
"","3266","[WEB] Sign up with valid data. Case: 'address1' length = min + 1","tests.web.component.auth","2026-09-21","passed","2026-09-21","TestSignUpWeb","test_signup_component","",""
"","3324","[WEB] Sign up with valid data. Case: 'birth_day' length = 31","tests.web.component.auth","2026-09-21","passed","2026-09-21","TestSignUpWeb","test_signup_component","",""
"","0","[API] Create user should return 400_BAD_REQUEST when send create user request with invalid data. Case: 'name' length = max + 1","tests.api.user","2026-09-21","skipped","2026-09-21","TestCreateUserApi","test_create_user","",""
"","0","[API] Update user should return 400_BAD_REQUEST when send update user request with invalid data. Case: 'name' length = min - 1","tests.api.user","2026-09-21","skipped","2026-09-21","TestUpdateUserApi","test_update_user","",""
"","2941","[WEB Component] Pay with valid card should show success status message. Case: valid: 16 digits number","tests.web.component.payment","2026-09-21","passed","2026-09-21","TestPaymentComponent","test_payment_component","",""
"","0","[WEB] Sign up with invalid data. Case: 'mobile_number' length = max","tests.web.component.auth","2026-09-21","skipped","2026-09-21","TestSignUpWeb","test_signup_component","",""
"","294","[API] Update user should return 200_OK when send update user request with valid data. Case: 'last_name' length = min + 1","tests.api.user","2026-09-21","passed","2026-09-21","TestUpdateUserApi","test_update_user","",""
"","5693","[WEB Component] Category filter should have expected screenshot when group expanded","tests.web.component.filter","2026-09-21","passed","2026-09-21","TestCategoryFilter","test_category_filter","",""
"","554","[WEB] Should add product review with valid data. Case: 'email' username contains '.'","tests.web.component.review","2026-09-21","passed","2026-09-21","TestReviewComponent","test_review_component","",""
"","0","[WEB] Should not add product review with invalid data. Case: 'email' contains '.' before dog symbol","tests.web.component.review","2026-09-21","skipped","2026-09-21","TestReviewComponent","test_review_component","",""
"","0","[WEB] Sign up with invalid data. Case: 'company' length = min + 1","tests.web.component.auth","2026-09-21","skipped","2026-09-21","TestSignUpWeb","test_signup_component","",""
"","0","[API] Create user should return 400_BAD_REQUEST when send create user request with invalid data. Case: 'birth_day' is zero","tests.api.user","2026-09-21","skipped","2026-09-21","TestCreateUserApi","test_create_user","",""
"","264","[API] Update user should return 200_OK when send update user request with valid data. Case: 'state' length = max","tests.api.user","2026-09-21","passed","2026-09-21","TestUpdateUserApi","test_update_user","",""
"","3416","[WEB] Sign up with valid data. Case: 'company' length = max - 1","tests.web.component.auth","2026-09-21","passed","2026-09-21","TestSignUpWeb","test_signup_component","",""
"","0","[API] Create user should return 400_BAD_REQUEST when send create user request with invalid data. Case: 'mobile_number' length = min - 1","tests.api.user","2026-09-21","skipped","2026-09-21","TestCreateUserApi","test_create_user","",""
"","380","[API] Update user should return 200_OK when send update user request with valid data. Case: 'first_name' length = max","tests.api.user","2026-09-21","passed","2026-09-21","TestUpdateUserApi","test_update_user","",""
"","0","[WEB] Sign up with invalid data. Case: 'address2' length = min","tests.web.component.auth","2026-09-21","skipped","2026-09-21","TestSignUpWeb","test_signup_component","",""
"","131","[API] Create user should return 200_OK when send create user request with valid data. Case: 'first_name' length = min","tests.api.user","2026-09-21","passed","2026-09-21","TestCreateUserApi","test_create_user","",""
"","0","[API] Create user should return 400_BAD_REQUEST when send create user request with invalid data. Case: 'address1' length = max + 1","tests.api.user","2026-09-21","skipped","2026-09-21","TestCreateUserApi","test_create_user","",""
"","0","[API] Create user should return 400_BAD_REQUEST when send create user request with invalid data. Case: 'birth_month' is negative","tests.api.user","2026-09-21","skipped","2026-09-21","TestCreateUserApi","test_create_user","",""
"","0","[API] Update user should return 400_BAD_REQUEST when send update user request with invalid data. Case: 'email' contains text after domain","tests.api.user","2026-09-21","skipped","2026-09-21","TestUpdateUserApi","test_update_user","",""
"","792","[WEB Component] Should open product page when click on view product button","tests.web.component.product","2026-09-21","passed","2026-09-21","TestAnimatedProductCard","test_animated_product_card_component","",""
"","0","[API] Update user should return 400_BAD_REQUEST when send update user request with invalid data. Case: 'first_name' length = max + 1","tests.api.user","2026-09-21","skipped","2026-09-21","TestUpdateUserApi","test_update_user","",""
"","740","[WEB] Should add product review with valid data. Case: 'email' has not exists email service","tests.web.component.review","2026-09-21","passed","2026-09-21","TestReviewComponent","test_review_component","",""
"","285","[API] Update user should return 200_OK when send update user request with valid data. Case: 'mobile_number' length = max - 1","tests.api.user","2026-09-21","passed","2026-09-21","TestUpdateUserApi","test_update_user","",""
"","138","[API] Get user should return 404_NOT_FOUND when send get user request and user not exists","tests.api.user","2026-09-21","passed","2026-09-21","TestGetUserApi","test_get_user","",""
"","436","[API] Update user should return 200_OK when send update user request with valid data. Case: 'company' length = max - 1","tests.api.user","2026-09-21","passed","2026-09-21","TestUpdateUserApi","test_update_user","",""
"","0","[WEB Component] Pay with invalid card should show error message. Case: cvc only spaces","tests.web.component.payment","2026-09-21","skipped","2026-09-21","TestPaymentComponent","test_payment_component","",""
"","243","[API] Create user should return 200_OK when send create user request with valid data. Case: 'city' length = max","tests.api.user","2026-09-21","passed","2026-09-21","TestCreateUserApi","test_create_user","",""
"","164","[API] Create user should return 200_OK when send create user request with valid data. Case: 'zipcode' length = min","tests.api.user","2026-09-21","passed","2026-09-21","TestCreateUserApi","test_create_user","",""
"","0","[API] Create user should return 400_BAD_REQUEST when send create user request with invalid data. Case: 'city' length = max + 1","tests.api.user","2026-09-21","skipped","2026-09-21","TestCreateUserApi","test_create_user","",""
