"DESCRIPTION","DURATION IN MS","NAME","PARENT SUITE","START TIME","STATUS","STOP TIME","SUB SUITE","SUITE","TEST CLASS","TEST METHOD"
"","0","[WEB] Should not add product review with invalid data. Case: 'message' length = min + 1","tests.web.component.review","Mon May 18 08:51:52 UTC 2026","skipped","Mon May 18 08:51:52 UTC 2026","TestReviewComponent","test_review_component","",""
"","0","[API] Update user should return 400_BAD_REQUEST when send update user request with invalid data. Case: 'address1' length = max + 1","tests.api.user","Mon May 18 08:33:46 UTC 2026","skipped","Mon May 18 08:33:46 UTC 2026","TestUpdateUserApi","test_update_user","",""
"","0","[WEB] Should not add product review with invalid data. Case: 'email' not contains username","tests.web.component.review","Mon May 18 08:51:52 UTC 2026","skipped","Mon May 18 08:51:52 UTC 2026","TestReviewComponent","test_review_component","",""
"","0","[WEB Component] Pay with invalid card should show error message. Case: card number fails luhn check","tests.web.component.payment","Mon May 18 08:44:07 UTC 2026","skipped","Mon May 18 08:44:07 UTC 2026","TestPaymentComponent","test_payment_component","",""
"","1205","[WEB Component] Products Carousel should first products when scroll right on last image","tests.web.component.carousel","Mon May 18 08:56:41 UTC 2026","passed","Mon May 18 08:56:42 UTC 2026","TestProductCarousel","test_product_carousel","",""
"","0","[API] Create user should return 400_BAD_REQUEST when send create user request with invalid data. Case: 'address2' is empty","tests.api.user","Mon May 18 08:33:16 UTC 2026","skipped","Mon May 18 08:33:16 UTC 2026","TestCreateUserApi","test_create_user","",""
"","158","[API] Create user should return 200_OK when send create user request with valid data. Case: 'zipcode' length = min","tests.api.user","Mon May 18 08:33:35 UTC 2026","passed","Mon May 18 08:33:35 UTC 2026","TestCreateUserApi","test_create_user","",""
"","0","[WEB Component] Pay with invalid card should show error message. Case: cvc only spaces","tests.web.component.payment","Mon May 18 08:44:07 UTC 2026","skipped","Mon May 18 08:44:07 UTC 2026","TestPaymentComponent","test_payment_component","",""
"","998","[WEB Component] Should have expected success status message after sending contact info","tests.web.component.base","Mon May 18 08:37:57 UTC 2026","passed","Mon May 18 08:37:58 UTC 2026","TestSubscriptionComponent","test_subscription_component","",""
"","3158","[WEB] Sign up with valid data. Case: 'birth_month' = 1","tests.web.component.auth","Mon May 18 08:41:23 UTC 2026","passed","Mon May 18 08:41:26 UTC 2026","TestSignUpWeb","test_signup_component","",""
"","0","[API] Update user should return 400_BAD_REQUEST when send update user request with invalid data. Case: 'email' contains only special symbols","tests.api.user","Mon May 18 08:33:46 UTC 2026","skipped","Mon May 18 08:33:46 UTC 2026","TestUpdateUserApi","test_update_user","",""
"","3635","[WEB] Sign up with valid data. Case: 'zipcode' length = max","tests.web.component.auth","Mon May 18 08:34:14 UTC 2026","passed","Mon May 18 08:34:17 UTC 2026","TestSignUpWeb","test_signup_component","",""
"","2918","[WEB Component] Products Carousel should last products when scroll left on first slide","tests.web.component.carousel","Mon May 18 08:56:25 UTC 2026","passed","Mon May 18 08:56:27 UTC 2026","TestProductCarousel","test_product_carousel","",""
"","0","[WEB Component] Pay with invalid card should show error message. Case: expiry year in the past","tests.web.component.payment","Mon May 18 08:44:07 UTC 2026","skipped","Mon May 18 08:44:07 UTC 2026","TestPaymentComponent","test_payment_component","",""
"","0","[API] Update user should return 400_BAD_REQUEST when send update user request with invalid data. Case: 'address1' is empty","tests.api.user","Mon May 18 08:33:46 UTC 2026","skipped","Mon May 18 08:33:46 UTC 2026","TestUpdateUserApi","test_update_user","",""
"","0","[API] Update user should return 400_BAD_REQUEST when send update user request with invalid data. Case: 'zipcode' is absent","tests.api.user","Mon May 18 08:33:46 UTC 2026","skipped","Mon May 18 08:33:46 UTC 2026","TestUpdateUserApi","test_update_user","",""
"","0","[API] Update user should return 400_BAD_REQUEST when send update user request with invalid data. Case: 'address2' length = min - 1","tests.api.user","Mon May 18 08:33:46 UTC 2026","skipped","Mon May 18 08:33:46 UTC 2026","TestUpdateUserApi","test_update_user","",""
"","0","[API] Create user should return 400_BAD_REQUEST when send create user request with invalid data. Case: 'address1' is empty","tests.api.user","Mon May 18 08:33:16 UTC 2026","skipped","Mon May 18 08:33:16 UTC 2026","TestCreateUserApi","test_create_user","",""
"","4361","[WEB] Sign up with valid data. Case: 'first_name' length = min","tests.web.component.auth","Mon May 18 08:36:10 UTC 2026","passed","Mon May 18 08:36:14 UTC 2026","TestSignUpWeb","test_signup_component","",""
"","675","[WEB Component] Should decrease all products total price","tests.web.component.product","Mon May 18 08:48:30 UTC 2026","passed","Mon May 18 08:48:31 UTC 2026","TestProductItem","test_product_item","",""
"","0","[WEB] Should not add product review with invalid data. Case: 'email' is word","tests.web.component.review","Mon May 18 08:51:52 UTC 2026","skipped","Mon May 18 08:51:52 UTC 2026","TestReviewComponent","test_review_component","",""
"","0","[API] Update user should return 400_BAD_REQUEST when send update user request with invalid data. Case: 'name' length = min - 1","tests.api.user","Mon May 18 08:33:46 UTC 2026","skipped","Mon May 18 08:33:46 UTC 2026","TestUpdateUserApi","test_update_user","",""
"","0","[API] Create user should return 400_BAD_REQUEST when send create user request with invalid data. Case: 'state' is absent","tests.api.user","Mon May 18 08:33:16 UTC 2026","skipped","Mon May 18 08:33:16 UTC 2026","TestCreateUserApi","test_create_user","",""
"","0","[API] Create user should return 400_BAD_REQUEST when send create user request with invalid data. Case: 'email' is word","tests.api.user","Mon May 18 08:33:16 UTC 2026","skipped","Mon May 18 08:33:16 UTC 2026","TestCreateUserApi","test_create_user","",""
"","0","[API] Create user should return 400_BAD_REQUEST when send create user request with invalid data. Case: 'birth_year' is zero","tests.api.user","Mon May 18 08:33:16 UTC 2026","skipped","Mon May 18 08:33:16 UTC 2026","TestCreateUserApi","test_create_user","",""
"","1194","[WEB Component] Products Carousel should show previous image when scroll left","tests.web.component.carousel","Mon May 18 08:55:45 UTC 2026","passed","Mon May 18 08:55:46 UTC 2026","TestProductCarousel","test_product_carousel","",""
"","0","[WEB] Should not add product review with invalid data. Case: 'email' contains '.' before dog symbol","tests.web.component.review","Mon May 18 08:51:52 UTC 2026","skipped","Mon May 18 08:51:52 UTC 2026","TestReviewComponent","test_review_component","",""
"","430","[API] Update user should return 200_OK when send update user request with valid data. Case: 'state' length = max","tests.api.user","Mon May 18 08:33:42 UTC 2026","passed","Mon May 18 08:33:43 UTC 2026","TestUpdateUserApi","test_update_user","",""
"","3208","[WEB] Sign up with valid data. Case: 'name' length = min","tests.web.component.auth","Mon May 18 08:34:41 UTC 2026","passed","Mon May 18 08:34:44 UTC 2026","TestSignUpWeb","test_signup_component","",""
"","647","[WEB] Should add product review with valid data. Case: 'email' domain length = 2","tests.web.component.review","Mon May 18 08:52:22 UTC 2026","passed","Mon May 18 08:52:22 UTC 2026","TestReviewComponent","test_review_component","",""
"","0","[API] Create user should return 400_BAD_REQUEST when send create user request with invalid data. Case: 'mobile_number' length = min - 1","tests.api.user","Mon May 18 08:33:16 UTC 2026","skipped","Mon May 18 08:33:16 UTC 2026","TestCreateUserApi","test_create_user","",""
"","451","[WEB] Sign in with invalid credentials. Case: {case_title}","tests.web.component.auth","Mon May 18 08:34:22 UTC 2026","passed","Mon May 18 08:34:22 UTC 2026","TestLoginWeb","test_login_component","",""
"","0","[API] Create user should return 400_BAD_REQUEST when send create user request with invalid data. Case: 'mobile_number' has invalid format","tests.api.user","Mon May 18 08:33:16 UTC 2026","skipped","Mon May 18 08:33:16 UTC 2026","TestCreateUserApi","test_create_user","",""
"","3571","[WEB] Sign up with valid data. Case: 'state' length = max","tests.web.component.auth","Mon May 18 08:45:29 UTC 2026","passed","Mon May 18 08:45:33 UTC 2026","TestSignUpWeb","test_signup_component","",""
"","0","[API] Create user should return 400_BAD_REQUEST when send create user request with invalid data. Case: 'email' contains mail server as ip and port","tests.api.user","Mon May 18 08:33:16 UTC 2026","skipped","Mon May 18 08:33:16 UTC 2026","TestCreateUserApi","test_create_user","",""
"","696","[WEB] Should add product review with valid data. Case: 'name' length = max","tests.web.component.review","Mon May 18 08:49:52 UTC 2026","passed","Mon May 18 08:49:53 UTC 2026","TestReviewComponent","test_review_component","",""
"","941","[WEB Component] Should navigate to login page by click 'Signup / Login' button","tests.web.component.base","Mon May 18 08:35:52 UTC 2026","passed","Mon May 18 08:35:53 UTC 2026","TestHeaderComponent","test_header_component","",""
"","0","[WEB Component] Pay with invalid card should show error message. Case: expiry month only spaces","tests.web.component.payment","Mon May 18 08:44:07 UTC 2026","skipped","Mon May 18 08:44:07 UTC 2026","TestPaymentComponent","test_payment_component","",""
"","142","[API] Create user should return 200_OK when send create user request with valid data. Case: 'mobile_number' length = min","tests.api.user","Mon May 18 08:33:23 UTC 2026","passed","Mon May 18 08:33:23 UTC 2026","TestCreateUserApi","test_create_user","",""
"","0","[WEB] Sign up with invalid data. Case: 'first_name' length = max - 1","tests.web.component.auth","Mon May 18 08:34:18 UTC 2026","skipped","Mon May 18 08:34:18 UTC 2026","TestSignUpWeb","test_signup_component","",""
"","5240","[WEB Component] Place order without authorization notification proceed to checkout button should navigate to login page","tests.web.component.base","Mon May 18 08:37:33 UTC 2026","passed","Mon May 18 08:37:38 UTC 2026","TestNotificationComponent","test_notification_component","",""
"","0","[API] Update user should return 400_BAD_REQUEST when send update user request with invalid data. Case: 'email' contains text before username","tests.api.user","Mon May 18 08:33:46 UTC 2026","skipped","Mon May 18 08:33:46 UTC 2026","TestUpdateUserApi","test_update_user","",""
"","177","[API] Create user should return 200_OK when send create user request with valid data. Case: 'city' length = min","tests.api.user","Mon May 18 08:33:30 UTC 2026","passed","Mon May 18 08:33:30 UTC 2026","TestCreateUserApi","test_create_user","",""
"","698","[API] Get csrf should return 200_OK when send get csrf request and contains csrf cookie","tests.api.auth","Mon May 18 08:33:16 UTC 2026","passed","Mon May 18 08:33:17 UTC 2026","TestAuthApi","test_auth","",""
"","0","[WEB] Sign up with invalid data. Case: 'address2' length = max","tests.web.component.auth","Mon May 18 08:34:18 UTC 2026","skipped","Mon May 18 08:34:18 UTC 2026","TestSignUpWeb","test_signup_component","",""
"","4997","[WEB] Sign up with valid data. Case: 'address2' length = min","tests.web.component.auth","Mon May 18 08:48:46 UTC 2026","passed","Mon May 18 08:48:51 UTC 2026","TestSignUpWeb","test_signup_component","",""
"","0","[WEB Component] Pay with invalid card should show error message. Case: expiry year is empty","tests.web.component.payment","Mon May 18 08:44:07 UTC 2026","skipped","Mon May 18 08:44:07 UTC 2026","TestPaymentComponent","test_payment_component","",""
"","1611","[WEB Component] Category filter should have expected screenshot when fully expanded","tests.web.component.filter","Mon May 18 08:38:47 UTC 2026","passed","Mon May 18 08:38:49 UTC 2026","TestCategoryFilter","test_category_filter","",""
"","907","[WEB] Should add product review with valid data. Case: 'name' length = min + 1","tests.web.component.review","Mon May 18 08:49:12 UTC 2026","passed","Mon May 18 08:49:13 UTC 2026","TestReviewComponent","test_review_component","",""
"","3111","[WEB] Sign up with valid data. Case: 'company' length = min","tests.web.component.auth","Mon May 18 08:42:51 UTC 2026","passed","Mon May 18 08:42:54 UTC 2026","TestSignUpWeb","test_signup_component","",""
"","0","[API] Create user should return 400_BAD_REQUEST when send create user request with invalid data. Case: 'company' length = min - 1","tests.api.user","Mon May 18 08:33:16 UTC 2026","skipped","Mon May 18 08:33:16 UTC 2026","TestCreateUserApi","test_create_user","",""
"","0","[API] Update user should return 400_BAD_REQUEST when send update user request with invalid data. Case: 'city' is empty","tests.api.user","Mon May 18 08:33:46 UTC 2026","skipped","Mon May 18 08:33:46 UTC 2026","TestUpdateUserApi","test_update_user","",""
"","1658","[WEB Component] Pay with valid card should show success status message. Case: valid name contains multiple spaces","tests.web.component.payment","Mon May 18 08:41:58 UTC 2026","passed","Mon May 18 08:42:00 UTC 2026","TestPaymentComponent","test_payment_component","",""
"","0","[API] Create user should return 400_BAD_REQUEST when send create user request with invalid data. Case: 'zipcode' length = max + 1","tests.api.user","Mon May 18 08:33:16 UTC 2026","skipped","Mon May 18 08:33:16 UTC 2026","TestCreateUserApi","test_create_user","",""
"","4304","[WEB] Sign up with valid data. Case: 'address1' length = max - 1","tests.web.component.auth","Mon May 18 08:48:04 UTC 2026","passed","Mon May 18 08:48:09 UTC 2026","TestSignUpWeb","test_signup_component","",""
"","301","[API] Update user should return 200_OK when send update user request with valid data. Case: 'last_name' length = max - 1","tests.api.user","Mon May 18 08:33:27 UTC 2026","passed","Mon May 18 08:33:27 UTC 2026","TestUpdateUserApi","test_update_user","",""
"","0","[WEB] Should not add product review with invalid data. Case: 'email' contains multiple '@' symbols","tests.web.component.review","Mon May 18 08:51:52 UTC 2026","skipped","Mon May 18 08:51:52 UTC 2026","TestReviewComponent","test_review_component","",""
"","0","[WEB] Sign up with invalid data. Case: 'name' length = min","tests.web.component.auth","Mon May 18 08:34:18 UTC 2026","skipped","Mon May 18 08:34:18 UTC 2026","TestSignUpWeb","test_signup_component","",""
"","4706","[WEB Component] Should increase all products total price","tests.web.component.product","Mon May 18 08:48:14 UTC 2026","failed","Mon May 18 08:48:18 UTC 2026","TestProductItem","test_product_item","",""
"","1277","[WEB Component] Should add product to cart when click on add to cart button multiple times","tests.web.component.product","Mon May 18 08:45:45 UTC 2026","passed","Mon May 18 08:45:47 UTC 2026","TestProductCard","test_product_details_component","",""
"","244","[API] Update user should return 200_OK when send update user request with valid data. Case: 'name' length = max","tests.api.user","Mon May 18 08:33:22 UTC 2026","passed","Mon May 18 08:33:22 UTC 2026","TestUpdateUserApi","test_update_user","",""
"","614","[API] Update user should return 200_OK when send update user request with valid data. Case: 'company' length = max - 1","tests.api.user","Mon May 18 08:33:38 UTC 2026","passed","Mon May 18 08:33:38 UTC 2026","TestUpdateUserApi","test_update_user","",""
"","3410","[WEB] Sign up with valid data. Case: 'address2' length = max - 1","tests.web.component.auth","Mon May 18 08:49:35 UTC 2026","passed","Mon May 18 08:49:39 UTC 2026","TestSignUpWeb","test_signup_component","",""
"","0","[API] Update user should return 400_BAD_REQUEST when send update user request with invalid data. Case: 'first_name' length = min - 1","tests.api.user","Mon May 18 08:33:46 UTC 2026","skipped","Mon May 18 08:33:46 UTC 2026","TestUpdateUserApi","test_update_user","",""
"","0","[WEB] Sign up with invalid data. Case: 'last_name' length = max - 1","tests.web.component.auth","Mon May 18 08:34:18 UTC 2026","skipped","Mon May 18 08:34:18 UTC 2026","TestSignUpWeb","test_signup_component","",""
"","0","[API] Create user should return 400_BAD_REQUEST when send create user request with invalid data. Case: 'first_name' is empty","tests.api.user","Mon May 18 08:33:16 UTC 2026","skipped","Mon May 18 08:33:16 UTC 2026","TestCreateUserApi","test_create_user","",""
"","303","[API] Update user should return 200_OK when send update user request with valid data. Case: 'last_name' length = min","tests.api.user","Mon May 18 08:33:26 UTC 2026","passed","Mon May 18 08:33:26 UTC 2026","TestUpdateUserApi","test_update_user","",""
"","1276","[WEB Component] Brand filter should filters products by brand","tests.web.component.filter","Mon May 18 08:38:27 UTC 2026","passed","Mon May 18 08:38:28 UTC 2026","TestBrandFilter","test_brand_filter","",""
"","0","[WEB] Sign up with invalid data. Case: 'state' length = min","tests.web.component.auth","Mon May 18 08:34:18 UTC 2026","skipped","Mon May 18 08:34:18 UTC 2026","TestSignUpWeb","test_signup_component","",""
"","1311","[WEB Component] Product card should have expected data","tests.web.component.product","Mon May 18 08:58:39 UTC 2026","skipped","Mon May 18 08:58:41 UTC 2026","TestProductCard","test_product_card_component","",""
"","0","[WEB] Should not add product review with invalid data. Case: 'name' length = max + 1","tests.web.component.review","Mon May 18 08:51:52 UTC 2026","skipped","Mon May 18 08:51:52 UTC 2026","TestReviewComponent","test_review_component","",""
"","3155","[WEB] Sign up with valid data. Case: 'birth_year' = 1","tests.web.component.auth","Mon May 18 08:42:07 UTC 2026","passed","Mon May 18 08:42:10 UTC 2026","TestSignUpWeb","test_signup_component","",""
"","0","[API] Create user should return 400_BAD_REQUEST when send create user request with invalid data. Case: 'last_name' length = min - 1","tests.api.user","Mon May 18 08:33:16 UTC 2026","skipped","Mon May 18 08:33:16 UTC 2026","TestCreateUserApi","test_create_user","",""
"","160","[API] Create user should return 200_OK when send create user request with valid data. Case: 'birth_month' = 12","tests.api.user","Mon May 18 08:33:26 UTC 2026","passed","Mon May 18 08:33:26 UTC 2026","TestCreateUserApi","test_create_user","",""
"","0","[API] Update user should return 400_BAD_REQUEST when send update user request with invalid data. Case: 'company' is empty","tests.api.user","Mon May 18 08:33:46 UTC 2026","skipped","Mon May 18 08:33:46 UTC 2026","TestUpdateUserApi","test_update_user","",""
"","0","[API] Update user should return 400_BAD_REQUEST when send update user request with invalid data. Case: 'birth_month' is invalid positive","tests.api.user","Mon May 18 08:33:46 UTC 2026","skipped","Mon May 18 08:33:46 UTC 2026","TestUpdateUserApi","test_update_user","",""
"","359","[API] Update user should return 200_OK when send update user request with valid data. Case: 'city' length = min","tests.api.user","Mon May 18 08:33:43 UTC 2026","passed","Mon May 18 08:33:44 UTC 2026","TestUpdateUserApi","test_update_user","",""
"","0","[WEB] Sign up with invalid data. Case: 'company' length = min + 1","tests.web.component.auth","Mon May 18 08:34:18 UTC 2026","skipped","Mon May 18 08:34:18 UTC 2026","TestSignUpWeb","test_signup_component","",""
"","0","[WEB Component] Pay with invalid card should show error message. Case: card number is empty","tests.web.component.payment","Mon May 18 08:44:07 UTC 2026","skipped","Mon May 18 08:44:07 UTC 2026","TestPaymentComponent","test_payment_component","",""
"","0","[WEB] Should not add product review with invalid data. Case: 'message' length = max","tests.web.component.review","Mon May 18 08:51:52 UTC 2026","skipped","Mon May 18 08:51:52 UTC 2026","TestReviewComponent","test_review_component","",""
"","0","[API] Create user should return 400_BAD_REQUEST when send create user request with invalid data. Case: 'email' contains multiple '@' symbols","tests.api.user","Mon May 18 08:33:16 UTC 2026","skipped","Mon May 18 08:33:16 UTC 2026","TestCreateUserApi","test_create_user","",""
"","0","[API] Update user should return 400_BAD_REQUEST when send update user request with invalid data. Case: 'email' contains mail server as ip and port","tests.api.user","Mon May 18 08:33:46 UTC 2026","skipped","Mon May 18 08:33:46 UTC 2026","TestUpdateUserApi","test_update_user","",""
"","0","[API] Create user should return 400_BAD_REQUEST when send create user request with invalid data. Case: 'city' is absent","tests.api.user","Mon May 18 08:33:16 UTC 2026","skipped","Mon May 18 08:33:16 UTC 2026","TestCreateUserApi","test_create_user","",""
"","3243","[WEB] Sign up with valid data. Case: 'company' length = max - 1","tests.web.component.auth","Mon May 18 08:43:34 UTC 2026","passed","Mon May 18 08:43:37 UTC 2026","TestSignUpWeb","test_signup_component","",""
"","0","[API] Update user should return 400_BAD_REQUEST when send update user request with invalid data. Case: 'address1' length = min - 1","tests.api.user","Mon May 18 08:33:46 UTC 2026","skipped","Mon May 18 08:33:46 UTC 2026","TestUpdateUserApi","test_update_user","",""
"","162","[API] Create user should return 200_OK when send create user request with valid data. Case: 'zipcode' length = max - 1","tests.api.user","Mon May 18 08:33:35 UTC 2026","passed","Mon May 18 08:33:35 UTC 2026","TestCreateUserApi","test_create_user","",""
"","0","[WEB Component] Pay with invalid card should show error message. Case: card number too long","tests.web.component.payment","Mon May 18 08:44:07 UTC 2026","skipped","Mon May 18 08:44:07 UTC 2026","TestPaymentComponent","test_payment_component","",""
"","0","[WEB Component] Pay with invalid card should show error message. Case: cvc is empty","tests.web.component.payment","Mon May 18 08:44:07 UTC 2026","skipped","Mon May 18 08:44:07 UTC 2026","TestPaymentComponent","test_payment_component","",""
"","0","[WEB] Sign up with invalid data. Case: 'city' length = max - 1","tests.web.component.auth","Mon May 18 08:34:18 UTC 2026","skipped","Mon May 18 08:34:18 UTC 2026","TestSignUpWeb","test_signup_component","",""
"","0","[WEB] Sign up with invalid data. Case: 'birth_month' = 1","tests.web.component.auth","Mon May 18 08:34:18 UTC 2026","skipped","Mon May 18 08:34:18 UTC 2026","TestSignUpWeb","test_signup_component","",""
"","0","[WEB Component] Pay with invalid card should show error message. Case: name only spaces","tests.web.component.payment","Mon May 18 08:44:07 UTC 2026","skipped","Mon May 18 08:44:07 UTC 2026","TestPaymentComponent","test_payment_component","",""
"","440","[WEB Component] Header has expected screenshot when authorized","tests.web.component.base","Mon May 18 08:55:05 UTC 2026","passed","Mon May 18 08:55:05 UTC 2026","TestHeaderComponent","test_header_component","",""
"","0","[API] Update user should return 400_BAD_REQUEST when send update user request with invalid data. Case: 'name' length = max + 1","tests.api.user","Mon May 18 08:33:46 UTC 2026","skipped","Mon May 18 08:33:46 UTC 2026","TestUpdateUserApi","test_update_user","",""
"","293","[API] Update user should return 200_OK when send update user request with valid data. Case: 'city' length = max","tests.api.user","Mon May 18 08:33:46 UTC 2026","passed","Mon May 18 08:33:46 UTC 2026","TestUpdateUserApi","test_update_user","",""
"","4251","[WEB] Sign up with valid data. Case: 'address2' length = min + 1","tests.web.component.auth","Mon May 18 08:49:12 UTC 2026","passed","Mon May 18 08:49:16 UTC 2026","TestSignUpWeb","test_signup_component","",""
"","0","[API] Create user should return 400_BAD_REQUEST when send create user request with invalid data. Case: 'last_name' is absent","tests.api.user","Mon May 18 08:33:16 UTC 2026","skipped","Mon May 18 08:33:16 UTC 2026","TestCreateUserApi","test_create_user","",""
"","330","[API] Update user should return 200_OK when send update user request with valid data. Case: 'address2' length = min","tests.api.user","Mon May 18 08:33:40 UTC 2026","passed","Mon May 18 08:33:40 UTC 2026","TestUpdateUserApi","test_update_user","",""
"","339","[WEB Component] Product item should navigate to product page when click on item title","tests.web.component.product","Mon May 18 08:46:46 UTC 2026","passed","Mon May 18 08:46:46 UTC 2026","TestProductItem","test_product_item","",""
"","0","[WEB] Sign up with invalid data. Case: 'birth_year' = 1","tests.web.component.auth","Mon May 18 08:34:18 UTC 2026","skipped","Mon May 18 08:34:18 UTC 2026","TestSignUpWeb","test_signup_component","",""
"","0","[WEB] Sign up with invalid data. Case: 'name' length = max - 1","tests.web.component.auth","Mon May 18 08:34:18 UTC 2026","skipped","Mon May 18 08:34:18 UTC 2026","TestSignUpWeb","test_signup_component","",""
"","172","[API] Get products should return 200_OK and contains expected product title","tests.api.product","Mon May 18 08:33:18 UTC 2026","passed","Mon May 18 08:33:18 UTC 2026","TestProductApi","test_product","",""
"","167","[API] Create user should return 200_OK when send create user request with valid data. Case: 'state' length = min + 1","tests.api.user","Mon May 18 08:33:29 UTC 2026","passed","Mon May 18 08:33:29 UTC 2026","TestCreateUserApi","test_create_user","",""
"","0","[WEB] Should not add product review with invalid data. Case: 'email' not contains domain","tests.web.component.review","Mon May 18 08:51:52 UTC 2026","skipped","Mon May 18 08:51:52 UTC 2026","TestReviewComponent","test_review_component","",""
"","0","[API] Create user should return 400_BAD_REQUEST when send create user request with invalid data. Case: 'city' is empty","tests.api.user","Mon May 18 08:33:16 UTC 2026","skipped","Mon May 18 08:33:16 UTC 2026","TestCreateUserApi","test_create_user","",""
"","3258","[WEB] Sign up with valid data. Case: 'name' length = min + 1","tests.web.component.auth","Mon May 18 08:35:03 UTC 2026","passed","Mon May 18 08:35:06 UTC 2026","TestSignUpWeb","test_signup_component","",""
"","0","[API] Update user should return 400_BAD_REQUEST when send update user request with invalid data. Case: 'last_name' length = min - 1","tests.api.user","Mon May 18 08:33:46 UTC 2026","skipped","Mon May 18 08:33:46 UTC 2026","TestUpdateUserApi","test_update_user","",""
"","3192","[WEB] Sign up with valid data. Case: 'first_name' length = max","tests.web.component.auth","Mon May 18 08:37:20 UTC 2026","passed","Mon May 18 08:37:23 UTC 2026","TestSignUpWeb","test_signup_component","",""
"","0","[API] Update user should return 400_BAD_REQUEST when send update user request with invalid data. Case: 'email' contains multiple '@' symbols","tests.api.user","Mon May 18 08:33:46 UTC 2026","skipped","Mon May 18 08:33:46 UTC 2026","TestUpdateUserApi","test_update_user","",""
"","0","[WEB Component] Pay with invalid card should show error message. Case: name contains trailing spaces","tests.web.component.payment","Mon May 18 08:44:07 UTC 2026","skipped","Mon May 18 08:44:07 UTC 2026","TestPaymentComponent","test_payment_component","",""
"","165","[API] Create user should return 200_OK when send create user request with valid data. Case: 'birth_year' = 10000","tests.api.user","Mon May 18 08:33:26 UTC 2026","passed","Mon May 18 08:33:26 UTC 2026","TestCreateUserApi","test_create_user","",""
"","0","[WEB] Sign up with invalid data. Case: 'first_name' length = max","tests.web.component.auth","Mon May 18 08:34:18 UTC 2026","skipped","Mon May 18 08:34:18 UTC 2026","TestSignUpWeb","test_signup_component","",""
"","0","[API] Update user should return 400_BAD_REQUEST when send update user request with invalid data. Case: 'birth_day' is invalid positive","tests.api.user","Mon May 18 08:33:46 UTC 2026","skipped","Mon May 18 08:33:46 UTC 2026","TestUpdateUserApi","test_update_user","",""
"","0","[WEB Component] Pay with invalid card should show error message. Case: expiry year only spaces","tests.web.component.payment","Mon May 18 08:44:07 UTC 2026","skipped","Mon May 18 08:44:07 UTC 2026","TestPaymentComponent","test_payment_component","",""
"","0","[WEB Component] Pay with invalid card should show error message. Case: expiry month is empty","tests.web.component.payment","Mon May 18 08:44:07 UTC 2026","skipped","Mon May 18 08:44:07 UTC 2026","TestPaymentComponent","test_payment_component","",""
"","0","[WEB] Sign up with invalid data. Case: 'birth_day' length = 31","tests.web.component.auth","Mon May 18 08:34:18 UTC 2026","skipped","Mon May 18 08:34:18 UTC 2026","TestSignUpWeb","test_signup_component","",""
"","1368","[WEB Component] Search filter should filter products by query","tests.web.component.filter","Mon May 18 08:39:08 UTC 2026","passed","Mon May 18 08:39:10 UTC 2026","TestSearchFilter","test_search_filter","",""
"","0","[API] Update user should return 400_BAD_REQUEST when send update user request with invalid data. Case: 'last_name' length = max + 1","tests.api.user","Mon May 18 08:33:46 UTC 2026","skipped","Mon May 18 08:33:46 UTC 2026","TestUpdateUserApi","test_update_user","",""
"","615","[WEB] Should add product review with valid data. Case: 'email' username contains '+'","tests.web.component.review","Mon May 18 08:51:10 UTC 2026","passed","Mon May 18 08:51:10 UTC 2026","TestReviewComponent","test_review_component","",""
"","9167","Purchase products with sign up while checkout","tests.web.e2e","Mon May 18 08:52:38 UTC 2026","passed","Mon May 18 08:52:47 UTC 2026","TestPlaceOrder","test_place_order","",""
"","0","[WEB Component] Should not subscribe with invalid email","tests.web.component.base","Mon May 18 08:55:21 UTC 2026","skipped","Mon May 18 08:55:21 UTC 2026","TestSubscriptionComponent","test_subscription_component","",""
"","1692","[WEB Component] Pay with valid card should show success status message. Case: valid: boundary valid number","tests.web.component.payment","Mon May 18 08:42:40 UTC 2026","passed","Mon May 18 08:42:42 UTC 2026","TestPaymentComponent","test_payment_component","",""
"","160","[API] Create user should return 200_OK when send create user request with valid data. Case: 'last_name' length = min","tests.api.user","Mon May 18 08:33:22 UTC 2026","passed","Mon May 18 08:33:22 UTC 2026","TestCreateUserApi","test_create_user","",""
"","155","[API] Create user should return 200_OK when send create user request with valid data. Case: 'name' length = min","tests.api.user","Mon May 18 08:33:19 UTC 2026","passed","Mon May 18 08:33:19 UTC 2026","TestCreateUserApi","test_create_user","",""
"","3228","[WEB] Sign up with valid data. Case: 'birth_month' = 12","tests.web.component.auth","Mon May 18 08:41:45 UTC 2026","passed","Mon May 18 08:41:48 UTC 2026","TestSignUpWeb","test_signup_component","",""
"","0","[API] Update user should return 400_BAD_REQUEST when send update user request with invalid data. Case: 'state' length = min - 1","tests.api.user","Mon May 18 08:33:46 UTC 2026","skipped","Mon May 18 08:33:46 UTC 2026","TestUpdateUserApi","test_update_user","",""
"","165","[API] Create user should return 200_OK when send create user request with valid data. Case: 'mobile_number' length = max","tests.api.user","Mon May 18 08:33:24 UTC 2026","passed","Mon May 18 08:33:24 UTC 2026","TestCreateUserApi","test_create_user","",""
"","0","[API] Update user should return 400_BAD_REQUEST when send update user request with invalid data. Case: 'birth_year' is zero","tests.api.user","Mon May 18 08:33:46 UTC 2026","skipped","Mon May 18 08:33:46 UTC 2026","TestUpdateUserApi","test_update_user","",""
"","299","[API] Update user should return 200_OK when send update user request with valid data. Case: 'address2' length = max","tests.api.user","Mon May 18 08:33:42 UTC 2026","passed","Mon May 18 08:33:42 UTC 2026","TestUpdateUserApi","test_update_user","",""
"","162","[API] Update user should return 404_BAD_REQUEST when send update user request with not existing email","tests.api.user","Mon May 18 08:33:46 UTC 2026","passed","Mon May 18 08:33:46 UTC 2026","TestUpdateUserApi","test_update_user","",""
"","0","[WEB] Sign up with invalid data. Case: 'last_name' length = min + 1","tests.web.component.auth","Mon May 18 08:34:18 UTC 2026","skipped","Mon May 18 08:34:18 UTC 2026","TestSignUpWeb","test_signup_component","",""
"","343","[API] Update user should return 200_OK when send update user request with valid data. Case: 'birth_month' = 1","tests.api.user","Mon May 18 08:33:33 UTC 2026","passed","Mon May 18 08:33:34 UTC 2026","TestUpdateUserApi","test_update_user","",""
"","464","[WEB Component] Should navigate to products page by click 'Products' button","tests.web.component.base","Mon May 18 08:35:14 UTC 2026","passed","Mon May 18 08:35:15 UTC 2026","TestHeaderComponent","test_header_component","",""
"","0","[API] Create user should return 400_BAD_REQUEST when send create user request with invalid data. Case: 'last_name' length = max + 1","tests.api.user","Mon May 18 08:33:16 UTC 2026","skipped","Mon May 18 08:33:16 UTC 2026","TestCreateUserApi","test_create_user","",""
"","0","[API] Create user should return 400_BAD_REQUEST when send create user request with invalid data. Case: 'last_name' is empty","tests.api.user","Mon May 18 08:33:16 UTC 2026","skipped","Mon May 18 08:33:16 UTC 2026","TestCreateUserApi","test_create_user","",""
"","325","[API] Update user should return 200_OK when send update user request with valid data. Case: 'mobile_number' length = max - 1","tests.api.user","Mon May 18 08:33:30 UTC 2026","passed","Mon May 18 08:33:31 UTC 2026","TestUpdateUserApi","test_update_user","",""
"","438","[WEB Component] Billing address has expected data","tests.web.component.address","Mon May 18 08:54:02 UTC 2026","passed","Mon May 18 08:54:02 UTC 2026","TestAddressComponent","test_address_component","",""
"","287","[API] Update user should return 200_OK when send update user request with valid data. Case: 'address1' length = max","tests.api.user","Mon May 18 08:33:39 UTC 2026","passed","Mon May 18 08:33:39 UTC 2026","TestUpdateUserApi","test_update_user","",""
"","0","[WEB] Sign up with invalid data. Case: 'city' length = min + 1","tests.web.component.auth","Mon May 18 08:34:18 UTC 2026","skipped","Mon May 18 08:34:18 UTC 2026","TestSignUpWeb","test_signup_component","",""
"","0","[API] Update user should return 400_BAD_REQUEST when send update user request with invalid data. Case: 'address1' is absent","tests.api.user","Mon May 18 08:33:46 UTC 2026","skipped","Mon May 18 08:33:46 UTC 2026","TestUpdateUserApi","test_update_user","",""
"","0","[API] Update user should return 400_BAD_REQUEST when send update user request with invalid data. Case: 'birth_month' is zero","tests.api.user","Mon May 18 08:33:46 UTC 2026","skipped","Mon May 18 08:33:46 UTC 2026","TestUpdateUserApi","test_update_user","",""
"","593","[WEB] Should add product review with valid data. Case: 'email' username contains '.'","tests.web.component.review","Mon May 18 08:50:51 UTC 2026","passed","Mon May 18 08:50:51 UTC 2026","TestReviewComponent","test_review_component","",""
"","0","[API] Create user should return 400_BAD_REQUEST when send create user request with invalid data. Case: 'name' is empty","tests.api.user","Mon May 18 08:33:36 UTC 2026","skipped","Mon May 18 08:33:36 UTC 2026","TestCreateUserApi","test_create_user","",""
"","0","[WEB] Sign up with invalid data. Case: 'mobile_number' length = min + 1","tests.web.component.auth","Mon May 18 08:34:18 UTC 2026","skipped","Mon May 18 08:34:18 UTC 2026","TestSignUpWeb","test_signup_component","",""
"","0","[API] Create user should return 400_BAD_REQUEST when send create user request with invalid data. Case: 'address1' length = min - 1","tests.api.user","Mon May 18 08:33:16 UTC 2026","skipped","Mon May 18 08:33:16 UTC 2026","TestCreateUserApi","test_create_user","",""
"","0","[API] Update user should return 400_BAD_REQUEST when send update user request with invalid data. Case: 'birth_year' is absent","tests.api.user","Mon May 18 08:33:46 UTC 2026","skipped","Mon May 18 08:33:46 UTC 2026","TestUpdateUserApi","test_update_user","",""
"","3278","[WEB] Sign up with valid data. Case: 'zipcode' length = min + 1","tests.web.component.auth","Mon May 18 08:50:41 UTC 2026","passed","Mon May 18 08:50:45 UTC 2026","TestSignUpWeb","test_signup_component","",""
"","0","[WEB Component] Pay with invalid card should show error message. Case: name contains special characters","tests.web.component.payment","Mon May 18 08:44:07 UTC 2026","skipped","Mon May 18 08:44:07 UTC 2026","TestPaymentComponent","test_payment_component","",""
"","3280","[WEB] Sign up with valid data. Case: 'address2' length = max","tests.web.component.auth","Mon May 18 08:49:58 UTC 2026","passed","Mon May 18 08:50:01 UTC 2026","TestSignUpWeb","test_signup_component","",""
"","0","[API] Update user should return 400_BAD_REQUEST when send update user request with invalid data. Case: 'name' is empty","tests.api.user","Mon May 18 08:33:46 UTC 2026","skipped","Mon May 18 08:33:46 UTC 2026","TestUpdateUserApi","test_update_user","",""
"","0","[WEB Component] Pay with invalid card should show error message. Case: expiry month = 13","tests.web.component.payment","Mon May 18 08:44:07 UTC 2026","skipped","Mon May 18 08:44:07 UTC 2026","TestPaymentComponent","test_payment_component","",""
"","4871","Purchase products with login before checkout","tests.web.e2e","Mon May 18 08:53:07 UTC 2026","passed","Mon May 18 08:53:12 UTC 2026","TestPlaceOrder","test_place_order","",""
"","0","[API] Update user should return 400_BAD_REQUEST when send update user request with invalid data. Case: 'zipcode' has invalid format","tests.api.user","Mon May 18 08:33:46 UTC 2026","skipped","Mon May 18 08:33:46 UTC 2026","TestUpdateUserApi","test_update_user","",""
"","992","[WEB Component] Should not add negative products count to cart when click on add to cart button","tests.web.component.product","Mon May 18 08:46:25 UTC 2026","passed","Mon May 18 08:46:26 UTC 2026","TestProductCard","test_product_details_component","",""
"","1139","[WEB Component] Should add product to cart when click on add to cart button","tests.web.component.product","Mon May 18 08:46:05 UTC 2026","passed","Mon May 18 08:46:06 UTC 2026","TestProductCard","test_product_details_component","",""
"","7651","Purchase products with sign up before checkout","tests.web.e2e","Mon May 18 08:52:11 UTC 2026","passed","Mon May 18 08:52:19 UTC 2026","TestPlaceOrder","test_place_order","",""
"","0","[API] Update user should return 400_BAD_REQUEST when send update user request with invalid data. Case: 'email' not contains domain","tests.api.user","Mon May 18 08:33:46 UTC 2026","skipped","Mon May 18 08:33:46 UTC 2026","TestUpdateUserApi","test_update_user","",""
"","0","[WEB] Sign up with invalid data. Case: 'company' length = min","tests.web.component.auth","Mon May 18 08:34:18 UTC 2026","skipped","Mon May 18 08:34:18 UTC 2026","TestSignUpWeb","test_signup_component","",""
"","0","[API] Update user should return 400_BAD_REQUEST when send update user request with invalid data. Case: 'first_name' length = max + 1","tests.api.user","Mon May 18 08:33:46 UTC 2026","skipped","Mon May 18 08:33:46 UTC 2026","TestUpdateUserApi","test_update_user","",""
"","0","[WEB] Sign up with invalid data. Case: 'city' length = max","tests.web.component.auth","Mon May 18 08:34:18 UTC 2026","skipped","Mon May 18 08:34:18 UTC 2026","TestSignUpWeb","test_signup_component","",""
"","811","[WEB] Should add product review with valid data. Case: 'email' domain name length = 2","tests.web.component.review","Mon May 18 08:52:43 UTC 2026","passed","Mon May 18 08:52:43 UTC 2026","TestReviewComponent","test_review_component","",""
"","0","[API] Update user should return 400_BAD_REQUEST when send update user request with invalid data. Case: 'zipcode' length = min - 1","tests.api.user","Mon May 18 08:33:46 UTC 2026","skipped","Mon May 18 08:33:46 UTC 2026","TestUpdateUserApi","test_update_user","",""
"","0","[API] Create user should return 400_BAD_REQUEST when send create user request with invalid data. Case: 'email' contains text before username","tests.api.user","Mon May 18 08:33:16 UTC 2026","skipped","Mon May 18 08:33:16 UTC 2026","TestCreateUserApi","test_create_user","",""
"","161","[API] Create user should return 200_OK when send create user request with valid data. Case: 'company' length = max","tests.api.user","Mon May 18 08:33:28 UTC 2026","passed","Mon May 18 08:33:28 UTC 2026","TestCreateUserApi","test_create_user","",""
"","0","[API] Create user should return 400_BAD_REQUEST when send create user request with invalid data. Case: 'birth_year' is absent","tests.api.user","Mon May 18 08:33:16 UTC 2026","skipped","Mon May 18 08:33:16 UTC 2026","TestCreateUserApi","test_create_user","",""
"","0","[API] Update user should return 400_BAD_REQUEST when send update user request with invalid data. Case: 'email' is word","tests.api.user","Mon May 18 08:33:46 UTC 2026","skipped","Mon May 18 08:33:46 UTC 2026","TestUpdateUserApi","test_update_user","",""
"","822","[WEB Component] Brand filter should have expected screenshot","tests.web.component.filter","Mon May 18 08:57:14 UTC 2026","passed","Mon May 18 08:57:15 UTC 2026","TestBrandFilter","test_brand_filter","",""
"","0","[API] Create user should return 400_BAD_REQUEST when send create user request with invalid data. Case: 'state' length = min - 1","tests.api.user","Mon May 18 08:33:16 UTC 2026","skipped","Mon May 18 08:33:16 UTC 2026","TestCreateUserApi","test_create_user","",""
"","0","[API] Update user should return 400_BAD_REQUEST when send update user request with invalid data. Case: 'birth_day' is absent","tests.api.user","Mon May 18 08:33:46 UTC 2026","skipped","Mon May 18 08:33:46 UTC 2026","TestUpdateUserApi","test_update_user","",""
"","243","[API] Update user should return 200_OK when send update user request with valid data. Case: 'company' length = min","tests.api.user","Mon May 18 08:33:36 UTC 2026","passed","Mon May 18 08:33:37 UTC 2026","TestUpdateUserApi","test_update_user","",""
"","158","[API] Create user should return 200_OK when send create user request with valid data. Case: 'company' length = min + 1","tests.api.user","Mon May 18 08:33:27 UTC 2026","passed","Mon May 18 08:33:27 UTC 2026","TestCreateUserApi","test_create_user","",""
"","0","[API] Create user should return 400_BAD_REQUEST when send create user request with invalid data. Case: 'email' is empty","tests.api.user","Mon May 18 08:33:16 UTC 2026","skipped","Mon May 18 08:33:16 UTC 2026","TestCreateUserApi","test_create_user","",""
"","0","[API] Create user should return 400_BAD_REQUEST when send create user request with invalid data. Case: 'email' contains domain with one letter","tests.api.user","Mon May 18 08:33:16 UTC 2026","skipped","Mon May 18 08:33:16 UTC 2026","TestCreateUserApi","test_create_user","",""
"","0","[API] Create user should return 400_BAD_REQUEST when send create user request with invalid data. Case: 'birth_month' is absent","tests.api.user","Mon May 18 08:33:16 UTC 2026","skipped","Mon May 18 08:33:16 UTC 2026","TestCreateUserApi","test_create_user","",""
"","1692","[WEB Component] Pay with valid card should show success status message. Case: valid: future year","tests.web.component.payment","Mon May 18 08:44:05 UTC 2026","passed","Mon May 18 08:44:07 UTC 2026","TestPaymentComponent","test_payment_component","",""
"","0","[WEB Component] Pay with invalid card should show error message. Case: expiry year too short","tests.web.component.payment","Mon May 18 08:44:07 UTC 2026","skipped","Mon May 18 08:44:07 UTC 2026","TestPaymentComponent","test_payment_component","",""
"","3886","[WEB Component] Invoice should have expected price","tests.web.component.payment","Mon May 18 08:40:10 UTC 2026","passed","Mon May 18 08:40:14 UTC 2026","TestPaymentComponent","test_invoice_file","",""
"","465","[WEB Component] Pay with valid card should show success status message. Case: valid: expiry month max","tests.web.component.payment","Mon May 18 08:43:44 UTC 2026","passed","Mon May 18 08:43:45 UTC 2026","TestPaymentComponent","test_payment_component","",""
"","0","[WEB] Sign up with invalid data. Case: 'address1' length = min + 1","tests.web.component.auth","Mon May 18 08:34:18 UTC 2026","skipped","Mon May 18 08:34:18 UTC 2026","TestSignUpWeb","test_signup_component","",""
"","0","[WEB] Should not add product review with invalid data. Case: 'email' contains only special symbols","tests.web.component.review","Mon May 18 08:51:52 UTC 2026","skipped","Mon May 18 08:51:52 UTC 2026","TestReviewComponent","test_review_component","",""
"","5699","[WEB Component] Category filter should have expected screenshot when group expanded","tests.web.component.filter","Mon May 18 08:57:05 UTC 2026","failed","Mon May 18 08:57:11 UTC 2026","TestCategoryFilter","test_category_filter","",""
"","0","[WEB Component] Pay with invalid card should show error message. Case: cvc contains special characters","tests.web.component.payment","Mon May 18 08:44:07 UTC 2026","skipped","Mon May 18 08:44:07 UTC 2026","TestPaymentComponent","test_payment_component","",""
"","229","[API] Delete user should return 200_OK when send delete user request and user exists","tests.api.user","Mon May 18 08:33:18 UTC 2026","passed","Mon May 18 08:33:18 UTC 2026","TestDeleteUserApi","test_delete_user","",""
"","0","[WEB] Should not add product review with invalid data. Case: 'name' is empty","tests.web.component.review","Mon May 18 08:51:52 UTC 2026","skipped","Mon May 18 08:51:52 UTC 2026","TestReviewComponent","test_review_component","",""
"","0","[WEB] Sign up with invalid data. Case: 'zipcode' length = max","tests.web.component.auth","Mon May 18 08:34:18 UTC 2026","skipped","Mon May 18 08:34:18 UTC 2026","TestSignUpWeb","test_signup_component","",""
"","1195","[WEB Component] Add product notification should have expected data and screenshot","tests.web.component.base","Mon May 18 08:54:00 UTC 2026","passed","Mon May 18 08:54:01 UTC 2026","TestNotificationComponent","test_notification_component","",""
"","3190","[WEB] Sign up with valid data. Case: 'mobile_number' length = max - 1","tests.web.component.auth","Mon May 18 08:39:55 UTC 2026","passed","Mon May 18 08:39:58 UTC 2026","TestSignUpWeb","test_signup_component","",""
"","159","[API] Create user should return 200_OK when send create user request with valid data. Case: 'address1' length = min","tests.api.user","Mon May 18 08:33:31 UTC 2026","passed","Mon May 18 08:33:32 UTC 2026","TestCreateUserApi","test_create_user","",""
"","0","[API] Update user should return 400_BAD_REQUEST when send update user request with invalid data. Case: 'email' contains '-' after '@'","tests.api.user","Mon May 18 08:33:46 UTC 2026","skipped","Mon May 18 08:33:46 UTC 2026","TestUpdateUserApi","test_update_user","",""
"","1706","[WEB Component] Pay with valid card should show success status message. Case: valid: cvc typical","tests.web.component.payment","Mon May 18 08:43:02 UTC 2026","passed","Mon May 18 08:43:04 UTC 2026","TestPaymentComponent","test_payment_component","",""
"","3272","[WEB] Sign up with valid data. Case: 'first_name' length = max - 1","tests.web.component.auth","Mon May 18 08:36:58 UTC 2026","passed","Mon May 18 08:37:01 UTC 2026","TestSignUpWeb","test_signup_component","",""
"","0","[WEB] Sign up with invalid data. Case: 'address2' length = min","tests.web.component.auth","Mon May 18 08:34:18 UTC 2026","skipped","Mon May 18 08:34:18 UTC 2026","TestSignUpWeb","test_signup_component","",""
"","488","[WEB] Should add product review with valid data. Case: 'message' length = min + 1","tests.web.component.review","Mon May 18 08:53:23 UTC 2026","passed","Mon May 18 08:53:23 UTC 2026","TestReviewComponent","test_review_component","",""
"","307","[API] Update user should return 200_OK when send update user request with valid data. Case: 'name' length = min","tests.api.user","Mon May 18 08:33:20 UTC 2026","passed","Mon May 18 08:33:20 UTC 2026","TestUpdateUserApi","test_update_user","",""
"","368","[WEB Component] Payment component should have expected screenshot","tests.web.component.payment","Mon May 18 08:58:20 UTC 2026","passed","Mon May 18 08:58:20 UTC 2026","TestPaymentComponent","test_payment_component","",""
"","0","[WEB] Should not add product review with invalid data. Case: 'email' contains text before username","tests.web.component.review","Mon May 18 08:51:52 UTC 2026","skipped","Mon May 18 08:51:52 UTC 2026","TestReviewComponent","test_review_component","",""
"","0","[WEB Component] Pay with invalid card should show error message. Case: name contains digits","tests.web.component.payment","Mon May 18 08:44:07 UTC 2026","skipped","Mon May 18 08:44:07 UTC 2026","TestPaymentComponent","test_payment_component","",""
"","0","[API] Update user should return 400_BAD_REQUEST when send update user request with invalid data. Case: 'birth_month' is negative","tests.api.user","Mon May 18 08:33:46 UTC 2026","skipped","Mon May 18 08:33:46 UTC 2026","TestUpdateUserApi","test_update_user","",""
"","4228","[WEB] Sign up with valid data. Case: 'last_name' length = max","tests.web.component.auth","Mon May 18 08:38:46 UTC 2026","passed","Mon May 18 08:38:51 UTC 2026","TestSignUpWeb","test_signup_component","",""
"","178","[API] Create user should return 200_OK when send create user request with valid data. Case: 'address2' length = max","tests.api.user","Mon May 18 08:33:34 UTC 2026","passed","Mon May 18 08:33:34 UTC 2026","TestCreateUserApi","test_create_user","",""
"","252","[API] Update user should return 200_OK when send update user request with valid data. Case: 'state' length = min","tests.api.user","Mon May 18 08:33:40 UTC 2026","passed","Mon May 18 08:33:40 UTC 2026","TestUpdateUserApi","test_update_user","",""
"","2389","[WEB Component] Image Carousel should show next image when scroll right","tests.web.component.carousel","Mon May 18 08:56:00 UTC 2026","passed","Mon May 18 08:56:03 UTC 2026","TestImageCarousel","test_image_carousel","",""
"","0","[WEB] Sign up with invalid data. Case: 'company' length = max","tests.web.component.auth","Mon May 18 08:34:18 UTC 2026","skipped","Mon May 18 08:34:18 UTC 2026","TestSignUpWeb","test_signup_component","",""
"","161","[API] Create user should return 200_OK when send create user request with valid data. Case: 'address2' length = max - 1","tests.api.user","Mon May 18 08:33:34 UTC 2026","passed","Mon May 18 08:33:34 UTC 2026","TestCreateUserApi","test_create_user","",""
"","153","[API] Create user should return 200_OK when send create user request with valid data. Case: 'zipcode' length = max","tests.api.user","Mon May 18 08:33:36 UTC 2026","passed","Mon May 18 08:33:36 UTC 2026","TestCreateUserApi","test_create_user","",""
"","0","[WEB Component] Pay with invalid card should show error message. Case: cvc too short","tests.web.component.payment","Mon May 18 08:44:07 UTC 2026","skipped","Mon May 18 08:44:07 UTC 2026","TestPaymentComponent","test_payment_component","",""
"","3833","[WEB] Sign up with valid data. Case: 'state' length = min","tests.web.component.auth","Mon May 18 08:44:18 UTC 2026","passed","Mon May 18 08:44:22 UTC 2026","TestSignUpWeb","test_signup_component","",""
"","0","[API] Create user should return 400_BAD_REQUEST when send create user request with invalid data. Case: 'birth_day' is negative","tests.api.user","Mon May 18 08:33:16 UTC 2026","skipped","Mon May 18 08:33:16 UTC 2026","TestCreateUserApi","test_create_user","",""
"","0","[API] Update user should return 400_BAD_REQUEST when send update user request with invalid data. Case: 'city' is absent","tests.api.user","Mon May 18 08:33:46 UTC 2026","skipped","Mon May 18 08:33:46 UTC 2026","TestUpdateUserApi","test_update_user","",""
"","774","[WEB] Should have expected screenshot when send review","tests.web.component.review","Mon May 18 08:59:08 UTC 2026","passed","Mon May 18 08:59:09 UTC 2026","TestReviewComponent","test_review_component","",""
"","0","[API] Create user should return 400_BAD_REQUEST when send create user request with invalid data. Case: 'email' contains invalid top level domain web","tests.api.user","Mon May 18 08:33:16 UTC 2026","skipped","Mon May 18 08:33:16 UTC 2026","TestCreateUserApi","test_create_user","",""
"","263","[API] Update user should return 200_OK when send update user request with valid data. Case: 'address1' length = min + 1","tests.api.user","Mon May 18 08:33:37 UTC 2026","passed","Mon May 18 08:33:37 UTC 2026","TestUpdateUserApi","test_update_user","",""
"","0","[API] Update user should return 400_BAD_REQUEST when send update user request with invalid data. Case: 'address2' length = max + 1","tests.api.user","Mon May 18 08:33:46 UTC 2026","skipped","Mon May 18 08:33:46 UTC 2026","TestUpdateUserApi","test_update_user","",""
"","0","[API] Update user should return 400_BAD_REQUEST when send update user request with invalid data. Case: 'address2' is empty","tests.api.user","Mon May 18 08:33:46 UTC 2026","skipped","Mon May 18 08:33:46 UTC 2026","TestUpdateUserApi","test_update_user","",""
"","3290","[WEB] Sign up with valid data. Case: 'mobile_number' length = min","tests.web.component.auth","Mon May 18 08:39:10 UTC 2026","passed","Mon May 18 08:39:14 UTC 2026","TestSignUpWeb","test_signup_component","",""
"","9371","[WEB] Sign in with valid data","tests.web.component.auth","Mon May 18 08:33:53 UTC 2026","passed","Mon May 18 08:34:03 UTC 2026","TestLoginWeb","test_login_component","",""
"","274","[API] Update user should return 200_OK when send update user request with valid data. Case: 'zipcode' length = min","tests.api.user","Mon May 18 08:33:43 UTC 2026","passed","Mon May 18 08:33:43 UTC 2026","TestUpdateUserApi","test_update_user","",""
"","483","[WEB Component] Should navigate to main page by click on header logo","tests.web.component.base","Mon May 18 08:34:55 UTC 2026","passed","Mon May 18 08:34:56 UTC 2026","TestHeaderComponent","test_header_component","",""
"","0","[API] Update user should return 400_BAD_REQUEST when send update user request with invalid data. Case: 'email' contains invalid top level domain web","tests.api.user","Mon May 18 08:33:46 UTC 2026","skipped","Mon May 18 08:33:46 UTC 2026","TestUpdateUserApi","test_update_user","",""
"","149","[API] Create user should return 200_OK when send create user request with valid data. Case: 'state' length = max - 1","tests.api.user","Mon May 18 08:33:29 UTC 2026","passed","Mon May 18 08:33:29 UTC 2026","TestCreateUserApi","test_create_user","",""
"","0","[WEB Component] Pay with invalid card should show error message. Case: expiry month one digit","tests.web.component.payment","Mon May 18 08:44:07 UTC 2026","skipped","Mon May 18 08:44:07 UTC 2026","TestPaymentComponent","test_payment_component","",""
"","170","[API] Create user should return 200_OK when send create user request with valid data. Case: 'mobile_number' length = min + 1","tests.api.user","Mon May 18 08:33:24 UTC 2026","passed","Mon May 18 08:33:24 UTC 2026","TestCreateUserApi","test_create_user","",""
"","0","[API] Update user should return 400_BAD_REQUEST when send update user request with invalid data. Case: 'first_name' is empty","tests.api.user","Mon May 18 08:33:46 UTC 2026","skipped","Mon May 18 08:33:46 UTC 2026","TestUpdateUserApi","test_update_user","",""
"","161","[API] Create user should return 200_OK when send create user request with valid data. Case: 'name' length = min + 1","tests.api.user","Mon May 18 08:33:19 UTC 2026","passed","Mon May 18 08:33:19 UTC 2026","TestCreateUserApi","test_create_user","",""
"","0","[API] Create user should return 400_BAD_REQUEST when send create user request with invalid data. Case: 'birth_day' is invalid positive","tests.api.user","Mon May 18 08:33:16 UTC 2026","skipped","Mon May 18 08:33:16 UTC 2026","TestCreateUserApi","test_create_user","",""
"","0","[API] Create user should return 400_BAD_REQUEST when send create user request with invalid data. Case: 'address1' is absent","tests.api.user","Mon May 18 08:33:16 UTC 2026","skipped","Mon May 18 08:33:16 UTC 2026","TestCreateUserApi","test_create_user","",""
"","0","[API] Update user should return 400_BAD_REQUEST when send update user request with invalid data. Case: 'email' is empty","tests.api.user","Mon May 18 08:33:46 UTC 2026","skipped","Mon May 18 08:33:46 UTC 2026","TestUpdateUserApi","test_update_user","",""
"","169","[API] Create user should return 200_OK when send create user request with valid data. Case: 'mobile_number' length = max - 1","tests.api.user","Mon May 18 08:33:24 UTC 2026","passed","Mon May 18 08:33:24 UTC 2026","TestCreateUserApi","test_create_user","",""
"","119","[WEB Component] Should have all products expected total price","tests.web.component.product","Mon May 18 08:47:52 UTC 2026","passed","Mon May 18 08:47:52 UTC 2026","TestProductItem","test_product_item","",""
"","1679","[WEB Component] Pay with valid card should show success status message. Case: valid: expiry month min","tests.web.component.payment","Mon May 18 08:43:23 UTC 2026","passed","Mon May 18 08:43:25 UTC 2026","TestPaymentComponent","test_payment_component","",""
"","1","[WEB] Should not add product review with invalid data. Case: 'email' is empty","tests.web.component.review","Mon May 18 08:51:52 UTC 2026","skipped","Mon May 18 08:51:52 UTC 2026","TestReviewComponent","test_review_component","",""
"","0","[API] Create user should return 400_BAD_REQUEST when send create user request with invalid data. Case: 'company' length = max + 1","tests.api.user","Mon May 18 08:33:16 UTC 2026","skipped","Mon May 18 08:33:16 UTC 2026","TestCreateUserApi","test_create_user","",""
"","0","[WEB] Sign up with invalid data. Case: 'address2' length = max - 1","tests.web.component.auth","Mon May 18 08:34:18 UTC 2026","skipped","Mon May 18 08:34:18 UTC 2026","TestSignUpWeb","test_signup_component","",""
"","160","[API] Create user should return 200_OK when send create user request with valid data. Case: 'zipcode' length = min + 1","tests.api.user","Mon May 18 08:33:35 UTC 2026","passed","Mon May 18 08:33:35 UTC 2026","TestCreateUserApi","test_create_user","",""
"","4590","[WEB Component] Search filter should return empty products catalog","tests.web.component.filter","Mon May 18 08:39:49 UTC 2026","passed","Mon May 18 08:39:54 UTC 2026","TestSearchFilter","test_search_filter","",""
"","0","[WEB] Sign up with invalid data. Case: 'address1' length = min","tests.web.component.auth","Mon May 18 08:34:18 UTC 2026","skipped","Mon May 18 08:34:18 UTC 2026","TestSignUpWeb","test_signup_component","",""
"","0","[API] Update user should return 400_BAD_REQUEST when send update user request with invalid data. Case: 'birth_day' is negative","tests.api.user","Mon May 18 08:33:46 UTC 2026","skipped","Mon May 18 08:33:46 UTC 2026","TestUpdateUserApi","test_update_user","",""
"","254","[API] Update user should return 200_OK when send update user request with valid data. Case: 'address2' length = max - 1","tests.api.user","Mon May 18 08:33:41 UTC 2026","passed","Mon May 18 08:33:41 UTC 2026","TestUpdateUserApi","test_update_user","",""
"","1751","[WEB] Should add product review with valid data. Case: 'message' length = max - 1","tests.web.component.review","Mon May 18 08:51:30 UTC 2026","passed","Mon May 18 08:51:31 UTC 2026","TestReviewComponent","test_review_component","",""
"","0","[API] Update user should return 400_BAD_REQUEST when send update user request with invalid data. Case: 'email' contains domain with one letter","tests.api.user","Mon May 18 08:33:46 UTC 2026","skipped","Mon May 18 08:33:46 UTC 2026","TestUpdateUserApi","test_update_user","",""
"","0","[WEB] Sign up with invalid data. Case: 'address2' length = min + 1","tests.web.component.auth","Mon May 18 08:34:18 UTC 2026","skipped","Mon May 18 08:34:18 UTC 2026","TestSignUpWeb","test_signup_component","",""
"","0","[API] Create user should return 400_BAD_REQUEST when send create user request with invalid data. Case: 'birth_year' is negative","tests.api.user","Mon May 18 08:33:16 UTC 2026","skipped","Mon May 18 08:33:16 UTC 2026","TestCreateUserApi","test_create_user","",""
"","0","[API] Update user should return 400_BAD_REQUEST when send update user request with invalid data. Case: 'zipcode' is empty","tests.api.user","Mon May 18 08:33:46 UTC 2026","skipped","Mon May 18 08:33:46 UTC 2026","TestUpdateUserApi","test_update_user","",""
"","0","[API] Update user should return 400_BAD_REQUEST when send update user request with invalid data. Case: 'state' length = max + 1","tests.api.user","Mon May 18 08:33:46 UTC 2026","skipped","Mon May 18 08:33:46 UTC 2026","TestUpdateUserApi","test_update_user","",""
"","295","[API] Update user should return 200_OK when send update user request with valid data. Case: 'company' length = min + 1","tests.api.user","Mon May 18 08:33:37 UTC 2026","passed","Mon May 18 08:33:37 UTC 2026","TestUpdateUserApi","test_update_user","",""
"","3148","[WEB] Sign up with valid data. Case: 'company' length = max","tests.web.component.auth","Mon May 18 08:43:56 UTC 2026","passed","Mon May 18 08:43:59 UTC 2026","TestSignUpWeb","test_signup_component","",""
"","0","[WEB] Sign up with invalid data. Case: 'name' length = max","tests.web.component.auth","Mon May 18 08:34:18 UTC 2026","skipped","Mon May 18 08:34:18 UTC 2026","TestSignUpWeb","test_signup_component","",""
"","0","[API] Update user should return 400_BAD_REQUEST when send update user request with invalid data. Case: 'company' length = min - 1","tests.api.user","Mon May 18 08:33:46 UTC 2026","skipped","Mon May 18 08:33:46 UTC 2026","TestUpdateUserApi","test_update_user","",""
"","0","[API] Create user should return 400_BAD_REQUEST when send create user request with invalid data. Case: 'email' contains text after domain","tests.api.user","Mon May 18 08:33:16 UTC 2026","skipped","Mon May 18 08:33:16 UTC 2026","TestCreateUserApi","test_create_user","",""
"","0","[WEB] Sign up with invalid data. Case: 'last_name' length = max","tests.web.component.auth","Mon May 18 08:34:18 UTC 2026","skipped","Mon May 18 08:34:18 UTC 2026","TestSignUpWeb","test_signup_component","",""
"","553","[WEB] Should add product review with valid data. Case: 'email' domain contains '-'","tests.web.component.review","Mon May 18 08:51:42 UTC 2026","passed","Mon May 18 08:51:43 UTC 2026","TestReviewComponent","test_review_component","",""
"","666","[WEB] Should add product review with valid data. Case: 'email' username contains '-'","tests.web.component.review","Mon May 18 08:51:03 UTC 2026","passed","Mon May 18 08:51:04 UTC 2026","TestReviewComponent","test_review_component","",""
"","0","[WEB Component] Pay with invalid card should show error message. Case: name length = max + 1","tests.web.component.payment","Mon May 18 08:44:07 UTC 2026","skipped","Mon May 18 08:44:07 UTC 2026","TestPaymentComponent","test_payment_component","",""
"","0","[API] Create user should return 400_BAD_REQUEST when send create user request with invalid data. Case: 'birth_month' is negative","tests.api.user","Mon May 18 08:33:16 UTC 2026","skipped","Mon May 18 08:33:16 UTC 2026","TestCreateUserApi","test_create_user","",""
"","0","[API] Create user should return 400_BAD_REQUEST when send create user request with invalid data. Case: 'first_name' length = min - 1","tests.api.user","Mon May 18 08:33:16 UTC 2026","skipped","Mon May 18 08:33:16 UTC 2026","TestCreateUserApi","test_create_user","",""
"","3088","[WEB] Sign up with valid data. Case: 'birth_day' length = 31","tests.web.component.auth","Mon May 18 08:41:01 UTC 2026","passed","Mon May 18 08:41:04 UTC 2026","TestSignUpWeb","test_signup_component","",""
"","0","[WEB] Sign up with invalid data. Case: 'mobile_number' length = max - 1","tests.web.component.auth","Mon May 18 08:34:18 UTC 2026","skipped","Mon May 18 08:34:18 UTC 2026","TestSignUpWeb","test_signup_component","",""
"","0","[WEB] Should not add product review with invalid data. Case: 'email' contains '-' after '@'","tests.web.component.review","Mon May 18 08:51:52 UTC 2026","skipped","Mon May 18 08:51:52 UTC 2026","TestReviewComponent","test_review_component","",""
"","0","[API] Create user should return 400_BAD_REQUEST when send create user request with invalid data. Case: 'email' not contains username","tests.api.user","Mon May 18 08:33:16 UTC 2026","skipped","Mon May 18 08:33:16 UTC 2026","TestCreateUserApi","test_create_user","",""
"","0","[WEB Component] Pay with invalid card should show error message. Case: card number only spaces","tests.web.component.payment","Mon May 18 08:44:07 UTC 2026","skipped","Mon May 18 08:44:07 UTC 2026","TestPaymentComponent","test_payment_component","",""
"","3272","[WEB] Sign up with valid data. Case: 'city' length = max - 1","tests.web.component.auth","Mon May 18 08:46:36 UTC 2026","passed","Mon May 18 08:46:39 UTC 2026","TestSignUpWeb","test_signup_component","",""
"","0","[WEB] Sign up with invalid data. Case: 'birth_year' = 10000","tests.web.component.auth","Mon May 18 08:34:18 UTC 2026","skipped","Mon May 18 08:34:18 UTC 2026","TestSignUpWeb","test_signup_component","",""
"","156","[API] Create user should return 200_OK when send create user request with valid data. Case: 'birth_month' = 1","tests.api.user","Mon May 18 08:33:25 UTC 2026","passed","Mon May 18 08:33:25 UTC 2026","TestCreateUserApi","test_create_user","",""
"","0","[WEB Component] Pay with invalid card should show error message. Case: expiry month contains letters","tests.web.component.payment","Mon May 18 08:44:07 UTC 2026","skipped","Mon May 18 08:44:07 UTC 2026","TestPaymentComponent","test_payment_component","",""
"","0","[WEB] Should not add product review with invalid data. Case: 'message' length = max - 1","tests.web.component.review","Mon May 18 08:51:52 UTC 2026","skipped","Mon May 18 08:51:52 UTC 2026","TestReviewComponent","test_review_component","",""
"","0","[API] Update user should return 400_BAD_REQUEST when send update user request with invalid data. Case: 'mobile_number' has invalid format","tests.api.user","Mon May 18 08:33:46 UTC 2026","skipped","Mon May 18 08:33:46 UTC 2026","TestUpdateUserApi","test_update_user","",""
"","0","[API] Update user should return 400_BAD_REQUEST when send update user request with invalid data. Case: 'email' not contains username","tests.api.user","Mon May 18 08:33:46 UTC 2026","skipped","Mon May 18 08:33:46 UTC 2026","TestUpdateUserApi","test_update_user","",""
"","4501","[WEB] Sign up with valid data. Case: 'state' length = min + 1","tests.web.component.auth","Mon May 18 08:44:41 UTC 2026","passed","Mon May 18 08:44:46 UTC 2026","TestSignUpWeb","test_signup_component","",""
"","172","[API] Create user should return 200_OK when send create user request with valid data. Case: 'address2' length = min + 1","tests.api.user","Mon May 18 08:33:33 UTC 2026","passed","Mon May 18 08:33:33 UTC 2026","TestCreateUserApi","test_create_user","",""
"","0","[API] Create user should return 400_BAD_REQUEST when send create user request with invalid data. Case: 'zipcode' is empty","tests.api.user","Mon May 18 08:33:16 UTC 2026","skipped","Mon May 18 08:33:16 UTC 2026","TestCreateUserApi","test_create_user","",""
"","0","[WEB Component] Pay with invalid card should show error message. Case: expiry year too long","tests.web.component.payment","Mon May 18 08:44:07 UTC 2026","skipped","Mon May 18 08:44:07 UTC 2026","TestPaymentComponent","test_payment_component","",""
"","282","[API] Update user should return 200_OK when send update user request with valid data. Case: 'state' length = max - 1","tests.api.user","Mon May 18 08:33:42 UTC 2026","passed","Mon May 18 08:33:42 UTC 2026","TestUpdateUserApi","test_update_user","",""
"","485","[WEB Component] Pay with valid card should show success status message. Case: valid: name max length","tests.web.component.payment","Mon May 18 08:41:17 UTC 2026","passed","Mon May 18 08:41:17 UTC 2026","TestPaymentComponent","test_payment_component","",""
"","934","[WEB Component] Should navigate to contact us page by click on 'Contact us' button","tests.web.component.base","Mon May 18 08:36:54 UTC 2026","passed","Mon May 18 08:36:55 UTC 2026","TestHeaderComponent","test_header_component","",""
"","182","[API] Create user should return 200_OK when send create user request with valid data. Case: 'first_name' length = min","tests.api.user","Mon May 18 08:33:20 UTC 2026","passed","Mon May 18 08:33:20 UTC 2026","TestCreateUserApi","test_create_user","",""
"","0","[API] Create user should return 400_BAD_REQUEST when send create user request with invalid data. Case: 'email' not contains '@' symbol","tests.api.user","Mon May 18 08:33:16 UTC 2026","skipped","Mon May 18 08:33:16 UTC 2026","TestCreateUserApi","test_create_user","",""
"","264","[API] Update user should return 200_OK when send update user request with valid data. Case: 'birth_day' = 1","tests.api.user","Mon May 18 08:33:32 UTC 2026","passed","Mon May 18 08:33:32 UTC 2026","TestUpdateUserApi","test_update_user","",""
"","523","[WEB] Should add product review with valid data. Case: 'email' has not exists email service","tests.web.component.review","Mon May 18 08:50:12 UTC 2026","passed","Mon May 18 08:50:12 UTC 2026","TestReviewComponent","test_review_component","",""
"","0","[WEB] Sign up with invalid data. Case: 'birth_day' = 1","tests.web.component.auth","Mon May 18 08:34:18 UTC 2026","skipped","Mon May 18 08:34:18 UTC 2026","TestSignUpWeb","test_signup_component","",""
"","164","[API] Create user should return 200_OK when send create user request with valid data. Case: 'last_name' length = min + 1","tests.api.user","Mon May 18 08:33:22 UTC 2026","passed","Mon May 18 08:33:22 UTC 2026","TestCreateUserApi","test_create_user","",""
"","0","[API] Update user should return 400_BAD_REQUEST when send update user request with invalid data. Case: 'company' length = max + 1","tests.api.user","Mon May 18 08:33:46 UTC 2026","skipped","Mon May 18 08:33:46 UTC 2026","TestUpdateUserApi","test_update_user","",""
"","2416","[WEB Component] Animated product card overlay should have expected data","tests.web.component.product","Mon May 18 08:58:21 UTC 2026","passed","Mon May 18 08:58:24 UTC 2026","TestAnimatedProductCard","test_animated_product_card_component","",""
"","0","[WEB Component] Pay with invalid card should show error message. Case: cvc all zeros","tests.web.component.payment","Mon May 18 08:44:07 UTC 2026","skipped","Mon May 18 08:44:07 UTC 2026","TestPaymentComponent","test_payment_component","",""
"","3620","[WEB] Sign up with valid data. Case: 'first_name' length = min + 1","tests.web.component.auth","Mon May 18 08:36:35 UTC 2026","passed","Mon May 18 08:36:39 UTC 2026","TestSignUpWeb","test_signup_component","",""
"","243","[API] Create user should return 200_OK when send create user request with valid data. Case: 'city' length = max","tests.api.user","Mon May 18 08:33:31 UTC 2026","passed","Mon May 18 08:33:31 UTC 2026","TestCreateUserApi","test_create_user","",""
"","1200","[WEB Component] Subscription component should have expected screenshot","tests.web.component.base","Mon May 18 08:55:01 UTC 2026","passed","Mon May 18 08:55:02 UTC 2026","TestSubscriptionComponent","test_subscription_component","",""
"","4232","[WEB] Sign up with valid data. Case: 'state' length = max - 1","tests.web.component.auth","Mon May 18 08:45:06 UTC 2026","passed","Mon May 18 08:45:10 UTC 2026","TestSignUpWeb","test_signup_component","",""
"","196","[WEB Component] Should visible user name when authorized","tests.web.component.base","Mon May 18 08:36:14 UTC 2026","passed","Mon May 18 08:36:14 UTC 2026","TestHeaderComponent","test_header_component","",""
"","489","[WEB Component] Should navigate to main page by click on header logo","tests.web.component.base","Mon May 18 08:34:36 UTC 2026","passed","Mon May 18 08:34:36 UTC 2026","TestHeaderComponent","test_header_component","",""
"","346","[API] Update user should return 200_OK when send update user request with valid data. Case: 'birth_month' = 12","tests.api.user","Mon May 18 08:33:34 UTC 2026","passed","Mon May 18 08:33:34 UTC 2026","TestUpdateUserApi","test_update_user","",""
"","0","[WEB] Sign up with invalid data. Case: 'first_name' length = min + 1","tests.web.component.auth","Mon May 18 08:34:18 UTC 2026","skipped","Mon May 18 08:34:18 UTC 2026","TestSignUpWeb","test_signup_component","",""
"","0","[WEB Component] Pay with invalid card should show error message. Case: card number contains special characters","tests.web.component.payment","Mon May 18 08:44:07 UTC 2026","skipped","Mon May 18 08:44:07 UTC 2026","TestPaymentComponent","test_payment_component","",""
"","3503","[WEB] Sign up with valid data. Case: 'address1' length = min + 1","tests.web.component.auth","Mon May 18 08:47:42 UTC 2026","passed","Mon May 18 08:47:46 UTC 2026","TestSignUpWeb","test_signup_component","",""
"","0","[API] Update user should return 400_BAD_REQUEST when send update user request with invalid data. Case: 'last_name' is absent","tests.api.user","Mon May 18 08:33:46 UTC 2026","skipped","Mon May 18 08:33:46 UTC 2026","TestUpdateUserApi","test_update_user","",""
"","0","[WEB Component] Pay with invalid card should show error message. Case: expiry month = 00","tests.web.component.payment","Mon May 18 08:44:07 UTC 2026","skipped","Mon May 18 08:44:07 UTC 2026","TestPaymentComponent","test_payment_component","",""
"","0","[WEB] Should not add product review with invalid data. Case: 'name' length = min - 1","tests.web.component.review","Mon May 18 08:51:52 UTC 2026","skipped","Mon May 18 08:51:52 UTC 2026","TestReviewComponent","test_review_component","",""
"","279","[API] Update user should return 200_OK when send update user request with valid data. Case: 'birth_year' = 1","tests.api.user","Mon May 18 08:33:35 UTC 2026","passed","Mon May 18 08:33:35 UTC 2026","TestUpdateUserApi","test_update_user","",""
"","0","[API] Create user should return 400_BAD_REQUEST when send create user request with invalid data. Case: 'address1' length = max + 1","tests.api.user","Mon May 18 08:33:16 UTC 2026","skipped","Mon May 18 08:33:16 UTC 2026","TestCreateUserApi","test_create_user","",""
"","252","[API] Update user should return 200_OK when send update user request with valid data. Case: 'first_name' length = min + 1","tests.api.user","Mon May 18 08:33:23 UTC 2026","passed","Mon May 18 08:33:24 UTC 2026","TestUpdateUserApi","test_update_user","",""
"","0","[WEB] Sign up with invalid data. Case: 'city' length = min","tests.web.component.auth","Mon May 18 08:34:18 UTC 2026","skipped","Mon May 18 08:34:18 UTC 2026","TestSignUpWeb","test_signup_component","",""
"","539","[WEB Component] Animated product card should have expected data","tests.web.component.product","Mon May 18 08:58:02 UTC 2026","passed","Mon May 18 08:58:03 UTC 2026","TestAnimatedProductCard","test_animated_product_card_component","",""
"","473","[API] Update user should return 200_OK when send update user request with valid data. Case: 'mobile_number' length = min + 1","tests.api.user","Mon May 18 08:33:29 UTC 2026","passed","Mon May 18 08:33:30 UTC 2026","TestUpdateUserApi","test_update_user","",""
"","0","[WEB] Sign up with invalid data. Case: 'state' length = max","tests.web.component.auth","Mon May 18 08:34:18 UTC 2026","skipped","Mon May 18 08:34:18 UTC 2026","TestSignUpWeb","test_signup_component","",""
"","442","[WEB Component] Should remove product from cart","tests.web.component.product","Mon May 18 08:47:30 UTC 2026","passed","Mon May 18 08:47:31 UTC 2026","TestProductItem","test_product_item","",""
"","167","[API] Create user should return 200_OK when send create user request with valid data. Case: 'birth_day' length = 31","tests.api.user","Mon May 18 08:33:25 UTC 2026","passed","Mon May 18 08:33:25 UTC 2026","TestCreateUserApi","test_create_user","",""
"","156","[API] Create user should return 200_OK when send create user request with valid data. Case: 'name' length = max - 1","tests.api.user","Mon May 18 08:33:19 UTC 2026","passed","Mon May 18 08:33:20 UTC 2026","TestCreateUserApi","test_create_user","",""
"","251","[API] Update user should return 200_OK when send update user request with valid data. Case: 'address2' length = min + 1","tests.api.user","Mon May 18 08:33:40 UTC 2026","passed","Mon May 18 08:33:41 UTC 2026","TestUpdateUserApi","test_update_user","",""
"","543","[WEB] Should add product review with valid data. Case: 'email' username is numerical","tests.web.component.review","Mon May 18 08:51:23 UTC 2026","passed","Mon May 18 08:51:24 UTC 2026","TestReviewComponent","test_review_component","",""
"","151","[API] Create user should return 200_OK when send create user request with valid data. Case: 'birth_day' = 1","tests.api.user","Mon May 18 08:33:25 UTC 2026","passed","Mon May 18 08:33:25 UTC 2026","TestCreateUserApi","test_create_user","",""
"","0","[API] Create user should return 400_BAD_REQUEST when send create user request with invalid data. Case: 'mobile_number' length = max + 1","tests.api.user","Mon May 18 08:33:16 UTC 2026","skipped","Mon May 18 08:33:16 UTC 2026","TestCreateUserApi","test_create_user","",""
"","695","[WEB] Should add product review with valid data. Case: 'message' length = min","tests.web.component.review","Mon May 18 08:53:03 UTC 2026","passed","Mon May 18 08:53:04 UTC 2026","TestReviewComponent","test_review_component","",""
"","149","[API] Create user should return 200_OK when send create user request with valid data. Case: 'address2' length = min","tests.api.user","Mon May 18 08:33:33 UTC 2026","passed","Mon May 18 08:33:33 UTC 2026","TestCreateUserApi","test_create_user","",""
"","0","[WEB Component] Pay with invalid card should show error message. Case: name is empty","tests.web.component.payment","Mon May 18 08:44:07 UTC 2026","skipped","Mon May 18 08:44:07 UTC 2026","TestPaymentComponent","test_payment_component","",""
"","4573","[WEB] Sign up with valid data. Case: 'address1' length = max","tests.web.component.auth","Mon May 18 08:48:22 UTC 2026","passed","Mon May 18 08:48:27 UTC 2026","TestSignUpWeb","test_signup_component","",""
"","0","[WEB] Sign up with invalid data. Case: 'zipcode' length = min","tests.web.component.auth","Mon May 18 08:34:18 UTC 2026","skipped","Mon May 18 08:34:18 UTC 2026","TestSignUpWeb","test_signup_component","",""
"","271","[API] Update user should return 200_OK when send update user request with valid data. Case: 'zipcode' length = min + 1","tests.api.user","Mon May 18 08:33:44 UTC 2026","passed","Mon May 18 08:33:44 UTC 2026","TestUpdateUserApi","test_update_user","",""
"","0","[WEB] Sign up with invalid data. Case: 'zipcode' length = min + 1","tests.web.component.auth","Mon May 18 08:34:18 UTC 2026","skipped","Mon May 18 08:34:18 UTC 2026","TestSignUpWeb","test_signup_component","",""
"","0","[API] Create user should return 400_BAD_REQUEST when send create user request with invalid data. Case: 'email' contains '-' after '@'","tests.api.user","Mon May 18 08:33:16 UTC 2026","skipped","Mon May 18 08:33:16 UTC 2026","TestCreateUserApi","test_create_user","",""
"","0","[API] Create user should return 400_BAD_REQUEST when send create user request with invalid data. Case: 'birth_year' is invalid positive","tests.api.user","Mon May 18 08:33:16 UTC 2026","skipped","Mon May 18 08:33:16 UTC 2026","TestCreateUserApi","test_create_user","",""
"","0","[API] Update user should return 400_BAD_REQUEST when send update user request with invalid data. Case: 'birth_month' is absent","tests.api.user","Mon May 18 08:33:46 UTC 2026","skipped","Mon May 18 08:33:46 UTC 2026","TestUpdateUserApi","test_update_user","",""
"","427","[WEB Component] Delivery address has expected data","tests.web.component.address","Mon May 18 08:54:24 UTC 2026","passed","Mon May 18 08:54:24 UTC 2026","TestAddressComponent","test_address_component","",""
"","0","[WEB] Sign up with invalid data. Case: 'state' length = max - 1","tests.web.component.auth","Mon May 18 08:34:18 UTC 2026","skipped","Mon May 18 08:34:18 UTC 2026","TestSignUpWeb","test_signup_component","",""
"","0","[WEB Component] Pay with invalid card should show error message. Case: name length = min - 1","tests.web.component.payment","Mon May 18 08:44:07 UTC 2026","skipped","Mon May 18 08:44:07 UTC 2026","TestPaymentComponent","test_payment_component","",""
"","769","[WEB] Should add product review with valid data. Case: 'email' contains subdomain","tests.web.component.review","Mon May 18 08:50:31 UTC 2026","passed","Mon May 18 08:50:32 UTC 2026","TestReviewComponent","test_review_component","",""
"","157","Get brands should return 200_OK when send get brands request","tests.api.brand","Mon May 18 08:33:18 UTC 2026","passed","Mon May 18 08:33:18 UTC 2026","TestBrandApi","test_brand","",""
"","257","[API] Update user should return 200_OK when send update user request with valid data. Case: 'address1' length = min","tests.api.user","Mon May 18 08:33:36 UTC 2026","passed","Mon May 18 08:33:37 UTC 2026","TestUpdateUserApi","test_update_user","",""
"","0","[WEB] Sign up with invalid data. Case: 'zipcode' length = max - 1","tests.web.component.auth","Mon May 18 08:34:18 UTC 2026","skipped","Mon May 18 08:34:18 UTC 2026","TestSignUpWeb","test_signup_component","",""
"","319","[API] Create user should return 200_OK when send create user request with valid data. Case: 'last_name' length = max - 1","tests.api.user","Mon May 18 08:33:22 UTC 2026","passed","Mon May 18 08:33:23 UTC 2026","TestCreateUserApi","test_create_user","",""
"","263","[API] Update user should return 200_OK when send update user request with valid data. Case: 'mobile_number' length = min","tests.api.user","Mon May 18 08:33:29 UTC 2026","passed","Mon May 18 08:33:29 UTC 2026","TestUpdateUserApi","test_update_user","",""
"","3495","[WEB] Sign up with valid data. Case: 'address1' length = min","tests.web.component.auth","Mon May 18 08:47:20 UTC 2026","passed","Mon May 18 08:47:23 UTC 2026","TestSignUpWeb","test_signup_component","",""
"","1331","[WEB Component] Search filter should have expected screenshot","tests.web.component.filter","Mon May 18 08:57:34 UTC 2026","passed","Mon May 18 08:57:35 UTC 2026","TestSearchFilter","test_search_filter","",""
"","146","[API] Create user should return 200_OK when send create user request with valid data. Case: 'company' length = max - 1","tests.api.user","Mon May 18 08:33:27 UTC 2026","passed","Mon May 18 08:33:28 UTC 2026","TestCreateUserApi","test_create_user","",""
"","1","[WEB Component] Pay with invalid card should show error message. Case: card number contains spaces","tests.web.component.payment","Mon May 18 08:44:07 UTC 2026","skipped","Mon May 18 08:44:07 UTC 2026","TestPaymentComponent","test_payment_component","",""
"","0","[API] Update user should return 400_BAD_REQUEST when send update user request with invalid data. Case: 'email' not contains '@' symbol","tests.api.user","Mon May 18 08:33:46 UTC 2026","skipped","Mon May 18 08:33:46 UTC 2026","TestUpdateUserApi","test_update_user","",""
"","0","[API] Create user should return 400_BAD_REQUEST when send create user request with invalid data. Case: 'mobile_number' is absent","tests.api.user","Mon May 18 08:33:16 UTC 2026","skipped","Mon May 18 08:33:16 UTC 2026","TestCreateUserApi","test_create_user","",""
"","0","[WEB Component] Pay with invalid card should show error message. Case: cvc contains letters","tests.web.component.payment","Mon May 18 08:44:07 UTC 2026","skipped","Mon May 18 08:44:07 UTC 2026","TestPaymentComponent","test_payment_component","",""
"","183","[API] Create user should return 200_OK when send create user request with valid data. Case: 'city' length = max - 1","tests.api.user","Mon May 18 08:33:31 UTC 2026","passed","Mon May 18 08:33:31 UTC 2026","TestCreateUserApi","test_create_user","",""
"","0","[API] Create user should return 400_BAD_REQUEST when send create user request with invalid data. Case: 'birth_day' is absent","tests.api.user","Mon May 18 08:33:16 UTC 2026","skipped","Mon May 18 08:33:16 UTC 2026","TestCreateUserApi","test_create_user","",""
"","0","[WEB] Should not add product review with invalid data. Case: 'email' contains domain with one letter","tests.web.component.review","Mon May 18 08:51:52 UTC 2026","skipped","Mon May 18 08:51:52 UTC 2026","TestReviewComponent","test_review_component","",""
"","1546","[WEB Component] Image Carousel should show last image when scroll left on first image","tests.web.component.carousel","Mon May 18 08:56:21 UTC 2026","passed","Mon May 18 08:56:23 UTC 2026","TestImageCarousel","test_image_carousel","",""
"","830","[API] Login should return 200_OK when send login request with valid data and contains csrf cookie","tests.api.auth","Mon May 18 08:33:17 UTC 2026","passed","Mon May 18 08:33:18 UTC 2026","TestAuthApi","test_auth","",""
"","3150","[WEB] Sign up with valid data. Case: 'mobile_number' length = min + 1","tests.web.component.auth","Mon May 18 08:39:33 UTC 2026","passed","Mon May 18 08:39:36 UTC 2026","TestSignUpWeb","test_signup_component","",""
"","985","[WEB Component] Category filter should have expected screenshot when collapsed","tests.web.component.filter","Mon May 18 08:56:46 UTC 2026","passed","Mon May 18 08:56:47 UTC 2026","TestCategoryFilter","test_category_filter","",""
"","3221","[WEB] Sign up with valid data. Case: 'company' length = min + 1","tests.web.component.auth","Mon May 18 08:43:12 UTC 2026","passed","Mon May 18 08:43:16 UTC 2026","TestSignUpWeb","test_signup_component","",""
"","2251","[WEB Component] Order placed page should have expected screenshot","tests.web.component.payment","Mon May 18 08:57:57 UTC 2026","passed","Mon May 18 08:57:59 UTC 2026","TestPaymentComponent","test_invoice_file","",""
"","568","[WEB] Should add product review with valid data. Case: 'email' username contains only underscore '-'","tests.web.component.review","Mon May 18 08:52:02 UTC 2026","passed","Mon May 18 08:52:03 UTC 2026","TestReviewComponent","test_review_component","",""
"","1873","[WEB Component] Product carousel should have expected product","tests.web.component.carousel","Mon May 18 08:38:16 UTC 2026","failed","Mon May 18 08:38:18 UTC 2026","TestProductCarousel","test_product_carousel","",""
"","0","[API] Create user should return 400_BAD_REQUEST when send create user request with invalid data. Case: 'address2' length = min - 1","tests.api.user","Mon May 18 08:33:16 UTC 2026","skipped","Mon May 18 08:33:16 UTC 2026","TestCreateUserApi","test_create_user","",""
"","634","[WEB Component] Add product notification should be closed when click on close button","tests.web.component.base","Mon May 18 08:37:13 UTC 2026","passed","Mon May 18 08:37:14 UTC 2026","TestNotificationComponent","test_notification_component","",""
"","962","[WEB] Should add product review with valid data. Case: 'name' length = min","tests.web.component.review","Mon May 18 08:48:51 UTC 2026","passed","Mon May 18 08:48:52 UTC 2026","TestReviewComponent","test_review_component","",""
"","3900","[WEB] Sign up with valid data. Case: 'name' length = max","tests.web.component.auth","Mon May 18 08:35:47 UTC 2026","passed","Mon May 18 08:35:51 UTC 2026","TestSignUpWeb","test_signup_component","",""
"","292","[API] Update user should return 200_OK when send update user request with valid data. Case: 'last_name' length = min + 1","tests.api.user","Mon May 18 08:33:26 UTC 2026","passed","Mon May 18 08:33:27 UTC 2026","TestUpdateUserApi","test_update_user","",""
"","0","[WEB] Sign up with invalid data. Case: 'mobile_number' length = max","tests.web.component.auth","Mon May 18 08:34:18 UTC 2026","skipped","Mon May 18 08:34:18 UTC 2026","TestSignUpWeb","test_signup_component","",""
"","0","[API] Create user should return 400_BAD_REQUEST when send create user request with invalid data. Case: 'company' is empty","tests.api.user","Mon May 18 08:33:16 UTC 2026","skipped","Mon May 18 08:33:16 UTC 2026","TestCreateUserApi","test_create_user","",""
"","0","[WEB] Sign up with invalid data. Case: 'mobile_number' length = min","tests.web.component.auth","Mon May 18 08:34:18 UTC 2026","skipped","Mon May 18 08:34:18 UTC 2026","TestSignUpWeb","test_signup_component","",""
"","232","[API] Create user should return 200_OK when send create user request with valid data. Case: 'name' length = max","tests.api.user","Mon May 18 08:33:20 UTC 2026","passed","Mon May 18 08:33:20 UTC 2026","TestCreateUserApi","test_create_user","",""
"","0","[API] Update user should return 400_BAD_REQUEST when send update user request with invalid data. Case: 'state' is empty","tests.api.user","Mon May 18 08:33:46 UTC 2026","skipped","Mon May 18 08:33:46 UTC 2026","TestUpdateUserApi","test_update_user","",""
"","3455","[WEB] Sign up with valid data. Case: 'city' length = max","tests.web.component.auth","Mon May 18 08:46:58 UTC 2026","passed","Mon May 18 08:47:01 UTC 2026","TestSignUpWeb","test_signup_component","",""
"","0","[WEB] Should not add product review with invalid data. Case: 'message' length = min","tests.web.component.review","Mon May 18 08:51:52 UTC 2026","skipped","Mon May 18 08:51:52 UTC 2026","TestReviewComponent","test_review_component","",""
"","293","[API] Update user should return 200_OK when send update user request with valid data. Case: 'first_name' length = max","tests.api.user","Mon May 18 08:33:25 UTC 2026","passed","Mon May 18 08:33:25 UTC 2026","TestUpdateUserApi","test_update_user","",""
"","180","[API] Create user should return 200_OK when send create user request with valid data. Case: 'address1' length = min + 1","tests.api.user","Mon May 18 08:33:32 UTC 2026","passed","Mon May 18 08:33:32 UTC 2026","TestCreateUserApi","test_create_user","",""
"","2573","[WEB Component] Image Carousel should show previous image when scroll left","tests.web.component.carousel","Mon May 18 08:55:40 UTC 2026","passed","Mon May 18 08:55:42 UTC 2026","TestImageCarousel","test_image_carousel","",""
"","1764","[WEB] Should add product review with valid data. Case: 'message' length = max","tests.web.component.review","Mon May 18 08:51:50 UTC 2026","passed","Mon May 18 08:51:52 UTC 2026","TestReviewComponent","test_review_component","",""
"","153","[API] Create user should return 200_OK when send create user request with valid data. Case: 'city' length = min + 1","tests.api.user","Mon May 18 08:33:30 UTC 2026","passed","Mon May 18 08:33:30 UTC 2026","TestCreateUserApi","test_create_user","",""
"","0","[API] Create user should return 400_BAD_REQUEST when send create user request with invalid data. Case: 'email' contains only special symbols","tests.api.user","Mon May 18 08:33:16 UTC 2026","skipped","Mon May 18 08:33:16 UTC 2026","TestCreateUserApi","test_create_user","",""
"","3101","[WEB] Sign up with valid data. Case: 'last_name' length = min + 1","tests.web.component.auth","Mon May 18 08:38:04 UTC 2026","passed","Mon May 18 08:38:07 UTC 2026","TestSignUpWeb","test_signup_component","",""
"","0","[API] Update user should return 400_BAD_REQUEST when send update user request with invalid data. Case: 'mobile_number' is absent","tests.api.user","Mon May 18 08:33:46 UTC 2026","skipped","Mon May 18 08:33:46 UTC 2026","TestUpdateUserApi","test_update_user","",""
"","3535","[WEB] Sign up with valid data. Case: 'birth_day' = 1","tests.web.component.auth","Mon May 18 08:40:39 UTC 2026","passed","Mon May 18 08:40:42 UTC 2026","TestSignUpWeb","test_signup_component","",""
"","0","[WEB Component] Pay with invalid card should show error message. Case: card number contains dashes","tests.web.component.payment","Mon May 18 08:44:07 UTC 2026","skipped","Mon May 18 08:44:07 UTC 2026","TestPaymentComponent","test_payment_component","",""
"","1717","[WEB Component] Should increase product item quantity","tests.web.component.product","Mon May 18 08:47:07 UTC 2026","passed","Mon May 18 08:47:09 UTC 2026","TestProductItem","test_product_item","",""
"","0","[API] Update user should return 400_BAD_REQUEST when send update user request with invalid data. Case: 'birth_year' is invalid positive","tests.api.user","Mon May 18 08:33:46 UTC 2026","skipped","Mon May 18 08:33:46 UTC 2026","TestUpdateUserApi","test_update_user","",""
"","330","[WEB Component] Should add product to cart when click on add to cart button","tests.web.component.product","Mon May 18 08:44:25 UTC 2026","passed","Mon May 18 08:44:25 UTC 2026","TestAnimatedProductCard","test_animated_product_card_component","",""
"","2276","[WEB Component] Products Carousel should show next products when scroll right","tests.web.component.carousel","Mon May 18 08:56:04 UTC 2026","passed","Mon May 18 08:56:07 UTC 2026","TestProductCarousel","test_product_carousel","",""
"","0","[WEB Component] Pay with invalid card should show error message. Case: card number all zeros","tests.web.component.payment","Mon May 18 08:44:07 UTC 2026","skipped","Mon May 18 08:44:07 UTC 2026","TestPaymentComponent","test_payment_component","",""
"","1354","[WEB Component] Should open product page when click on view product button","tests.web.component.product","Mon May 18 08:45:06 UTC 2026","passed","Mon May 18 08:45:07 UTC 2026","TestAnimatedProductCard","test_animated_product_card_component","",""
"","0","[WEB] Should not add product review with invalid data. Case: 'name' is absent","tests.web.component.review","Mon May 18 08:51:52 UTC 2026","skipped","Mon May 18 08:51:52 UTC 2026","TestReviewComponent","test_review_component","",""
"","267","[API] Update user should return 200_OK when send update user request with valid data. Case: 'company' length = max","tests.api.user","Mon May 18 08:33:39 UTC 2026","passed","Mon May 18 08:33:40 UTC 2026","TestUpdateUserApi","test_update_user","",""
"","242","[API] Create user should return 200_OK when send create user request with valid data. Case: 'address1' length = max - 1","tests.api.user","Mon May 18 08:33:32 UTC 2026","passed","Mon May 18 08:33:32 UTC 2026","TestCreateUserApi","test_create_user","",""
"","214","[API] Create user should return 200_OK when send create user request with valid data. Case: 'first_name' length = max","tests.api.user","Mon May 18 08:33:21 UTC 2026","passed","Mon May 18 08:33:22 UTC 2026","TestCreateUserApi","test_create_user","",""
"","0","[API] Update user should return 400_BAD_REQUEST when send update user request with invalid data. Case: 'city' length = min - 1","tests.api.user","Mon May 18 08:33:46 UTC 2026","skipped","Mon May 18 08:33:46 UTC 2026","TestUpdateUserApi","test_update_user","",""
"","201","[API] Create user should return 400_BAD_REQUEST when send create user request with existing email","tests.api.user","Mon May 18 08:33:17 UTC 2026","passed","Mon May 18 08:33:17 UTC 2026","TestCreateUserApi","test_create_user","",""
"","0","[API] Update user should return 400_BAD_REQUEST when send update user request with invalid data. Case: 'zipcode' length = max + 1","tests.api.user","Mon May 18 08:33:46 UTC 2026","skipped","Mon May 18 08:33:46 UTC 2026","TestUpdateUserApi","test_update_user","",""
"","3316","[WEB] Sign up with valid data. Case: 'mobile_number' length = max","tests.web.component.auth","Mon May 18 08:40:17 UTC 2026","passed","Mon May 18 08:40:20 UTC 2026","TestSignUpWeb","test_signup_component","",""
"","0","[WEB] Sign up with invalid data. Case: 'address1' length = max","tests.web.component.auth","Mon May 18 08:34:18 UTC 2026","skipped","Mon May 18 08:34:18 UTC 2026","TestSignUpWeb","test_signup_component","",""
"","212","[API] Create user should return 200_OK when send create user request with valid data. Case: 'state' length = min","tests.api.user","Mon May 18 08:33:28 UTC 2026","passed","Mon May 18 08:33:28 UTC 2026","TestCreateUserApi","test_create_user","",""
"","0","[API] Update user should return 400_BAD_REQUEST when send update user request with invalid data. Case: 'birth_year' is negative","tests.api.user","Mon May 18 08:33:46 UTC 2026","skipped","Mon May 18 08:33:46 UTC 2026","TestUpdateUserApi","test_update_user","",""
"","0","[WEB] Sign up with invalid data. Case: 'last_name' length = min","tests.web.component.auth","Mon May 18 08:34:18 UTC 2026","skipped","Mon May 18 08:34:18 UTC 2026","TestSignUpWeb","test_signup_component","",""
"","0","[API] Create user should return 400_BAD_REQUEST when send create user request with invalid data. Case: 'zipcode' length = min - 1","tests.api.user","Mon May 18 08:33:16 UTC 2026","skipped","Mon May 18 08:33:16 UTC 2026","TestCreateUserApi","test_create_user","",""
"","384","[API] Update user should return 200_OK when send update user request with valid data. Case: 'name' length = min + 1","tests.api.user","Mon May 18 08:33:21 UTC 2026","passed","Mon May 18 08:33:21 UTC 2026","TestUpdateUserApi","test_update_user","",""
"","0","[API] Create user should return 400_BAD_REQUEST when send create user request with invalid data. Case: 'email' contains username hieroglyphs instead of username","tests.api.user","Mon May 18 08:33:16 UTC 2026","skipped","Mon May 18 08:33:16 UTC 2026","TestCreateUserApi","test_create_user","",""
"","1729","[WEB Component] Pay with valid card should show success status message. Case: valid: name min length","tests.web.component.payment","Mon May 18 08:40:56 UTC 2026","passed","Mon May 18 08:40:58 UTC 2026","TestPaymentComponent","test_payment_component","",""
"","295","[API] Update user should return 200_OK when send update user request with valid data. Case: 'mobile_number' length = max","tests.api.user","Mon May 18 08:33:31 UTC 2026","passed","Mon May 18 08:33:31 UTC 2026","TestUpdateUserApi","test_update_user","",""
"","1998","[WEB Component] Search filter should return all products when filter by empty query","tests.web.component.filter","Mon May 18 08:39:28 UTC 2026","passed","Mon May 18 08:39:30 UTC 2026","TestSearchFilter","test_search_filter","",""
"","0","[WEB Component] Pay with invalid card should show error message. Case: card number contains letters","tests.web.component.payment","Mon May 18 08:44:07 UTC 2026","skipped","Mon May 18 08:44:07 UTC 2026","TestPaymentComponent","test_payment_component","",""
"","1670","[WEB Component] Pay with valid card should show success status message. Case: valid: common latin name","tests.web.component.payment","Mon May 18 08:41:37 UTC 2026","passed","Mon May 18 08:41:39 UTC 2026","TestPaymentComponent","test_payment_component","",""
"","5294","Purchase products with login while checkout","tests.web.e2e","Mon May 18 08:53:31 UTC 2026","passed","Mon May 18 08:53:36 UTC 2026","TestPlaceOrder","test_place_order","",""
"","298","[API] Update user should return 200_OK when send update user request with valid data. Case: 'first_name' length = max - 1","tests.api.user","Mon May 18 08:33:24 UTC 2026","passed","Mon May 18 08:33:24 UTC 2026","TestUpdateUserApi","test_update_user","",""
"","0","[API] Update user should return 400_BAD_REQUEST when send update user request with invalid data. Case: 'name' is absent","tests.api.user","Mon May 18 08:33:46 UTC 2026","skipped","Mon May 18 08:33:46 UTC 2026","TestUpdateUserApi","test_update_user","",""
"","0","[API] Create user should return 400_BAD_REQUEST when send create user request with invalid data. Case: 'first_name' is absent","tests.api.user","Mon May 18 08:33:36 UTC 2026","skipped","Mon May 18 08:33:36 UTC 2026","TestCreateUserApi","test_create_user","",""
"","228","[API] Update user should return 200_OK when send update user request with valid data. Case: 'zipcode' length = max","tests.api.user","Mon May 18 08:33:46 UTC 2026","passed","Mon May 18 08:33:46 UTC 2026","TestUpdateUserApi","test_update_user","",""
"","0","[API] Create user should return 400_BAD_REQUEST when send create user request with invalid data. Case: 'mobile_number' is empty","tests.api.user","Mon May 18 08:33:16 UTC 2026","skipped","Mon May 18 08:33:16 UTC 2026","TestCreateUserApi","test_create_user","",""
"","3129","[WEB] Sign up with valid data. Case: 'last_name' length = min","tests.web.component.auth","Mon May 18 08:37:42 UTC 2026","passed","Mon May 18 08:37:45 UTC 2026","TestSignUpWeb","test_signup_component","",""
"","228","[API] Update user should return 200_OK when send update user request with valid data. Case: 'first_name' length = min","tests.api.user","Mon May 18 08:33:23 UTC 2026","passed","Mon May 18 08:33:23 UTC 2026","TestUpdateUserApi","test_update_user","",""
"","0","[API] Create user should return 400_BAD_REQUEST when send create user request with invalid data. Case: 'zipcode' is absent","tests.api.user","Mon May 18 08:33:16 UTC 2026","skipped","Mon May 18 08:33:16 UTC 2026","TestCreateUserApi","test_create_user","",""
"","0","[WEB] Should not add product review with invalid data. Case: 'email' not contains '@' symbol","tests.web.component.review","Mon May 18 08:51:52 UTC 2026","skipped","Mon May 18 08:51:52 UTC 2026","TestReviewComponent","test_review_component","",""
"","737","[WEB] Should add product review with valid data. Case: 'name' length = max - 1","tests.web.component.review","Mon May 18 08:49:33 UTC 2026","passed","Mon May 18 08:49:34 UTC 2026","TestReviewComponent","test_review_component","",""
"","219","[API] Get user should return 404_NOT_FOUND when send get user request and user not exists","tests.api.user","Mon May 18 08:33:19 UTC 2026","passed","Mon May 18 08:33:19 UTC 2026","TestGetUserApi","test_get_user","",""
"","3217","[WEB] Sign up with valid data. Case: 'zipcode' length = min","tests.web.component.auth","Mon May 18 08:50:20 UTC 2026","passed","Mon May 18 08:50:23 UTC 2026","TestSignUpWeb","test_signup_component","",""
"","0","[WEB Component] Pay with invalid card should show error message. Case: name contains newline","tests.web.component.payment","Mon May 18 08:44:07 UTC 2026","skipped","Mon May 18 08:44:07 UTC 2026","TestPaymentComponent","test_payment_component","",""
"","162","[API] Create user should return 200_OK when send create user request with valid data. Case: 'birth_year' = 1","tests.api.user","Mon May 18 08:33:26 UTC 2026","passed","Mon May 18 08:33:26 UTC 2026","TestCreateUserApi","test_create_user","",""
"","3269","[WEB] Sign up with valid data. Case: 'birth_year' = 10000","tests.web.component.auth","Mon May 18 08:42:29 UTC 2026","passed","Mon May 18 08:42:32 UTC 2026","TestSignUpWeb","test_signup_component","",""
"","9806","[WEB Component] Category filter group should be collapsed after expand another group","tests.web.component.filter","Mon May 18 08:57:45 UTC 2026","failed","Mon May 18 08:57:55 UTC 2026","TestCategoryFilter","test_category_filter","",""
"","0","[API] Update user should return 400_BAD_REQUEST when send update user request with invalid data. Case: 'city' length = max + 1","tests.api.user","Mon May 18 08:33:46 UTC 2026","skipped","Mon May 18 08:33:46 UTC 2026","TestUpdateUserApi","test_update_user","",""
"","409","[WEB Component] Header has expected screenshot","tests.web.component.base","Mon May 18 08:54:44 UTC 2026","passed","Mon May 18 08:54:44 UTC 2026","TestHeaderComponent","test_header_component","",""
"","0","[API] Update user should return 400_BAD_REQUEST when send update user request with invalid data. Case: 'state' is absent","tests.api.user","Mon May 18 08:33:46 UTC 2026","skipped","Mon May 18 08:33:46 UTC 2026","TestUpdateUserApi","test_update_user","",""
"","284","[API] Create user should return 200_OK when send create user request with valid data. Case: 'state' length = max","tests.api.user","Mon May 18 08:33:29 UTC 2026","passed","Mon May 18 08:33:30 UTC 2026","TestCreateUserApi","test_create_user","",""
"","3686","[WEB] Sign up with valid data. Case: 'city' length = min","tests.web.component.auth","Mon May 18 08:45:51 UTC 2026","passed","Mon May 18 08:45:55 UTC 2026","TestSignUpWeb","test_signup_component","",""
"","0","[WEB Component] Pay with invalid card should show error message. Case: name contains emoji","tests.web.component.payment","Mon May 18 08:44:07 UTC 2026","skipped","Mon May 18 08:44:07 UTC 2026","TestPaymentComponent","test_payment_component","",""
"","0","[API] Create user should return 400_BAD_REQUEST when send create user request with invalid data. Case: 'birth_month' is invalid positive","tests.api.user","Mon May 18 08:33:16 UTC 2026","skipped","Mon May 18 08:33:16 UTC 2026","TestCreateUserApi","test_create_user","",""
"","0","[API] Create user should return 400_BAD_REQUEST when send create user request with invalid data. Case: 'state' is empty","tests.api.user","Mon May 18 08:33:16 UTC 2026","skipped","Mon May 18 08:33:16 UTC 2026","TestCreateUserApi","test_create_user","",""
"","0","[API] Update user should return 400_BAD_REQUEST when send update user request with invalid data. Case: 'mobile_number' is empty","tests.api.user","Mon May 18 08:33:46 UTC 2026","skipped","Mon May 18 08:33:46 UTC 2026","TestUpdateUserApi","test_update_user","",""
"","0","[WEB] Should not add product review with invalid data. Case: 'email' contains username hieroglyphs instead of username","tests.web.component.review","Mon May 18 08:51:52 UTC 2026","skipped","Mon May 18 08:51:52 UTC 2026","TestReviewComponent","test_review_component","",""
"","0","[WEB] Sign up with invalid data. Case: 'state' length = min + 1","tests.web.component.auth","Mon May 18 08:34:18 UTC 2026","skipped","Mon May 18 08:34:18 UTC 2026","TestSignUpWeb","test_signup_component","",""
"","517","[WEB Component] Should delete user name by click on 'Delete Account' button","tests.web.component.base","Mon May 18 08:36:35 UTC 2026","passed","Mon May 18 08:36:35 UTC 2026","TestHeaderComponent","test_header_component","",""
"","278","[API] Update user should return 200_OK when send update user request with valid data. Case: 'state' length = min + 1","tests.api.user","Mon May 18 08:33:41 UTC 2026","passed","Mon May 18 08:33:41 UTC 2026","TestUpdateUserApi","test_update_user","",""
"","150","[API] Delete user should return 404_NOT_FOUND when send delete user request and user not exists","tests.api.user","Mon May 18 08:33:18 UTC 2026","passed","Mon May 18 08:33:19 UTC 2026","TestDeleteUserApi","test_delete_user","",""
"","3349","[WEB] Sign up with valid data. Case: 'name' length = max - 1","tests.web.component.auth","Mon May 18 08:35:25 UTC 2026","passed","Mon May 18 08:35:28 UTC 2026","TestSignUpWeb","test_signup_component","",""
"","0","[API] Create user should return 400_BAD_REQUEST when send create user request with invalid data. Case: 'name' length = max + 1","tests.api.user","Mon May 18 08:33:36 UTC 2026","skipped","Mon May 18 08:33:36 UTC 2026","TestCreateUserApi","test_create_user","",""
"","390","[WEB] Should have expected screenshot when not send review","tests.web.component.review","Mon May 18 08:59:03 UTC 2026","passed","Mon May 18 08:59:04 UTC 2026","TestReviewComponent","test_review_component","",""
"","0","[WEB Component] Pay with invalid card should show error message. Case: name contains leading spaces","tests.web.component.payment","Mon May 18 08:44:07 UTC 2026","skipped","Mon May 18 08:44:07 UTC 2026","TestPaymentComponent","test_payment_component","",""
"","2032","[WEB Component] Should add product to cart when click on add to cart button from overlay","tests.web.component.product","Mon May 18 08:44:44 UTC 2026","passed","Mon May 18 08:44:46 UTC 2026","TestAnimatedProductCard","test_animated_product_card_component","",""
"","150","[API] Get user should return 200_OK when send get user request and user exists","tests.api.user","Mon May 18 08:33:19 UTC 2026","passed","Mon May 18 08:33:19 UTC 2026","TestGetUserApi","test_get_user","",""
"","0","[API] Update user should return 400_BAD_REQUEST when send update user request with invalid data. Case: 'birth_day' is zero","tests.api.user","Mon May 18 08:33:46 UTC 2026","skipped","Mon May 18 08:33:46 UTC 2026","TestUpdateUserApi","test_update_user","",""
"","0","[API] Create user should return 400_BAD_REQUEST when send create user request with invalid data. Case: 'name' length = min - 1","tests.api.user","Mon May 18 08:33:36 UTC 2026","skipped","Mon May 18 08:33:36 UTC 2026","TestCreateUserApi","test_create_user","",""
"","0","[API] Create user should return 400_BAD_REQUEST when send create user request with invalid data. Case: 'birth_month' is zero","tests.api.user","Mon May 18 08:33:16 UTC 2026","skipped","Mon May 18 08:33:16 UTC 2026","TestCreateUserApi","test_create_user","",""
"","0","[WEB] Should not add product review with invalid data. Case: 'email' contains mail server as ip and port","tests.web.component.review","Mon May 18 08:51:52 UTC 2026","skipped","Mon May 18 08:51:52 UTC 2026","TestReviewComponent","test_review_component","",""
"","147","Should return user exists when user exists with email and password","tests.api.user","Mon May 18 08:33:47 UTC 2026","passed","Mon May 18 08:33:47 UTC 2026","TestVerifyLoginApi","test_verify_login","",""
"","0","[WEB] Sign up with invalid data. Case: 'first_name' length = min","tests.web.component.auth","Mon May 18 08:34:18 UTC 2026","skipped","Mon May 18 08:34:18 UTC 2026","TestSignUpWeb","test_signup_component","",""
"","403","[API] Update user should return 200_OK when send update user request with valid data. Case: 'city' length = max - 1","tests.api.user","Mon May 18 08:33:45 UTC 2026","passed","Mon May 18 08:33:45 UTC 2026","TestUpdateUserApi","test_update_user","",""
"","158","[API] Create user should return 200_OK when send create user request with valid data. Case: 'last_name' length = max","tests.api.user","Mon May 18 08:33:23 UTC 2026","passed","Mon May 18 08:33:23 UTC 2026","TestCreateUserApi","test_create_user","",""
"","0","[API] Create user should return 400_BAD_REQUEST when send create user request with invalid data. Case: 'birth_day' is zero","tests.api.user","Mon May 18 08:33:16 UTC 2026","skipped","Mon May 18 08:33:16 UTC 2026","TestCreateUserApi","test_create_user","",""
"","269","[API] Update user should return 200_OK when send update user request with valid data. Case: 'birth_year' = 10000","tests.api.user","Mon May 18 08:33:36 UTC 2026","passed","Mon May 18 08:33:36 UTC 2026","TestUpdateUserApi","test_update_user","",""
"","0","[API] Create user should return 400_BAD_REQUEST when send create user request with invalid data. Case: 'first_name' length = max + 1","tests.api.user","Mon May 18 08:33:16 UTC 2026","skipped","Mon May 18 08:33:16 UTC 2026","TestCreateUserApi","test_create_user","",""
"","2527","[WEB Component] Product details should have expected data","tests.web.component.product","Mon May 18 08:58:42 UTC 2026","passed","Mon May 18 08:58:45 UTC 2026","TestProductCard","test_product_details_component","",""
"","0","[API] Create user should return 400_BAD_REQUEST when send create user request with invalid data. Case: 'email' not contains domain","tests.api.user","Mon May 18 08:33:16 UTC 2026","skipped","Mon May 18 08:33:16 UTC 2026","TestCreateUserApi","test_create_user","",""
"","0","[API] Create user should return 400_BAD_REQUEST when send create user request with invalid data. Case: 'city' length = max + 1","tests.api.user","Mon May 18 08:33:16 UTC 2026","skipped","Mon May 18 08:33:16 UTC 2026","TestCreateUserApi","test_create_user","",""
"","257","[API] Update user should return 200_OK when send update user request with valid data. Case: 'name' length = max - 1","tests.api.user","Mon May 18 08:33:21 UTC 2026","passed","Mon May 18 08:33:22 UTC 2026","TestUpdateUserApi","test_update_user","",""
"","0","[WEB] Sign up with invalid data. Case: 'address1' length = max - 1","tests.web.component.auth","Mon May 18 08:34:18 UTC 2026","skipped","Mon May 18 08:34:18 UTC 2026","TestSignUpWeb","test_signup_component","",""
"","244","[API] Update user should return 200_OK when send update user request with valid data. Case: 'city' length = min + 1","tests.api.user","Mon May 18 08:33:44 UTC 2026","passed","Mon May 18 08:33:44 UTC 2026","TestUpdateUserApi","test_update_user","",""
"","155","[API] Create user should return 200_OK when send create user request with valid data. Case: 'company' length = min","tests.api.user","Mon May 18 08:33:27 UTC 2026","passed","Mon May 18 08:33:27 UTC 2026","TestCreateUserApi","test_create_user","",""
"","0","[API] Create user should return 400_BAD_REQUEST when send create user request with invalid data. Case: 'zipcode' has invalid format","tests.api.user","Mon May 18 08:33:16 UTC 2026","skipped","Mon May 18 08:33:16 UTC 2026","TestCreateUserApi","test_create_user","",""
"","592","[WEB Component] Should add product to cart when click on add to cart button","tests.web.component.product","Mon May 18 08:45:26 UTC 2026","passed","Mon May 18 08:45:27 UTC 2026","TestProductCard","test_product_card_component","",""
"","0","[WEB Component] Pay with invalid card should show error message. Case: expiry year contains letters","tests.web.component.payment","Mon May 18 08:44:07 UTC 2026","skipped","Mon May 18 08:44:07 UTC 2026","TestPaymentComponent","test_payment_component","",""
"","1576","[WEB Component] Page scroller scroll page to top","tests.web.component.base","Mon May 18 08:54:41 UTC 2026","passed","Mon May 18 08:54:43 UTC 2026","TestPageScrollerComponent","test_page_scroller_component","",""
"","0","[API] Create user should return 400_BAD_REQUEST when send create user request with invalid data. Case: 'email' contains '.' before dog symbol","tests.api.user","Mon May 18 08:33:16 UTC 2026","skipped","Mon May 18 08:33:16 UTC 2026","TestCreateUserApi","test_create_user","",""
"","1225","[WEB Component] Product item should have expected data","tests.web.component.product","Mon May 18 08:58:48 UTC 2026","passed","Mon May 18 08:58:49 UTC 2026","TestProductItem","test_product_item","",""
"","0","[API] Update user should return 400_BAD_REQUEST when send update user request with invalid data. Case: 'last_name' is empty","tests.api.user","Mon May 18 08:33:46 UTC 2026","skipped","Mon May 18 08:33:46 UTC 2026","TestUpdateUserApi","test_update_user","",""
"","255","[API] Update user should return 200_OK when send update user request with valid data. Case: 'last_name' length = max","tests.api.user","Mon May 18 08:33:28 UTC 2026","passed","Mon May 18 08:33:28 UTC 2026","TestUpdateUserApi","test_update_user","",""
"","296","[API] Create user should return 200_OK when send create user request with valid data. Case: 'address1' length = max","tests.api.user","Mon May 18 08:33:33 UTC 2026","passed","Mon May 18 08:33:33 UTC 2026","TestCreateUserApi","test_create_user","",""
"","0","[API] Update user should return 400_BAD_REQUEST when send update user request with invalid data. Case: 'mobile_number' length = max + 1","tests.api.user","Mon May 18 08:33:46 UTC 2026","skipped","Mon May 18 08:33:46 UTC 2026","TestUpdateUserApi","test_update_user","",""
"","4392","[WEB Component] Can download invoice multiple times","tests.web.component.payment","Mon May 18 08:40:33 UTC 2026","passed","Mon May 18 08:40:37 UTC 2026","TestPaymentComponent","test_invoice_file","",""
"","4242","[WEB] Sign up with valid data. Case: 'last_name' length = max - 1","tests.web.component.auth","Mon May 18 08:38:23 UTC 2026","passed","Mon May 18 08:38:27 UTC 2026","TestSignUpWeb","test_signup_component","",""
"","0","[API] Create user should return 400_BAD_REQUEST when send create user request with invalid data. Case: 'state' length = max + 1","tests.api.user","Mon May 18 08:33:16 UTC 2026","skipped","Mon May 18 08:33:16 UTC 2026","TestCreateUserApi","test_create_user","",""
"","261","[API] Update user should return 200_OK when send update user request with valid data. Case: 'birth_day' length = 31","tests.api.user","Mon May 18 08:33:33 UTC 2026","passed","Mon May 18 08:33:33 UTC 2026","TestUpdateUserApi","test_update_user","",""
"","632","[API] Update user should return 200_OK when send update user request with valid data. Case: 'zipcode' length = max - 1","tests.api.user","Mon May 18 08:33:44 UTC 2026","passed","Mon May 18 08:33:45 UTC 2026","TestUpdateUserApi","test_update_user","",""
"","2350","[WEB Component] Add product to cart from product carousel","tests.web.component.carousel","Mon May 18 08:57:00 UTC 2026","passed","Mon May 18 08:57:03 UTC 2026","TestProductCarousel","test_product_carousel","",""
"","0","[API] Create user should return 400_BAD_REQUEST when send create user request with invalid data. Case: 'name' is absent","tests.api.user","Mon May 18 08:33:36 UTC 2026","skipped","Mon May 18 08:33:36 UTC 2026","TestCreateUserApi","test_create_user","",""
"","0","[API] Update user should return 400_BAD_REQUEST when send update user request with invalid data. Case: 'email' contains text after domain","tests.api.user","Mon May 18 08:33:46 UTC 2026","skipped","Mon May 18 08:33:46 UTC 2026","TestUpdateUserApi","test_update_user","",""
"","0","[WEB] Sign up with invalid data. Case: 'birth_month' = 12","tests.web.component.auth","Mon May 18 08:34:18 UTC 2026","skipped","Mon May 18 08:34:18 UTC 2026","TestSignUpWeb","test_signup_component","",""
"","0","[API] Create user should return 400_BAD_REQUEST when send create user request with invalid data. Case: 'address2' length = max + 1","tests.api.user","Mon May 18 08:33:16 UTC 2026","skipped","Mon May 18 08:33:16 UTC 2026","TestCreateUserApi","test_create_user","",""
"","0","[WEB Component] Pay with invalid card should show error message. Case: cvc too long","tests.web.component.payment","Mon May 18 08:44:07 UTC 2026","skipped","Mon May 18 08:44:07 UTC 2026","TestPaymentComponent","test_payment_component","",""
"","0","[API] Update user should return 400_BAD_REQUEST when send update user request with invalid data. Case: 'mobile_number' length = min - 1","tests.api.user","Mon May 18 08:33:46 UTC 2026","skipped","Mon May 18 08:33:46 UTC 2026","TestUpdateUserApi","test_update_user","",""
"","0","[WEB] Sign up with invalid data. Case: 'company' length = max - 1","tests.web.component.auth","Mon May 18 08:34:18 UTC 2026","skipped","Mon May 18 08:34:18 UTC 2026","TestSignUpWeb","test_signup_component","",""
"","173","[API] Create user should return 200_OK when send create user request with valid data. Case: 'first_name' length = min + 1","tests.api.user","Mon May 18 08:33:21 UTC 2026","passed","Mon May 18 08:33:21 UTC 2026","TestCreateUserApi","test_create_user","",""
"","0","[WEB] Sign up with invalid data. Case: 'name' length = min + 1","tests.web.component.auth","Mon May 18 08:34:18 UTC 2026","skipped","Mon May 18 08:34:18 UTC 2026","TestSignUpWeb","test_signup_component","",""
"","0","[API] Update user should return 400_BAD_REQUEST when send update user request with invalid data. Case: 'first_name' is absent","tests.api.user","Mon May 18 08:33:46 UTC 2026","skipped","Mon May 18 08:33:46 UTC 2026","TestUpdateUserApi","test_update_user","",""
"","1889","[WEB Component] Place order without authorization notification should have expected data and screenshot","tests.web.component.base","Mon May 18 08:54:20 UTC 2026","passed","Mon May 18 08:54:22 UTC 2026","TestNotificationComponent","test_notification_component","",""
"","5580","[WEB Component] Category filter group should be collapsed after collapse expanded group","tests.web.component.filter","Mon May 18 08:57:21 UTC 2026","passed","Mon May 18 08:57:27 UTC 2026","TestCategoryFilter","test_category_filter","",""
"","2373","[WEB Component] Image Carousel should show first image when scroll right on last image","tests.web.component.carousel","Mon May 18 08:55:24 UTC 2026","passed","Mon May 18 08:55:26 UTC 2026","TestImageCarousel","test_image_carousel","",""
"","275","test_get_all_products","tests.api.product","Mon May 18 08:33:18 UTC 2026","passed","Mon May 18 08:33:18 UTC 2026","TestProductApi","test_product","",""
"","5262","[WEB] Sign up with valid data. Case: 'zipcode' length = max - 1","tests.web.component.auth","Mon May 18 08:33:50 UTC 2026","passed","Mon May 18 08:33:55 UTC 2026","TestSignUpWeb","test_signup_component","",""
"","239","[API] Create user should return 200_OK when send create user request with valid data. Case: 'first_name' length = max - 1","tests.api.user","Mon May 18 08:33:21 UTC 2026","passed","Mon May 18 08:33:21 UTC 2026","TestCreateUserApi","test_create_user","",""
"","0","[WEB] Should not add product review with invalid data. Case: 'email' contains text after domain","tests.web.component.review","Mon May 18 08:51:52 UTC 2026","skipped","Mon May 18 08:51:52 UTC 2026","TestReviewComponent","test_review_component","",""
"","0","[WEB Component] Pay with invalid card should show error message. Case: name contains non latin characters","tests.web.component.payment","Mon May 18 08:44:07 UTC 2026","skipped","Mon May 18 08:44:07 UTC 2026","TestPaymentComponent","test_payment_component","",""
"","341","[API] Update user should return 200_OK when send update user request with valid data. Case: 'address1' length = max - 1","tests.api.user","Mon May 18 08:33:38 UTC 2026","passed","Mon May 18 08:33:38 UTC 2026","TestUpdateUserApi","test_update_user","",""
"","453","[WEB Component] Pay with valid card should show success status message. Case: valid: 16 digits number","tests.web.component.payment","Mon May 18 08:42:19 UTC 2026","passed","Mon May 18 08:42:19 UTC 2026","TestPaymentComponent","test_payment_component","",""
"","0","[WEB Component] Pay with invalid card should show error message. Case: card number too short","tests.web.component.payment","Mon May 18 08:44:07 UTC 2026","skipped","Mon May 18 08:44:07 UTC 2026","TestPaymentComponent","test_payment_component","",""
"","246","Should return user not found when user password invalid","tests.api.user","Mon May 18 08:33:48 UTC 2026","passed","Mon May 18 08:33:48 UTC 2026","TestVerifyLoginApi","test_verify_login","",""
"","0","[API] Update user should return 400_BAD_REQUEST when send update user request with invalid data. Case: 'email' contains username hieroglyphs instead of username","tests.api.user","Mon May 18 08:33:46 UTC 2026","skipped","Mon May 18 08:33:46 UTC 2026","TestUpdateUserApi","test_update_user","",""
"","356","[WEB Component] Should navigate to cart page by click 'Cart' button","tests.web.component.base","Mon May 18 08:35:33 UTC 2026","passed","Mon May 18 08:35:33 UTC 2026","TestHeaderComponent","test_header_component","",""
"","3207","[WEB] Sign up with valid data. Case: 'city' length = min + 1","tests.web.component.auth","Mon May 18 08:46:14 UTC 2026","passed","Mon May 18 08:46:17 UTC 2026","TestSignUpWeb","test_signup_component","",""
"","144","test_search_products_returns_empty_array","tests.api.product","Mon May 18 08:33:19 UTC 2026","passed","Mon May 18 08:33:19 UTC 2026","TestProductApi","test_product","",""
"","0","[API] Create user should return 400_BAD_REQUEST when send create user request with invalid data. Case: 'city' length = min - 1","tests.api.user","Mon May 18 08:33:16 UTC 2026","skipped","Mon May 18 08:33:16 UTC 2026","TestCreateUserApi","test_create_user","",""
"","1312","[WEB Component] Should subscribe with valid email","tests.web.component.base","Mon May 18 08:55:20 UTC 2026","passed","Mon May 18 08:55:21 UTC 2026","TestSubscriptionComponent","test_subscription_component","",""
"","0","[API] Update user should return 400_BAD_REQUEST when send update user request with invalid data. Case: 'email' contains '.' before dog symbol","tests.api.user","Mon May 18 08:33:46 UTC 2026","skipped","Mon May 18 08:33:46 UTC 2026","TestUpdateUserApi","test_update_user","",""
"","0","[WEB] Should not add product review with invalid data. Case: 'email' contains invalid top level domain web","tests.web.component.review","Mon May 18 08:51:52 UTC 2026","skipped","Mon May 18 08:51:52 UTC 2026","TestReviewComponent","test_review_component","",""
