"DESCRIPTION","DURATION IN MS","NAME","PARENT SUITE","START TIME","STATUS","STOP TIME","SUB SUITE","SUITE","TEST CLASS","TEST METHOD"
"","4844","[WEB] Sign up with valid data. Case: 'first_name' length = max","tests.web.component.auth","Mon May 11 08:06:48 UTC 2026","passed","Mon May 11 08:06:53 UTC 2026","TestSignUpWeb","test_signup_component","",""
"","0","[API] Update user should return 400_BAD_REQUEST when send update user request with invalid data. Case: 'first_name' length = max + 1","tests.api.user","Mon May 11 08:02:58 UTC 2026","skipped","Mon May 11 08:02:58 UTC 2026","TestUpdateUserApi","test_update_user","",""
"","357","[WEB Component] Delivery address has expected data","tests.web.component.address","Mon May 11 08:26:05 UTC 2026","passed","Mon May 11 08:26:05 UTC 2026","TestAddressComponent","test_address_component","",""
"","209","[API] Create user should return 200_OK when send create user request with valid data. Case: 'company' length = max","tests.api.user","Mon May 11 08:02:39 UTC 2026","passed","Mon May 11 08:02:39 UTC 2026","TestCreateUserApi","test_create_user","",""
"","0","[API] Create user should return 400_BAD_REQUEST when send create user request with invalid data. Case: 'city' is empty","tests.api.user","Mon May 11 08:02:27 UTC 2026","skipped","Mon May 11 08:02:27 UTC 2026","TestCreateUserApi","test_create_user","",""
"","0","[API] Update user should return 400_BAD_REQUEST when send update user request with invalid data. Case: 'zipcode' is empty","tests.api.user","Mon May 11 08:02:58 UTC 2026","skipped","Mon May 11 08:02:58 UTC 2026","TestUpdateUserApi","test_update_user","",""
"","0","[WEB] Sign up with invalid data. Case: 'name' length = max - 1","tests.web.component.auth","Mon May 11 08:03:55 UTC 2026","skipped","Mon May 11 08:03:55 UTC 2026","TestSignUpWeb","test_signup_component","",""
"","0","[WEB Component] Pay with invalid card should show error message. Case: cvc only spaces","tests.web.component.payment","Mon May 11 08:15:26 UTC 2026","skipped","Mon May 11 08:15:26 UTC 2026","TestPaymentComponent","test_payment_component","",""
"","0","[API] Create user should return 400_BAD_REQUEST when send create user request with invalid data. Case: 'birth_month' is absent","tests.api.user","Mon May 11 08:02:27 UTC 2026","skipped","Mon May 11 08:02:27 UTC 2026","TestCreateUserApi","test_create_user","",""
"","272","[API] Update user should return 200_OK when send update user request with valid data. Case: 'zipcode' length = min + 1","tests.api.user","Mon May 11 08:02:55 UTC 2026","passed","Mon May 11 08:02:56 UTC 2026","TestUpdateUserApi","test_update_user","",""
"","138","[API] Create user should return 200_OK when send create user request with valid data. Case: 'first_name' length = min + 1","tests.api.user","Mon May 11 08:02:31 UTC 2026","passed","Mon May 11 08:02:31 UTC 2026","TestCreateUserApi","test_create_user","",""
"","4974","[WEB] Sign up with valid data. Case: 'birth_month' = 12","tests.web.component.auth","Mon May 11 08:11:32 UTC 2026","passed","Mon May 11 08:11:37 UTC 2026","TestSignUpWeb","test_signup_component","",""
"","16195","Purchase products with sign up before checkout","tests.web.e2e","Mon May 11 08:24:12 UTC 2026","passed","Mon May 11 08:24:28 UTC 2026","TestPlaceOrder","test_place_order","",""
"","0","[WEB] Sign up with invalid data. Case: 'state' length = max - 1","tests.web.component.auth","Mon May 11 08:03:55 UTC 2026","skipped","Mon May 11 08:03:55 UTC 2026","TestSignUpWeb","test_signup_component","",""
"","1310","[WEB Component] Should navigate to contact us page by click on 'Contact us' button","tests.web.component.base","Mon May 11 08:06:41 UTC 2026","passed","Mon May 11 08:06:43 UTC 2026","TestHeaderComponent","test_header_component","",""
"","0","[API] Create user should return 400_BAD_REQUEST when send create user request with invalid data. Case: 'mobile_number' length = max + 1","tests.api.user","Mon May 11 08:02:27 UTC 2026","skipped","Mon May 11 08:02:27 UTC 2026","TestCreateUserApi","test_create_user","",""
"","0","[WEB] Sign up with invalid data. Case: 'company' length = max - 1","tests.web.component.auth","Mon May 11 08:03:55 UTC 2026","skipped","Mon May 11 08:03:55 UTC 2026","TestSignUpWeb","test_signup_component","",""
"","2781","[WEB Component] Should not add negative products count to cart when click on add to cart button","tests.web.component.product","Mon May 11 08:17:48 UTC 2026","passed","Mon May 11 08:17:50 UTC 2026","TestProductCard","test_product_details_component","",""
"","0","[API] Create user should return 400_BAD_REQUEST when send create user request with invalid data. Case: 'first_name' is empty","tests.api.user","Mon May 11 08:02:27 UTC 2026","skipped","Mon May 11 08:02:27 UTC 2026","TestCreateUserApi","test_create_user","",""
"","303","[API] Create user should return 200_OK when send create user request with valid data. Case: 'birth_month' = 12","tests.api.user","Mon May 11 08:02:36 UTC 2026","passed","Mon May 11 08:02:37 UTC 2026","TestCreateUserApi","test_create_user","",""
"","141","[API] Create user should return 200_OK when send create user request with valid data. Case: 'first_name' length = min","tests.api.user","Mon May 11 08:02:31 UTC 2026","passed","Mon May 11 08:02:31 UTC 2026","TestCreateUserApi","test_create_user","",""
"","0","[WEB] Sign up with invalid data. Case: 'mobile_number' length = max","tests.web.component.auth","Mon May 11 08:03:55 UTC 2026","skipped","Mon May 11 08:03:55 UTC 2026","TestSignUpWeb","test_signup_component","",""
"","6391","[WEB] Sign up with valid data. Case: 'address1' length = max","tests.web.component.auth","Mon May 11 08:19:03 UTC 2026","passed","Mon May 11 08:19:09 UTC 2026","TestSignUpWeb","test_signup_component","",""
"","133","[API] Create user should return 200_OK when send create user request with valid data. Case: 'first_name' length = max","tests.api.user","Mon May 11 08:02:32 UTC 2026","passed","Mon May 11 08:02:32 UTC 2026","TestCreateUserApi","test_create_user","",""
"","5045","[WEB Component] Search filter should return empty products catalog","tests.web.component.filter","Mon May 11 08:09:58 UTC 2026","passed","Mon May 11 08:10:03 UTC 2026","TestSearchFilter","test_search_filter","",""
"","0","[WEB] Should not add product review with invalid data. Case: 'message' length = min","tests.web.component.review","Mon May 11 08:23:52 UTC 2026","skipped","Mon May 11 08:23:52 UTC 2026","TestReviewComponent","test_review_component","",""
"","1901","[WEB Component] Should add product to cart when click on add to cart button","tests.web.component.product","Mon May 11 08:17:27 UTC 2026","passed","Mon May 11 08:17:29 UTC 2026","TestProductCard","test_product_details_component","",""
"","0","[API] Create user should return 400_BAD_REQUEST when send create user request with invalid data. Case: 'state' is empty","tests.api.user","Mon May 11 08:02:27 UTC 2026","skipped","Mon May 11 08:02:27 UTC 2026","TestCreateUserApi","test_create_user","",""
"","0","[WEB Component] Pay with invalid card should show error message. Case: name contains trailing spaces","tests.web.component.payment","Mon May 11 08:15:26 UTC 2026","skipped","Mon May 11 08:15:26 UTC 2026","TestPaymentComponent","test_payment_component","",""
"","2682","[WEB Component] Should add product to cart when click on add to cart button multiple times","tests.web.component.product","Mon May 11 08:17:05 UTC 2026","passed","Mon May 11 08:17:08 UTC 2026","TestProductCard","test_product_details_component","",""
"","5079","[WEB] Sign up with valid data. Case: 'state' length = min + 1","tests.web.component.auth","Mon May 11 08:14:48 UTC 2026","passed","Mon May 11 08:14:53 UTC 2026","TestSignUpWeb","test_signup_component","",""
"","0","[WEB] Sign up with invalid data. Case: 'company' length = max","tests.web.component.auth","Mon May 11 08:03:55 UTC 2026","skipped","Mon May 11 08:03:55 UTC 2026","TestSignUpWeb","test_signup_component","",""
"","2530","[WEB Component] Pay with valid card should show success status message. Case: valid: expiry month max","tests.web.component.payment","Mon May 11 08:14:56 UTC 2026","passed","Mon May 11 08:14:59 UTC 2026","TestPaymentComponent","test_payment_component","",""
"","152","[API] Create user should return 200_OK when send create user request with valid data. Case: 'mobile_number' length = max - 1","tests.api.user","Mon May 11 08:02:35 UTC 2026","passed","Mon May 11 08:02:35 UTC 2026","TestCreateUserApi","test_create_user","",""
"","0","[WEB Component] Pay with invalid card should show error message. Case: name length = min - 1","tests.web.component.payment","Mon May 11 08:15:26 UTC 2026","skipped","Mon May 11 08:15:26 UTC 2026","TestPaymentComponent","test_payment_component","",""
"","605","[WEB] Should add product review with valid data. Case: 'email' username contains only underscore '-'","tests.web.component.review","Mon May 11 08:22:33 UTC 2026","passed","Mon May 11 08:22:33 UTC 2026","TestReviewComponent","test_review_component","",""
"","0","[API] Update user should return 400_BAD_REQUEST when send update user request with invalid data. Case: 'birth_month' is absent","tests.api.user","Mon May 11 08:02:58 UTC 2026","skipped","Mon May 11 08:02:58 UTC 2026","TestUpdateUserApi","test_update_user","",""
"","314","[WEB Component] Payment component should have expected screenshot","tests.web.component.payment","Mon May 11 08:30:16 UTC 2026","passed","Mon May 11 08:30:16 UTC 2026","TestPaymentComponent","test_payment_component","",""
"","0","[WEB] Sign up with invalid data. Case: 'mobile_number' length = min + 1","tests.web.component.auth","Mon May 11 08:03:55 UTC 2026","skipped","Mon May 11 08:03:55 UTC 2026","TestSignUpWeb","test_signup_component","",""
"","0","[API] Update user should return 400_BAD_REQUEST when send update user request with invalid data. Case: 'email' contains only special symbols","tests.api.user","Mon May 11 08:02:58 UTC 2026","skipped","Mon May 11 08:02:58 UTC 2026","TestUpdateUserApi","test_update_user","",""
"","5145","[WEB] Sign up with valid data. Case: 'zipcode' length = min","tests.web.component.auth","Mon May 11 08:21:08 UTC 2026","passed","Mon May 11 08:21:14 UTC 2026","TestSignUpWeb","test_signup_component","",""
"","2861","[WEB Component] Products Carousel should show next products when scroll right","tests.web.component.carousel","Mon May 11 08:27:49 UTC 2026","passed","Mon May 11 08:27:52 UTC 2026","TestProductCarousel","test_product_carousel","",""
"","0","[API] Update user should return 400_BAD_REQUEST when send update user request with invalid data. Case: 'birth_year' is zero","tests.api.user","Mon May 11 08:02:58 UTC 2026","skipped","Mon May 11 08:02:58 UTC 2026","TestUpdateUserApi","test_update_user","",""
"","0","[WEB] Sign up with invalid data. Case: 'address2' length = max - 1","tests.web.component.auth","Mon May 11 08:03:55 UTC 2026","skipped","Mon May 11 08:03:55 UTC 2026","TestSignUpWeb","test_signup_component","",""
"","6506","[WEB] Sign up with valid data. Case: 'name' length = max","tests.web.component.auth","Mon May 11 08:05:07 UTC 2026","passed","Mon May 11 08:05:13 UTC 2026","TestSignUpWeb","test_signup_component","",""
"","0","[API] Update user should return 400_BAD_REQUEST when send update user request with invalid data. Case: 'last_name' length = min - 1","tests.api.user","Mon May 11 08:02:58 UTC 2026","skipped","Mon May 11 08:02:58 UTC 2026","TestUpdateUserApi","test_update_user","",""
"","0","[WEB Component] Pay with invalid card should show error message. Case: expiry month = 13","tests.web.component.payment","Mon May 11 08:15:26 UTC 2026","skipped","Mon May 11 08:15:26 UTC 2026","TestPaymentComponent","test_payment_component","",""
"","137","[API] Create user should return 200_OK when send create user request with valid data. Case: 'last_name' length = min","tests.api.user","Mon May 11 08:02:32 UTC 2026","passed","Mon May 11 08:02:32 UTC 2026","TestCreateUserApi","test_create_user","",""
"","0","[API] Update user should return 400_BAD_REQUEST when send update user request with invalid data. Case: 'company' is empty","tests.api.user","Mon May 11 08:02:58 UTC 2026","skipped","Mon May 11 08:02:58 UTC 2026","TestUpdateUserApi","test_update_user","",""
"","0","[API] Create user should return 400_BAD_REQUEST when send create user request with invalid data. Case: 'city' is absent","tests.api.user","Mon May 11 08:02:27 UTC 2026","skipped","Mon May 11 08:02:27 UTC 2026","TestCreateUserApi","test_create_user","",""
"","1332","[WEB Component] Category filter should have expected screenshot when collapsed","tests.web.component.filter","Mon May 11 08:28:33 UTC 2026","passed","Mon May 11 08:28:34 UTC 2026","TestCategoryFilter","test_category_filter","",""
"","0","[API] Update user should return 400_BAD_REQUEST when send update user request with invalid data. Case: 'email' is word","tests.api.user","Mon May 11 08:02:58 UTC 2026","skipped","Mon May 11 08:02:58 UTC 2026","TestUpdateUserApi","test_update_user","",""
"","0","[API] Create user should return 400_BAD_REQUEST when send create user request with invalid data. Case: 'email' contains '.' before dog symbol","tests.api.user","Mon May 11 08:02:27 UTC 2026","skipped","Mon May 11 08:02:27 UTC 2026","TestCreateUserApi","test_create_user","",""
"","0","[API] Create user should return 400_BAD_REQUEST when send create user request with invalid data. Case: 'email' not contains username","tests.api.user","Mon May 11 08:02:27 UTC 2026","skipped","Mon May 11 08:02:27 UTC 2026","TestCreateUserApi","test_create_user","",""
"","910","[WEB Component] Should have expected success status message after sending contact info","tests.web.component.base","Mon May 11 08:07:49 UTC 2026","passed","Mon May 11 08:07:50 UTC 2026","TestSubscriptionComponent","test_subscription_component","",""
"","0","[API] Update user should return 400_BAD_REQUEST when send update user request with invalid data. Case: 'first_name' is absent","tests.api.user","Mon May 11 08:02:57 UTC 2026","skipped","Mon May 11 08:02:57 UTC 2026","TestUpdateUserApi","test_update_user","",""
"","2306","[WEB Component] Image Carousel should show next image when scroll right","tests.web.component.carousel","Mon May 11 08:27:33 UTC 2026","passed","Mon May 11 08:27:35 UTC 2026","TestImageCarousel","test_image_carousel","",""
"","0","[API] Create user should return 400_BAD_REQUEST when send create user request with invalid data. Case: 'birth_month' is negative","tests.api.user","Mon May 11 08:02:27 UTC 2026","skipped","Mon May 11 08:02:27 UTC 2026","TestCreateUserApi","test_create_user","",""
"","0","[API] Update user should return 400_BAD_REQUEST when send update user request with invalid data. Case: 'name' is empty","tests.api.user","Mon May 11 08:02:57 UTC 2026","skipped","Mon May 11 08:02:57 UTC 2026","TestUpdateUserApi","test_update_user","",""
"","0","[API] Create user should return 400_BAD_REQUEST when send create user request with invalid data. Case: 'address2' is empty","tests.api.user","Mon May 11 08:02:27 UTC 2026","skipped","Mon May 11 08:02:27 UTC 2026","TestCreateUserApi","test_create_user","",""
"","217","[API] Update user should return 200_OK when send update user request with valid data. Case: 'city' length = min + 1","tests.api.user","Mon May 11 08:02:56 UTC 2026","passed","Mon May 11 08:02:57 UTC 2026","TestUpdateUserApi","test_update_user","",""
"","0","[API] Create user should return 400_BAD_REQUEST when send create user request with invalid data. Case: 'email' contains invalid top level domain web","tests.api.user","Mon May 11 08:02:27 UTC 2026","skipped","Mon May 11 08:02:27 UTC 2026","TestCreateUserApi","test_create_user","",""
"","0","[WEB] Should not add product review with invalid data. Case: 'name' length = max + 1","tests.web.component.review","Mon May 11 08:24:04 UTC 2026","skipped","Mon May 11 08:24:04 UTC 2026","TestReviewComponent","test_review_component","",""
"","0","[API] Update user should return 400_BAD_REQUEST when send update user request with invalid data. Case: 'mobile_number' length = max + 1","tests.api.user","Mon May 11 08:02:58 UTC 2026","skipped","Mon May 11 08:02:58 UTC 2026","TestUpdateUserApi","test_update_user","",""
"","0","[WEB Component] Pay with invalid card should show error message. Case: card number is empty","tests.web.component.payment","Mon May 11 08:15:26 UTC 2026","skipped","Mon May 11 08:15:26 UTC 2026","TestPaymentComponent","test_payment_component","",""
"","0","[WEB Component] Pay with invalid card should show error message. Case: expiry month = 00","tests.web.component.payment","Mon May 11 08:15:26 UTC 2026","skipped","Mon May 11 08:15:26 UTC 2026","TestPaymentComponent","test_payment_component","",""
"","2780","[WEB Component] Pay with valid card should show success status message. Case: valid: expiry month min","tests.web.component.payment","Mon May 11 08:14:25 UTC 2026","passed","Mon May 11 08:14:28 UTC 2026","TestPaymentComponent","test_payment_component","",""
"","0","[WEB] Should not add product review with invalid data. Case: 'name' is empty","tests.web.component.review","Mon May 11 08:24:04 UTC 2026","skipped","Mon May 11 08:24:04 UTC 2026","TestReviewComponent","test_review_component","",""
"","0","[WEB] Should not add product review with invalid data. Case: 'email' contains mail server as ip and port","tests.web.component.review","Mon May 11 08:23:52 UTC 2026","skipped","Mon May 11 08:23:52 UTC 2026","TestReviewComponent","test_review_component","",""
"","5464","[WEB] Sign up with valid data. Case: 'address2' length = min","tests.web.component.auth","Mon May 11 08:19:28 UTC 2026","passed","Mon May 11 08:19:34 UTC 2026","TestSignUpWeb","test_signup_component","",""
"","1238","[WEB Component] Should navigate to login page by click 'Signup / Login' button","tests.web.component.base","Mon May 11 08:05:33 UTC 2026","passed","Mon May 11 08:05:34 UTC 2026","TestHeaderComponent","test_header_component","",""
"","604","[WEB] Should add product review with valid data. Case: 'email' contains subdomain","tests.web.component.review","Mon May 11 08:22:40 UTC 2026","passed","Mon May 11 08:22:41 UTC 2026","TestReviewComponent","test_review_component","",""
"","4919","[WEB] Sign up with valid data. Case: 'birth_year' = 1","tests.web.component.auth","Mon May 11 08:11:56 UTC 2026","passed","Mon May 11 08:12:01 UTC 2026","TestSignUpWeb","test_signup_component","",""
"","0","[API] Update user should return 400_BAD_REQUEST when send update user request with invalid data. Case: 'zipcode' has invalid format","tests.api.user","Mon May 11 08:02:58 UTC 2026","skipped","Mon May 11 08:02:58 UTC 2026","TestUpdateUserApi","test_update_user","",""
"","1293","[WEB Component] Should add product to cart when click on add to cart button","tests.web.component.product","Mon May 11 08:16:45 UTC 2026","passed","Mon May 11 08:16:46 UTC 2026","TestProductCard","test_product_card_component","",""
"","226","[API] Update user should return 200_OK when send update user request with valid data. Case: 'last_name' length = min","tests.api.user","Mon May 11 08:02:36 UTC 2026","passed","Mon May 11 08:02:36 UTC 2026","TestUpdateUserApi","test_update_user","",""
"","0","[API] Create user should return 400_BAD_REQUEST when send create user request with invalid data. Case: 'first_name' is absent","tests.api.user","Mon May 11 08:02:47 UTC 2026","skipped","Mon May 11 08:02:47 UTC 2026","TestCreateUserApi","test_create_user","",""
"","740","[WEB Component] Should remove product from cart","tests.web.component.product","Mon May 11 08:19:17 UTC 2026","passed","Mon May 11 08:19:17 UTC 2026","TestProductItem","test_product_item","",""
"","6752","[WEB Component] Can download invoice multiple times","tests.web.component.payment","Mon May 11 08:10:57 UTC 2026","passed","Mon May 11 08:11:03 UTC 2026","TestPaymentComponent","test_invoice_file","",""
"","155","[API] Create user should return 200_OK when send create user request with valid data. Case: 'mobile_number' length = min + 1","tests.api.user","Mon May 11 08:02:34 UTC 2026","passed","Mon May 11 08:02:34 UTC 2026","TestCreateUserApi","test_create_user","",""
"","0","[API] Update user should return 400_BAD_REQUEST when send update user request with invalid data. Case: 'state' length = min - 1","tests.api.user","Mon May 11 08:02:58 UTC 2026","skipped","Mon May 11 08:02:58 UTC 2026","TestUpdateUserApi","test_update_user","",""
"","0","[WEB] Sign up with invalid data. Case: 'company' length = min + 1","tests.web.component.auth","Mon May 11 08:03:55 UTC 2026","skipped","Mon May 11 08:03:55 UTC 2026","TestSignUpWeb","test_signup_component","",""
"","313","[API] Update user should return 200_OK when send update user request with valid data. Case: 'address2' length = max - 1","tests.api.user","Mon May 11 08:02:52 UTC 2026","passed","Mon May 11 08:02:53 UTC 2026","TestUpdateUserApi","test_update_user","",""
"","152","[API] Create user should return 200_OK when send create user request with valid data. Case: 'address2' length = min + 1","tests.api.user","Mon May 11 08:02:45 UTC 2026","passed","Mon May 11 08:02:45 UTC 2026","TestCreateUserApi","test_create_user","",""
"","270","[API] Update user should return 200_OK when send update user request with valid data. Case: 'address1' length = min + 1","tests.api.user","Mon May 11 08:02:48 UTC 2026","passed","Mon May 11 08:02:48 UTC 2026","TestUpdateUserApi","test_update_user","",""
"","853","[WEB Component] Should navigate to main page by click on header logo","tests.web.component.base","Mon May 11 08:04:13 UTC 2026","passed","Mon May 11 08:04:14 UTC 2026","TestHeaderComponent","test_header_component","",""
"","5451","[WEB] Sign up with valid data. Case: 'city' length = min + 1","tests.web.component.auth","Mon May 11 08:16:30 UTC 2026","passed","Mon May 11 08:16:35 UTC 2026","TestSignUpWeb","test_signup_component","",""
"","5214","[WEB] Sign up with valid data. Case: 'company' length = min + 1","tests.web.component.auth","Mon May 11 08:13:09 UTC 2026","passed","Mon May 11 08:13:14 UTC 2026","TestSignUpWeb","test_signup_component","",""
"","345","[API] Create user should return 200_OK when send create user request with valid data. Case: 'mobile_number' length = min","tests.api.user","Mon May 11 08:02:34 UTC 2026","passed","Mon May 11 08:02:34 UTC 2026","TestCreateUserApi","test_create_user","",""
"","0","[API] Create user should return 400_BAD_REQUEST when send create user request with invalid data. Case: 'last_name' length = min - 1","tests.api.user","Mon May 11 08:02:27 UTC 2026","skipped","Mon May 11 08:02:27 UTC 2026","TestCreateUserApi","test_create_user","",""
"","158","[API] Get user should return 200_OK when send get user request and user exists","tests.api.user","Mon May 11 08:02:29 UTC 2026","passed","Mon May 11 08:02:29 UTC 2026","TestGetUserApi","test_get_user","",""
"","0","[API] Update user should return 400_BAD_REQUEST when send update user request with invalid data. Case: 'birth_month' is zero","tests.api.user","Mon May 11 08:02:58 UTC 2026","skipped","Mon May 11 08:02:58 UTC 2026","TestUpdateUserApi","test_update_user","",""
"","127","[API] Get user should return 404_NOT_FOUND when send get user request and user not exists","tests.api.user","Mon May 11 08:02:30 UTC 2026","passed","Mon May 11 08:02:30 UTC 2026","TestGetUserApi","test_get_user","",""
"","0","[WEB] Should not add product review with invalid data. Case: 'email' not contains username","tests.web.component.review","Mon May 11 08:23:52 UTC 2026","skipped","Mon May 11 08:23:52 UTC 2026","TestReviewComponent","test_review_component","",""
"","288","[API] Update user should return 200_OK when send update user request with valid data. Case: 'state' length = min + 1","tests.api.user","Mon May 11 08:02:53 UTC 2026","passed","Mon May 11 08:02:54 UTC 2026","TestUpdateUserApi","test_update_user","",""
"","5175","[WEB] Sign up with valid data. Case: 'first_name' length = min + 1","tests.web.component.auth","Mon May 11 08:06:00 UTC 2026","passed","Mon May 11 08:06:05 UTC 2026","TestSignUpWeb","test_signup_component","",""
"","2158","[WEB Component] Product carousel should have expected product","tests.web.component.carousel","Mon May 11 08:08:09 UTC 2026","failed","Mon May 11 08:08:11 UTC 2026","TestProductCarousel","test_product_carousel","",""
"","0","[WEB] Should not add product review with invalid data. Case: 'email' contains username hieroglyphs instead of username","tests.web.component.review","Mon May 11 08:23:52 UTC 2026","skipped","Mon May 11 08:23:52 UTC 2026","TestReviewComponent","test_review_component","",""
"","0","[API] Create user should return 400_BAD_REQUEST when send create user request with invalid data. Case: 'first_name' length = max + 1","tests.api.user","Mon May 11 08:02:27 UTC 2026","skipped","Mon May 11 08:02:27 UTC 2026","TestCreateUserApi","test_create_user","",""
"","299","[API] Update user should return 200_OK when send update user request with valid data. Case: 'state' length = min","tests.api.user","Mon May 11 08:02:53 UTC 2026","passed","Mon May 11 08:02:53 UTC 2026","TestUpdateUserApi","test_update_user","",""
"","51","[WEB Component] Should have all products expected total price","tests.web.component.product","Mon May 11 08:19:45 UTC 2026","passed","Mon May 11 08:19:45 UTC 2026","TestProductItem","test_product_item","",""
"","0","[API] Create user should return 400_BAD_REQUEST when send create user request with invalid data. Case: 'email' not contains domain","tests.api.user","Mon May 11 08:02:27 UTC 2026","skipped","Mon May 11 08:02:27 UTC 2026","TestCreateUserApi","test_create_user","",""
"","1537","[API] Update user should return 200_OK when send update user request with valid data. Case: 'birth_year' = 1","tests.api.user","Mon May 11 08:02:46 UTC 2026","passed","Mon May 11 08:02:47 UTC 2026","TestUpdateUserApi","test_update_user","",""
"","254","[API] Update user should return 200_OK when send update user request with valid data. Case: 'address2' length = min","tests.api.user","Mon May 11 08:02:51 UTC 2026","passed","Mon May 11 08:02:51 UTC 2026","TestUpdateUserApi","test_update_user","",""
"","2217","[WEB Component] Pay with valid card should show success status message. Case: valid: future year","tests.web.component.payment","Mon May 11 08:15:23 UTC 2026","passed","Mon May 11 08:15:25 UTC 2026","TestPaymentComponent","test_payment_component","",""
"","5682","[WEB] Sign up with valid data. Case: 'mobile_number' length = min + 1","tests.web.component.auth","Mon May 11 08:09:04 UTC 2026","passed","Mon May 11 08:09:10 UTC 2026","TestSignUpWeb","test_signup_component","",""
"","139","[API] Create user should return 200_OK when send create user request with valid data. Case: 'company' length = min","tests.api.user","Mon May 11 08:02:38 UTC 2026","passed","Mon May 11 08:02:38 UTC 2026","TestCreateUserApi","test_create_user","",""
"","0","[API] Update user should return 400_BAD_REQUEST when send update user request with invalid data. Case: 'zipcode' length = max + 1","tests.api.user","Mon May 11 08:02:58 UTC 2026","skipped","Mon May 11 08:02:58 UTC 2026","TestUpdateUserApi","test_update_user","",""
"","2493","[WEB Component] Should increase product item quantity","tests.web.component.product","Mon May 11 08:18:45 UTC 2026","passed","Mon May 11 08:18:47 UTC 2026","TestProductItem","test_product_item","",""
"","0","[API] Update user should return 400_BAD_REQUEST when send update user request with invalid data. Case: 'name' length = min - 1","tests.api.user","Mon May 11 08:02:57 UTC 2026","skipped","Mon May 11 08:02:57 UTC 2026","TestUpdateUserApi","test_update_user","",""
"","316","Get brands should return 200_OK when send get brands request","tests.api.brand","Mon May 11 08:02:28 UTC 2026","passed","Mon May 11 08:02:28 UTC 2026","TestBrandApi","test_brand","",""
"","0","[API] Create user should return 400_BAD_REQUEST when send create user request with invalid data. Case: 'birth_day' is invalid positive","tests.api.user","Mon May 11 08:02:27 UTC 2026","skipped","Mon May 11 08:02:27 UTC 2026","TestCreateUserApi","test_create_user","",""
"","0","[WEB] Sign up with invalid data. Case: 'last_name' length = min + 1","tests.web.component.auth","Mon May 11 08:03:55 UTC 2026","skipped","Mon May 11 08:03:55 UTC 2026","TestSignUpWeb","test_signup_component","",""
"","0","[API] Create user should return 400_BAD_REQUEST when send create user request with invalid data. Case: 'email' contains domain with one letter","tests.api.user","Mon May 11 08:02:27 UTC 2026","skipped","Mon May 11 08:02:27 UTC 2026","TestCreateUserApi","test_create_user","",""
"","0","[WEB] Should not add product review with invalid data. Case: 'email' contains text before username","tests.web.component.review","Mon May 11 08:23:52 UTC 2026","skipped","Mon May 11 08:23:52 UTC 2026","TestReviewComponent","test_review_component","",""
"","0","[WEB Component] Pay with invalid card should show error message. Case: cvc contains letters","tests.web.component.payment","Mon May 11 08:15:26 UTC 2026","skipped","Mon May 11 08:15:26 UTC 2026","TestPaymentComponent","test_payment_component","",""
"","0","[WEB Component] Pay with invalid card should show error message. Case: expiry year too short","tests.web.component.payment","Mon May 11 08:15:26 UTC 2026","skipped","Mon May 11 08:15:26 UTC 2026","TestPaymentComponent","test_payment_component","",""
"","144","[API] Create user should return 200_OK when send create user request with valid data. Case: 'city' length = min","tests.api.user","Mon May 11 08:02:41 UTC 2026","passed","Mon May 11 08:02:41 UTC 2026","TestCreateUserApi","test_create_user","",""
"","950","[WEB Component] Should add product to cart when click on add to cart button","tests.web.component.product","Mon May 11 08:15:43 UTC 2026","passed","Mon May 11 08:15:44 UTC 2026","TestAnimatedProductCard","test_animated_product_card_component","",""
"","0","[API] Create user should return 400_BAD_REQUEST when send create user request with invalid data. Case: 'company' length = min - 1","tests.api.user","Mon May 11 08:02:27 UTC 2026","skipped","Mon May 11 08:02:27 UTC 2026","TestCreateUserApi","test_create_user","",""
"","0","[API] Update user should return 400_BAD_REQUEST when send update user request with invalid data. Case: 'birth_year' is negative","tests.api.user","Mon May 11 08:02:58 UTC 2026","skipped","Mon May 11 08:02:58 UTC 2026","TestUpdateUserApi","test_update_user","",""
"","308","test_search_products_returns_empty_array","tests.api.product","Mon May 11 08:02:29 UTC 2026","passed","Mon May 11 08:02:29 UTC 2026","TestProductApi","test_product","",""
"","432","[WEB] Should add product review with valid data. Case: 'name' length = min","tests.web.component.review","Mon May 11 08:21:01 UTC 2026","passed","Mon May 11 08:21:01 UTC 2026","TestReviewComponent","test_review_component","",""
"","9405","[WEB] Sign in with valid data","tests.web.component.auth","Mon May 11 08:03:05 UTC 2026","passed","Mon May 11 08:03:14 UTC 2026","TestLoginWeb","test_login_component","",""
"","0","[WEB] Sign up with invalid data. Case: 'city' length = max - 1","tests.web.component.auth","Mon May 11 08:03:55 UTC 2026","skipped","Mon May 11 08:03:55 UTC 2026","TestSignUpWeb","test_signup_component","",""
"","0","[WEB] Sign up with invalid data. Case: 'state' length = min + 1","tests.web.component.auth","Mon May 11 08:03:55 UTC 2026","skipped","Mon May 11 08:03:55 UTC 2026","TestSignUpWeb","test_signup_component","",""
"","0","[API] Create user should return 400_BAD_REQUEST when send create user request with invalid data. Case: 'birth_day' is absent","tests.api.user","Mon May 11 08:02:27 UTC 2026","skipped","Mon May 11 08:02:27 UTC 2026","TestCreateUserApi","test_create_user","",""
"","0","[API] Create user should return 400_BAD_REQUEST when send create user request with invalid data. Case: 'zipcode' length = min - 1","tests.api.user","Mon May 11 08:02:27 UTC 2026","skipped","Mon May 11 08:02:27 UTC 2026","TestCreateUserApi","test_create_user","",""
"","0","[WEB] Sign up with invalid data. Case: 'state' length = max","tests.web.component.auth","Mon May 11 08:03:55 UTC 2026","skipped","Mon May 11 08:03:55 UTC 2026","TestSignUpWeb","test_signup_component","",""
"","853","[WEB Component] Product item should navigate to product page when click on item title","tests.web.component.product","Mon May 11 08:18:17 UTC 2026","passed","Mon May 11 08:18:18 UTC 2026","TestProductItem","test_product_item","",""
"","4999","[WEB] Sign up with valid data. Case: 'address2' length = max","tests.web.component.auth","Mon May 11 08:20:44 UTC 2026","passed","Mon May 11 08:20:49 UTC 2026","TestSignUpWeb","test_signup_component","",""
"","0","[API] Create user should return 400_BAD_REQUEST when send create user request with invalid data. Case: 'email' is empty","tests.api.user","Mon May 11 08:02:27 UTC 2026","skipped","Mon May 11 08:02:27 UTC 2026","TestCreateUserApi","test_create_user","",""
"","2707","[WEB Component] Pay with valid card should show success status message. Case: valid: 16 digits number","tests.web.component.payment","Mon May 11 08:13:07 UTC 2026","passed","Mon May 11 08:13:09 UTC 2026","TestPaymentComponent","test_payment_component","",""
"","578","[WEB] Should add product review with valid data. Case: 'name' length = max","tests.web.component.review","Mon May 11 08:22:01 UTC 2026","passed","Mon May 11 08:22:01 UTC 2026","TestReviewComponent","test_review_component","",""
"","2159","[WEB Component] Should delete user name by click on 'Delete Account' button","tests.web.component.base","Mon May 11 08:06:21 UTC 2026","passed","Mon May 11 08:06:23 UTC 2026","TestHeaderComponent","test_header_component","",""
"","5071","[WEB] Sign up with valid data. Case: 'address2' length = max - 1","tests.web.component.auth","Mon May 11 08:20:19 UTC 2026","passed","Mon May 11 08:20:24 UTC 2026","TestSignUpWeb","test_signup_component","",""
"","155","[API] Create user should return 200_OK when send create user request with valid data. Case: 'city' length = min + 1","tests.api.user","Mon May 11 08:02:41 UTC 2026","passed","Mon May 11 08:02:41 UTC 2026","TestCreateUserApi","test_create_user","",""
"","0","[API] Create user should return 400_BAD_REQUEST when send create user request with invalid data. Case: 'birth_year' is zero","tests.api.user","Mon May 11 08:02:27 UTC 2026","skipped","Mon May 11 08:02:27 UTC 2026","TestCreateUserApi","test_create_user","",""
"","0","[WEB Component] Should not subscribe with invalid email","tests.web.component.base","Mon May 11 08:26:52 UTC 2026","skipped","Mon May 11 08:26:52 UTC 2026","TestSubscriptionComponent","test_subscription_component","",""
"","0","[WEB] Sign up with invalid data. Case: 'address1' length = min + 1","tests.web.component.auth","Mon May 11 08:03:55 UTC 2026","skipped","Mon May 11 08:03:55 UTC 2026","TestSignUpWeb","test_signup_component","",""
"","0","[API] Create user should return 400_BAD_REQUEST when send create user request with invalid data. Case: 'email' is word","tests.api.user","Mon May 11 08:02:27 UTC 2026","skipped","Mon May 11 08:02:27 UTC 2026","TestCreateUserApi","test_create_user","",""
"","257","[API] Update user should return 200_OK when send update user request with valid data. Case: 'name' length = max","tests.api.user","Mon May 11 08:02:32 UTC 2026","passed","Mon May 11 08:02:33 UTC 2026","TestUpdateUserApi","test_update_user","",""
"","159","[API] Create user should return 200_OK when send create user request with valid data. Case: 'address1' length = min + 1","tests.api.user","Mon May 11 08:02:43 UTC 2026","passed","Mon May 11 08:02:43 UTC 2026","TestCreateUserApi","test_create_user","",""
"","3373","[WEB Component] Order placed page should have expected screenshot","tests.web.component.payment","Mon May 11 08:29:44 UTC 2026","passed","Mon May 11 08:29:47 UTC 2026","TestPaymentComponent","test_invoice_file","",""
"","411","[API] Update user should return 200_OK when send update user request with valid data. Case: 'zipcode' length = max","tests.api.user","Mon May 11 08:02:57 UTC 2026","passed","Mon May 11 08:02:57 UTC 2026","TestUpdateUserApi","test_update_user","",""
"","266","[API] Update user should return 200_OK when send update user request with valid data. Case: 'last_name' length = max","tests.api.user","Mon May 11 08:02:39 UTC 2026","passed","Mon May 11 08:02:39 UTC 2026","TestUpdateUserApi","test_update_user","",""
"","0","[API] Update user should return 400_BAD_REQUEST when send update user request with invalid data. Case: 'mobile_number' length = min - 1","tests.api.user","Mon May 11 08:02:58 UTC 2026","skipped","Mon May 11 08:02:58 UTC 2026","TestUpdateUserApi","test_update_user","",""
"","322","[API] Create user should return 200_OK when send create user request with valid data. Case: 'address1' length = max","tests.api.user","Mon May 11 08:02:44 UTC 2026","passed","Mon May 11 08:02:44 UTC 2026","TestCreateUserApi","test_create_user","",""
"","0","[API] Update user should return 400_BAD_REQUEST when send update user request with invalid data. Case: 'zipcode' is absent","tests.api.user","Mon May 11 08:02:58 UTC 2026","skipped","Mon May 11 08:02:58 UTC 2026","TestUpdateUserApi","test_update_user","",""
"","0","[WEB] Sign up with invalid data. Case: 'first_name' length = min","tests.web.component.auth","Mon May 11 08:03:55 UTC 2026","skipped","Mon May 11 08:03:55 UTC 2026","TestSignUpWeb","test_signup_component","",""
"","0","[API] Create user should return 400_BAD_REQUEST when send create user request with invalid data. Case: 'mobile_number' is empty","tests.api.user","Mon May 11 08:02:27 UTC 2026","skipped","Mon May 11 08:02:27 UTC 2026","TestCreateUserApi","test_create_user","",""
"","0","[WEB] Sign up with invalid data. Case: 'address2' length = min","tests.web.component.auth","Mon May 11 08:03:55 UTC 2026","skipped","Mon May 11 08:03:55 UTC 2026","TestSignUpWeb","test_signup_component","",""
"","0","[API] Create user should return 400_BAD_REQUEST when send create user request with invalid data. Case: 'birth_day' is negative","tests.api.user","Mon May 11 08:02:27 UTC 2026","skipped","Mon May 11 08:02:27 UTC 2026","TestCreateUserApi","test_create_user","",""
"","6175","[WEB Component] Category filter group should be collapsed after collapse expanded group","tests.web.component.filter","Mon May 11 08:29:19 UTC 2026","passed","Mon May 11 08:29:25 UTC 2026","TestCategoryFilter","test_category_filter","",""
"","0","[WEB Component] Pay with invalid card should show error message. Case: name length = max + 1","tests.web.component.payment","Mon May 11 08:15:26 UTC 2026","skipped","Mon May 11 08:15:26 UTC 2026","TestPaymentComponent","test_payment_component","",""
"","0","[API] Update user should return 400_BAD_REQUEST when send update user request with invalid data. Case: 'email' contains username hieroglyphs instead of username","tests.api.user","Mon May 11 08:02:58 UTC 2026","skipped","Mon May 11 08:02:58 UTC 2026","TestUpdateUserApi","test_update_user","",""
"","0","[API] Update user should return 400_BAD_REQUEST when send update user request with invalid data. Case: 'last_name' is absent","tests.api.user","Mon May 11 08:02:58 UTC 2026","skipped","Mon May 11 08:02:58 UTC 2026","TestUpdateUserApi","test_update_user","",""
"","0","[API] Create user should return 400_BAD_REQUEST when send create user request with invalid data. Case: 'address2' length = min - 1","tests.api.user","Mon May 11 08:02:27 UTC 2026","skipped","Mon May 11 08:02:27 UTC 2026","TestCreateUserApi","test_create_user","",""
"","0","[WEB] Should not add product review with invalid data. Case: 'email' contains multiple '@' symbols","tests.web.component.review","Mon May 11 08:23:52 UTC 2026","skipped","Mon May 11 08:23:52 UTC 2026","TestReviewComponent","test_review_component","",""
"","0","[WEB] Sign up with invalid data. Case: 'address1' length = max - 1","tests.web.component.auth","Mon May 11 08:03:55 UTC 2026","skipped","Mon May 11 08:03:55 UTC 2026","TestSignUpWeb","test_signup_component","",""
"","317","[WEB] Should have expected screenshot when not send review","tests.web.component.review","Mon May 11 08:30:51 UTC 2026","passed","Mon May 11 08:30:51 UTC 2026","TestReviewComponent","test_review_component","",""
"","0","[WEB] Sign up with invalid data. Case: 'address1' length = min","tests.web.component.auth","Mon May 11 08:03:55 UTC 2026","skipped","Mon May 11 08:03:55 UTC 2026","TestSignUpWeb","test_signup_component","",""
"","146","[API] Create user should return 200_OK when send create user request with valid data. Case: 'state' length = max - 1","tests.api.user","Mon May 11 08:02:40 UTC 2026","passed","Mon May 11 08:02:40 UTC 2026","TestCreateUserApi","test_create_user","",""
"","0","[WEB Component] Pay with invalid card should show error message. Case: card number only spaces","tests.web.component.payment","Mon May 11 08:15:26 UTC 2026","skipped","Mon May 11 08:15:26 UTC 2026","TestPaymentComponent","test_payment_component","",""
"","0","[API] Update user should return 400_BAD_REQUEST when send update user request with invalid data. Case: 'mobile_number' has invalid format","tests.api.user","Mon May 11 08:02:58 UTC 2026","skipped","Mon May 11 08:02:58 UTC 2026","TestUpdateUserApi","test_update_user","",""
"","0","[API] Update user should return 400_BAD_REQUEST when send update user request with invalid data. Case: 'birth_day' is zero","tests.api.user","Mon May 11 08:02:58 UTC 2026","skipped","Mon May 11 08:02:58 UTC 2026","TestUpdateUserApi","test_update_user","",""
"","734","[WEB] Should have expected screenshot when send review","tests.web.component.review","Mon May 11 08:30:57 UTC 2026","passed","Mon May 11 08:30:58 UTC 2026","TestReviewComponent","test_review_component","",""
"","2262","[WEB Component] Search filter should return all products when filter by empty query","tests.web.component.filter","Mon May 11 08:09:34 UTC 2026","passed","Mon May 11 08:09:37 UTC 2026","TestSearchFilter","test_search_filter","",""
"","1341","[WEB Component] Image Carousel should show last image when scroll left on first image","tests.web.component.carousel","Mon May 11 08:27:54 UTC 2026","passed","Mon May 11 08:27:55 UTC 2026","TestImageCarousel","test_image_carousel","",""
"","0","[API] Update user should return 400_BAD_REQUEST when send update user request with invalid data. Case: 'city' is absent","tests.api.user","Mon May 11 08:02:58 UTC 2026","skipped","Mon May 11 08:02:58 UTC 2026","TestUpdateUserApi","test_update_user","",""
"","0","[WEB] Sign up with invalid data. Case: 'zipcode' length = min","tests.web.component.auth","Mon May 11 08:03:55 UTC 2026","skipped","Mon May 11 08:03:55 UTC 2026","TestSignUpWeb","test_signup_component","",""
"","0","[WEB] Sign up with invalid data. Case: 'name' length = max","tests.web.component.auth","Mon May 11 08:03:55 UTC 2026","skipped","Mon May 11 08:03:55 UTC 2026","TestSignUpWeb","test_signup_component","",""
"","6152","[WEB] Sign up with valid data. Case: 'state' length = max","tests.web.component.auth","Mon May 11 08:15:38 UTC 2026","passed","Mon May 11 08:15:44 UTC 2026","TestSignUpWeb","test_signup_component","",""
"","0","[API] Update user should return 400_BAD_REQUEST when send update user request with invalid data. Case: 'address1' is absent","tests.api.user","Mon May 11 08:02:58 UTC 2026","skipped","Mon May 11 08:02:58 UTC 2026","TestUpdateUserApi","test_update_user","",""
"","188","[API] Get products should return 200_OK and contains expected product title","tests.api.product","Mon May 11 08:02:29 UTC 2026","passed","Mon May 11 08:02:29 UTC 2026","TestProductApi","test_product","",""
"","0","[API] Create user should return 400_BAD_REQUEST when send create user request with invalid data. Case: 'first_name' length = min - 1","tests.api.user","Mon May 11 08:02:27 UTC 2026","skipped","Mon May 11 08:02:27 UTC 2026","TestCreateUserApi","test_create_user","",""
"","0","[WEB] Sign up with invalid data. Case: 'last_name' length = max","tests.web.component.auth","Mon May 11 08:03:55 UTC 2026","skipped","Mon May 11 08:03:55 UTC 2026","TestSignUpWeb","test_signup_component","",""
"","0","[WEB Component] Pay with invalid card should show error message. Case: name contains newline","tests.web.component.payment","Mon May 11 08:15:26 UTC 2026","skipped","Mon May 11 08:15:26 UTC 2026","TestPaymentComponent","test_payment_component","",""
"","0","[API] Update user should return 400_BAD_REQUEST when send update user request with invalid data. Case: 'email' contains '.' before dog symbol","tests.api.user","Mon May 11 08:02:58 UTC 2026","skipped","Mon May 11 08:02:58 UTC 2026","TestUpdateUserApi","test_update_user","",""
"","0","[API] Update user should return 400_BAD_REQUEST when send update user request with invalid data. Case: 'email' contains '-' after '@'","tests.api.user","Mon May 11 08:02:58 UTC 2026","skipped","Mon May 11 08:02:58 UTC 2026","TestUpdateUserApi","test_update_user","",""
"","0","[WEB] Should not add product review with invalid data. Case: 'email' not contains domain","tests.web.component.review","Mon May 11 08:23:52 UTC 2026","skipped","Mon May 11 08:23:52 UTC 2026","TestReviewComponent","test_review_component","",""
"","397","[WEB Component] Header has expected screenshot when authorized","tests.web.component.base","Mon May 11 08:26:49 UTC 2026","passed","Mon May 11 08:26:49 UTC 2026","TestHeaderComponent","test_header_component","",""
"","145","[API] Create user should return 200_OK when send create user request with valid data. Case: 'address1' length = max - 1","tests.api.user","Mon May 11 08:02:43 UTC 2026","passed","Mon May 11 08:02:44 UTC 2026","TestCreateUserApi","test_create_user","",""
"","152","[API] Create user should return 200_OK when send create user request with valid data. Case: 'zipcode' length = max - 1","tests.api.user","Mon May 11 08:02:46 UTC 2026","passed","Mon May 11 08:02:46 UTC 2026","TestCreateUserApi","test_create_user","",""
"","312","[API] Create user should return 400_BAD_REQUEST when send create user request with existing email","tests.api.user","Mon May 11 08:02:27 UTC 2026","passed","Mon May 11 08:02:27 UTC 2026","TestCreateUserApi","test_create_user","",""
"","6345","[WEB Component] Place order without authorization notification proceed to checkout button should navigate to login page","tests.web.component.base","Mon May 11 08:07:23 UTC 2026","passed","Mon May 11 08:07:30 UTC 2026","TestNotificationComponent","test_notification_component","",""
"","0","[WEB Component] Pay with invalid card should show error message. Case: name contains non latin characters","tests.web.component.payment","Mon May 11 08:15:26 UTC 2026","skipped","Mon May 11 08:15:26 UTC 2026","TestPaymentComponent","test_payment_component","",""
"","4606","[WEB] Sign up with valid data. Case: 'birth_year' = 10000","tests.web.component.auth","Mon May 11 08:12:21 UTC 2026","passed","Mon May 11 08:12:25 UTC 2026","TestSignUpWeb","test_signup_component","",""
"","5491","[WEB] Sign up with valid data. Case: 'birth_day' = 1","tests.web.component.auth","Mon May 11 08:10:19 UTC 2026","passed","Mon May 11 08:10:24 UTC 2026","TestSignUpWeb","test_signup_component","",""
"","2415","[WEB Component] Animated product card overlay should have expected data","tests.web.component.product","Mon May 11 08:30:20 UTC 2026","passed","Mon May 11 08:30:22 UTC 2026","TestAnimatedProductCard","test_animated_product_card_component","",""
"","141","[API] Create user should return 200_OK when send create user request with valid data. Case: 'address2' length = min","tests.api.user","Mon May 11 08:02:44 UTC 2026","passed","Mon May 11 08:02:44 UTC 2026","TestCreateUserApi","test_create_user","",""
"","6197","[WEB] Sign up with valid data. Case: 'mobile_number' length = max","tests.web.component.auth","Mon May 11 08:09:54 UTC 2026","passed","Mon May 11 08:10:00 UTC 2026","TestSignUpWeb","test_signup_component","",""
"","0","[WEB] Sign up with invalid data. Case: 'birth_day' length = 31","tests.web.component.auth","Mon May 11 08:03:55 UTC 2026","skipped","Mon May 11 08:03:55 UTC 2026","TestSignUpWeb","test_signup_component","",""
"","1770","[WEB Component] Page scroller scroll page to top","tests.web.component.base","Mon May 11 08:26:22 UTC 2026","passed","Mon May 11 08:26:24 UTC 2026","TestPageScrollerComponent","test_page_scroller_component","",""
"","0","[WEB Component] Pay with invalid card should show error message. Case: card number contains letters","tests.web.component.payment","Mon May 11 08:15:26 UTC 2026","skipped","Mon May 11 08:15:26 UTC 2026","TestPaymentComponent","test_payment_component","",""
"","0","[WEB Component] Pay with invalid card should show error message. Case: cvc too long","tests.web.component.payment","Mon May 11 08:15:26 UTC 2026","skipped","Mon May 11 08:15:26 UTC 2026","TestPaymentComponent","test_payment_component","",""
"","0","[API] Update user should return 400_BAD_REQUEST when send update user request with invalid data. Case: 'last_name' length = max + 1","tests.api.user","Mon May 11 08:02:58 UTC 2026","skipped","Mon May 11 08:02:58 UTC 2026","TestUpdateUserApi","test_update_user","",""
"","0","[API] Create user should return 400_BAD_REQUEST when send create user request with invalid data. Case: 'address1' is empty","tests.api.user","Mon May 11 08:02:27 UTC 2026","skipped","Mon May 11 08:02:27 UTC 2026","TestCreateUserApi","test_create_user","",""
"","144","[API] Create user should return 200_OK when send create user request with valid data. Case: 'birth_month' = 1","tests.api.user","Mon May 11 08:02:36 UTC 2026","passed","Mon May 11 08:02:36 UTC 2026","TestCreateUserApi","test_create_user","",""
"","142","Should return user exists when user exists with email and password","tests.api.user","Mon May 11 08:02:58 UTC 2026","passed","Mon May 11 08:02:59 UTC 2026","TestVerifyLoginApi","test_verify_login","",""
"","0","[API] Create user should return 400_BAD_REQUEST when send create user request with invalid data. Case: 'birth_month' is zero","tests.api.user","Mon May 11 08:02:27 UTC 2026","skipped","Mon May 11 08:02:27 UTC 2026","TestCreateUserApi","test_create_user","",""
"","0","[API] Create user should return 400_BAD_REQUEST when send create user request with invalid data. Case: 'city' length = min - 1","tests.api.user","Mon May 11 08:02:27 UTC 2026","skipped","Mon May 11 08:02:27 UTC 2026","TestCreateUserApi","test_create_user","",""
"","0","[API] Update user should return 400_BAD_REQUEST when send update user request with invalid data. Case: 'mobile_number' is absent","tests.api.user","Mon May 11 08:02:58 UTC 2026","skipped","Mon May 11 08:02:58 UTC 2026","TestUpdateUserApi","test_update_user","",""
"","479","[WEB] Should add product review with valid data. Case: 'email' username is numerical","tests.web.component.review","Mon May 11 08:21:53 UTC 2026","passed","Mon May 11 08:21:54 UTC 2026","TestReviewComponent","test_review_component","",""
"","631","[WEB Component] Pay with valid card should show success status message. Case: valid name contains multiple spaces","tests.web.component.payment","Mon May 11 08:12:41 UTC 2026","passed","Mon May 11 08:12:42 UTC 2026","TestPaymentComponent","test_payment_component","",""
"","0","[WEB Component] Pay with invalid card should show error message. Case: expiry year contains letters","tests.web.component.payment","Mon May 11 08:15:26 UTC 2026","skipped","Mon May 11 08:15:26 UTC 2026","TestPaymentComponent","test_payment_component","",""
"","255","[API] Update user should return 200_OK when send update user request with valid data. Case: 'last_name' length = min + 1","tests.api.user","Mon May 11 08:02:37 UTC 2026","passed","Mon May 11 08:02:37 UTC 2026","TestUpdateUserApi","test_update_user","",""
"","153","[API] Create user should return 200_OK when send create user request with valid data. Case: 'last_name' length = max","tests.api.user","Mon May 11 08:02:33 UTC 2026","passed","Mon May 11 08:02:34 UTC 2026","TestCreateUserApi","test_create_user","",""
"","0","[API] Update user should return 400_BAD_REQUEST when send update user request with invalid data. Case: 'birth_day' is negative","tests.api.user","Mon May 11 08:02:58 UTC 2026","skipped","Mon May 11 08:02:58 UTC 2026","TestUpdateUserApi","test_update_user","",""
"","0","[API] Update user should return 400_BAD_REQUEST when send update user request with invalid data. Case: 'birth_year' is absent","tests.api.user","Mon May 11 08:02:58 UTC 2026","skipped","Mon May 11 08:02:58 UTC 2026","TestUpdateUserApi","test_update_user","",""
"","1230","[WEB Component] Add product to cart from product carousel","tests.web.component.carousel","Mon May 11 08:28:35 UTC 2026","passed","Mon May 11 08:28:36 UTC 2026","TestProductCarousel","test_product_carousel","",""
"","0","[API] Create user should return 400_BAD_REQUEST when send create user request with invalid data. Case: 'last_name' length = max + 1","tests.api.user","Mon May 11 08:02:27 UTC 2026","skipped","Mon May 11 08:02:27 UTC 2026","TestCreateUserApi","test_create_user","",""
"","0","[API] Update user should return 400_BAD_REQUEST when send update user request with invalid data. Case: 'state' is empty","tests.api.user","Mon May 11 08:02:58 UTC 2026","skipped","Mon May 11 08:02:58 UTC 2026","TestUpdateUserApi","test_update_user","",""
"","1766","[WEB Component] Should increase all products total price","tests.web.component.product","Mon May 11 08:20:11 UTC 2026","passed","Mon May 11 08:20:13 UTC 2026","TestProductItem","test_product_item","",""
"","1644","[WEB] Should add product review with valid data. Case: 'message' length = max","tests.web.component.review","Mon May 11 08:24:02 UTC 2026","passed","Mon May 11 08:24:04 UTC 2026","TestReviewComponent","test_review_component","",""
"","143","[API] Create user should return 200_OK when send create user request with valid data. Case: 'address2' length = max - 1","tests.api.user","Mon May 11 08:02:45 UTC 2026","passed","Mon May 11 08:02:45 UTC 2026","TestCreateUserApi","test_create_user","",""
"","0","[WEB] Sign up with invalid data. Case: 'last_name' length = max - 1","tests.web.component.auth","Mon May 11 08:03:55 UTC 2026","skipped","Mon May 11 08:03:55 UTC 2026","TestSignUpWeb","test_signup_component","",""
"","0","[WEB Component] Pay with invalid card should show error message. Case: expiry month is empty","tests.web.component.payment","Mon May 11 08:15:26 UTC 2026","skipped","Mon May 11 08:15:26 UTC 2026","TestPaymentComponent","test_payment_component","",""
"","0","[API] Update user should return 400_BAD_REQUEST when send update user request with invalid data. Case: 'first_name' length = min - 1","tests.api.user","Mon May 11 08:02:57 UTC 2026","skipped","Mon May 11 08:02:57 UTC 2026","TestUpdateUserApi","test_update_user","",""
"","0","[API] Create user should return 400_BAD_REQUEST when send create user request with invalid data. Case: 'email' not contains '@' symbol","tests.api.user","Mon May 11 08:02:27 UTC 2026","skipped","Mon May 11 08:02:27 UTC 2026","TestCreateUserApi","test_create_user","",""
"","0","[API] Update user should return 400_BAD_REQUEST when send update user request with invalid data. Case: 'zipcode' length = min - 1","tests.api.user","Mon May 11 08:02:58 UTC 2026","skipped","Mon May 11 08:02:58 UTC 2026","TestUpdateUserApi","test_update_user","",""
"","867","[WEB Component] Should navigate to products page by click 'Products' button","tests.web.component.base","Mon May 11 08:04:52 UTC 2026","passed","Mon May 11 08:04:53 UTC 2026","TestHeaderComponent","test_header_component","",""
"","5115","[WEB] Sign up with valid data. Case: 'company' length = min","tests.web.component.auth","Mon May 11 08:12:44 UTC 2026","passed","Mon May 11 08:12:49 UTC 2026","TestSignUpWeb","test_signup_component","",""
"","0","[API] Create user should return 400_BAD_REQUEST when send create user request with invalid data. Case: 'email' contains text after domain","tests.api.user","Mon May 11 08:02:27 UTC 2026","skipped","Mon May 11 08:02:27 UTC 2026","TestCreateUserApi","test_create_user","",""
"","0","[API] Update user should return 400_BAD_REQUEST when send update user request with invalid data. Case: 'email' contains text before username","tests.api.user","Mon May 11 08:02:58 UTC 2026","skipped","Mon May 11 08:02:58 UTC 2026","TestUpdateUserApi","test_update_user","",""
"","150","[API] Create user should return 200_OK when send create user request with valid data. Case: 'name' length = min","tests.api.user","Mon May 11 08:02:29 UTC 2026","passed","Mon May 11 08:02:29 UTC 2026","TestCreateUserApi","test_create_user","",""
"","9867","Purchase products with login before checkout","tests.web.e2e","Mon May 11 08:24:25 UTC 2026","passed","Mon May 11 08:24:35 UTC 2026","TestPlaceOrder","test_place_order","",""
"","4778","[WEB Component] Invoice should have expected price","tests.web.component.payment","Mon May 11 08:10:29 UTC 2026","passed","Mon May 11 08:10:34 UTC 2026","TestPaymentComponent","test_invoice_file","",""
"","0","[WEB] Sign up with invalid data. Case: 'mobile_number' length = min","tests.web.component.auth","Mon May 11 08:03:55 UTC 2026","skipped","Mon May 11 08:03:55 UTC 2026","TestSignUpWeb","test_signup_component","",""
"","5559","[WEB] Sign up with valid data. Case: 'state' length = min","tests.web.component.auth","Mon May 11 08:14:23 UTC 2026","passed","Mon May 11 08:14:28 UTC 2026","TestSignUpWeb","test_signup_component","",""
"","332","[API] Create user should return 200_OK when send create user request with valid data. Case: 'birth_year' = 1","tests.api.user","Mon May 11 08:02:37 UTC 2026","passed","Mon May 11 08:02:37 UTC 2026","TestCreateUserApi","test_create_user","",""
"","149","Should return user not found when user password invalid","tests.api.user","Mon May 11 08:02:59 UTC 2026","passed","Mon May 11 08:02:59 UTC 2026","TestVerifyLoginApi","test_verify_login","",""
"","151","[API] Create user should return 200_OK when send create user request with valid data. Case: 'last_name' length = max - 1","tests.api.user","Mon May 11 08:02:33 UTC 2026","passed","Mon May 11 08:02:33 UTC 2026","TestCreateUserApi","test_create_user","",""
"","232","[API] Update user should return 200_OK when send update user request with valid data. Case: 'company' length = min + 1","tests.api.user","Mon May 11 08:02:50 UTC 2026","passed","Mon May 11 08:02:50 UTC 2026","TestUpdateUserApi","test_update_user","",""
"","375","[WEB Component] Header has expected screenshot","tests.web.component.base","Mon May 11 08:26:24 UTC 2026","passed","Mon May 11 08:26:25 UTC 2026","TestHeaderComponent","test_header_component","",""
"","0","[API] Create user should return 400_BAD_REQUEST when send create user request with invalid data. Case: 'zipcode' is absent","tests.api.user","Mon May 11 08:02:27 UTC 2026","skipped","Mon May 11 08:02:27 UTC 2026","TestCreateUserApi","test_create_user","",""
"","287","[API] Update user should return 200_OK when send update user request with valid data. Case: 'address1' length = max","tests.api.user","Mon May 11 08:02:50 UTC 2026","passed","Mon May 11 08:02:50 UTC 2026","TestUpdateUserApi","test_update_user","",""
"","0","[API] Update user should return 400_BAD_REQUEST when send update user request with invalid data. Case: 'email' not contains domain","tests.api.user","Mon May 11 08:02:58 UTC 2026","skipped","Mon May 11 08:02:58 UTC 2026","TestUpdateUserApi","test_update_user","",""
"","177","[API] Create user should return 200_OK when send create user request with valid data. Case: 'zipcode' length = min + 1","tests.api.user","Mon May 11 08:02:46 UTC 2026","passed","Mon May 11 08:02:46 UTC 2026","TestCreateUserApi","test_create_user","",""
"","5671","[WEB] Sign up with valid data. Case: 'city' length = max - 1","tests.web.component.auth","Mon May 11 08:16:55 UTC 2026","passed","Mon May 11 08:17:01 UTC 2026","TestSignUpWeb","test_signup_component","",""
"","0","[WEB] Should not add product review with invalid data. Case: 'email' contains domain with one letter","tests.web.component.review","Mon May 11 08:23:52 UTC 2026","skipped","Mon May 11 08:23:52 UTC 2026","TestReviewComponent","test_review_component","",""
"","4904","[WEB] Sign up with valid data. Case: 'name' length = min + 1","tests.web.component.auth","Mon May 11 08:04:18 UTC 2026","passed","Mon May 11 08:04:23 UTC 2026","TestSignUpWeb","test_signup_component","",""
"","0","[API] Create user should return 400_BAD_REQUEST when send create user request with invalid data. Case: 'address1' length = max + 1","tests.api.user","Mon May 11 08:02:27 UTC 2026","skipped","Mon May 11 08:02:27 UTC 2026","TestCreateUserApi","test_create_user","",""
"","0","[API] Update user should return 400_BAD_REQUEST when send update user request with invalid data. Case: 'city' is empty","tests.api.user","Mon May 11 08:02:58 UTC 2026","skipped","Mon May 11 08:02:58 UTC 2026","TestUpdateUserApi","test_update_user","",""
"","0","[WEB Component] Pay with invalid card should show error message. Case: name is empty","tests.web.component.payment","Mon May 11 08:15:26 UTC 2026","skipped","Mon May 11 08:15:26 UTC 2026","TestPaymentComponent","test_payment_component","",""
"","0","[API] Update user should return 400_BAD_REQUEST when send update user request with invalid data. Case: 'company' length = max + 1","tests.api.user","Mon May 11 08:02:58 UTC 2026","skipped","Mon May 11 08:02:58 UTC 2026","TestUpdateUserApi","test_update_user","",""
"","413","[API] Update user should return 200_OK when send update user request with valid data. Case: 'company' length = max","tests.api.user","Mon May 11 08:02:52 UTC 2026","passed","Mon May 11 08:02:52 UTC 2026","TestUpdateUserApi","test_update_user","",""
"","4023","[WEB] Sign up with valid data. Case: 'birth_month' = 1","tests.web.component.auth","Mon May 11 08:11:08 UTC 2026","passed","Mon May 11 08:11:12 UTC 2026","TestSignUpWeb","test_signup_component","",""
"","5237","[WEB] Sign up with valid data. Case: 'address2' length = min + 1","tests.web.component.auth","Mon May 11 08:19:54 UTC 2026","passed","Mon May 11 08:19:59 UTC 2026","TestSignUpWeb","test_signup_component","",""
"","0","[API] Create user should return 400_BAD_REQUEST when send create user request with invalid data. Case: 'last_name' is empty","tests.api.user","Mon May 11 08:02:27 UTC 2026","skipped","Mon May 11 08:02:27 UTC 2026","TestCreateUserApi","test_create_user","",""
"","0","[API] Update user should return 400_BAD_REQUEST when send update user request with invalid data. Case: 'mobile_number' is empty","tests.api.user","Mon May 11 08:02:58 UTC 2026","skipped","Mon May 11 08:02:58 UTC 2026","TestUpdateUserApi","test_update_user","",""
"","512","[WEB] Should add product review with valid data. Case: 'name' length = min + 1","tests.web.component.review","Mon May 11 08:21:20 UTC 2026","passed","Mon May 11 08:21:21 UTC 2026","TestReviewComponent","test_review_component","",""
"","0","[API] Update user should return 400_BAD_REQUEST when send update user request with invalid data. Case: 'address2' length = min - 1","tests.api.user","Mon May 11 08:02:58 UTC 2026","skipped","Mon May 11 08:02:58 UTC 2026","TestUpdateUserApi","test_update_user","",""
"","160","[API] Create user should return 200_OK when send create user request with valid data. Case: 'city' length = max","tests.api.user","Mon May 11 08:02:42 UTC 2026","passed","Mon May 11 08:02:42 UTC 2026","TestCreateUserApi","test_create_user","",""
"","535","[WEB] Should add product review with valid data. Case: 'email' username contains '+'","tests.web.component.review","Mon May 11 08:23:21 UTC 2026","passed","Mon May 11 08:23:21 UTC 2026","TestReviewComponent","test_review_component","",""
"","5733","[WEB] Sign up with valid data. Case: 'last_name' length = min","tests.web.component.auth","Mon May 11 08:07:12 UTC 2026","passed","Mon May 11 08:07:18 UTC 2026","TestSignUpWeb","test_signup_component","",""
"","0","[API] Create user should return 400_BAD_REQUEST when send create user request with invalid data. Case: 'birth_month' is invalid positive","tests.api.user","Mon May 11 08:02:27 UTC 2026","skipped","Mon May 11 08:02:27 UTC 2026","TestCreateUserApi","test_create_user","",""
"","0","[WEB] Sign up with invalid data. Case: 'city' length = min","tests.web.component.auth","Mon May 11 08:03:55 UTC 2026","skipped","Mon May 11 08:03:55 UTC 2026","TestSignUpWeb","test_signup_component","",""
"","801","[WEB Component] Subscription component should have expected screenshot","tests.web.component.base","Mon May 11 08:26:43 UTC 2026","failed","Mon May 11 08:26:43 UTC 2026","TestSubscriptionComponent","test_subscription_component","",""
"","183","test_get_all_products","tests.api.product","Mon May 11 08:02:28 UTC 2026","passed","Mon May 11 08:02:29 UTC 2026","TestProductApi","test_product","",""
"","322","[API] Update user should return 200_OK when send update user request with valid data. Case: 'address1' length = min","tests.api.user","Mon May 11 08:02:47 UTC 2026","passed","Mon May 11 08:02:48 UTC 2026","TestUpdateUserApi","test_update_user","",""
"","0","[WEB] Sign up with invalid data. Case: 'birth_year' = 10000","tests.web.component.auth","Mon May 11 08:03:55 UTC 2026","skipped","Mon May 11 08:03:55 UTC 2026","TestSignUpWeb","test_signup_component","",""
"","0","[WEB Component] Pay with invalid card should show error message. Case: card number contains dashes","tests.web.component.payment","Mon May 11 08:15:26 UTC 2026","skipped","Mon May 11 08:15:26 UTC 2026","TestPaymentComponent","test_payment_component","",""
"","0","[WEB] Sign up with invalid data. Case: 'birth_month' = 12","tests.web.component.auth","Mon May 11 08:03:55 UTC 2026","skipped","Mon May 11 08:03:55 UTC 2026","TestSignUpWeb","test_signup_component","",""
"","261","[API] Update user should return 200_OK when send update user request with valid data. Case: 'birth_day' length = 31","tests.api.user","Mon May 11 08:02:43 UTC 2026","passed","Mon May 11 08:02:43 UTC 2026","TestUpdateUserApi","test_update_user","",""
"","139","[API] Create user should return 200_OK when send create user request with valid data. Case: 'name' length = max","tests.api.user","Mon May 11 08:02:31 UTC 2026","passed","Mon May 11 08:02:31 UTC 2026","TestCreateUserApi","test_create_user","",""
"","4013","[WEB] Sign up with valid data. Case: 'zipcode' length = max - 1","tests.web.component.auth","Mon May 11 08:03:26 UTC 2026","passed","Mon May 11 08:03:30 UTC 2026","TestSignUpWeb","test_signup_component","",""
"","505","[WEB] Should add product review with valid data. Case: 'email' has not exists email service","tests.web.component.review","Mon May 11 08:22:21 UTC 2026","passed","Mon May 11 08:22:21 UTC 2026","TestReviewComponent","test_review_component","",""
"","0","[WEB Component] Pay with invalid card should show error message. Case: name contains special characters","tests.web.component.payment","Mon May 11 08:15:26 UTC 2026","skipped","Mon May 11 08:15:26 UTC 2026","TestPaymentComponent","test_payment_component","",""
"","1306","[WEB Component] Product item should have expected data","tests.web.component.product","Mon May 11 08:30:47 UTC 2026","failed","Mon May 11 08:30:49 UTC 2026","TestProductItem","test_product_item","",""
"","0","[API] Update user should return 400_BAD_REQUEST when send update user request with invalid data. Case: 'last_name' is empty","tests.api.user","Mon May 11 08:02:58 UTC 2026","skipped","Mon May 11 08:02:58 UTC 2026","TestUpdateUserApi","test_update_user","",""
"","0","[WEB] Sign up with invalid data. Case: 'state' length = min","tests.web.component.auth","Mon May 11 08:03:55 UTC 2026","skipped","Mon May 11 08:03:55 UTC 2026","TestSignUpWeb","test_signup_component","",""
"","0","[API] Create user should return 400_BAD_REQUEST when send create user request with invalid data. Case: 'city' length = max + 1","tests.api.user","Mon May 11 08:02:27 UTC 2026","skipped","Mon May 11 08:02:27 UTC 2026","TestCreateUserApi","test_create_user","",""
"","0","[WEB] Sign up with invalid data. Case: 'company' length = min","tests.web.component.auth","Mon May 11 08:03:55 UTC 2026","skipped","Mon May 11 08:03:55 UTC 2026","TestSignUpWeb","test_signup_component","",""
"","287","[API] Update user should return 200_OK when send update user request with valid data. Case: 'birth_day' = 1","tests.api.user","Mon May 11 08:02:42 UTC 2026","passed","Mon May 11 08:02:43 UTC 2026","TestUpdateUserApi","test_update_user","",""
"","0","[WEB] Should not add product review with invalid data. Case: 'message' length = max","tests.web.component.review","Mon May 11 08:23:52 UTC 2026","skipped","Mon May 11 08:23:52 UTC 2026","TestReviewComponent","test_review_component","",""
"","0","[WEB Component] Pay with invalid card should show error message. Case: expiry year is empty","tests.web.component.payment","Mon May 11 08:15:26 UTC 2026","skipped","Mon May 11 08:15:26 UTC 2026","TestPaymentComponent","test_payment_component","",""
"","1183","[WEB Component] Add product notification should be closed when click on close button","tests.web.component.base","Mon May 11 08:07:02 UTC 2026","passed","Mon May 11 08:07:03 UTC 2026","TestNotificationComponent","test_notification_component","",""
"","0","[API] Create user should return 400_BAD_REQUEST when send create user request with invalid data. Case: 'birth_day' is zero","tests.api.user","Mon May 11 08:02:27 UTC 2026","skipped","Mon May 11 08:02:27 UTC 2026","TestCreateUserApi","test_create_user","",""
"","0","[WEB] Sign up with invalid data. Case: 'city' length = min + 1","tests.web.component.auth","Mon May 11 08:03:55 UTC 2026","skipped","Mon May 11 08:03:55 UTC 2026","TestSignUpWeb","test_signup_component","",""
"","10078","[WEB Component] Category filter group should be collapsed after expand another group","tests.web.component.filter","Mon May 11 08:29:43 UTC 2026","passed","Mon May 11 08:29:54 UTC 2026","TestCategoryFilter","test_category_filter","",""
"","4969","[WEB] Sign up with valid data. Case: 'last_name' length = min + 1","tests.web.component.auth","Mon May 11 08:07:38 UTC 2026","passed","Mon May 11 08:07:43 UTC 2026","TestSignUpWeb","test_signup_component","",""
"","0","[API] Create user should return 400_BAD_REQUEST when send create user request with invalid data. Case: 'mobile_number' length = min - 1","tests.api.user","Mon May 11 08:02:27 UTC 2026","skipped","Mon May 11 08:02:27 UTC 2026","TestCreateUserApi","test_create_user","",""
"","4639","[WEB] Sign up with valid data. Case: 'name' length = min","tests.web.component.auth","Mon May 11 08:03:54 UTC 2026","passed","Mon May 11 08:03:59 UTC 2026","TestSignUpWeb","test_signup_component","",""
"","0","[API] Update user should return 400_BAD_REQUEST when send update user request with invalid data. Case: 'birth_year' is invalid positive","tests.api.user","Mon May 11 08:02:58 UTC 2026","skipped","Mon May 11 08:02:58 UTC 2026","TestUpdateUserApi","test_update_user","",""
"","4494","[WEB] Sign up with valid data. Case: 'zipcode' length = min + 1","tests.web.component.auth","Mon May 11 08:03:03 UTC 2026","passed","Mon May 11 08:03:07 UTC 2026","TestSignUpWeb","test_signup_component","",""
"","244","[API] Update user should return 200_OK when send update user request with valid data. Case: 'first_name' length = max","tests.api.user","Mon May 11 08:02:36 UTC 2026","passed","Mon May 11 08:02:36 UTC 2026","TestUpdateUserApi","test_update_user","",""
"","366","[API] Create user should return 200_OK when send create user request with valid data. Case: 'address1' length = min","tests.api.user","Mon May 11 08:02:42 UTC 2026","passed","Mon May 11 08:02:43 UTC 2026","TestCreateUserApi","test_create_user","",""
"","749","[WEB Component] Should navigate to main page by click on header logo","tests.web.component.base","Mon May 11 08:04:32 UTC 2026","passed","Mon May 11 08:04:33 UTC 2026","TestHeaderComponent","test_header_component","",""
"","0","[API] Update user should return 400_BAD_REQUEST when send update user request with invalid data. Case: 'email' contains multiple '@' symbols","tests.api.user","Mon May 11 08:02:58 UTC 2026","skipped","Mon May 11 08:02:58 UTC 2026","TestUpdateUserApi","test_update_user","",""
"","0","[API] Update user should return 400_BAD_REQUEST when send update user request with invalid data. Case: 'city' length = max + 1","tests.api.user","Mon May 11 08:02:58 UTC 2026","skipped","Mon May 11 08:02:58 UTC 2026","TestUpdateUserApi","test_update_user","",""
"","416","[WEB] Should add product review with valid data. Case: 'message' length = min","tests.web.component.review","Mon May 11 08:23:32 UTC 2026","passed","Mon May 11 08:23:32 UTC 2026","TestReviewComponent","test_review_component","",""
"","0","[API] Update user should return 400_BAD_REQUEST when send update user request with invalid data. Case: 'address2' length = max + 1","tests.api.user","Mon May 11 08:02:58 UTC 2026","skipped","Mon May 11 08:02:58 UTC 2026","TestUpdateUserApi","test_update_user","",""
"","0","[WEB] Sign up with invalid data. Case: 'birth_day' = 1","tests.web.component.auth","Mon May 11 08:03:55 UTC 2026","skipped","Mon May 11 08:03:55 UTC 2026","TestSignUpWeb","test_signup_component","",""
"","0","[API] Update user should return 400_BAD_REQUEST when send update user request with invalid data. Case: 'birth_day' is absent","tests.api.user","Mon May 11 08:02:58 UTC 2026","skipped","Mon May 11 08:02:58 UTC 2026","TestUpdateUserApi","test_update_user","",""
"","0","[API] Create user should return 400_BAD_REQUEST when send create user request with invalid data. Case: 'email' contains username hieroglyphs instead of username","tests.api.user","Mon May 11 08:02:27 UTC 2026","skipped","Mon May 11 08:02:27 UTC 2026","TestCreateUserApi","test_create_user","",""
"","5261","[WEB] Sign up with valid data. Case: 'company' length = max","tests.web.component.auth","Mon May 11 08:13:58 UTC 2026","passed","Mon May 11 08:14:03 UTC 2026","TestSignUpWeb","test_signup_component","",""
"","220","[API] Update user should return 200_OK when send update user request with valid data. Case: 'zipcode' length = min","tests.api.user","Mon May 11 08:02:55 UTC 2026","passed","Mon May 11 08:02:55 UTC 2026","TestUpdateUserApi","test_update_user","",""
"","2001","[WEB Component] Add product notification should have expected data and screenshot","tests.web.component.base","Mon May 11 08:25:39 UTC 2026","passed","Mon May 11 08:25:41 UTC 2026","TestNotificationComponent","test_notification_component","",""
"","0","[API] Update user should return 400_BAD_REQUEST when send update user request with invalid data. Case: 'state' is absent","tests.api.user","Mon May 11 08:02:58 UTC 2026","skipped","Mon May 11 08:02:58 UTC 2026","TestUpdateUserApi","test_update_user","",""
"","154","[API] Create user should return 200_OK when send create user request with valid data. Case: 'zipcode' length = min","tests.api.user","Mon May 11 08:02:46 UTC 2026","passed","Mon May 11 08:02:46 UTC 2026","TestCreateUserApi","test_create_user","",""
"","4941","[WEB] Sign up with valid data. Case: 'zipcode' length = max","tests.web.component.auth","Mon May 11 08:03:49 UTC 2026","passed","Mon May 11 08:03:54 UTC 2026","TestSignUpWeb","test_signup_component","",""
"","0","[API] Create user should return 400_BAD_REQUEST when send create user request with invalid data. Case: 'zipcode' is empty","tests.api.user","Mon May 11 08:02:27 UTC 2026","skipped","Mon May 11 08:02:27 UTC 2026","TestCreateUserApi","test_create_user","",""
"","1303","[WEB Component] Should decrease all products total price","tests.web.component.product","Mon May 11 08:20:39 UTC 2026","passed","Mon May 11 08:20:40 UTC 2026","TestProductItem","test_product_item","",""
"","143","[API] Create user should return 200_OK when send create user request with valid data. Case: 'birth_year' = 10000","tests.api.user","Mon May 11 08:02:37 UTC 2026","passed","Mon May 11 08:02:38 UTC 2026","TestCreateUserApi","test_create_user","",""
"","5873","[WEB] Sign up with valid data. Case: 'company' length = max - 1","tests.web.component.auth","Mon May 11 08:13:33 UTC 2026","passed","Mon May 11 08:13:39 UTC 2026","TestSignUpWeb","test_signup_component","",""
"","0","[WEB Component] Pay with invalid card should show error message. Case: expiry year only spaces","tests.web.component.payment","Mon May 11 08:15:26 UTC 2026","skipped","Mon May 11 08:15:26 UTC 2026","TestPaymentComponent","test_payment_component","",""
"","0","[WEB] Sign up with invalid data. Case: 'birth_year' = 1","tests.web.component.auth","Mon May 11 08:03:55 UTC 2026","skipped","Mon May 11 08:03:55 UTC 2026","TestSignUpWeb","test_signup_component","",""
"","147","[API] Create user should return 200_OK when send create user request with valid data. Case: 'state' length = min + 1","tests.api.user","Mon May 11 08:02:40 UTC 2026","passed","Mon May 11 08:02:40 UTC 2026","TestCreateUserApi","test_create_user","",""
"","0","[WEB] Sign up with invalid data. Case: 'address2' length = max","tests.web.component.auth","Mon May 11 08:03:55 UTC 2026","skipped","Mon May 11 08:03:55 UTC 2026","TestSignUpWeb","test_signup_component","",""
"","580","[WEB] Should add product review with valid data. Case: 'email' domain contains '-'","tests.web.component.review","Mon May 11 08:22:13 UTC 2026","passed","Mon May 11 08:22:14 UTC 2026","TestReviewComponent","test_review_component","",""
"","161","[API] Create user should return 200_OK when send create user request with valid data. Case: 'city' length = max - 1","tests.api.user","Mon May 11 08:02:42 UTC 2026","passed","Mon May 11 08:02:42 UTC 2026","TestCreateUserApi","test_create_user","",""
"","4870","[WEB] Sign up with valid data. Case: 'last_name' length = max","tests.web.component.auth","Mon May 11 08:08:16 UTC 2026","passed","Mon May 11 08:08:21 UTC 2026","TestSignUpWeb","test_signup_component","",""
"","0","[WEB Component] Pay with invalid card should show error message. Case: card number fails luhn check","tests.web.component.payment","Mon May 11 08:15:26 UTC 2026","skipped","Mon May 11 08:15:26 UTC 2026","TestPaymentComponent","test_payment_component","",""
"","2809","[WEB Component] Pay with valid card should show success status message. Case: valid: boundary valid number","tests.web.component.payment","Mon May 11 08:13:33 UTC 2026","passed","Mon May 11 08:13:36 UTC 2026","TestPaymentComponent","test_payment_component","",""
"","0","[API] Update user should return 400_BAD_REQUEST when send update user request with invalid data. Case: 'email' not contains '@' symbol","tests.api.user","Mon May 11 08:02:58 UTC 2026","skipped","Mon May 11 08:02:58 UTC 2026","TestUpdateUserApi","test_update_user","",""
"","0","[WEB] Should not add product review with invalid data. Case: 'email' not contains '@' symbol","tests.web.component.review","Mon May 11 08:23:52 UTC 2026","skipped","Mon May 11 08:23:52 UTC 2026","TestReviewComponent","test_review_component","",""
"","257","[API] Update user should return 200_OK when send update user request with valid data. Case: 'mobile_number' length = max - 1","tests.api.user","Mon May 11 08:02:41 UTC 2026","passed","Mon May 11 08:02:41 UTC 2026","TestUpdateUserApi","test_update_user","",""
"","439","[API] Update user should return 200_OK when send update user request with valid data. Case: 'name' length = min","tests.api.user","Mon May 11 08:02:30 UTC 2026","passed","Mon May 11 08:02:30 UTC 2026","TestUpdateUserApi","test_update_user","",""
"","277","[API] Update user should return 200_OK when send update user request with valid data. Case: 'mobile_number' length = min","tests.api.user","Mon May 11 08:02:39 UTC 2026","passed","Mon May 11 08:02:40 UTC 2026","TestUpdateUserApi","test_update_user","",""
"","0","[WEB Component] Pay with invalid card should show error message. Case: expiry year too long","tests.web.component.payment","Mon May 11 08:15:26 UTC 2026","skipped","Mon May 11 08:15:26 UTC 2026","TestPaymentComponent","test_payment_component","",""
"","259","[API] Update user should return 200_OK when send update user request with valid data. Case: 'state' length = max","tests.api.user","Mon May 11 08:02:55 UTC 2026","passed","Mon May 11 08:02:55 UTC 2026","TestUpdateUserApi","test_update_user","",""
"","151","[API] Create user should return 200_OK when send create user request with valid data. Case: 'zipcode' length = max","tests.api.user","Mon May 11 08:02:47 UTC 2026","passed","Mon May 11 08:02:47 UTC 2026","TestCreateUserApi","test_create_user","",""
"","321","[API] Create user should return 200_OK when send create user request with valid data. Case: 'name' length = max - 1","tests.api.user","Mon May 11 08:02:30 UTC 2026","passed","Mon May 11 08:02:30 UTC 2026","TestCreateUserApi","test_create_user","",""
"","4845","[WEB] Sign up with valid data. Case: 'first_name' length = min","tests.web.component.auth","Mon May 11 08:05:35 UTC 2026","passed","Mon May 11 08:05:39 UTC 2026","TestSignUpWeb","test_signup_component","",""
"","0","[API] Create user should return 400_BAD_REQUEST when send create user request with invalid data. Case: 'name' is empty","tests.api.user","Mon May 11 08:02:47 UTC 2026","skipped","Mon May 11 08:02:47 UTC 2026","TestCreateUserApi","test_create_user","",""
"","0","[WEB] Sign up with invalid data. Case: 'city' length = max","tests.web.component.auth","Mon May 11 08:03:55 UTC 2026","skipped","Mon May 11 08:03:55 UTC 2026","TestSignUpWeb","test_signup_component","",""
"","484","[WEB] Sign in with invalid credentials. Case: {case_title}","tests.web.component.auth","Mon May 11 08:03:34 UTC 2026","passed","Mon May 11 08:03:34 UTC 2026","TestLoginWeb","test_login_component","",""
"","288","[API] Update user should return 200_OK when send update user request with valid data. Case: 'birth_month' = 1","tests.api.user","Mon May 11 08:02:44 UTC 2026","passed","Mon May 11 08:02:44 UTC 2026","TestUpdateUserApi","test_update_user","",""
"","468","[WEB Component] Animated product card should have expected data","tests.web.component.product","Mon May 11 08:30:12 UTC 2026","failed","Mon May 11 08:30:13 UTC 2026","TestAnimatedProductCard","test_animated_product_card_component","",""
"","245","[API] Update user should return 200_OK when send update user request with valid data. Case: 'city' length = min","tests.api.user","Mon May 11 08:02:56 UTC 2026","passed","Mon May 11 08:02:56 UTC 2026","TestUpdateUserApi","test_update_user","",""
"","268","[API] Update user should return 200_OK when send update user request with valid data. Case: 'name' length = max - 1","tests.api.user","Mon May 11 08:02:32 UTC 2026","passed","Mon May 11 08:02:32 UTC 2026","TestUpdateUserApi","test_update_user","",""
"","2025","[WEB Component] Product details should have expected data","tests.web.component.product","Mon May 11 08:30:40 UTC 2026","failed","Mon May 11 08:30:42 UTC 2026","TestProductCard","test_product_details_component","",""
"","0","[API] Create user should return 400_BAD_REQUEST when send create user request with invalid data. Case: 'address1' is absent","tests.api.user","Mon May 11 08:02:27 UTC 2026","skipped","Mon May 11 08:02:27 UTC 2026","TestCreateUserApi","test_create_user","",""
"","0","[API] Update user should return 400_BAD_REQUEST when send update user request with invalid data. Case: 'email' not contains username","tests.api.user","Mon May 11 08:02:58 UTC 2026","skipped","Mon May 11 08:02:58 UTC 2026","TestUpdateUserApi","test_update_user","",""
"","5939","[WEB Component] Category filter should have expected screenshot when group expanded","tests.web.component.filter","Mon May 11 08:28:53 UTC 2026","passed","Mon May 11 08:28:59 UTC 2026","TestCategoryFilter","test_category_filter","",""
"","140","[API] Create user should return 200_OK when send create user request with valid data. Case: 'birth_day' length = 31","tests.api.user","Mon May 11 08:02:36 UTC 2026","passed","Mon May 11 08:02:36 UTC 2026","TestCreateUserApi","test_create_user","",""
"","221","[API] Update user should return 200_OK when send update user request with valid data. Case: 'birth_month' = 12","tests.api.user","Mon May 11 08:02:45 UTC 2026","passed","Mon May 11 08:02:45 UTC 2026","TestUpdateUserApi","test_update_user","",""
"","338","[API] Create user should return 200_OK when send create user request with valid data. Case: 'state' length = min","tests.api.user","Mon May 11 08:02:39 UTC 2026","passed","Mon May 11 08:02:40 UTC 2026","TestCreateUserApi","test_create_user","",""
"","156","[API] Create user should return 200_OK when send create user request with valid data. Case: 'name' length = min + 1","tests.api.user","Mon May 11 08:02:30 UTC 2026","passed","Mon May 11 08:02:30 UTC 2026","TestCreateUserApi","test_create_user","",""
"","0","[API] Update user should return 400_BAD_REQUEST when send update user request with invalid data. Case: 'first_name' is empty","tests.api.user","Mon May 11 08:02:57 UTC 2026","skipped","Mon May 11 08:02:57 UTC 2026","TestUpdateUserApi","test_update_user","",""
"","0","[WEB Component] Pay with invalid card should show error message. Case: card number too short","tests.web.component.payment","Mon May 11 08:15:26 UTC 2026","skipped","Mon May 11 08:15:26 UTC 2026","TestPaymentComponent","test_payment_component","",""
"","282","[API] Get csrf should return 200_OK when send get csrf request and contains csrf cookie","tests.api.auth","Mon May 11 08:02:27 UTC 2026","passed","Mon May 11 08:02:27 UTC 2026","TestAuthApi","test_auth","",""
"","338","[API] Update user should return 200_OK when send update user request with valid data. Case: 'city' length = max - 1","tests.api.user","Mon May 11 08:02:57 UTC 2026","passed","Mon May 11 08:02:57 UTC 2026","TestUpdateUserApi","test_update_user","",""
"","263","[API] Update user should return 200_OK when send update user request with valid data. Case: 'first_name' length = max - 1","tests.api.user","Mon May 11 08:02:35 UTC 2026","passed","Mon May 11 08:02:35 UTC 2026","TestUpdateUserApi","test_update_user","",""
"","254","[API] Update user should return 200_OK when send update user request with valid data. Case: 'first_name' length = min","tests.api.user","Mon May 11 08:02:33 UTC 2026","passed","Mon May 11 08:02:34 UTC 2026","TestUpdateUserApi","test_update_user","",""
"","0","[API] Update user should return 400_BAD_REQUEST when send update user request with invalid data. Case: 'address1' length = min - 1","tests.api.user","Mon May 11 08:02:58 UTC 2026","skipped","Mon May 11 08:02:58 UTC 2026","TestUpdateUserApi","test_update_user","",""
"","0","[WEB Component] Pay with invalid card should show error message. Case: card number all zeros","tests.web.component.payment","Mon May 11 08:15:26 UTC 2026","skipped","Mon May 11 08:15:26 UTC 2026","TestPaymentComponent","test_payment_component","",""
"","0","[API] Update user should return 400_BAD_REQUEST when send update user request with invalid data. Case: 'email' is empty","tests.api.user","Mon May 11 08:02:58 UTC 2026","skipped","Mon May 11 08:02:58 UTC 2026","TestUpdateUserApi","test_update_user","",""
"","1183","[WEB Component] Brand filter should have expected screenshot","tests.web.component.filter","Mon May 11 08:28:56 UTC 2026","passed","Mon May 11 08:28:57 UTC 2026","TestBrandFilter","test_brand_filter","",""
"","0","[API] Create user should return 400_BAD_REQUEST when send create user request with invalid data. Case: 'zipcode' has invalid format","tests.api.user","Mon May 11 08:02:27 UTC 2026","skipped","Mon May 11 08:02:27 UTC 2026","TestCreateUserApi","test_create_user","",""
"","5051","[WEB] Sign up with valid data. Case: 'address1' length = min + 1","tests.web.component.auth","Mon May 11 08:18:12 UTC 2026","passed","Mon May 11 08:18:17 UTC 2026","TestSignUpWeb","test_signup_component","",""
"","0","[WEB Component] Pay with invalid card should show error message. Case: name contains emoji","tests.web.component.payment","Mon May 11 08:15:26 UTC 2026","skipped","Mon May 11 08:15:26 UTC 2026","TestPaymentComponent","test_payment_component","",""
"","406","[WEB] Should add product review with valid data. Case: 'message' length = min + 1","tests.web.component.review","Mon May 11 08:23:52 UTC 2026","passed","Mon May 11 08:23:52 UTC 2026","TestReviewComponent","test_review_component","",""
"","1353","[WEB Component] Products Carousel should show previous image when scroll left","tests.web.component.carousel","Mon May 11 08:27:30 UTC 2026","passed","Mon May 11 08:27:31 UTC 2026","TestProductCarousel","test_product_carousel","",""
"","19151","Purchase products with sign up while checkout","tests.web.e2e","Mon May 11 08:24:48 UTC 2026","passed","Mon May 11 08:25:08 UTC 2026","TestPlaceOrder","test_place_order","",""
"","5950","[WEB] Sign up with valid data. Case: 'birth_day' length = 31","tests.web.component.auth","Mon May 11 08:10:43 UTC 2026","passed","Mon May 11 08:10:49 UTC 2026","TestSignUpWeb","test_signup_component","",""
"","0","[WEB] Sign up with invalid data. Case: 'name' length = min","tests.web.component.auth","Mon May 11 08:03:55 UTC 2026","skipped","Mon May 11 08:03:55 UTC 2026","TestSignUpWeb","test_signup_component","",""
"","0","[WEB Component] Pay with invalid card should show error message. Case: card number contains spaces","tests.web.component.payment","Mon May 11 08:15:26 UTC 2026","skipped","Mon May 11 08:15:26 UTC 2026","TestPaymentComponent","test_payment_component","",""
"","0","[API] Update user should return 400_BAD_REQUEST when send update user request with invalid data. Case: 'email' contains text after domain","tests.api.user","Mon May 11 08:02:58 UTC 2026","skipped","Mon May 11 08:02:58 UTC 2026","TestUpdateUserApi","test_update_user","",""
"","655","[WEB] Should add product review with valid data. Case: 'email' username contains '.'","tests.web.component.review","Mon May 11 08:23:00 UTC 2026","passed","Mon May 11 08:23:01 UTC 2026","TestReviewComponent","test_review_component","",""
"","518","[WEB] Should add product review with valid data. Case: 'name' length = max - 1","tests.web.component.review","Mon May 11 08:21:41 UTC 2026","passed","Mon May 11 08:21:41 UTC 2026","TestReviewComponent","test_review_component","",""
"","0","[WEB] Sign up with invalid data. Case: 'first_name' length = max","tests.web.component.auth","Mon May 11 08:03:55 UTC 2026","skipped","Mon May 11 08:03:55 UTC 2026","TestSignUpWeb","test_signup_component","",""
"","2816","[WEB Component] Pay with valid card should show success status message. Case: valid: common latin name","tests.web.component.payment","Mon May 11 08:12:16 UTC 2026","passed","Mon May 11 08:12:19 UTC 2026","TestPaymentComponent","test_payment_component","",""
"","318","[API] Update user should return 200_OK when send update user request with valid data. Case: 'address1' length = max - 1","tests.api.user","Mon May 11 08:02:49 UTC 2026","passed","Mon May 11 08:02:49 UTC 2026","TestUpdateUserApi","test_update_user","",""
"","1454","[WEB Component] Search filter should have expected screenshot","tests.web.component.filter","Mon May 11 08:29:18 UTC 2026","passed","Mon May 11 08:29:19 UTC 2026","TestSearchFilter","test_search_filter","",""
"","0","[API] Create user should return 400_BAD_REQUEST when send create user request with invalid data. Case: 'last_name' is absent","tests.api.user","Mon May 11 08:02:27 UTC 2026","skipped","Mon May 11 08:02:27 UTC 2026","TestCreateUserApi","test_create_user","",""
"","459","[API] Update user should return 200_OK when send update user request with valid data. Case: 'company' length = min","tests.api.user","Mon May 11 08:02:49 UTC 2026","passed","Mon May 11 08:02:49 UTC 2026","TestUpdateUserApi","test_update_user","",""
"","0","[WEB] Sign up with invalid data. Case: 'name' length = min + 1","tests.web.component.auth","Mon May 11 08:03:55 UTC 2026","skipped","Mon May 11 08:03:55 UTC 2026","TestSignUpWeb","test_signup_component","",""
"","0","[API] Update user should return 400_BAD_REQUEST when send update user request with invalid data. Case: 'address2' is empty","tests.api.user","Mon May 11 08:02:58 UTC 2026","skipped","Mon May 11 08:02:58 UTC 2026","TestUpdateUserApi","test_update_user","",""
"","0","[API] Create user should return 400_BAD_REQUEST when send create user request with invalid data. Case: 'email' contains only special symbols","tests.api.user","Mon May 11 08:02:27 UTC 2026","skipped","Mon May 11 08:02:27 UTC 2026","TestCreateUserApi","test_create_user","",""
"","1194","[WEB Component] Should open product page when click on view product button","tests.web.component.product","Mon May 11 08:16:25 UTC 2026","passed","Mon May 11 08:16:26 UTC 2026","TestAnimatedProductCard","test_animated_product_card_component","",""
"","0","[API] Create user should return 400_BAD_REQUEST when send create user request with invalid data. Case: 'state' is absent","tests.api.user","Mon May 11 08:02:27 UTC 2026","skipped","Mon May 11 08:02:27 UTC 2026","TestCreateUserApi","test_create_user","",""
"","0","[API] Create user should return 400_BAD_REQUEST when send create user request with invalid data. Case: 'state' length = max + 1","tests.api.user","Mon May 11 08:02:27 UTC 2026","skipped","Mon May 11 08:02:27 UTC 2026","TestCreateUserApi","test_create_user","",""
"","0","[API] Create user should return 400_BAD_REQUEST when send create user request with invalid data. Case: 'birth_year' is negative","tests.api.user","Mon May 11 08:02:27 UTC 2026","skipped","Mon May 11 08:02:27 UTC 2026","TestCreateUserApi","test_create_user","",""
"","0","[WEB Component] Pay with invalid card should show error message. Case: name contains digits","tests.web.component.payment","Mon May 11 08:15:26 UTC 2026","skipped","Mon May 11 08:15:26 UTC 2026","TestPaymentComponent","test_payment_component","",""
"","0","[API] Update user should return 400_BAD_REQUEST when send update user request with invalid data. Case: 'email' contains mail server as ip and port","tests.api.user","Mon May 11 08:02:58 UTC 2026","skipped","Mon May 11 08:02:58 UTC 2026","TestUpdateUserApi","test_update_user","",""
"","6402","[WEB] Sign up with valid data. Case: 'address1' length = max - 1","tests.web.component.auth","Mon May 11 08:18:37 UTC 2026","passed","Mon May 11 08:18:43 UTC 2026","TestSignUpWeb","test_signup_component","",""
"","0","[WEB Component] Billing address has expected data","tests.web.component.address","Mon May 11 08:25:34 UTC 2026","failed","Mon May 11 08:25:34 UTC 2026","TestAddressComponent","test_address_component","",""
"","522","[WEB] Should add product review with valid data. Case: 'email' domain length = 2","tests.web.component.review","Mon May 11 08:22:52 UTC 2026","passed","Mon May 11 08:22:53 UTC 2026","TestReviewComponent","test_review_component","",""
"","1","[API] Create user should return 400_BAD_REQUEST when send create user request with invalid data. Case: 'zipcode' length = max + 1","tests.api.user","Mon May 11 08:02:27 UTC 2026","skipped","Mon May 11 08:02:27 UTC 2026","TestCreateUserApi","test_create_user","",""
"","0","[API] Update user should return 400_BAD_REQUEST when send update user request with invalid data. Case: 'city' length = min - 1","tests.api.user","Mon May 11 08:02:58 UTC 2026","skipped","Mon May 11 08:02:58 UTC 2026","TestUpdateUserApi","test_update_user","",""
"","144","[API] Create user should return 200_OK when send create user request with valid data. Case: 'state' length = max","tests.api.user","Mon May 11 08:02:41 UTC 2026","passed","Mon May 11 08:02:41 UTC 2026","TestCreateUserApi","test_create_user","",""
"","0","[WEB] Sign up with invalid data. Case: 'zipcode' length = min + 1","tests.web.component.auth","Mon May 11 08:03:55 UTC 2026","skipped","Mon May 11 08:03:55 UTC 2026","TestSignUpWeb","test_signup_component","",""
"","2398","[WEB Component] Products Carousel should last products when scroll left on first slide","tests.web.component.carousel","Mon May 11 08:28:12 UTC 2026","passed","Mon May 11 08:28:14 UTC 2026","TestProductCarousel","test_product_carousel","",""
"","145","[API] Create user should return 200_OK when send create user request with valid data. Case: 'mobile_number' length = max","tests.api.user","Mon May 11 08:02:35 UTC 2026","passed","Mon May 11 08:02:35 UTC 2026","TestCreateUserApi","test_create_user","",""
"","660","[WEB] Should add product review with valid data. Case: 'email' username contains '-'","tests.web.component.review","Mon May 11 08:21:33 UTC 2026","passed","Mon May 11 08:21:33 UTC 2026","TestReviewComponent","test_review_component","",""
"","1161","[WEB Component] Products Carousel should first products when scroll right on last image","tests.web.component.carousel","Mon May 11 08:28:14 UTC 2026","passed","Mon May 11 08:28:16 UTC 2026","TestProductCarousel","test_product_carousel","",""
"","0","[WEB] Should not add product review with invalid data. Case: 'email' contains only special symbols","tests.web.component.review","Mon May 11 08:23:52 UTC 2026","skipped","Mon May 11 08:23:52 UTC 2026","TestReviewComponent","test_review_component","",""
"","489","[API] Update user should return 200_OK when send update user request with valid data. Case: 'birth_year' = 10000","tests.api.user","Mon May 11 08:02:48 UTC 2026","passed","Mon May 11 08:02:48 UTC 2026","TestUpdateUserApi","test_update_user","",""
"","0","[WEB Component] Pay with invalid card should show error message. Case: cvc contains special characters","tests.web.component.payment","Mon May 11 08:15:26 UTC 2026","skipped","Mon May 11 08:15:26 UTC 2026","TestPaymentComponent","test_payment_component","",""
"","0","[API] Create user should return 400_BAD_REQUEST when send create user request with invalid data. Case: 'state' length = min - 1","tests.api.user","Mon May 11 08:02:27 UTC 2026","skipped","Mon May 11 08:02:27 UTC 2026","TestCreateUserApi","test_create_user","",""
"","0","[API] Create user should return 400_BAD_REQUEST when send create user request with invalid data. Case: 'company' is empty","tests.api.user","Mon May 11 08:02:27 UTC 2026","skipped","Mon May 11 08:02:27 UTC 2026","TestCreateUserApi","test_create_user","",""
"","0","[API] Create user should return 400_BAD_REQUEST when send create user request with invalid data. Case: 'mobile_number' is absent","tests.api.user","Mon May 11 08:02:27 UTC 2026","skipped","Mon May 11 08:02:27 UTC 2026","TestCreateUserApi","test_create_user","",""
"","447","[API] Update user should return 200_OK when send update user request with valid data. Case: 'last_name' length = max - 1","tests.api.user","Mon May 11 08:02:38 UTC 2026","passed","Mon May 11 08:02:38 UTC 2026","TestUpdateUserApi","test_update_user","",""
"","0","[WEB Component] Pay with invalid card should show error message. Case: name contains leading spaces","tests.web.component.payment","Mon May 11 08:15:26 UTC 2026","skipped","Mon May 11 08:15:26 UTC 2026","TestPaymentComponent","test_payment_component","",""
"","0","[API] Create user should return 400_BAD_REQUEST when send create user request with invalid data. Case: 'email' contains mail server as ip and port","tests.api.user","Mon May 11 08:02:27 UTC 2026","skipped","Mon May 11 08:02:27 UTC 2026","TestCreateUserApi","test_create_user","",""
"","0","[API] Update user should return 400_BAD_REQUEST when send update user request with invalid data. Case: 'birth_day' is invalid positive","tests.api.user","Mon May 11 08:02:58 UTC 2026","skipped","Mon May 11 08:02:58 UTC 2026","TestUpdateUserApi","test_update_user","",""
"","5634","[WEB] Sign up with valid data. Case: 'city' length = min","tests.web.component.auth","Mon May 11 08:16:05 UTC 2026","passed","Mon May 11 08:16:10 UTC 2026","TestSignUpWeb","test_signup_component","",""
"","250","[API] Update user should return 200_OK when send update user request with valid data. Case: 'name' length = min + 1","tests.api.user","Mon May 11 08:02:31 UTC 2026","passed","Mon May 11 08:02:31 UTC 2026","TestUpdateUserApi","test_update_user","",""
"","0","[WEB Component] Pay with invalid card should show error message. Case: cvc too short","tests.web.component.payment","Mon May 11 08:15:26 UTC 2026","skipped","Mon May 11 08:15:26 UTC 2026","TestPaymentComponent","test_payment_component","",""
"","0","[API] Update user should return 400_BAD_REQUEST when send update user request with invalid data. Case: 'birth_month' is negative","tests.api.user","Mon May 11 08:02:58 UTC 2026","skipped","Mon May 11 08:02:58 UTC 2026","TestUpdateUserApi","test_update_user","",""
"","0","[API] Create user should return 400_BAD_REQUEST when send create user request with invalid data. Case: 'email' contains '-' after '@'","tests.api.user","Mon May 11 08:02:27 UTC 2026","skipped","Mon May 11 08:02:27 UTC 2026","TestCreateUserApi","test_create_user","",""
"","14622","Purchase products with login while checkout","tests.web.e2e","Mon May 11 08:24:57 UTC 2026","failed","Mon May 11 08:25:11 UTC 2026","TestPlaceOrder","test_place_order","",""
"","0","[API] Update user should return 400_BAD_REQUEST when send update user request with invalid data. Case: 'state' length = max + 1","tests.api.user","Mon May 11 08:02:58 UTC 2026","skipped","Mon May 11 08:02:58 UTC 2026","TestUpdateUserApi","test_update_user","",""
"","0","[WEB] Should not add product review with invalid data. Case: 'email' contains '.' before dog symbol","tests.web.component.review","Mon May 11 08:23:52 UTC 2026","skipped","Mon May 11 08:23:52 UTC 2026","TestReviewComponent","test_review_component","",""
"","0","[API] Create user should return 400_BAD_REQUEST when send create user request with invalid data. Case: 'name' is absent","tests.api.user","Mon May 11 08:02:47 UTC 2026","skipped","Mon May 11 08:02:47 UTC 2026","TestCreateUserApi","test_create_user","",""
"","1032","[WEB Component] Should navigate to cart page by click 'Cart' button","tests.web.component.base","Mon May 11 08:05:12 UTC 2026","passed","Mon May 11 08:05:13 UTC 2026","TestHeaderComponent","test_header_component","",""
"","0","[API] Update user should return 400_BAD_REQUEST when send update user request with invalid data. Case: 'address1' is empty","tests.api.user","Mon May 11 08:02:58 UTC 2026","skipped","Mon May 11 08:02:58 UTC 2026","TestUpdateUserApi","test_update_user","",""
"","0","[API] Create user should return 400_BAD_REQUEST when send create user request with invalid data. Case: 'name' length = min - 1","tests.api.user","Mon May 11 08:02:47 UTC 2026","skipped","Mon May 11 08:02:47 UTC 2026","TestCreateUserApi","test_create_user","",""
"","271","[API] Update user should return 200_OK when send update user request with valid data. Case: 'mobile_number' length = min + 1","tests.api.user","Mon May 11 08:02:40 UTC 2026","passed","Mon May 11 08:02:40 UTC 2026","TestUpdateUserApi","test_update_user","",""
"","0","[WEB] Should not add product review with invalid data. Case: 'email' contains invalid top level domain web","tests.web.component.review","Mon May 11 08:23:52 UTC 2026","skipped","Mon May 11 08:23:52 UTC 2026","TestReviewComponent","test_review_component","",""
"","199","[API] Create user should return 200_OK when send create user request with valid data. Case: 'company' length = min + 1","tests.api.user","Mon May 11 08:02:38 UTC 2026","passed","Mon May 11 08:02:38 UTC 2026","TestCreateUserApi","test_create_user","",""
"","0","[API] Update user should return 400_BAD_REQUEST when send update user request with invalid data. Case: 'address1' length = max + 1","tests.api.user","Mon May 11 08:02:58 UTC 2026","skipped","Mon May 11 08:02:58 UTC 2026","TestUpdateUserApi","test_update_user","",""
"","0","[WEB Component] Pay with invalid card should show error message. Case: expiry year in the past","tests.web.component.payment","Mon May 11 08:15:26 UTC 2026","skipped","Mon May 11 08:15:26 UTC 2026","TestPaymentComponent","test_payment_component","",""
"","0","[WEB] Should not add product review with invalid data. Case: 'message' length = max - 1","tests.web.component.review","Mon May 11 08:23:52 UTC 2026","skipped","Mon May 11 08:23:52 UTC 2026","TestReviewComponent","test_review_component","",""
"","0","[API] Create user should return 400_BAD_REQUEST when send create user request with invalid data. Case: 'birth_year' is absent","tests.api.user","Mon May 11 08:02:27 UTC 2026","skipped","Mon May 11 08:02:27 UTC 2026","TestCreateUserApi","test_create_user","",""
"","139","[API] Delete user should return 200_OK when send delete user request and user exists","tests.api.user","Mon May 11 08:02:28 UTC 2026","passed","Mon May 11 08:02:28 UTC 2026","TestDeleteUserApi","test_delete_user","",""
"","332","[API] Update user should return 200_OK when send update user request with valid data. Case: 'mobile_number' length = max","tests.api.user","Mon May 11 08:02:42 UTC 2026","passed","Mon May 11 08:02:42 UTC 2026","TestUpdateUserApi","test_update_user","",""
"","0","[WEB Component] Pay with invalid card should show error message. Case: cvc all zeros","tests.web.component.payment","Mon May 11 08:15:26 UTC 2026","skipped","Mon May 11 08:15:26 UTC 2026","TestPaymentComponent","test_payment_component","",""
"","0","[WEB] Should not add product review with invalid data. Case: 'email' is empty","tests.web.component.review","Mon May 11 08:23:52 UTC 2026","skipped","Mon May 11 08:23:52 UTC 2026","TestReviewComponent","test_review_component","",""
"","2657","[WEB Component] Place order without authorization notification should have expected data and screenshot","tests.web.component.base","Mon May 11 08:26:00 UTC 2026","passed","Mon May 11 08:26:03 UTC 2026","TestNotificationComponent","test_notification_component","",""
"","0","[WEB] Sign up with invalid data. Case: 'address1' length = max","tests.web.component.auth","Mon May 11 08:03:55 UTC 2026","skipped","Mon May 11 08:03:55 UTC 2026","TestSignUpWeb","test_signup_component","",""
"","5710","[WEB] Sign up with valid data. Case: 'mobile_number' length = max - 1","tests.web.component.auth","Mon May 11 08:09:28 UTC 2026","passed","Mon May 11 08:09:34 UTC 2026","TestSignUpWeb","test_signup_component","",""
"","0","[WEB] Sign up with invalid data. Case: 'zipcode' length = max","tests.web.component.auth","Mon May 11 08:03:55 UTC 2026","skipped","Mon May 11 08:03:55 UTC 2026","TestSignUpWeb","test_signup_component","",""
"","0","[API] Update user should return 400_BAD_REQUEST when send update user request with invalid data. Case: 'birth_month' is invalid positive","tests.api.user","Mon May 11 08:02:58 UTC 2026","skipped","Mon May 11 08:02:58 UTC 2026","TestUpdateUserApi","test_update_user","",""
"","839","[API] Login should return 200_OK when send login request with valid data and contains csrf cookie","tests.api.auth","Mon May 11 08:02:27 UTC 2026","passed","Mon May 11 08:02:28 UTC 2026","TestAuthApi","test_auth","",""
"","0","[API] Update user should return 400_BAD_REQUEST when send update user request with invalid data. Case: 'email' contains invalid top level domain web","tests.api.user","Mon May 11 08:02:58 UTC 2026","skipped","Mon May 11 08:02:58 UTC 2026","TestUpdateUserApi","test_update_user","",""
"","0","[WEB] Should not add product review with invalid data. Case: 'name' length = min - 1","tests.web.component.review","Mon May 11 08:24:04 UTC 2026","skipped","Mon May 11 08:24:04 UTC 2026","TestReviewComponent","test_review_component","",""
"","0","[WEB] Sign up with invalid data. Case: 'first_name' length = max - 1","tests.web.component.auth","Mon May 11 08:03:55 UTC 2026","skipped","Mon May 11 08:03:55 UTC 2026","TestSignUpWeb","test_signup_component","",""
"","0","[WEB Component] Pay with invalid card should show error message. Case: card number contains special characters","tests.web.component.payment","Mon May 11 08:15:26 UTC 2026","skipped","Mon May 11 08:15:26 UTC 2026","TestPaymentComponent","test_payment_component","",""
"","0","[WEB] Should not add product review with invalid data. Case: 'email' contains text after domain","tests.web.component.review","Mon May 11 08:23:52 UTC 2026","skipped","Mon May 11 08:23:52 UTC 2026","TestReviewComponent","test_review_component","",""
"","0","[WEB] Sign up with invalid data. Case: 'first_name' length = min + 1","tests.web.component.auth","Mon May 11 08:03:55 UTC 2026","skipped","Mon May 11 08:03:55 UTC 2026","TestSignUpWeb","test_signup_component","",""
"","0","[API] Create user should return 400_BAD_REQUEST when send create user request with invalid data. Case: 'email' contains text before username","tests.api.user","Mon May 11 08:02:27 UTC 2026","skipped","Mon May 11 08:02:27 UTC 2026","TestCreateUserApi","test_create_user","",""
"","163","[API] Create user should return 200_OK when send create user request with valid data. Case: 'company' length = max - 1","tests.api.user","Mon May 11 08:02:38 UTC 2026","passed","Mon May 11 08:02:39 UTC 2026","TestCreateUserApi","test_create_user","",""
"","370","[API] Update user should return 200_OK when send update user request with valid data. Case: 'city' length = max","tests.api.user","Mon May 11 08:02:58 UTC 2026","passed","Mon May 11 08:02:59 UTC 2026","TestUpdateUserApi","test_update_user","",""
"","0","[WEB] Sign up with invalid data. Case: 'address2' length = min + 1","tests.web.component.auth","Mon May 11 08:03:55 UTC 2026","skipped","Mon May 11 08:03:55 UTC 2026","TestSignUpWeb","test_signup_component","",""
"","4671","[WEB Component] Brand filter should filters products by brand","tests.web.component.filter","Mon May 11 08:08:26 UTC 2026","passed","Mon May 11 08:08:31 UTC 2026","TestBrandFilter","test_brand_filter","",""
"","2341","[WEB Component] Should add product to cart when click on add to cart button from overlay","tests.web.component.product","Mon May 11 08:16:04 UTC 2026","passed","Mon May 11 08:16:06 UTC 2026","TestAnimatedProductCard","test_animated_product_card_component","",""
"","0","[WEB] Should not add product review with invalid data. Case: 'message' length = min + 1","tests.web.component.review","Mon May 11 08:23:52 UTC 2026","skipped","Mon May 11 08:23:52 UTC 2026","TestReviewComponent","test_review_component","",""
"","4793","[WEB] Sign up with valid data. Case: 'first_name' length = max - 1","tests.web.component.auth","Mon May 11 08:06:24 UTC 2026","passed","Mon May 11 08:06:29 UTC 2026","TestSignUpWeb","test_signup_component","",""
"","155","[API] Create user should return 200_OK when send create user request with valid data. Case: 'first_name' length = max - 1","tests.api.user","Mon May 11 08:02:32 UTC 2026","passed","Mon May 11 08:02:32 UTC 2026","TestCreateUserApi","test_create_user","",""
"","6776","[WEB] Sign up with valid data. Case: 'city' length = max","tests.web.component.auth","Mon May 11 08:17:20 UTC 2026","passed","Mon May 11 08:17:27 UTC 2026","TestSignUpWeb","test_signup_component","",""
"","117","[WEB Component] Should visible user name when authorized","tests.web.component.base","Mon May 11 08:05:57 UTC 2026","passed","Mon May 11 08:05:57 UTC 2026","TestHeaderComponent","test_header_component","",""
"","2304","[WEB Component] Search filter should filter products by query","tests.web.component.filter","Mon May 11 08:09:12 UTC 2026","passed","Mon May 11 08:09:14 UTC 2026","TestSearchFilter","test_search_filter","",""
"","0","[WEB Component] Pay with invalid card should show error message. Case: cvc is empty","tests.web.component.payment","Mon May 11 08:15:26 UTC 2026","skipped","Mon May 11 08:15:26 UTC 2026","TestPaymentComponent","test_payment_component","",""
"","1271","[WEB Component] Product card should have expected data","tests.web.component.product","Mon May 11 08:30:34 UTC 2026","skipped","Mon May 11 08:30:36 UTC 2026","TestProductCard","test_product_card_component","",""
"","2533","[WEB Component] Category filter should have expected screenshot when fully expanded","tests.web.component.filter","Mon May 11 08:08:49 UTC 2026","passed","Mon May 11 08:08:52 UTC 2026","TestCategoryFilter","test_category_filter","",""
"","555","[WEB] Should add product review with valid data. Case: 'email' domain name length = 2","tests.web.component.review","Mon May 11 08:23:12 UTC 2026","passed","Mon May 11 08:23:13 UTC 2026","TestReviewComponent","test_review_component","",""
"","311","[API] Update user should return 404_BAD_REQUEST when send update user request with not existing email","tests.api.user","Mon May 11 08:02:58 UTC 2026","passed","Mon May 11 08:02:58 UTC 2026","TestUpdateUserApi","test_update_user","",""
"","0","[WEB Component] Pay with invalid card should show error message. Case: card number too long","tests.web.component.payment","Mon May 11 08:15:26 UTC 2026","skipped","Mon May 11 08:15:26 UTC 2026","TestPaymentComponent","test_payment_component","",""
"","5270","[WEB] Sign up with valid data. Case: 'address1' length = min","tests.web.component.auth","Mon May 11 08:17:46 UTC 2026","passed","Mon May 11 08:17:52 UTC 2026","TestSignUpWeb","test_signup_component","",""
"","0","[API] Update user should return 400_BAD_REQUEST when send update user request with invalid data. Case: 'name' length = max + 1","tests.api.user","Mon May 11 08:02:57 UTC 2026","skipped","Mon May 11 08:02:57 UTC 2026","TestUpdateUserApi","test_update_user","",""
"","0","[API] Create user should return 400_BAD_REQUEST when send create user request with invalid data. Case: 'email' contains multiple '@' symbols","tests.api.user","Mon May 11 08:02:27 UTC 2026","skipped","Mon May 11 08:02:27 UTC 2026","TestCreateUserApi","test_create_user","",""
"","478","[API] Update user should return 200_OK when send update user request with valid data. Case: 'address2' length = max","tests.api.user","Mon May 11 08:02:53 UTC 2026","passed","Mon May 11 08:02:54 UTC 2026","TestUpdateUserApi","test_update_user","",""
"","456","[API] Update user should return 200_OK when send update user request with valid data. Case: 'address2' length = min + 1","tests.api.user","Mon May 11 08:02:51 UTC 2026","passed","Mon May 11 08:02:52 UTC 2026","TestUpdateUserApi","test_update_user","",""
"","0","[WEB] Sign up with invalid data. Case: 'zipcode' length = max - 1","tests.web.component.auth","Mon May 11 08:03:55 UTC 2026","skipped","Mon May 11 08:03:55 UTC 2026","TestSignUpWeb","test_signup_component","",""
"","0","[API] Create user should return 400_BAD_REQUEST when send create user request with invalid data. Case: 'name' length = max + 1","tests.api.user","Mon May 11 08:02:47 UTC 2026","skipped","Mon May 11 08:02:47 UTC 2026","TestCreateUserApi","test_create_user","",""
"","0","[WEB Component] Pay with invalid card should show error message. Case: expiry month one digit","tests.web.component.payment","Mon May 11 08:15:26 UTC 2026","skipped","Mon May 11 08:15:26 UTC 2026","TestPaymentComponent","test_payment_component","",""
"","1668","[WEB] Should add product review with valid data. Case: 'message' length = max - 1","tests.web.component.review","Mon May 11 08:23:41 UTC 2026","passed","Mon May 11 08:23:42 UTC 2026","TestReviewComponent","test_review_component","",""
"","2069","[WEB Component] Pay with valid card should show success status message. Case: valid: cvc typical","tests.web.component.payment","Mon May 11 08:13:58 UTC 2026","passed","Mon May 11 08:14:00 UTC 2026","TestPaymentComponent","test_payment_component","",""
"","0","[WEB] Sign up with invalid data. Case: 'last_name' length = min","tests.web.component.auth","Mon May 11 08:03:55 UTC 2026","skipped","Mon May 11 08:03:55 UTC 2026","TestSignUpWeb","test_signup_component","",""
"","2805","[WEB Component] Image Carousel should show first image when scroll right on last image","tests.web.component.carousel","Mon May 11 08:27:08 UTC 2026","passed","Mon May 11 08:27:11 UTC 2026","TestImageCarousel","test_image_carousel","",""
"","319","[API] Delete user should return 404_NOT_FOUND when send delete user request and user not exists","tests.api.user","Mon May 11 08:02:28 UTC 2026","passed","Mon May 11 08:02:29 UTC 2026","TestDeleteUserApi","test_delete_user","",""
"","5454","[WEB] Sign up with valid data. Case: 'last_name' length = max - 1","tests.web.component.auth","Mon May 11 08:08:02 UTC 2026","passed","Mon May 11 08:08:08 UTC 2026","TestSignUpWeb","test_signup_component","",""
"","234","[API] Update user should return 200_OK when send update user request with valid data. Case: 'zipcode' length = max - 1","tests.api.user","Mon May 11 08:02:56 UTC 2026","passed","Mon May 11 08:02:56 UTC 2026","TestUpdateUserApi","test_update_user","",""
"","0","[WEB Component] Pay with invalid card should show error message. Case: expiry month only spaces","tests.web.component.payment","Mon May 11 08:15:26 UTC 2026","skipped","Mon May 11 08:15:26 UTC 2026","TestPaymentComponent","test_payment_component","",""
"","646","[WEB Component] Should subscribe with valid email","tests.web.component.base","Mon May 11 08:26:52 UTC 2026","passed","Mon May 11 08:26:52 UTC 2026","TestSubscriptionComponent","test_subscription_component","",""
"","234","[API] Update user should return 200_OK when send update user request with valid data. Case: 'state' length = max - 1","tests.api.user","Mon May 11 08:02:54 UTC 2026","passed","Mon May 11 08:02:54 UTC 2026","TestUpdateUserApi","test_update_user","",""
"","0","[WEB] Sign up with invalid data. Case: 'mobile_number' length = max - 1","tests.web.component.auth","Mon May 11 08:03:55 UTC 2026","skipped","Mon May 11 08:03:55 UTC 2026","TestSignUpWeb","test_signup_component","",""
"","5701","[WEB] Sign up with valid data. Case: 'state' length = max - 1","tests.web.component.auth","Mon May 11 08:15:13 UTC 2026","passed","Mon May 11 08:15:19 UTC 2026","TestSignUpWeb","test_signup_component","",""
"","0","[WEB Component] Pay with invalid card should show error message. Case: expiry month contains letters","tests.web.component.payment","Mon May 11 08:15:26 UTC 2026","skipped","Mon May 11 08:15:26 UTC 2026","TestPaymentComponent","test_payment_component","",""
"","143","[API] Create user should return 200_OK when send create user request with valid data. Case: 'birth_day' = 1","tests.api.user","Mon May 11 08:02:35 UTC 2026","passed","Mon May 11 08:02:36 UTC 2026","TestCreateUserApi","test_create_user","",""
"","0","[API] Create user should return 400_BAD_REQUEST when send create user request with invalid data. Case: 'address1' length = min - 1","tests.api.user","Mon May 11 08:02:27 UTC 2026","skipped","Mon May 11 08:02:27 UTC 2026","TestCreateUserApi","test_create_user","",""
"","4842","[WEB] Sign up with valid data. Case: 'mobile_number' length = min","tests.web.component.auth","Mon May 11 08:08:39 UTC 2026","passed","Mon May 11 08:08:44 UTC 2026","TestSignUpWeb","test_signup_component","",""
"","0","[API] Create user should return 400_BAD_REQUEST when send create user request with invalid data. Case: 'address2' length = max + 1","tests.api.user","Mon May 11 08:02:27 UTC 2026","skipped","Mon May 11 08:02:27 UTC 2026","TestCreateUserApi","test_create_user","",""
"","145","[API] Create user should return 200_OK when send create user request with valid data. Case: 'address2' length = max","tests.api.user","Mon May 11 08:02:45 UTC 2026","passed","Mon May 11 08:02:45 UTC 2026","TestCreateUserApi","test_create_user","",""
"","0","[API] Create user should return 400_BAD_REQUEST when send create user request with invalid data. Case: 'mobile_number' has invalid format","tests.api.user","Mon May 11 08:02:27 UTC 2026","skipped","Mon May 11 08:02:27 UTC 2026","TestCreateUserApi","test_create_user","",""
"","4486","[WEB] Sign up with valid data. Case: 'name' length = max - 1","tests.web.component.auth","Mon May 11 08:04:43 UTC 2026","passed","Mon May 11 08:04:47 UTC 2026","TestSignUpWeb","test_signup_component","",""
"","0","[API] Update user should return 400_BAD_REQUEST when send update user request with invalid data. Case: 'company' length = min - 1","tests.api.user","Mon May 11 08:02:58 UTC 2026","skipped","Mon May 11 08:02:58 UTC 2026","TestUpdateUserApi","test_update_user","",""
"","0","[API] Update user should return 400_BAD_REQUEST when send update user request with invalid data. Case: 'name' is absent","tests.api.user","Mon May 11 08:02:57 UTC 2026","skipped","Mon May 11 08:02:57 UTC 2026","TestUpdateUserApi","test_update_user","",""
"","0","[API] Update user should return 400_BAD_REQUEST when send update user request with invalid data. Case: 'email' contains domain with one letter","tests.api.user","Mon May 11 08:02:58 UTC 2026","skipped","Mon May 11 08:02:58 UTC 2026","TestUpdateUserApi","test_update_user","",""
"","354","[API] Update user should return 200_OK when send update user request with valid data. Case: 'first_name' length = min + 1","tests.api.user","Mon May 11 08:02:34 UTC 2026","passed","Mon May 11 08:02:34 UTC 2026","TestUpdateUserApi","test_update_user","",""
"","0","[WEB] Sign up with invalid data. Case: 'birth_month' = 1","tests.web.component.auth","Mon May 11 08:03:55 UTC 2026","skipped","Mon May 11 08:03:55 UTC 2026","TestSignUpWeb","test_signup_component","",""
"","0","[WEB] Should not add product review with invalid data. Case: 'email' contains '-' after '@'","tests.web.component.review","Mon May 11 08:23:52 UTC 2026","skipped","Mon May 11 08:23:52 UTC 2026","TestReviewComponent","test_review_component","",""
"","227","[API] Update user should return 200_OK when send update user request with valid data. Case: 'company' length = max - 1","tests.api.user","Mon May 11 08:02:51 UTC 2026","passed","Mon May 11 08:02:51 UTC 2026","TestUpdateUserApi","test_update_user","",""
"","1886","[WEB Component] Pay with valid card should show success status message. Case: valid: name min length","tests.web.component.payment","Mon May 11 08:11:25 UTC 2026","passed","Mon May 11 08:11:27 UTC 2026","TestPaymentComponent","test_payment_component","",""
"","0","[WEB Component] Pay with invalid card should show error message. Case: name only spaces","tests.web.component.payment","Mon May 11 08:15:26 UTC 2026","skipped","Mon May 11 08:15:26 UTC 2026","TestPaymentComponent","test_payment_component","",""
"","0","[API] Create user should return 400_BAD_REQUEST when send create user request with invalid data. Case: 'birth_year' is invalid positive","tests.api.user","Mon May 11 08:02:27 UTC 2026","skipped","Mon May 11 08:02:27 UTC 2026","TestCreateUserApi","test_create_user","",""
"","0","[API] Create user should return 400_BAD_REQUEST when send create user request with invalid data. Case: 'company' length = max + 1","tests.api.user","Mon May 11 08:02:27 UTC 2026","skipped","Mon May 11 08:02:27 UTC 2026","TestCreateUserApi","test_create_user","",""
"","0","[WEB] Should not add product review with invalid data. Case: 'email' is word","tests.web.component.review","Mon May 11 08:23:52 UTC 2026","skipped","Mon May 11 08:23:52 UTC 2026","TestReviewComponent","test_review_component","",""
"","1940","[WEB Component] Pay with valid card should show success status message. Case: valid: name max length","tests.web.component.payment","Mon May 11 08:11:50 UTC 2026","passed","Mon May 11 08:11:52 UTC 2026","TestPaymentComponent","test_payment_component","",""
"","2375","[WEB Component] Image Carousel should show previous image when scroll left","tests.web.component.carousel","Mon May 11 08:27:11 UTC 2026","passed","Mon May 11 08:27:14 UTC 2026","TestImageCarousel","test_image_carousel","",""
"","144","[API] Create user should return 200_OK when send create user request with valid data. Case: 'last_name' length = min + 1","tests.api.user","Mon May 11 08:02:33 UTC 2026","passed","Mon May 11 08:02:33 UTC 2026","TestCreateUserApi","test_create_user","",""
"","0","[WEB] Should not add product review with invalid data. Case: 'name' is absent","tests.web.component.review","Mon May 11 08:24:04 UTC 2026","skipped","Mon May 11 08:24:04 UTC 2026","TestReviewComponent","test_review_component","",""
