"DESCRIPTION","DURATION IN MS","NAME","PARENT SUITE","START TIME","STATUS","STOP TIME","SUB SUITE","SUITE","TEST CLASS","TEST METHOD"
"","0","[WEB] Should not add product review with invalid data. Case: 'name' is empty","tests.web.component.review","2026-08-03","skipped","2026-08-03","TestReviewComponent","test_review_component","",""
"","0","[API] Create user should return 400_BAD_REQUEST when send create user request with invalid data. Case: 'state' is absent","tests.api.user","2026-08-03","skipped","2026-08-03","TestCreateUserApi","test_create_user","",""
"","0","[API] Update user should return 400_BAD_REQUEST when send update user request with invalid data. Case: 'email' not contains username","tests.api.user","2026-08-03","skipped","2026-08-03","TestUpdateUserApi","test_update_user","",""
"","1812","[WEB Component] Pay with valid card should show success status message. Case: valid: expiry month max","tests.web.component.payment","2026-08-03","passed","2026-08-03","TestPaymentComponent","test_payment_component","",""
"","0","[API] Create user should return 400_BAD_REQUEST when send create user request with invalid data. Case: 'address2' length = min - 1","tests.api.user","2026-08-03","skipped","2026-08-03","TestCreateUserApi","test_create_user","",""
"","497","[WEB Component] Should navigate to products page by click 'Products' button","tests.web.component.base","2026-08-03","passed","2026-08-03","TestHeaderComponent","test_header_component","",""
"","0","[API] Update user should return 400_BAD_REQUEST when send update user request with invalid data. Case: 'email' contains '.' before dog symbol","tests.api.user","2026-08-03","skipped","2026-08-03","TestUpdateUserApi","test_update_user","",""
"","807","[WEB] Should have expected screenshot when send review","tests.web.component.review","2026-08-03","passed","2026-08-03","TestReviewComponent","test_review_component","",""
"","0","[API] Create user should return 400_BAD_REQUEST when send create user request with invalid data. Case: 'address2' length = max + 1","tests.api.user","2026-08-03","skipped","2026-08-03","TestCreateUserApi","test_create_user","",""
"","0","[WEB] Sign up with invalid data. Case: 'state' length = min","tests.web.component.auth","2026-08-03","skipped","2026-08-03","TestSignUpWeb","test_signup_component","",""
"","143","[API] Get user should return 200_OK when send get user request and user exists","tests.api.user","2026-08-03","passed","2026-08-03","TestGetUserApi","test_get_user","",""
"","575","[WEB Component] Should add product to cart when click on add to cart button","tests.web.component.product","2026-08-03","passed","2026-08-03","TestProductCard","test_product_card_component","",""
"","0","[API] Update user should return 400_BAD_REQUEST when send update user request with invalid data. Case: 'mobile_number' length = min - 1","tests.api.user","2026-08-03","skipped","2026-08-03","TestUpdateUserApi","test_update_user","",""
"","0","[WEB] Sign up with invalid data. Case: 'mobile_number' length = max","tests.web.component.auth","2026-08-03","skipped","2026-08-03","TestSignUpWeb","test_signup_component","",""
"","169","[API] Create user should return 200_OK when send create user request with valid data. Case: 'city' length = max - 1","tests.api.user","2026-08-03","passed","2026-08-03","TestCreateUserApi","test_create_user","",""
"","0","[WEB Component] Pay with invalid card should show error message. Case: name contains special characters","tests.web.component.payment","2026-08-03","skipped","2026-08-03","TestPaymentComponent","test_payment_component","",""
"","1209","[WEB Component] Product card should have expected data","tests.web.component.product","2026-08-03","skipped","2026-08-03","TestProductCard","test_product_card_component","",""
"","624","[WEB Component] Should remove product from cart","tests.web.component.product","2026-08-03","passed","2026-08-03","TestProductItem","test_product_item","",""
"","3450","[WEB] Sign up with valid data. Case: 'state' length = min + 1","tests.web.component.auth","2026-08-03","passed","2026-08-03","TestSignUpWeb","test_signup_component","",""
"","230","[API] Update user should return 200_OK when send update user request with valid data. Case: 'last_name' length = min","tests.api.user","2026-08-03","passed","2026-08-03","TestUpdateUserApi","test_update_user","",""
"","2099","[WEB Component] Pay with valid card should show success status message. Case: valid: 16 digits number","tests.web.component.payment","2026-08-03","passed","2026-08-03","TestPaymentComponent","test_payment_component","",""
"","1654","[WEB Component] Should increase product item quantity","tests.web.component.product","2026-08-03","passed","2026-08-03","TestProductItem","test_product_item","",""
"","0","[API] Create user should return 400_BAD_REQUEST when send create user request with invalid data. Case: 'email' not contains domain","tests.api.user","2026-08-03","skipped","2026-08-03","TestCreateUserApi","test_create_user","",""
"","0","[API] Create user should return 400_BAD_REQUEST when send create user request with invalid data. Case: 'name' is empty","tests.api.user","2026-08-03","skipped","2026-08-03","TestCreateUserApi","test_create_user","",""
"","4655","[WEB Component] Search filter should return empty products catalog","tests.web.component.filter","2026-08-03","passed","2026-08-03","TestSearchFilter","test_search_filter","",""
"","0","[WEB Component] Pay with invalid card should show error message. Case: name contains emoji","tests.web.component.payment","2026-08-03","skipped","2026-08-03","TestPaymentComponent","test_payment_component","",""
"","404","[WEB Component] Billing address has expected data","tests.web.component.address","2026-08-03","passed","2026-08-03","TestAddressComponent","test_address_component","",""
"","0","[API] Update user should return 400_BAD_REQUEST when send update user request with invalid data. Case: 'birth_year' is absent","tests.api.user","2026-08-03","skipped","2026-08-03","TestUpdateUserApi","test_update_user","",""
"","0","[API] Update user should return 400_BAD_REQUEST when send update user request with invalid data. Case: 'mobile_number' length = max + 1","tests.api.user","2026-08-03","skipped","2026-08-03","TestUpdateUserApi","test_update_user","",""
"","143","Should return user exists when user exists with email and password","tests.api.user","2026-08-03","passed","2026-08-03","TestVerifyLoginApi","test_verify_login","",""
"","0","[API] Create user should return 400_BAD_REQUEST when send create user request with invalid data. Case: 'birth_month' is absent","tests.api.user","2026-08-03","skipped","2026-08-03","TestCreateUserApi","test_create_user","",""
"","0","[API] Create user should return 400_BAD_REQUEST when send create user request with invalid data. Case: 'company' length = min - 1","tests.api.user","2026-08-03","skipped","2026-08-03","TestCreateUserApi","test_create_user","",""
"","163","[API] Create user should return 200_OK when send create user request with valid data. Case: 'birth_month' = 1","tests.api.user","2026-08-03","passed","2026-08-03","TestCreateUserApi","test_create_user","",""
"","0","[API] Create user should return 400_BAD_REQUEST when send create user request with invalid data. Case: 'birth_day' is invalid positive","tests.api.user","2026-08-03","skipped","2026-08-03","TestCreateUserApi","test_create_user","",""
"","221","[API] Update user should return 200_OK when send update user request with valid data. Case: 'address2' length = min","tests.api.user","2026-08-03","passed","2026-08-03","TestUpdateUserApi","test_update_user","",""
"","0","[WEB] Sign up with invalid data. Case: 'address2' length = min","tests.web.component.auth","2026-08-03","skipped","2026-08-03","TestSignUpWeb","test_signup_component","",""
"","0","[API] Create user should return 400_BAD_REQUEST when send create user request with invalid data. Case: 'email' contains mail server as ip and port","tests.api.user","2026-08-03","skipped","2026-08-03","TestCreateUserApi","test_create_user","",""
"","301","[API] Update user should return 200_OK when send update user request with valid data. Case: 'city' length = max - 1","tests.api.user","2026-08-03","passed","2026-08-03","TestUpdateUserApi","test_update_user","",""
"","151","[API] Create user should return 200_OK when send create user request with valid data. Case: 'zipcode' length = max","tests.api.user","2026-08-03","passed","2026-08-03","TestCreateUserApi","test_create_user","",""
"","499","[API] Create user should return 200_OK when send create user request with valid data. Case: 'address1' length = min + 1","tests.api.user","2026-08-03","passed","2026-08-03","TestCreateUserApi","test_create_user","",""
"","153","[API] Create user should return 200_OK when send create user request with valid data. Case: 'birth_year' = 10000","tests.api.user","2026-08-03","passed","2026-08-03","TestCreateUserApi","test_create_user","",""
"","3402","[WEB] Sign up with valid data. Case: 'address1' length = min + 1","tests.web.component.auth","2026-08-03","passed","2026-08-03","TestSignUpWeb","test_signup_component","",""
"","2305","[WEB Component] Image Carousel should show next image when scroll right","tests.web.component.carousel","2026-08-03","passed","2026-08-03","TestImageCarousel","test_image_carousel","",""
"","526","[WEB Component] Should navigate to main page by click on header logo","tests.web.component.base","2026-08-03","passed","2026-08-03","TestHeaderComponent","test_header_component","",""
"","3355","[WEB] Sign up with valid data. Case: 'last_name' length = max - 1","tests.web.component.auth","2026-08-03","passed","2026-08-03","TestSignUpWeb","test_signup_component","",""
"","5319","[WEB Component] Place order without authorization notification proceed to checkout button should navigate to login page","tests.web.component.base","2026-08-03","passed","2026-08-03","TestNotificationComponent","test_notification_component","",""
"","0","[API] Update user should return 400_BAD_REQUEST when send update user request with invalid data. Case: 'email' contains domain with one letter","tests.api.user","2026-08-03","skipped","2026-08-03","TestUpdateUserApi","test_update_user","",""
"","0","[WEB Component] Pay with invalid card should show error message. Case: name contains leading spaces","tests.web.component.payment","2026-08-03","skipped","2026-08-03","TestPaymentComponent","test_payment_component","",""
"","3467","[WEB] Sign up with valid data. Case: 'company' length = min","tests.web.component.auth","2026-08-03","passed","2026-08-03","TestSignUpWeb","test_signup_component","",""
"","427","[API] Update user should return 200_OK when send update user request with valid data. Case: 'first_name' length = max - 1","tests.api.user","2026-08-03","passed","2026-08-03","TestUpdateUserApi","test_update_user","",""
"","0","[API] Update user should return 400_BAD_REQUEST when send update user request with invalid data. Case: 'zipcode' is absent","tests.api.user","2026-08-03","skipped","2026-08-03","TestUpdateUserApi","test_update_user","",""
"","0","[API] Create user should return 400_BAD_REQUEST when send create user request with invalid data. Case: 'email' contains username hieroglyphs instead of username","tests.api.user","2026-08-03","skipped","2026-08-03","TestCreateUserApi","test_create_user","",""
"","219","[API] Update user should return 200_OK when send update user request with valid data. Case: 'last_name' length = max - 1","tests.api.user","2026-08-03","passed","2026-08-03","TestUpdateUserApi","test_update_user","",""
"","493","[API] Update user should return 200_OK when send update user request with valid data. Case: 'birth_day' length = 31","tests.api.user","2026-08-03","passed","2026-08-03","TestUpdateUserApi","test_update_user","",""
"","508","[WEB Component] Pay with valid card should show success status message. Case: valid: future year","tests.web.component.payment","2026-08-03","passed","2026-08-03","TestPaymentComponent","test_payment_component","",""
"","0","[WEB Component] Pay with invalid card should show error message. Case: name length = max + 1","tests.web.component.payment","2026-08-03","skipped","2026-08-03","TestPaymentComponent","test_payment_component","",""
"","0","[WEB] Sign up with invalid data. Case: 'last_name' length = min","tests.web.component.auth","2026-08-03","skipped","2026-08-03","TestSignUpWeb","test_signup_component","",""
"","0","[API] Update user should return 400_BAD_REQUEST when send update user request with invalid data. Case: 'state' length = min - 1","tests.api.user","2026-08-03","skipped","2026-08-03","TestUpdateUserApi","test_update_user","",""
"","148","Get brands should return 200_OK when send get brands request","tests.api.brand","2026-08-03","passed","2026-08-03","TestBrandApi","test_brand","",""
"","0","[API] Update user should return 400_BAD_REQUEST when send update user request with invalid data. Case: 'email' contains only special symbols","tests.api.user","2026-08-03","skipped","2026-08-03","TestUpdateUserApi","test_update_user","",""
"","494","[API] Update user should return 200_OK when send update user request with valid data. Case: 'city' length = min + 1","tests.api.user","2026-08-03","passed","2026-08-03","TestUpdateUserApi","test_update_user","",""
"","0","[API] Update user should return 400_BAD_REQUEST when send update user request with invalid data. Case: 'address1' is absent","tests.api.user","2026-08-03","skipped","2026-08-03","TestUpdateUserApi","test_update_user","",""
"","0","[WEB] Should not add product review with invalid data. Case: 'email' not contains domain","tests.web.component.review","2026-08-03","skipped","2026-08-03","TestReviewComponent","test_review_component","",""
"","0","[WEB] Sign up with invalid data. Case: 'name' length = max - 1","tests.web.component.auth","2026-08-03","skipped","2026-08-03","TestSignUpWeb","test_signup_component","",""
"","0","[API] Update user should return 400_BAD_REQUEST when send update user request with invalid data. Case: 'birth_year' is invalid positive","tests.api.user","2026-08-03","skipped","2026-08-03","TestUpdateUserApi","test_update_user","",""
"","173","[API] Create user should return 200_OK when send create user request with valid data. Case: 'address1' length = max - 1","tests.api.user","2026-08-03","passed","2026-08-03","TestCreateUserApi","test_create_user","",""
"","0","[API] Create user should return 400_BAD_REQUEST when send create user request with invalid data. Case: 'city' is empty","tests.api.user","2026-08-03","skipped","2026-08-03","TestCreateUserApi","test_create_user","",""
"","498","[WEB] Should add product review with valid data. Case: 'message' length = min + 1","tests.web.component.review","2026-08-03","passed","2026-08-03","TestReviewComponent","test_review_component","",""
"","157","[API] Create user should return 200_OK when send create user request with valid data. Case: 'first_name' length = max","tests.api.user","2026-08-03","passed","2026-08-03","TestCreateUserApi","test_create_user","",""
"","0","[API] Update user should return 400_BAD_REQUEST when send update user request with invalid data. Case: 'email' contains text before username","tests.api.user","2026-08-03","skipped","2026-08-03","TestUpdateUserApi","test_update_user","",""
"","0","[WEB Component] Pay with invalid card should show error message. Case: expiry month one digit","tests.web.component.payment","2026-08-03","skipped","2026-08-03","TestPaymentComponent","test_payment_component","",""
"","0","[API] Update user should return 400_BAD_REQUEST when send update user request with invalid data. Case: 'email' is empty","tests.api.user","2026-08-03","skipped","2026-08-03","TestUpdateUserApi","test_update_user","",""
"","380","[API] Create user should return 200_OK when send create user request with valid data. Case: 'last_name' length = min","tests.api.user","2026-08-03","passed","2026-08-03","TestCreateUserApi","test_create_user","",""
"","0","[API] Create user should return 400_BAD_REQUEST when send create user request with invalid data. Case: 'last_name' length = min - 1","tests.api.user","2026-08-03","skipped","2026-08-03","TestCreateUserApi","test_create_user","",""
"","2191","[WEB Component] Pay with valid card should show success status message. Case: valid: name max length","tests.web.component.payment","2026-08-03","passed","2026-08-03","TestPaymentComponent","test_payment_component","",""
"","977","[WEB Component] Should navigate to contact us page by click on 'Contact us' button","tests.web.component.base","2026-08-03","passed","2026-08-03","TestHeaderComponent","test_header_component","",""
"","0","[API] Create user should return 400_BAD_REQUEST when send create user request with invalid data. Case: 'name' length = max + 1","tests.api.user","2026-08-03","skipped","2026-08-03","TestCreateUserApi","test_create_user","",""
"","420","[WEB Component] Delivery address has expected data","tests.web.component.address","2026-08-03","passed","2026-08-03","TestAddressComponent","test_address_component","",""
"","6900","[WEB Component] Can download invoice multiple times","tests.web.component.payment","2026-08-03","passed","2026-08-03","TestPaymentComponent","test_invoice_file","",""
"","0","[WEB Component] Pay with invalid card should show error message. Case: card number contains special characters","tests.web.component.payment","2026-08-03","skipped","2026-08-03","TestPaymentComponent","test_payment_component","",""
"","225","[API] Update user should return 200_OK when send update user request with valid data. Case: 'company' length = min","tests.api.user","2026-08-03","passed","2026-08-03","TestUpdateUserApi","test_update_user","",""
"","0","[API] Create user should return 400_BAD_REQUEST when send create user request with invalid data. Case: 'birth_day' is zero","tests.api.user","2026-08-03","skipped","2026-08-03","TestCreateUserApi","test_create_user","",""
"","438","[WEB Component] Subscription component should have expected screenshot","tests.web.component.base","2026-08-03","failed","2026-08-03","TestSubscriptionComponent","test_subscription_component","",""
"","0","[WEB Component] Pay with invalid card should show error message. Case: card number too short","tests.web.component.payment","2026-08-03","skipped","2026-08-03","TestPaymentComponent","test_payment_component","",""
"","0","[WEB] Should not add product review with invalid data. Case: 'email' is word","tests.web.component.review","2026-08-03","skipped","2026-08-03","TestReviewComponent","test_review_component","",""
"","4091","[WEB] Sign up with valid data. Case: 'mobile_number' length = min + 1","tests.web.component.auth","2026-08-03","passed","2026-08-03","TestSignUpWeb","test_signup_component","",""
"","0","[API] Create user should return 400_BAD_REQUEST when send create user request with invalid data. Case: 'email' is empty","tests.api.user","2026-08-03","skipped","2026-08-03","TestCreateUserApi","test_create_user","",""
"","1206","[WEB Component] Brand filter should have expected screenshot","tests.web.component.filter","2026-08-03","passed","2026-08-03","TestBrandFilter","test_brand_filter","",""
"","213","[API] Create user should return 200_OK when send create user request with valid data. Case: 'last_name' length = max - 1","tests.api.user","2026-08-03","passed","2026-08-03","TestCreateUserApi","test_create_user","",""
"","0","[API] Create user should return 400_BAD_REQUEST when send create user request with invalid data. Case: 'zipcode' length = min - 1","tests.api.user","2026-08-03","skipped","2026-08-03","TestCreateUserApi","test_create_user","",""
"","5865","[WEB Component] Category filter should have expected screenshot when group expanded","tests.web.component.filter","2026-08-03","passed","2026-08-03","TestCategoryFilter","test_category_filter","",""
"","756","[WEB Component] Should increase all products total price","tests.web.component.product","2026-08-03","passed","2026-08-03","TestProductItem","test_product_item","",""
"","453","[API] Update user should return 200_OK when send update user request with valid data. Case: 'state' length = max","tests.api.user","2026-08-03","passed","2026-08-03","TestUpdateUserApi","test_update_user","",""
"","3575","[WEB] Sign up with valid data. Case: 'birth_month' = 12","tests.web.component.auth","2026-08-03","passed","2026-08-03","TestSignUpWeb","test_signup_component","",""
"","0","[API] Create user should return 400_BAD_REQUEST when send create user request with invalid data. Case: 'mobile_number' length = min - 1","tests.api.user","2026-08-03","skipped","2026-08-03","TestCreateUserApi","test_create_user","",""
"","153","[API] Create user should return 200_OK when send create user request with valid data. Case: 'first_name' length = min","tests.api.user","2026-08-03","passed","2026-08-03","TestCreateUserApi","test_create_user","",""
"","0","[WEB] Should not add product review with invalid data. Case: 'email' is empty","tests.web.component.review","2026-08-03","skipped","2026-08-03","TestReviewComponent","test_review_component","",""
"","0","[WEB] Sign up with invalid data. Case: 'company' length = min","tests.web.component.auth","2026-08-03","skipped","2026-08-03","TestSignUpWeb","test_signup_component","",""
"","3745","[WEB] Sign up with valid data. Case: 'state' length = max - 1","tests.web.component.auth","2026-08-03","passed","2026-08-03","TestSignUpWeb","test_signup_component","",""
"","0","[API] Create user should return 400_BAD_REQUEST when send create user request with invalid data. Case: 'email' contains text before username","tests.api.user","2026-08-03","skipped","2026-08-03","TestCreateUserApi","test_create_user","",""
"","3448","[WEB] Sign up with valid data. Case: 'last_name' length = min + 1","tests.web.component.auth","2026-08-03","passed","2026-08-03","TestSignUpWeb","test_signup_component","",""
"","1471","[WEB Component] Should add product to cart when click on add to cart button","tests.web.component.product","2026-08-03","passed","2026-08-03","TestProductCard","test_product_details_component","",""
"","163","[API] Create user should return 200_OK when send create user request with valid data. Case: 'name' length = max","tests.api.user","2026-08-03","passed","2026-08-03","TestCreateUserApi","test_create_user","",""
"","219","[API] Update user should return 200_OK when send update user request with valid data. Case: 'state' length = max - 1","tests.api.user","2026-08-03","passed","2026-08-03","TestUpdateUserApi","test_update_user","",""
"","5458","[WEB] Sign up with valid data. Case: 'zipcode' length = min + 1","tests.web.component.auth","2026-08-03","passed","2026-08-03","TestSignUpWeb","test_signup_component","",""
"","637","[WEB] Should add product review with valid data. Case: 'email' domain length = 2","tests.web.component.review","2026-08-03","passed","2026-08-03","TestReviewComponent","test_review_component","",""
"","0","[WEB Component] Pay with invalid card should show error message. Case: card number fails luhn check","tests.web.component.payment","2026-08-03","skipped","2026-08-03","TestPaymentComponent","test_payment_component","",""
"","0","[API] Update user should return 400_BAD_REQUEST when send update user request with invalid data. Case: 'address2' is empty","tests.api.user","2026-08-03","skipped","2026-08-03","TestUpdateUserApi","test_update_user","",""
"","1235","[WEB Component] Product item should have expected data","tests.web.component.product","2026-08-03","passed","2026-08-03","TestProductItem","test_product_item","",""
"","0","[WEB] Sign up with invalid data. Case: 'city' length = max","tests.web.component.auth","2026-08-03","skipped","2026-08-03","TestSignUpWeb","test_signup_component","",""
"","0","[API] Update user should return 400_BAD_REQUEST when send update user request with invalid data. Case: 'state' is empty","tests.api.user","2026-08-03","skipped","2026-08-03","TestUpdateUserApi","test_update_user","",""
"","0","[WEB] Sign up with invalid data. Case: 'address1' length = min + 1","tests.web.component.auth","2026-08-03","skipped","2026-08-03","TestSignUpWeb","test_signup_component","",""
"","1783","[WEB] Should add product review with valid data. Case: 'message' length = max","tests.web.component.review","2026-08-03","passed","2026-08-03","TestReviewComponent","test_review_component","",""
"","159","[API] Create user should return 200_OK when send create user request with valid data. Case: 'name' length = min","tests.api.user","2026-08-03","passed","2026-08-03","TestCreateUserApi","test_create_user","",""
"","0","[API] Update user should return 400_BAD_REQUEST when send update user request with invalid data. Case: 'city' length = min - 1","tests.api.user","2026-08-03","skipped","2026-08-03","TestUpdateUserApi","test_update_user","",""
"","362","[API] Update user should return 200_OK when send update user request with valid data. Case: 'company' length = max","tests.api.user","2026-08-03","passed","2026-08-03","TestUpdateUserApi","test_update_user","",""
"","0","[API] Update user should return 400_BAD_REQUEST when send update user request with invalid data. Case: 'birth_day' is negative","tests.api.user","2026-08-03","skipped","2026-08-03","TestUpdateUserApi","test_update_user","",""
"","649","[WEB] Should add product review with valid data. Case: 'name' length = max - 1","tests.web.component.review","2026-08-03","passed","2026-08-03","TestReviewComponent","test_review_component","",""
"","0","[WEB Component] Pay with invalid card should show error message. Case: expiry month is empty","tests.web.component.payment","2026-08-03","skipped","2026-08-03","TestPaymentComponent","test_payment_component","",""
"","152","[API] Create user should return 200_OK when send create user request with valid data. Case: 'mobile_number' length = max - 1","tests.api.user","2026-08-03","passed","2026-08-03","TestCreateUserApi","test_create_user","",""
"","648","[API] Create user should return 200_OK when send create user request with valid data. Case: 'birth_month' = 12","tests.api.user","2026-08-03","passed","2026-08-03","TestCreateUserApi","test_create_user","",""
"","1279","[WEB Component] Add product notification should have expected data and screenshot","tests.web.component.base","2026-08-03","passed","2026-08-03","TestNotificationComponent","test_notification_component","",""
"","0","[API] Update user should return 400_BAD_REQUEST when send update user request with invalid data. Case: 'email' contains multiple '@' symbols","tests.api.user","2026-08-03","skipped","2026-08-03","TestUpdateUserApi","test_update_user","",""
"","0","[API] Create user should return 400_BAD_REQUEST when send create user request with invalid data. Case: 'email' contains only special symbols","tests.api.user","2026-08-03","skipped","2026-08-03","TestCreateUserApi","test_create_user","",""
"","1107","[WEB Component] Should add product to cart when click on add to cart button from overlay","tests.web.component.product","2026-08-03","passed","2026-08-03","TestAnimatedProductCard","test_animated_product_card_component","",""
"","0","[WEB] Should not add product review with invalid data. Case: 'message' length = max","tests.web.component.review","2026-08-03","skipped","2026-08-03","TestReviewComponent","test_review_component","",""
"","1396","[WEB Component] Image Carousel should show last image when scroll left on first image","tests.web.component.carousel","2026-08-03","passed","2026-08-03","TestImageCarousel","test_image_carousel","",""
"","1072","[WEB Component] Product details should have expected data","tests.web.component.product","2026-08-03","passed","2026-08-03","TestProductCard","test_product_details_component","",""
"","492","[WEB] Should add product review with valid data. Case: 'message' length = min","tests.web.component.review","2026-08-03","passed","2026-08-03","TestReviewComponent","test_review_component","",""
"","0","[WEB] Should not add product review with invalid data. Case: 'email' contains text before username","tests.web.component.review","2026-08-03","skipped","2026-08-03","TestReviewComponent","test_review_component","",""
"","0","[API] Update user should return 400_BAD_REQUEST when send update user request with invalid data. Case: 'last_name' length = min - 1","tests.api.user","2026-08-03","skipped","2026-08-03","TestUpdateUserApi","test_update_user","",""
"","0","[WEB Component] Pay with invalid card should show error message. Case: card number contains dashes","tests.web.component.payment","2026-08-03","skipped","2026-08-03","TestPaymentComponent","test_payment_component","",""
"","0","[API] Update user should return 400_BAD_REQUEST when send update user request with invalid data. Case: 'birth_year' is negative","tests.api.user","2026-08-03","skipped","2026-08-03","TestUpdateUserApi","test_update_user","",""
"","474","[WEB] Sign in with invalid credentials. Case: {case_title}","tests.web.component.auth","2026-08-03","passed","2026-08-03","TestLoginWeb","test_login_component","",""
"","3463","[WEB] Sign up with valid data. Case: 'name' length = min + 1","tests.web.component.auth","2026-08-03","passed","2026-08-03","TestSignUpWeb","test_signup_component","",""
"","163","[API] Create user should return 200_OK when send create user request with valid data. Case: 'last_name' length = max","tests.api.user","2026-08-03","passed","2026-08-03","TestCreateUserApi","test_create_user","",""
"","0","[WEB] Should not add product review with invalid data. Case: 'email' contains invalid top level domain web","tests.web.component.review","2026-08-03","skipped","2026-08-03","TestReviewComponent","test_review_component","",""
"","3392","[WEB] Sign up with valid data. Case: 'company' length = max - 1","tests.web.component.auth","2026-08-03","passed","2026-08-03","TestSignUpWeb","test_signup_component","",""
"","442","[API] Create user should return 400_BAD_REQUEST when send create user request with existing email","tests.api.user","2026-08-03","passed","2026-08-03","TestCreateUserApi","test_create_user","",""
"","0","[API] Update user should return 400_BAD_REQUEST when send update user request with invalid data. Case: 'zipcode' is empty","tests.api.user","2026-08-03","skipped","2026-08-03","TestUpdateUserApi","test_update_user","",""
"","0","[API] Create user should return 400_BAD_REQUEST when send create user request with invalid data. Case: 'first_name' is absent","tests.api.user","2026-08-03","skipped","2026-08-03","TestCreateUserApi","test_create_user","",""
"","0","[API] Update user should return 400_BAD_REQUEST when send update user request with invalid data. Case: 'company' length = min - 1","tests.api.user","2026-08-03","skipped","2026-08-03","TestUpdateUserApi","test_update_user","",""
"","514","[WEB] Should add product review with valid data. Case: 'email' username contains '-'","tests.web.component.review","2026-08-03","passed","2026-08-03","TestReviewComponent","test_review_component","",""
"","0","[WEB] Sign up with invalid data. Case: 'mobile_number' length = min","tests.web.component.auth","2026-08-03","skipped","2026-08-03","TestSignUpWeb","test_signup_component","",""
"","0","[API] Create user should return 400_BAD_REQUEST when send create user request with invalid data. Case: 'zipcode' has invalid format","tests.api.user","2026-08-03","skipped","2026-08-03","TestCreateUserApi","test_create_user","",""
"","2510","[WEB Component] Products Carousel should last products when scroll left on first slide","tests.web.component.carousel","2026-08-03","passed","2026-08-03","TestProductCarousel","test_product_carousel","",""
"","0","[API] Create user should return 400_BAD_REQUEST when send create user request with invalid data. Case: 'birth_year' is negative","tests.api.user","2026-08-03","skipped","2026-08-03","TestCreateUserApi","test_create_user","",""
"","11549","Purchase products with sign up while checkout","tests.web.e2e","2026-08-03","passed","2026-08-03","TestPlaceOrder","test_place_order","",""
"","2370","[WEB Component] Image Carousel should show previous image when scroll left","tests.web.component.carousel","2026-08-03","passed","2026-08-03","TestImageCarousel","test_image_carousel","",""
"","569","[WEB] Should add product review with valid data. Case: 'email' username contains only underscore '-'","tests.web.component.review","2026-08-03","passed","2026-08-03","TestReviewComponent","test_review_component","",""
"","217","[API] Update user should return 200_OK when send update user request with valid data. Case: 'mobile_number' length = min","tests.api.user","2026-08-03","passed","2026-08-03","TestUpdateUserApi","test_update_user","",""
"","0","[WEB Component] Pay with invalid card should show error message. Case: cvc only spaces","tests.web.component.payment","2026-08-03","skipped","2026-08-03","TestPaymentComponent","test_payment_component","",""
"","279","[API] Update user should return 200_OK when send update user request with valid data. Case: 'zipcode' length = max - 1","tests.api.user","2026-08-03","passed","2026-08-03","TestUpdateUserApi","test_update_user","",""
"","0","[WEB] Sign up with invalid data. Case: 'zipcode' length = min + 1","tests.web.component.auth","2026-08-03","skipped","2026-08-03","TestSignUpWeb","test_signup_component","",""
"","3565","[WEB] Sign up with valid data. Case: 'name' length = min","tests.web.component.auth","2026-08-03","passed","2026-08-03","TestSignUpWeb","test_signup_component","",""
"","443","[WEB Component] Payment component should have expected screenshot","tests.web.component.payment","2026-08-03","passed","2026-08-03","TestPaymentComponent","test_payment_component","",""
"","0","[API] Create user should return 400_BAD_REQUEST when send create user request with invalid data. Case: 'state' length = min - 1","tests.api.user","2026-08-03","skipped","2026-08-03","TestCreateUserApi","test_create_user","",""
"","3411","[WEB] Sign up with valid data. Case: 'birth_day' = 1","tests.web.component.auth","2026-08-03","passed","2026-08-03","TestSignUpWeb","test_signup_component","",""
"","0","[API] Create user should return 400_BAD_REQUEST when send create user request with invalid data. Case: 'address2' is empty","tests.api.user","2026-08-03","skipped","2026-08-03","TestCreateUserApi","test_create_user","",""
"","0","[API] Update user should return 400_BAD_REQUEST when send update user request with invalid data. Case: 'last_name' is empty","tests.api.user","2026-08-03","skipped","2026-08-03","TestUpdateUserApi","test_update_user","",""
"","573","[WEB] Should add product review with valid data. Case: 'email' has not exists email service","tests.web.component.review","2026-08-03","passed","2026-08-03","TestReviewComponent","test_review_component","",""
"","0","[API] Update user should return 400_BAD_REQUEST when send update user request with invalid data. Case: 'zipcode' length = min - 1","tests.api.user","2026-08-03","skipped","2026-08-03","TestUpdateUserApi","test_update_user","",""
"","0","[WEB] Sign up with invalid data. Case: 'address2' length = max - 1","tests.web.component.auth","2026-08-03","skipped","2026-08-03","TestSignUpWeb","test_signup_component","",""
"","0","[WEB Component] Pay with invalid card should show error message. Case: name contains non latin characters","tests.web.component.payment","2026-08-03","skipped","2026-08-03","TestPaymentComponent","test_payment_component","",""
"","4435","[WEB] Sign up with valid data. Case: 'first_name' length = min","tests.web.component.auth","2026-08-03","passed","2026-08-03","TestSignUpWeb","test_signup_component","",""
"","639","[WEB Component] Should open product page when click on view product button","tests.web.component.product","2026-08-03","passed","2026-08-03","TestAnimatedProductCard","test_animated_product_card_component","",""
"","0","[API] Create user should return 400_BAD_REQUEST when send create user request with invalid data. Case: 'city' is absent","tests.api.user","2026-08-03","skipped","2026-08-03","TestCreateUserApi","test_create_user","",""
"","0","[WEB Component] Pay with invalid card should show error message. Case: card number too long","tests.web.component.payment","2026-08-03","skipped","2026-08-03","TestPaymentComponent","test_payment_component","",""
"","0","[API] Update user should return 400_BAD_REQUEST when send update user request with invalid data. Case: 'first_name' is empty","tests.api.user","2026-08-03","skipped","2026-08-03","TestUpdateUserApi","test_update_user","",""
"","0","[API] Update user should return 400_BAD_REQUEST when send update user request with invalid data. Case: 'email' contains '-' after '@'","tests.api.user","2026-08-03","skipped","2026-08-03","TestUpdateUserApi","test_update_user","",""
"","0","[API] Update user should return 400_BAD_REQUEST when send update user request with invalid data. Case: 'birth_month' is absent","tests.api.user","2026-08-03","skipped","2026-08-03","TestUpdateUserApi","test_update_user","",""
"","549","[WEB] Should add product review with valid data. Case: 'name' length = min + 1","tests.web.component.review","2026-08-03","passed","2026-08-03","TestReviewComponent","test_review_component","",""
"","0","[API] Create user should return 400_BAD_REQUEST when send create user request with invalid data. Case: 'state' length = max + 1","tests.api.user","2026-08-03","skipped","2026-08-03","TestCreateUserApi","test_create_user","",""
"","251","[API] Update user should return 200_OK when send update user request with valid data. Case: 'mobile_number' length = max - 1","tests.api.user","2026-08-03","passed","2026-08-03","TestUpdateUserApi","test_update_user","",""
"","3799","[WEB] Sign up with valid data. Case: 'first_name' length = max","tests.web.component.auth","2026-08-03","passed","2026-08-03","TestSignUpWeb","test_signup_component","",""
"","461","[WEB Component] Should navigate to cart page by click 'Cart' button","tests.web.component.base","2026-08-03","passed","2026-08-03","TestHeaderComponent","test_header_component","",""
"","678","[WEB Component] Should subscribe with valid email","tests.web.component.base","2026-08-03","passed","2026-08-03","TestSubscriptionComponent","test_subscription_component","",""
"","2016","[WEB Component] Add product to cart from product carousel","tests.web.component.carousel","2026-08-03","passed","2026-08-03","TestProductCarousel","test_product_carousel","",""
"","0","[WEB] Should not add product review with invalid data. Case: 'name' is absent","tests.web.component.review","2026-08-03","skipped","2026-08-03","TestReviewComponent","test_review_component","",""
"","0","[API] Update user should return 400_BAD_REQUEST when send update user request with invalid data. Case: 'city' is empty","tests.api.user","2026-08-03","skipped","2026-08-03","TestUpdateUserApi","test_update_user","",""
"","1537","[WEB Component] Should add product to cart when click on add to cart button multiple times","tests.web.component.product","2026-08-03","passed","2026-08-03","TestProductCard","test_product_details_component","",""
"","2798","[WEB Component] Image Carousel should show first image when scroll right on last image","tests.web.component.carousel","2026-08-03","passed","2026-08-03","TestImageCarousel","test_image_carousel","",""
"","4077","[WEB] Sign up with valid data. Case: 'zipcode' length = max - 1","tests.web.component.auth","2026-08-03","passed","2026-08-03","TestSignUpWeb","test_signup_component","",""
"","159","[API] Create user should return 200_OK when send create user request with valid data. Case: 'birth_day' = 1","tests.api.user","2026-08-03","passed","2026-08-03","TestCreateUserApi","test_create_user","",""
"","0","[API] Create user should return 400_BAD_REQUEST when send create user request with invalid data. Case: 'birth_year' is zero","tests.api.user","2026-08-03","skipped","2026-08-03","TestCreateUserApi","test_create_user","",""
"","0","[WEB Component] Pay with invalid card should show error message. Case: cvc all zeros","tests.web.component.payment","2026-08-03","skipped","2026-08-03","TestPaymentComponent","test_payment_component","",""
"","2345","[WEB Component] Category filter should have expected screenshot when fully expanded","tests.web.component.filter","2026-08-03","passed","2026-08-03","TestCategoryFilter","test_category_filter","",""
"","0","[API] Update user should return 400_BAD_REQUEST when send update user request with invalid data. Case: 'address2' length = max + 1","tests.api.user","2026-08-03","skipped","2026-08-03","TestUpdateUserApi","test_update_user","",""
"","0","[WEB] Sign up with invalid data. Case: 'birth_month' = 1","tests.web.component.auth","2026-08-03","skipped","2026-08-03","TestSignUpWeb","test_signup_component","",""
"","0","[API] Update user should return 400_BAD_REQUEST when send update user request with invalid data. Case: 'email' contains mail server as ip and port","tests.api.user","2026-08-03","skipped","2026-08-03","TestUpdateUserApi","test_update_user","",""
"","0","[API] Create user should return 400_BAD_REQUEST when send create user request with invalid data. Case: 'name' length = min - 1","tests.api.user","2026-08-03","skipped","2026-08-03","TestCreateUserApi","test_create_user","",""
"","618","[WEB Component] Animated product card should have expected data","tests.web.component.product","2026-08-03","passed","2026-08-03","TestAnimatedProductCard","test_animated_product_card_component","",""
"","301","[API] Update user should return 200_OK when send update user request with valid data. Case: 'zipcode' length = min + 1","tests.api.user","2026-08-03","passed","2026-08-03","TestUpdateUserApi","test_update_user","",""
"","723","[WEB] Should add product review with valid data. Case: 'email' username contains '+'","tests.web.component.review","2026-08-03","passed","2026-08-03","TestReviewComponent","test_review_component","",""
"","226","[API] Create user should return 200_OK when send create user request with valid data. Case: 'address2' length = min + 1","tests.api.user","2026-08-03","passed","2026-08-03","TestCreateUserApi","test_create_user","",""
"","0","[API] Create user should return 400_BAD_REQUEST when send create user request with invalid data. Case: 'company' is empty","tests.api.user","2026-08-03","skipped","2026-08-03","TestCreateUserApi","test_create_user","",""
"","3635","[WEB] Sign up with valid data. Case: 'address2' length = max","tests.web.component.auth","2026-08-03","passed","2026-08-03","TestSignUpWeb","test_signup_component","",""
"","0","[API] Create user should return 400_BAD_REQUEST when send create user request with invalid data. Case: 'email' not contains '@' symbol","tests.api.user","2026-08-03","skipped","2026-08-03","TestCreateUserApi","test_create_user","",""
"","150","[API] Create user should return 200_OK when send create user request with valid data. Case: 'city' length = max","tests.api.user","2026-08-03","passed","2026-08-03","TestCreateUserApi","test_create_user","",""
"","3596","[WEB] Sign up with valid data. Case: 'address2' length = min + 1","tests.web.component.auth","2026-08-03","passed","2026-08-03","TestSignUpWeb","test_signup_component","",""
"","1182","[WEB Component] Products Carousel should first products when scroll right on last image","tests.web.component.carousel","2026-08-03","passed","2026-08-03","TestProductCarousel","test_product_carousel","",""
"","252","[API] Update user should return 200_OK when send update user request with valid data. Case: 'last_name' length = max","tests.api.user","2026-08-03","passed","2026-08-03","TestUpdateUserApi","test_update_user","",""
"","151","[API] Create user should return 200_OK when send create user request with valid data. Case: 'company' length = max - 1","tests.api.user","2026-08-03","passed","2026-08-03","TestCreateUserApi","test_create_user","",""
"","4377","[WEB] Sign up with valid data. Case: 'first_name' length = max - 1","tests.web.component.auth","2026-08-03","passed","2026-08-03","TestSignUpWeb","test_signup_component","",""
"","3446","[WEB] Sign up with valid data. Case: 'address1' length = max - 1","tests.web.component.auth","2026-08-03","passed","2026-08-03","TestSignUpWeb","test_signup_component","",""
"","416","[API] Create user should return 200_OK when send create user request with valid data. Case: 'last_name' length = min + 1","tests.api.user","2026-08-03","passed","2026-08-03","TestCreateUserApi","test_create_user","",""
"","0","[WEB] Should not add product review with invalid data. Case: 'email' not contains '@' symbol","tests.web.component.review","2026-08-03","skipped","2026-08-03","TestReviewComponent","test_review_component","",""
"","0","[WEB] Sign up with invalid data. Case: 'first_name' length = min + 1","tests.web.component.auth","2026-08-03","skipped","2026-08-03","TestSignUpWeb","test_signup_component","",""
"","719","[WEB] Should add product review with valid data. Case: 'email' username contains '.'","tests.web.component.review","2026-08-03","passed","2026-08-03","TestReviewComponent","test_review_component","",""
"","222","[API] Update user should return 200_OK when send update user request with valid data. Case: 'state' length = min + 1","tests.api.user","2026-08-03","passed","2026-08-03","TestUpdateUserApi","test_update_user","",""
"","490","[WEB Component] Header has expected screenshot when authorized","tests.web.component.base","2026-08-03","passed","2026-08-03","TestHeaderComponent","test_header_component","",""
"","4098","[WEB Component] Invoice should have expected price","tests.web.component.payment","2026-08-03","passed","2026-08-03","TestPaymentComponent","test_invoice_file","",""
"","0","[API] Create user should return 400_BAD_REQUEST when send create user request with invalid data. Case: 'first_name' length = min - 1","tests.api.user","2026-08-03","skipped","2026-08-03","TestCreateUserApi","test_create_user","",""
"","0","[WEB Component] Pay with invalid card should show error message. Case: expiry year in the past","tests.web.component.payment","2026-08-03","skipped","2026-08-03","TestPaymentComponent","test_payment_component","",""
"","0","[API] Update user should return 400_BAD_REQUEST when send update user request with invalid data. Case: 'birth_month' is negative","tests.api.user","2026-08-03","skipped","2026-08-03","TestUpdateUserApi","test_update_user","",""
"","1668","[WEB Component] Should not add negative products count to cart when click on add to cart button","tests.web.component.product","2026-08-03","passed","2026-08-03","TestProductCard","test_product_details_component","",""
"","0","[WEB] Sign up with invalid data. Case: 'zipcode' length = max - 1","tests.web.component.auth","2026-08-03","skipped","2026-08-03","TestSignUpWeb","test_signup_component","",""
"","0","[WEB] Sign up with invalid data. Case: 'mobile_number' length = max - 1","tests.web.component.auth","2026-08-03","skipped","2026-08-03","TestSignUpWeb","test_signup_component","",""
"","3624","[WEB] Sign up with valid data. Case: 'company' length = max","tests.web.component.auth","2026-08-03","passed","2026-08-03","TestSignUpWeb","test_signup_component","",""
"","459","[API] Update user should return 200_OK when send update user request with valid data. Case: 'name' length = min","tests.api.user","2026-08-03","passed","2026-08-03","TestUpdateUserApi","test_update_user","",""
"","0","[API] Update user should return 400_BAD_REQUEST when send update user request with invalid data. Case: 'email' contains invalid top level domain web","tests.api.user","2026-08-03","skipped","2026-08-03","TestUpdateUserApi","test_update_user","",""
"","446","[API] Create user should return 200_OK when send create user request with valid data. Case: 'address1' length = min","tests.api.user","2026-08-03","passed","2026-08-03","TestCreateUserApi","test_create_user","",""
"","0","[API] Update user should return 400_BAD_REQUEST when send update user request with invalid data. Case: 'city' length = max + 1","tests.api.user","2026-08-03","skipped","2026-08-03","TestUpdateUserApi","test_update_user","",""
"","0","[WEB] Sign up with invalid data. Case: 'city' length = min","tests.web.component.auth","2026-08-03","skipped","2026-08-03","TestSignUpWeb","test_signup_component","",""
"","547","[WEB] Should add product review with valid data. Case: 'email' domain name length = 2","tests.web.component.review","2026-08-03","passed","2026-08-03","TestReviewComponent","test_review_component","",""
"","258","[API] Update user should return 200_OK when send update user request with valid data. Case: 'address1' length = max - 1","tests.api.user","2026-08-03","passed","2026-08-03","TestUpdateUserApi","test_update_user","",""
"","0","[API] Update user should return 400_BAD_REQUEST when send update user request with invalid data. Case: 'first_name' is absent","tests.api.user","2026-08-03","skipped","2026-08-03","TestUpdateUserApi","test_update_user","",""
"","1966","[WEB Component] Product carousel should have expected product","tests.web.component.carousel","2026-08-03","failed","2026-08-03","TestProductCarousel","test_product_carousel","",""
"","71","[WEB Component] Should have all products expected total price","tests.web.component.product","2026-08-03","passed","2026-08-03","TestProductItem","test_product_item","",""
"","1917","[WEB Component] Place order without authorization notification should have expected data and screenshot","tests.web.component.base","2026-08-03","passed","2026-08-03","TestNotificationComponent","test_notification_component","",""
"","3570","[WEB] Sign up with valid data. Case: 'address2' length = min","tests.web.component.auth","2026-08-03","passed","2026-08-03","TestSignUpWeb","test_signup_component","",""
"","0","[WEB] Sign up with invalid data. Case: 'company' length = max","tests.web.component.auth","2026-08-03","skipped","2026-08-03","TestSignUpWeb","test_signup_component","",""
"","0","[API] Create user should return 400_BAD_REQUEST when send create user request with invalid data. Case: 'email' contains text after domain","tests.api.user","2026-08-03","skipped","2026-08-03","TestCreateUserApi","test_create_user","",""
"","0","[API] Update user should return 400_BAD_REQUEST when send update user request with invalid data. Case: 'company' is empty","tests.api.user","2026-08-03","skipped","2026-08-03","TestUpdateUserApi","test_update_user","",""
"","260","[API] Update user should return 200_OK when send update user request with valid data. Case: 'mobile_number' length = max","tests.api.user","2026-08-03","passed","2026-08-03","TestUpdateUserApi","test_update_user","",""
"","217","[API] Update user should return 200_OK when send update user request with valid data. Case: 'mobile_number' length = min + 1","tests.api.user","2026-08-03","passed","2026-08-03","TestUpdateUserApi","test_update_user","",""
"","163","[API] Delete user should return 404_NOT_FOUND when send delete user request and user not exists","tests.api.user","2026-08-03","passed","2026-08-03","TestDeleteUserApi","test_delete_user","",""
"","0","[API] Update user should return 400_BAD_REQUEST when send update user request with invalid data. Case: 'last_name' is absent","tests.api.user","2026-08-03","skipped","2026-08-03","TestUpdateUserApi","test_update_user","",""
"","0","[WEB] Sign up with invalid data. Case: 'first_name' length = min","tests.web.component.auth","2026-08-03","skipped","2026-08-03","TestSignUpWeb","test_signup_component","",""
"","0","[API] Create user should return 400_BAD_REQUEST when send create user request with invalid data. Case: 'zipcode' length = max + 1","tests.api.user","2026-08-03","skipped","2026-08-03","TestCreateUserApi","test_create_user","",""
"","2084","[WEB Component] Pay with valid card should show success status message. Case: valid name contains multiple spaces","tests.web.component.payment","2026-08-03","passed","2026-08-03","TestPaymentComponent","test_payment_component","",""
"","0","[WEB] Should not add product review with invalid data. Case: 'name' length = max + 1","tests.web.component.review","2026-08-03","skipped","2026-08-03","TestReviewComponent","test_review_component","",""
"","0","[WEB Component] Pay with invalid card should show error message. Case: expiry year contains letters","tests.web.component.payment","2026-08-03","skipped","2026-08-03","TestPaymentComponent","test_payment_component","",""
"","0","[WEB] Should not add product review with invalid data. Case: 'message' length = min + 1","tests.web.component.review","2026-08-03","skipped","2026-08-03","TestReviewComponent","test_review_component","",""
"","879","[WEB Component] Add product notification should be closed when click on close button","tests.web.component.base","2026-08-03","passed","2026-08-03","TestNotificationComponent","test_notification_component","",""
"","247","[API] Create user should return 200_OK when send create user request with valid data. Case: 'address1' length = max","tests.api.user","2026-08-03","passed","2026-08-03","TestCreateUserApi","test_create_user","",""
"","0","[WEB Component] Pay with invalid card should show error message. Case: name contains trailing spaces","tests.web.component.payment","2026-08-03","skipped","2026-08-03","TestPaymentComponent","test_payment_component","",""
"","0","[API] Create user should return 400_BAD_REQUEST when send create user request with invalid data. Case: 'city' length = min - 1","tests.api.user","2026-08-03","skipped","2026-08-03","TestCreateUserApi","test_create_user","",""
"","0","[WEB] Sign up with invalid data. Case: 'zipcode' length = min","tests.web.component.auth","2026-08-03","skipped","2026-08-03","TestSignUpWeb","test_signup_component","",""
"","0","[API] Create user should return 400_BAD_REQUEST when send create user request with invalid data. Case: 'last_name' length = max + 1","tests.api.user","2026-08-03","skipped","2026-08-03","TestCreateUserApi","test_create_user","",""
"","392","[API] Create user should return 200_OK when send create user request with valid data. Case: 'company' length = min","tests.api.user","2026-08-03","passed","2026-08-03","TestCreateUserApi","test_create_user","",""
"","0","[WEB Component] Pay with invalid card should show error message. Case: name is empty","tests.web.component.payment","2026-08-03","skipped","2026-08-03","TestPaymentComponent","test_payment_component","",""
"","1901","[WEB Component] Pay with valid card should show success status message. Case: valid: cvc typical","tests.web.component.payment","2026-08-03","passed","2026-08-03","TestPaymentComponent","test_payment_component","",""
"","222","[API] Create user should return 200_OK when send create user request with valid data. Case: 'state' length = max - 1","tests.api.user","2026-08-03","passed","2026-08-03","TestCreateUserApi","test_create_user","",""
"","229","[API] Update user should return 200_OK when send update user request with valid data. Case: 'address2' length = max - 1","tests.api.user","2026-08-03","passed","2026-08-03","TestUpdateUserApi","test_update_user","",""
"","0","[WEB] Sign up with invalid data. Case: 'address2' length = max","tests.web.component.auth","2026-08-03","skipped","2026-08-03","TestSignUpWeb","test_signup_component","",""
"","0","[WEB] Sign up with invalid data. Case: 'address2' length = min + 1","tests.web.component.auth","2026-08-03","skipped","2026-08-03","TestSignUpWeb","test_signup_component","",""
"","0","[WEB Component] Pay with invalid card should show error message. Case: cvc too long","tests.web.component.payment","2026-08-03","skipped","2026-08-03","TestPaymentComponent","test_payment_component","",""
"","3622","[WEB] Sign up with valid data. Case: 'name' length = max - 1","tests.web.component.auth","2026-08-03","passed","2026-08-03","TestSignUpWeb","test_signup_component","",""
"","0","[WEB] Should not add product review with invalid data. Case: 'email' contains multiple '@' symbols","tests.web.component.review","2026-08-03","skipped","2026-08-03","TestReviewComponent","test_review_component","",""
"","0","[API] Update user should return 400_BAD_REQUEST when send update user request with invalid data. Case: 'state' is absent","tests.api.user","2026-08-03","skipped","2026-08-03","TestUpdateUserApi","test_update_user","",""
"","3575","[WEB] Sign up with valid data. Case: 'zipcode' length = min","tests.web.component.auth","2026-08-03","passed","2026-08-03","TestSignUpWeb","test_signup_component","",""
"","0","[WEB] Should not add product review with invalid data. Case: 'email' contains domain with one letter","tests.web.component.review","2026-08-03","skipped","2026-08-03","TestReviewComponent","test_review_component","",""
"","0","[WEB] Sign up with invalid data. Case: 'state' length = max - 1","tests.web.component.auth","2026-08-03","skipped","2026-08-03","TestSignUpWeb","test_signup_component","",""
"","3595","[WEB] Sign up with valid data. Case: 'address2' length = max - 1","tests.web.component.auth","2026-08-03","passed","2026-08-03","TestSignUpWeb","test_signup_component","",""
"","234","[API] Update user should return 200_OK when send update user request with valid data. Case: 'zipcode' length = min","tests.api.user","2026-08-03","passed","2026-08-03","TestUpdateUserApi","test_update_user","",""
"","0","[WEB] Should not add product review with invalid data. Case: 'email' contains '.' before dog symbol","tests.web.component.review","2026-08-03","skipped","2026-08-03","TestReviewComponent","test_review_component","",""
"","0","[WEB Component] Pay with invalid card should show error message. Case: card number only spaces","tests.web.component.payment","2026-08-03","skipped","2026-08-03","TestPaymentComponent","test_payment_component","",""
"","0","[API] Create user should return 400_BAD_REQUEST when send create user request with invalid data. Case: 'last_name' is absent","tests.api.user","2026-08-03","skipped","2026-08-03","TestCreateUserApi","test_create_user","",""
"","0","[API] Create user should return 400_BAD_REQUEST when send create user request with invalid data. Case: 'city' length = max + 1","tests.api.user","2026-08-03","skipped","2026-08-03","TestCreateUserApi","test_create_user","",""
"","264","[API] Update user should return 200_OK when send update user request with valid data. Case: 'address2' length = max","tests.api.user","2026-08-03","passed","2026-08-03","TestUpdateUserApi","test_update_user","",""
"","7188","Purchase products with login while checkout","tests.web.e2e","2026-08-03","failed","2026-08-03","TestPlaceOrder","test_place_order","",""
"","0","[WEB Component] Pay with invalid card should show error message. Case: expiry month only spaces","tests.web.component.payment","2026-08-03","skipped","2026-08-03","TestPaymentComponent","test_payment_component","",""
"","165","[API] Create user should return 200_OK when send create user request with valid data. Case: 'birth_day' length = 31","tests.api.user","2026-08-03","passed","2026-08-03","TestCreateUserApi","test_create_user","",""
"","0","[API] Update user should return 400_BAD_REQUEST when send update user request with invalid data. Case: 'first_name' length = min - 1","tests.api.user","2026-08-03","skipped","2026-08-03","TestUpdateUserApi","test_update_user","",""
"","148","[API] Create user should return 200_OK when send create user request with valid data. Case: 'mobile_number' length = max","tests.api.user","2026-08-03","passed","2026-08-03","TestCreateUserApi","test_create_user","",""
"","0","[WEB Component] Pay with invalid card should show error message. Case: card number contains letters","tests.web.component.payment","2026-08-03","skipped","2026-08-03","TestPaymentComponent","test_payment_component","",""
"","0","[WEB] Should not add product review with invalid data. Case: 'email' contains only special symbols","tests.web.component.review","2026-08-03","skipped","2026-08-03","TestReviewComponent","test_review_component","",""
"","0","[API] Update user should return 400_BAD_REQUEST when send update user request with invalid data. Case: 'address1' length = max + 1","tests.api.user","2026-08-03","skipped","2026-08-03","TestUpdateUserApi","test_update_user","",""
"","0","[WEB Component] Pay with invalid card should show error message. Case: name contains newline","tests.web.component.payment","2026-08-03","skipped","2026-08-03","TestPaymentComponent","test_payment_component","",""
"","5877","[WEB Component] Category filter group should be collapsed after collapse expanded group","tests.web.component.filter","2026-08-03","passed","2026-08-03","TestCategoryFilter","test_category_filter","",""
"","0","[API] Update user should return 400_BAD_REQUEST when send update user request with invalid data. Case: 'email' contains text after domain","tests.api.user","2026-08-03","skipped","2026-08-03","TestUpdateUserApi","test_update_user","",""
"","0","[API] Update user should return 400_BAD_REQUEST when send update user request with invalid data. Case: 'birth_day' is absent","tests.api.user","2026-08-03","skipped","2026-08-03","TestUpdateUserApi","test_update_user","",""
"","0","[API] Create user should return 400_BAD_REQUEST when send create user request with invalid data. Case: 'first_name' is empty","tests.api.user","2026-08-03","skipped","2026-08-03","TestCreateUserApi","test_create_user","",""
"","0","[API] Update user should return 400_BAD_REQUEST when send update user request with invalid data. Case: 'birth_year' is zero","tests.api.user","2026-08-03","skipped","2026-08-03","TestUpdateUserApi","test_update_user","",""
"","0","[API] Create user should return 400_BAD_REQUEST when send create user request with invalid data. Case: 'email' not contains username","tests.api.user","2026-08-03","skipped","2026-08-03","TestCreateUserApi","test_create_user","",""
"","1906","[WEB Component] Pay with valid card should show success status message. Case: valid: boundary valid number","tests.web.component.payment","2026-08-03","passed","2026-08-03","TestPaymentComponent","test_payment_component","",""
"","166","Should return user not found when user password invalid","tests.api.user","2026-08-03","passed","2026-08-03","TestVerifyLoginApi","test_verify_login","",""
"","0","[API] Create user should return 400_BAD_REQUEST when send create user request with invalid data. Case: 'birth_year' is invalid positive","tests.api.user","2026-08-03","skipped","2026-08-03","TestCreateUserApi","test_create_user","",""
"","3571","[WEB] Sign up with valid data. Case: 'mobile_number' length = max - 1","tests.web.component.auth","2026-08-03","passed","2026-08-03","TestSignUpWeb","test_signup_component","",""
"","0","[WEB] Sign up with invalid data. Case: 'birth_day' = 1","tests.web.component.auth","2026-08-03","skipped","2026-08-03","TestSignUpWeb","test_signup_component","",""
"","0","[API] Create user should return 400_BAD_REQUEST when send create user request with invalid data. Case: 'mobile_number' length = max + 1","tests.api.user","2026-08-03","skipped","2026-08-03","TestCreateUserApi","test_create_user","",""
"","0","[API] Update user should return 400_BAD_REQUEST when send update user request with invalid data. Case: 'email' not contains '@' symbol","tests.api.user","2026-08-03","skipped","2026-08-03","TestUpdateUserApi","test_update_user","",""
"","0","[WEB] Sign up with invalid data. Case: 'first_name' length = max","tests.web.component.auth","2026-08-03","skipped","2026-08-03","TestSignUpWeb","test_signup_component","",""
"","258","[API] Update user should return 200_OK when send update user request with valid data. Case: 'first_name' length = max","tests.api.user","2026-08-03","passed","2026-08-03","TestUpdateUserApi","test_update_user","",""
"","0","[WEB] Sign up with invalid data. Case: 'state' length = min + 1","tests.web.component.auth","2026-08-03","skipped","2026-08-03","TestSignUpWeb","test_signup_component","",""
"","201","test_get_all_products","tests.api.product","2026-08-03","passed","2026-08-03","TestProductApi","test_product","",""
"","0","[API] Create user should return 400_BAD_REQUEST when send create user request with invalid data. Case: 'zipcode' is absent","tests.api.user","2026-08-03","skipped","2026-08-03","TestCreateUserApi","test_create_user","",""
"","1608","[WEB Component] Search filter should have expected screenshot","tests.web.component.filter","2026-08-03","passed","2026-08-03","TestSearchFilter","test_search_filter","",""
"","0","[WEB] Should not add product review with invalid data. Case: 'message' length = max - 1","tests.web.component.review","2026-08-03","skipped","2026-08-03","TestReviewComponent","test_review_component","",""
"","2081","[WEB Component] Pay with valid card should show success status message. Case: valid: expiry month min","tests.web.component.payment","2026-08-03","passed","2026-08-03","TestPaymentComponent","test_payment_component","",""
"","366","[WEB] Should have expected screenshot when not send review","tests.web.component.review","2026-08-03","passed","2026-08-03","TestReviewComponent","test_review_component","",""
"","297","[API] Update user should return 200_OK when send update user request with valid data. Case: 'address1' length = max","tests.api.user","2026-08-03","passed","2026-08-03","TestUpdateUserApi","test_update_user","",""
"","0","[API] Create user should return 400_BAD_REQUEST when send create user request with invalid data. Case: 'mobile_number' has invalid format","tests.api.user","2026-08-03","skipped","2026-08-03","TestCreateUserApi","test_create_user","",""
"","2018","[WEB Component] Pay with valid card should show success status message. Case: valid: name min length","tests.web.component.payment","2026-08-03","passed","2026-08-03","TestPaymentComponent","test_payment_component","",""
"","4602","[WEB] Sign up with valid data. Case: 'last_name' length = max","tests.web.component.auth","2026-08-03","passed","2026-08-03","TestSignUpWeb","test_signup_component","",""
"","175","[API] Create user should return 200_OK when send create user request with valid data. Case: 'address2' length = max","tests.api.user","2026-08-03","passed","2026-08-03","TestCreateUserApi","test_create_user","",""
"","3664","[WEB] Sign up with valid data. Case: 'city' length = max","tests.web.component.auth","2026-08-03","passed","2026-08-03","TestSignUpWeb","test_signup_component","",""
"","161","[API] Create user should return 200_OK when send create user request with valid data. Case: 'birth_year' = 1","tests.api.user","2026-08-03","passed","2026-08-03","TestCreateUserApi","test_create_user","",""
"","3633","[WEB] Sign up with valid data. Case: 'state' length = max","tests.web.component.auth","2026-08-03","passed","2026-08-03","TestSignUpWeb","test_signup_component","",""
"","2851","[WEB Component] Animated product card overlay should have expected data","tests.web.component.product","2026-08-03","passed","2026-08-03","TestAnimatedProductCard","test_animated_product_card_component","",""
"","3251","[WEB] Sign up with valid data. Case: 'state' length = min","tests.web.component.auth","2026-08-03","passed","2026-08-03","TestSignUpWeb","test_signup_component","",""
"","153","test_search_products_returns_empty_array","tests.api.product","2026-08-03","passed","2026-08-03","TestProductApi","test_product","",""
"","0","[WEB Component] Pay with invalid card should show error message. Case: cvc too short","tests.web.component.payment","2026-08-03","skipped","2026-08-03","TestPaymentComponent","test_payment_component","",""
"","1232","[WEB Component] Should navigate to main page by click on header logo","tests.web.component.base","2026-08-03","passed","2026-08-03","TestHeaderComponent","test_header_component","",""
"","3750","[WEB] Sign up with valid data. Case: 'birth_year' = 1","tests.web.component.auth","2026-08-03","passed","2026-08-03","TestSignUpWeb","test_signup_component","",""
"","159","[API] Create user should return 200_OK when send create user request with valid data. Case: 'mobile_number' length = min + 1","tests.api.user","2026-08-03","passed","2026-08-03","TestCreateUserApi","test_create_user","",""
"","150","[API] Create user should return 200_OK when send create user request with valid data. Case: 'company' length = min + 1","tests.api.user","2026-08-03","passed","2026-08-03","TestCreateUserApi","test_create_user","",""
"","0","[API] Update user should return 400_BAD_REQUEST when send update user request with invalid data. Case: 'name' is empty","tests.api.user","2026-08-03","skipped","2026-08-03","TestUpdateUserApi","test_update_user","",""
"","0","[API] Create user should return 400_BAD_REQUEST when send create user request with invalid data. Case: 'email' contains '-' after '@'","tests.api.user","2026-08-03","skipped","2026-08-03","TestCreateUserApi","test_create_user","",""
"","235","[API] Update user should return 200_OK when send update user request with valid data. Case: 'company' length = max - 1","tests.api.user","2026-08-03","passed","2026-08-03","TestUpdateUserApi","test_update_user","",""
"","227","[API] Update user should return 200_OK when send update user request with valid data. Case: 'address2' length = min + 1","tests.api.user","2026-08-03","passed","2026-08-03","TestUpdateUserApi","test_update_user","",""
"","3542","[WEB] Sign up with valid data. Case: 'address1' length = min","tests.web.component.auth","2026-08-03","passed","2026-08-03","TestSignUpWeb","test_signup_component","",""
"","0","[API] Update user should return 400_BAD_REQUEST when send update user request with invalid data. Case: 'mobile_number' is absent","tests.api.user","2026-08-03","skipped","2026-08-03","TestUpdateUserApi","test_update_user","",""
"","0","[WEB] Sign up with invalid data. Case: 'birth_day' length = 31","tests.web.component.auth","2026-08-03","skipped","2026-08-03","TestSignUpWeb","test_signup_component","",""
"","538","[WEB Component] Should delete user name by click on 'Delete Account' button","tests.web.component.base","2026-08-03","passed","2026-08-03","TestHeaderComponent","test_header_component","",""
"","5449","[WEB] Sign up with valid data. Case: 'mobile_number' length = min","tests.web.component.auth","2026-08-03","passed","2026-08-03","TestSignUpWeb","test_signup_component","",""
"","0","[API] Create user should return 400_BAD_REQUEST when send create user request with invalid data. Case: 'name' is absent","tests.api.user","2026-08-03","skipped","2026-08-03","TestCreateUserApi","test_create_user","",""
"","1595","[WEB Component] Search filter should filter products by query","tests.web.component.filter","2026-08-03","passed","2026-08-03","TestSearchFilter","test_search_filter","",""
"","0","[API] Create user should return 400_BAD_REQUEST when send create user request with invalid data. Case: 'email' contains invalid top level domain web","tests.api.user","2026-08-03","skipped","2026-08-03","TestCreateUserApi","test_create_user","",""
"","0","[API] Update user should return 400_BAD_REQUEST when send update user request with invalid data. Case: 'name' length = min - 1","tests.api.user","2026-08-03","skipped","2026-08-03","TestUpdateUserApi","test_update_user","",""
"","292","[API] Update user should return 200_OK when send update user request with valid data. Case: 'zipcode' length = max","tests.api.user","2026-08-03","passed","2026-08-03","TestUpdateUserApi","test_update_user","",""
"","0","[WEB] Sign up with invalid data. Case: 'city' length = min + 1","tests.web.component.auth","2026-08-03","skipped","2026-08-03","TestSignUpWeb","test_signup_component","",""
"","0","[WEB] Sign up with invalid data. Case: 'state' length = max","tests.web.component.auth","2026-08-03","skipped","2026-08-03","TestSignUpWeb","test_signup_component","",""
"","825","[WEB Component] Should decrease all products total price","tests.web.component.product","2026-08-03","passed","2026-08-03","TestProductItem","test_product_item","",""
"","2845","[WEB Component] Order placed page should have expected screenshot","tests.web.component.payment","2026-08-03","passed","2026-08-03","TestPaymentComponent","test_invoice_file","",""
"","4396","[WEB] Sign up with valid data. Case: 'city' length = min","tests.web.component.auth","2026-08-03","passed","2026-08-03","TestSignUpWeb","test_signup_component","",""
"","0","[API] Update user should return 400_BAD_REQUEST when send update user request with invalid data. Case: 'zipcode' length = max + 1","tests.api.user","2026-08-03","skipped","2026-08-03","TestUpdateUserApi","test_update_user","",""
"","2632","[WEB Component] Category filter should have expected screenshot when collapsed","tests.web.component.filter","2026-08-03","passed","2026-08-03","TestCategoryFilter","test_category_filter","",""
"","0","[API] Update user should return 400_BAD_REQUEST when send update user request with invalid data. Case: 'name' is absent","tests.api.user","2026-08-03","skipped","2026-08-03","TestUpdateUserApi","test_update_user","",""
"","0","[WEB Component] Pay with invalid card should show error message. Case: card number contains spaces","tests.web.component.payment","2026-08-03","skipped","2026-08-03","TestPaymentComponent","test_payment_component","",""
"","7006","Purchase products with login before checkout","tests.web.e2e","2026-08-03","passed","2026-08-03","TestPlaceOrder","test_place_order","",""
"","205","[API] Update user should return 200_OK when send update user request with valid data. Case: 'address1' length = min + 1","tests.api.user","2026-08-03","passed","2026-08-03","TestUpdateUserApi","test_update_user","",""
"","573","[WEB] Should add product review with valid data. Case: 'email' username is numerical","tests.web.component.review","2026-08-03","passed","2026-08-03","TestReviewComponent","test_review_component","",""
"","2042","[WEB Component] Pay with valid card should show success status message. Case: valid: common latin name","tests.web.component.payment","2026-08-03","passed","2026-08-03","TestPaymentComponent","test_payment_component","",""
"","3439","[WEB] Sign up with valid data. Case: 'birth_month' = 1","tests.web.component.auth","2026-08-03","passed","2026-08-03","TestSignUpWeb","test_signup_component","",""
"","0","[API] Update user should return 400_BAD_REQUEST when send update user request with invalid data. Case: 'mobile_number' is empty","tests.api.user","2026-08-03","skipped","2026-08-03","TestUpdateUserApi","test_update_user","",""
"","535","[WEB] Should add product review with valid data. Case: 'email' contains subdomain","tests.web.component.review","2026-08-03","passed","2026-08-03","TestReviewComponent","test_review_component","",""
"","1833","[WEB] Should add product review with valid data. Case: 'message' length = max - 1","tests.web.component.review","2026-08-03","passed","2026-08-03","TestReviewComponent","test_review_component","",""
"","0","[WEB] Sign up with invalid data. Case: 'last_name' length = min + 1","tests.web.component.auth","2026-08-03","skipped","2026-08-03","TestSignUpWeb","test_signup_component","",""
"","174","[API] Get user should return 404_NOT_FOUND when send get user request and user not exists","tests.api.user","2026-08-03","passed","2026-08-03","TestGetUserApi","test_get_user","",""
"","244","[API] Update user should return 200_OK when send update user request with valid data. Case: 'last_name' length = min + 1","tests.api.user","2026-08-03","passed","2026-08-03","TestUpdateUserApi","test_update_user","",""
"","3439","[WEB] Sign up with valid data. Case: 'last_name' length = min","tests.web.component.auth","2026-08-03","passed","2026-08-03","TestSignUpWeb","test_signup_component","",""
"","0","[WEB] Sign up with invalid data. Case: 'last_name' length = max","tests.web.component.auth","2026-08-03","skipped","2026-08-03","TestSignUpWeb","test_signup_component","",""
"","1519","[WEB Component] Products Carousel should show previous image when scroll left","tests.web.component.carousel","2026-08-03","passed","2026-08-03","TestProductCarousel","test_product_carousel","",""
"","9875","[WEB] Sign in with valid data","tests.web.component.auth","2026-08-03","passed","2026-08-03","TestLoginWeb","test_login_component","",""
"","0","[API] Update user should return 400_BAD_REQUEST when send update user request with invalid data. Case: 'address2' length = min - 1","tests.api.user","2026-08-03","skipped","2026-08-03","TestUpdateUserApi","test_update_user","",""
"","274","[API] Update user should return 200_OK when send update user request with valid data. Case: 'birth_year' = 1","tests.api.user","2026-08-03","passed","2026-08-03","TestUpdateUserApi","test_update_user","",""
"","0","[WEB] Should not add product review with invalid data. Case: 'email' contains mail server as ip and port","tests.web.component.review","2026-08-03","skipped","2026-08-03","TestReviewComponent","test_review_component","",""
"","163","[API] Create user should return 200_OK when send create user request with valid data. Case: 'mobile_number' length = min","tests.api.user","2026-08-03","passed","2026-08-03","TestCreateUserApi","test_create_user","",""
"","155","[API] Create user should return 200_OK when send create user request with valid data. Case: 'name' length = min + 1","tests.api.user","2026-08-03","passed","2026-08-03","TestCreateUserApi","test_create_user","",""
"","0","[API] Update user should return 400_BAD_REQUEST when send update user request with invalid data. Case: 'address1' length = min - 1","tests.api.user","2026-08-03","skipped","2026-08-03","TestUpdateUserApi","test_update_user","",""
"","156","[API] Delete user should return 200_OK when send delete user request and user exists","tests.api.user","2026-08-03","passed","2026-08-03","TestDeleteUserApi","test_delete_user","",""
"","0","[API] Create user should return 400_BAD_REQUEST when send create user request with invalid data. Case: 'email' is word","tests.api.user","2026-08-03","skipped","2026-08-03","TestCreateUserApi","test_create_user","",""
"","0","[WEB] Sign up with invalid data. Case: 'birth_year' = 10000","tests.web.component.auth","2026-08-03","skipped","2026-08-03","TestSignUpWeb","test_signup_component","",""
"","0","[WEB] Should not add product review with invalid data. Case: 'email' contains text after domain","tests.web.component.review","2026-08-03","skipped","2026-08-03","TestReviewComponent","test_review_component","",""
"","291","[API] Update user should return 200_OK when send update user request with valid data. Case: 'birth_month' = 1","tests.api.user","2026-08-03","passed","2026-08-03","TestUpdateUserApi","test_update_user","",""
"","0","[WEB Component] Pay with invalid card should show error message. Case: expiry year too short","tests.web.component.payment","2026-08-03","skipped","2026-08-03","TestPaymentComponent","test_payment_component","",""
"","0","[API] Create user should return 400_BAD_REQUEST when send create user request with invalid data. Case: 'zipcode' is empty","tests.api.user","2026-08-03","skipped","2026-08-03","TestCreateUserApi","test_create_user","",""
"","207","[API] Create user should return 200_OK when send create user request with valid data. Case: 'first_name' length = min + 1","tests.api.user","2026-08-03","passed","2026-08-03","TestCreateUserApi","test_create_user","",""
"","0","[WEB Component] Pay with invalid card should show error message. Case: expiry year is empty","tests.web.component.payment","2026-08-03","skipped","2026-08-03","TestPaymentComponent","test_payment_component","",""
"","0","[API] Update user should return 400_BAD_REQUEST when send update user request with invalid data. Case: 'address1' is empty","tests.api.user","2026-08-03","skipped","2026-08-03","TestUpdateUserApi","test_update_user","",""
"","0","[WEB] Sign up with invalid data. Case: 'zipcode' length = max","tests.web.component.auth","2026-08-03","skipped","2026-08-03","TestSignUpWeb","test_signup_component","",""
"","149","[API] Create user should return 200_OK when send create user request with valid data. Case: 'address2' length = min","tests.api.user","2026-08-03","passed","2026-08-03","TestCreateUserApi","test_create_user","",""
"","0","[API] Create user should return 400_BAD_REQUEST when send create user request with invalid data. Case: 'birth_year' is absent","tests.api.user","2026-08-03","skipped","2026-08-03","TestCreateUserApi","test_create_user","",""
"","238","[API] Create user should return 200_OK when send create user request with valid data. Case: 'zipcode' length = min + 1","tests.api.user","2026-08-03","passed","2026-08-03","TestCreateUserApi","test_create_user","",""
"","0","[WEB Component] Pay with invalid card should show error message. Case: cvc contains special characters","tests.web.component.payment","2026-08-03","skipped","2026-08-03","TestPaymentComponent","test_payment_component","",""
"","0","[WEB Component] Pay with invalid card should show error message. Case: expiry month contains letters","tests.web.component.payment","2026-08-03","skipped","2026-08-03","TestPaymentComponent","test_payment_component","",""
"","280","[API] Update user should return 200_OK when send update user request with valid data. Case: 'birth_month' = 12","tests.api.user","2026-08-03","passed","2026-08-03","TestUpdateUserApi","test_update_user","",""
"","767","[WEB] Should add product review with valid data. Case: 'email' domain contains '-'","tests.web.component.review","2026-08-03","passed","2026-08-03","TestReviewComponent","test_review_component","",""
"","157","[API] Create user should return 200_OK when send create user request with valid data. Case: 'zipcode' length = max - 1","tests.api.user","2026-08-03","passed","2026-08-03","TestCreateUserApi","test_create_user","",""
"","239","[API] Update user should return 200_OK when send update user request with valid data. Case: 'name' length = max - 1","tests.api.user","2026-08-03","passed","2026-08-03","TestUpdateUserApi","test_update_user","",""
"","248","[API] Update user should return 200_OK when send update user request with valid data. Case: 'name' length = max","tests.api.user","2026-08-03","passed","2026-08-03","TestUpdateUserApi","test_update_user","",""
"","0","[WEB] Sign up with invalid data. Case: 'address1' length = min","tests.web.component.auth","2026-08-03","skipped","2026-08-03","TestSignUpWeb","test_signup_component","",""
"","495","[API] Update user should return 200_OK when send update user request with valid data. Case: 'city' length = min","tests.api.user","2026-08-03","passed","2026-08-03","TestUpdateUserApi","test_update_user","",""
"","225","[API] Update user should return 200_OK when send update user request with valid data. Case: 'address1' length = min","tests.api.user","2026-08-03","passed","2026-08-03","TestUpdateUserApi","test_update_user","",""
"","0","[API] Update user should return 400_BAD_REQUEST when send update user request with invalid data. Case: 'state' length = max + 1","tests.api.user","2026-08-03","skipped","2026-08-03","TestUpdateUserApi","test_update_user","",""
"","113","[WEB Component] Should visible user name when authorized","tests.web.component.base","2026-08-03","passed","2026-08-03","TestHeaderComponent","test_header_component","",""
"","152","[API] Update user should return 404_BAD_REQUEST when send update user request with not existing email","tests.api.user","2026-08-03","passed","2026-08-03","TestUpdateUserApi","test_update_user","",""
"","267","[API] Update user should return 200_OK when send update user request with valid data. Case: 'city' length = max","tests.api.user","2026-08-03","passed","2026-08-03","TestUpdateUserApi","test_update_user","",""
"","529","[WEB] Should add product review with valid data. Case: 'name' length = min","tests.web.component.review","2026-08-03","passed","2026-08-03","TestReviewComponent","test_review_component","",""
"","1211","[WEB Component] Should have expected success status message after sending contact info","tests.web.component.base","2026-08-03","passed","2026-08-03","TestSubscriptionComponent","test_subscription_component","",""
"","3368","[WEB] Sign up with valid data. Case: 'company' length = min + 1","tests.web.component.auth","2026-08-03","passed","2026-08-03","TestSignUpWeb","test_signup_component","",""
"","263","[API] Update user should return 200_OK when send update user request with valid data. Case: 'name' length = min + 1","tests.api.user","2026-08-03","passed","2026-08-03","TestUpdateUserApi","test_update_user","",""
"","265","[API] Update user should return 200_OK when send update user request with valid data. Case: 'state' length = min","tests.api.user","2026-08-03","passed","2026-08-03","TestUpdateUserApi","test_update_user","",""
"","0","[API] Create user should return 400_BAD_REQUEST when send create user request with invalid data. Case: 'first_name' length = max + 1","tests.api.user","2026-08-03","skipped","2026-08-03","TestCreateUserApi","test_create_user","",""
"","0","[API] Create user should return 400_BAD_REQUEST when send create user request with invalid data. Case: 'address1' is empty","tests.api.user","2026-08-03","skipped","2026-08-03","TestCreateUserApi","test_create_user","",""
"","0","[WEB Component] Pay with invalid card should show error message. Case: expiry month = 00","tests.web.component.payment","2026-08-03","skipped","2026-08-03","TestPaymentComponent","test_payment_component","",""
"","0","[WEB Component] Pay with invalid card should show error message. Case: card number is empty","tests.web.component.payment","2026-08-03","skipped","2026-08-03","TestPaymentComponent","test_payment_component","",""
"","491","[WEB Component] Should navigate to login page by click 'Signup / Login' button","tests.web.component.base","2026-08-03","passed","2026-08-03","TestHeaderComponent","test_header_component","",""
"","0","[API] Update user should return 400_BAD_REQUEST when send update user request with invalid data. Case: 'birth_day' is invalid positive","tests.api.user","2026-08-03","skipped","2026-08-03","TestUpdateUserApi","test_update_user","",""
"","276","[API] Create user should return 200_OK when send create user request with valid data. Case: 'city' length = min","tests.api.user","2026-08-03","passed","2026-08-03","TestCreateUserApi","test_create_user","",""
"","0","[API] Update user should return 400_BAD_REQUEST when send update user request with invalid data. Case: 'city' is absent","tests.api.user","2026-08-03","skipped","2026-08-03","TestUpdateUserApi","test_update_user","",""
"","0","[WEB Component] Pay with invalid card should show error message. Case: card number all zeros","tests.web.component.payment","2026-08-03","skipped","2026-08-03","TestPaymentComponent","test_payment_component","",""
"","0","[WEB] Sign up with invalid data. Case: 'city' length = max - 1","tests.web.component.auth","2026-08-03","skipped","2026-08-03","TestSignUpWeb","test_signup_component","",""
"","0","[WEB Component] Pay with invalid card should show error message. Case: expiry year too long","tests.web.component.payment","2026-08-03","skipped","2026-08-03","TestPaymentComponent","test_payment_component","",""
"","158","[API] Create user should return 200_OK when send create user request with valid data. Case: 'company' length = max","tests.api.user","2026-08-03","passed","2026-08-03","TestCreateUserApi","test_create_user","",""
"","323","[API] Update user should return 200_OK when send update user request with valid data. Case: 'birth_year' = 10000","tests.api.user","2026-08-03","passed","2026-08-03","TestUpdateUserApi","test_update_user","",""
"","0","[API] Update user should return 400_BAD_REQUEST when send update user request with invalid data. Case: 'first_name' length = max + 1","tests.api.user","2026-08-03","skipped","2026-08-03","TestUpdateUserApi","test_update_user","",""
"","0","[API] Update user should return 400_BAD_REQUEST when send update user request with invalid data. Case: 'email' is word","tests.api.user","2026-08-03","skipped","2026-08-03","TestUpdateUserApi","test_update_user","",""
"","0","[WEB] Sign up with invalid data. Case: 'name' length = min","tests.web.component.auth","2026-08-03","skipped","2026-08-03","TestSignUpWeb","test_signup_component","",""
"","0","[API] Create user should return 400_BAD_REQUEST when send create user request with invalid data. Case: 'birth_month' is invalid positive","tests.api.user","2026-08-03","skipped","2026-08-03","TestCreateUserApi","test_create_user","",""
"","2976","[WEB Component] Products Carousel should show next products when scroll right","tests.web.component.carousel","2026-08-03","passed","2026-08-03","TestProductCarousel","test_product_carousel","",""
"","9967","[WEB Component] Category filter group should be collapsed after expand another group","tests.web.component.filter","2026-08-03","failed","2026-08-03","TestCategoryFilter","test_category_filter","",""
"","149","[API] Create user should return 200_OK when send create user request with valid data. Case: 'city' length = min + 1","tests.api.user","2026-08-03","passed","2026-08-03","TestCreateUserApi","test_create_user","",""
"","0","[WEB] Should not add product review with invalid data. Case: 'email' contains '-' after '@'","tests.web.component.review","2026-08-03","skipped","2026-08-03","TestReviewComponent","test_review_component","",""
"","0","[API] Create user should return 400_BAD_REQUEST when send create user request with invalid data. Case: 'mobile_number' is empty","tests.api.user","2026-08-03","skipped","2026-08-03","TestCreateUserApi","test_create_user","",""
"","0","[WEB Component] Pay with invalid card should show error message. Case: expiry year only spaces","tests.web.component.payment","2026-08-03","skipped","2026-08-03","TestPaymentComponent","test_payment_component","",""
"","408","[WEB Component] Header has expected screenshot","tests.web.component.base","2026-08-03","passed","2026-08-03","TestHeaderComponent","test_header_component","",""
"","0","[WEB] Sign up with invalid data. Case: 'name' length = min + 1","tests.web.component.auth","2026-08-03","skipped","2026-08-03","TestSignUpWeb","test_signup_component","",""
"","0","[API] Create user should return 400_BAD_REQUEST when send create user request with invalid data. Case: 'email' contains multiple '@' symbols","tests.api.user","2026-08-03","skipped","2026-08-03","TestCreateUserApi","test_create_user","",""
"","533","[API] Update user should return 200_OK when send update user request with valid data. Case: 'company' length = min + 1","tests.api.user","2026-08-03","passed","2026-08-03","TestUpdateUserApi","test_update_user","",""
"","145","[API] Create user should return 200_OK when send create user request with valid data. Case: 'address2' length = max - 1","tests.api.user","2026-08-03","passed","2026-08-03","TestCreateUserApi","test_create_user","",""
"","0","[API] Update user should return 400_BAD_REQUEST when send update user request with invalid data. Case: 'name' length = max + 1","tests.api.user","2026-08-03","skipped","2026-08-03","TestUpdateUserApi","test_update_user","",""
"","0","[API] Update user should return 400_BAD_REQUEST when send update user request with invalid data. Case: 'last_name' length = max + 1","tests.api.user","2026-08-03","skipped","2026-08-03","TestUpdateUserApi","test_update_user","",""
"","0","[API] Update user should return 400_BAD_REQUEST when send update user request with invalid data. Case: 'birth_month' is zero","tests.api.user","2026-08-03","skipped","2026-08-03","TestUpdateUserApi","test_update_user","",""
"","0","[API] Create user should return 400_BAD_REQUEST when send create user request with invalid data. Case: 'birth_day' is negative","tests.api.user","2026-08-03","skipped","2026-08-03","TestCreateUserApi","test_create_user","",""
"","0","[WEB Component] Pay with invalid card should show error message. Case: name contains digits","tests.web.component.payment","2026-08-03","skipped","2026-08-03","TestPaymentComponent","test_payment_component","",""
"","3520","[WEB] Sign up with valid data. Case: 'address1' length = max","tests.web.component.auth","2026-08-03","passed","2026-08-03","TestSignUpWeb","test_signup_component","",""
"","0","[WEB] Should not add product review with invalid data. Case: 'message' length = min","tests.web.component.review","2026-08-03","skipped","2026-08-03","TestReviewComponent","test_review_component","",""
"","0","[WEB] Sign up with invalid data. Case: 'company' length = max - 1","tests.web.component.auth","2026-08-03","skipped","2026-08-03","TestSignUpWeb","test_signup_component","",""
"","0","[WEB] Sign up with invalid data. Case: 'mobile_number' length = min + 1","tests.web.component.auth","2026-08-03","skipped","2026-08-03","TestSignUpWeb","test_signup_component","",""
"","2268","[WEB Component] Search filter should return all products when filter by empty query","tests.web.component.filter","2026-08-03","passed","2026-08-03","TestSearchFilter","test_search_filter","",""
"","464","[API] Update user should return 200_OK when send update user request with valid data. Case: 'first_name' length = min + 1","tests.api.user","2026-08-03","passed","2026-08-03","TestUpdateUserApi","test_update_user","",""
"","0","[WEB] Sign up with invalid data. Case: 'address1' length = max","tests.web.component.auth","2026-08-03","skipped","2026-08-03","TestSignUpWeb","test_signup_component","",""
"","0","[API] Update user should return 400_BAD_REQUEST when send update user request with invalid data. Case: 'zipcode' has invalid format","tests.api.user","2026-08-03","skipped","2026-08-03","TestUpdateUserApi","test_update_user","",""
"","3498","[WEB] Sign up with valid data. Case: 'birth_day' length = 31","tests.web.component.auth","2026-08-03","passed","2026-08-03","TestSignUpWeb","test_signup_component","",""
"","0","[WEB Component] Should not subscribe with invalid email","tests.web.component.base","2026-08-03","skipped","2026-08-03","TestSubscriptionComponent","test_subscription_component","",""
"","0","[API] Update user should return 400_BAD_REQUEST when send update user request with invalid data. Case: 'email' not contains domain","tests.api.user","2026-08-03","skipped","2026-08-03","TestUpdateUserApi","test_update_user","",""
"","0","[API] Update user should return 400_BAD_REQUEST when send update user request with invalid data. Case: 'company' length = max + 1","tests.api.user","2026-08-03","skipped","2026-08-03","TestUpdateUserApi","test_update_user","",""
"","0","[API] Create user should return 400_BAD_REQUEST when send create user request with invalid data. Case: 'birth_day' is absent","tests.api.user","2026-08-03","skipped","2026-08-03","TestCreateUserApi","test_create_user","",""
"","491","[WEB Component] Product item should navigate to product page when click on item title","tests.web.component.product","2026-08-03","passed","2026-08-03","TestProductItem","test_product_item","",""
"","3907","[WEB] Sign up with valid data. Case: 'birth_year' = 10000","tests.web.component.auth","2026-08-03","passed","2026-08-03","TestSignUpWeb","test_signup_component","",""
"","0","[API] Update user should return 400_BAD_REQUEST when send update user request with invalid data. Case: 'birth_day' is zero","tests.api.user","2026-08-03","skipped","2026-08-03","TestUpdateUserApi","test_update_user","",""
"","154","[API] Create user should return 200_OK when send create user request with valid data. Case: 'state' length = max","tests.api.user","2026-08-03","passed","2026-08-03","TestCreateUserApi","test_create_user","",""
"","0","[WEB Component] Pay with invalid card should show error message. Case: cvc contains letters","tests.web.component.payment","2026-08-03","skipped","2026-08-03","TestPaymentComponent","test_payment_component","",""
"","4903","[WEB] Sign up with valid data. Case: 'city' length = min + 1","tests.web.component.auth","2026-08-03","passed","2026-08-03","TestSignUpWeb","test_signup_component","",""
"","350","[WEB Component] Should add product to cart when click on add to cart button","tests.web.component.product","2026-08-03","passed","2026-08-03","TestAnimatedProductCard","test_animated_product_card_component","",""
"","5144","[WEB] Sign up with valid data. Case: 'first_name' length = min + 1","tests.web.component.auth","2026-08-03","passed","2026-08-03","TestSignUpWeb","test_signup_component","",""
"","413","[API] Create user should return 200_OK when send create user request with valid data. Case: 'zipcode' length = min","tests.api.user","2026-08-03","passed","2026-08-03","TestCreateUserApi","test_create_user","",""
"","5270","[WEB] Sign up with valid data. Case: 'zipcode' length = max","tests.web.component.auth","2026-08-03","passed","2026-08-03","TestSignUpWeb","test_signup_component","",""
"","0","[API] Create user should return 400_BAD_REQUEST when send create user request with invalid data. Case: 'email' contains domain with one letter","tests.api.user","2026-08-03","skipped","2026-08-03","TestCreateUserApi","test_create_user","",""
"","0","[WEB Component] Pay with invalid card should show error message. Case: cvc is empty","tests.web.component.payment","2026-08-03","skipped","2026-08-03","TestPaymentComponent","test_payment_component","",""
"","1466","[WEB Component] Brand filter should filters products by brand","tests.web.component.filter","2026-08-03","passed","2026-08-03","TestBrandFilter","test_brand_filter","",""
"","0","[WEB] Sign up with invalid data. Case: 'name' length = max","tests.web.component.auth","2026-08-03","skipped","2026-08-03","TestSignUpWeb","test_signup_component","",""
"","0","[API] Create user should return 400_BAD_REQUEST when send create user request with invalid data. Case: 'state' is empty","tests.api.user","2026-08-03","skipped","2026-08-03","TestCreateUserApi","test_create_user","",""
"","0","[WEB] Should not add product review with invalid data. Case: 'email' not contains username","tests.web.component.review","2026-08-03","skipped","2026-08-03","TestReviewComponent","test_review_component","",""
"","0","[API] Create user should return 400_BAD_REQUEST when send create user request with invalid data. Case: 'last_name' is empty","tests.api.user","2026-08-03","skipped","2026-08-03","TestCreateUserApi","test_create_user","",""
"","0","[WEB Component] Pay with invalid card should show error message. Case: expiry month = 13","tests.web.component.payment","2026-08-03","skipped","2026-08-03","TestPaymentComponent","test_payment_component","",""
"","0","[WEB] Sign up with invalid data. Case: 'last_name' length = max - 1","tests.web.component.auth","2026-08-03","skipped","2026-08-03","TestSignUpWeb","test_signup_component","",""
"","0","[WEB] Sign up with invalid data. Case: 'address1' length = max - 1","tests.web.component.auth","2026-08-03","skipped","2026-08-03","TestSignUpWeb","test_signup_component","",""
"","643","[API] Create user should return 200_OK when send create user request with valid data. Case: 'first_name' length = max - 1","tests.api.user","2026-08-03","passed","2026-08-03","TestCreateUserApi","test_create_user","",""
"","0","[API] Update user should return 400_BAD_REQUEST when send update user request with invalid data. Case: 'mobile_number' has invalid format","tests.api.user","2026-08-03","skipped","2026-08-03","TestUpdateUserApi","test_update_user","",""
"","3310","[WEB] Sign up with valid data. Case: 'mobile_number' length = max","tests.web.component.auth","2026-08-03","passed","2026-08-03","TestSignUpWeb","test_signup_component","",""
"","0","[WEB] Sign up with invalid data. Case: 'birth_year' = 1","tests.web.component.auth","2026-08-03","skipped","2026-08-03","TestSignUpWeb","test_signup_component","",""
"","580","[WEB] Should add product review with valid data. Case: 'name' length = max","tests.web.component.review","2026-08-03","passed","2026-08-03","TestReviewComponent","test_review_component","",""
"","275","[API] Update user should return 200_OK when send update user request with valid data. Case: 'birth_day' = 1","tests.api.user","2026-08-03","passed","2026-08-03","TestUpdateUserApi","test_update_user","",""
"","8613","Purchase products with sign up before checkout","tests.web.e2e","2026-08-03","passed","2026-08-03","TestPlaceOrder","test_place_order","",""
"","0","[WEB] Sign up with invalid data. Case: 'birth_month' = 12","tests.web.component.auth","2026-08-03","skipped","2026-08-03","TestSignUpWeb","test_signup_component","",""
"","0","[WEB] Should not add product review with invalid data. Case: 'name' length = min - 1","tests.web.component.review","2026-08-03","skipped","2026-08-03","TestReviewComponent","test_review_component","",""
"","0","[API] Create user should return 400_BAD_REQUEST when send create user request with invalid data. Case: 'company' length = max + 1","tests.api.user","2026-08-03","skipped","2026-08-03","TestCreateUserApi","test_create_user","",""
"","714","[API] Login should return 200_OK when send login request with valid data and contains csrf cookie","tests.api.auth","2026-08-03","passed","2026-08-03","TestAuthApi","test_auth","",""
"","0","[WEB] Sign up with invalid data. Case: 'first_name' length = max - 1","tests.web.component.auth","2026-08-03","skipped","2026-08-03","TestSignUpWeb","test_signup_component","",""
"","0","[API] Create user should return 400_BAD_REQUEST when send create user request with invalid data. Case: 'address1' length = min - 1","tests.api.user","2026-08-03","skipped","2026-08-03","TestCreateUserApi","test_create_user","",""
"","169","[API] Create user should return 200_OK when send create user request with valid data. Case: 'state' length = min + 1","tests.api.user","2026-08-03","passed","2026-08-03","TestCreateUserApi","test_create_user","",""
"","172","[API] Create user should return 200_OK when send create user request with valid data. Case: 'state' length = min","tests.api.user","2026-08-03","passed","2026-08-03","TestCreateUserApi","test_create_user","",""
"","1321","[WEB Component] Page scroller scroll page to top","tests.web.component.base","2026-08-03","passed","2026-08-03","TestPageScrollerComponent","test_page_scroller_component","",""
"","0","[WEB] Should not add product review with invalid data. Case: 'email' contains username hieroglyphs instead of username","tests.web.component.review","2026-08-03","skipped","2026-08-03","TestReviewComponent","test_review_component","",""
"","398","[API] Create user should return 200_OK when send create user request with valid data. Case: 'name' length = max - 1","tests.api.user","2026-08-03","passed","2026-08-03","TestCreateUserApi","test_create_user","",""
"","0","[API] Create user should return 400_BAD_REQUEST when send create user request with invalid data. Case: 'mobile_number' is absent","tests.api.user","2026-08-03","skipped","2026-08-03","TestCreateUserApi","test_create_user","",""
"","411","[API] Get products should return 200_OK and contains expected product title","tests.api.product","2026-08-03","passed","2026-08-03","TestProductApi","test_product","",""
"","0","[API] Create user should return 400_BAD_REQUEST when send create user request with invalid data. Case: 'birth_month' is negative","tests.api.user","2026-08-03","skipped","2026-08-03","TestCreateUserApi","test_create_user","",""
"","0","[API] Create user should return 400_BAD_REQUEST when send create user request with invalid data. Case: 'email' contains '.' before dog symbol","tests.api.user","2026-08-03","skipped","2026-08-03","TestCreateUserApi","test_create_user","",""
"","0","[API] Create user should return 400_BAD_REQUEST when send create user request with invalid data. Case: 'birth_month' is zero","tests.api.user","2026-08-03","skipped","2026-08-03","TestCreateUserApi","test_create_user","",""
"","0","[WEB Component] Pay with invalid card should show error message. Case: name only spaces","tests.web.component.payment","2026-08-03","skipped","2026-08-03","TestPaymentComponent","test_payment_component","",""
"","0","[WEB Component] Pay with invalid card should show error message. Case: name length = min - 1","tests.web.component.payment","2026-08-03","skipped","2026-08-03","TestPaymentComponent","test_payment_component","",""
"","0","[API] Update user should return 400_BAD_REQUEST when send update user request with invalid data. Case: 'email' contains username hieroglyphs instead of username","tests.api.user","2026-08-03","skipped","2026-08-03","TestUpdateUserApi","test_update_user","",""
"","0","[API] Create user should return 400_BAD_REQUEST when send create user request with invalid data. Case: 'address1' is absent","tests.api.user","2026-08-03","skipped","2026-08-03","TestCreateUserApi","test_create_user","",""
"","3844","[WEB] Sign up with valid data. Case: 'name' length = max","tests.web.component.auth","2026-08-03","passed","2026-08-03","TestSignUpWeb","test_signup_component","",""
"","3859","[WEB] Sign up with valid data. Case: 'city' length = max - 1","tests.web.component.auth","2026-08-03","passed","2026-08-03","TestSignUpWeb","test_signup_component","",""
"","0","[API] Create user should return 400_BAD_REQUEST when send create user request with invalid data. Case: 'address1' length = max + 1","tests.api.user","2026-08-03","skipped","2026-08-03","TestCreateUserApi","test_create_user","",""
"","228","[API] Update user should return 200_OK when send update user request with valid data. Case: 'first_name' length = min","tests.api.user","2026-08-03","passed","2026-08-03","TestUpdateUserApi","test_update_user","",""
"","0","[API] Update user should return 400_BAD_REQUEST when send update user request with invalid data. Case: 'birth_month' is invalid positive","tests.api.user","2026-08-03","skipped","2026-08-03","TestUpdateUserApi","test_update_user","",""
"","364","[API] Get csrf should return 200_OK when send get csrf request and contains csrf cookie","tests.api.auth","2026-08-03","passed","2026-08-03","TestAuthApi","test_auth","",""
"","0","[WEB] Sign up with invalid data. Case: 'company' length = min + 1","tests.web.component.auth","2026-08-03","skipped","2026-08-03","TestSignUpWeb","test_signup_component","",""
