"DESCRIPTION","DURATION IN MS","NAME","PARENT SUITE","START TIME","STATUS","STOP TIME","SUB SUITE","SUITE","TEST CLASS","TEST METHOD"
"","1380","[WEB Component] Product card should have expected data","tests.web.component.product","2026-06-01","skipped","2026-06-01","TestProductCard","test_product_card_component","",""
"","550","[WEB] Should add product review with valid data. Case: 'email' username contains '.'","tests.web.component.review","2026-06-01","passed","2026-06-01","TestReviewComponent","test_review_component","",""
"","0","[API] Update user should return 400_BAD_REQUEST when send update user request with invalid data. Case: 'mobile_number' length = min - 1","tests.api.user","2026-06-01","skipped","2026-06-01","TestUpdateUserApi","test_update_user","",""
"","1740","[WEB Component] Pay with valid card should show success status message. Case: valid: name max length","tests.web.component.payment","2026-06-01","passed","2026-06-01","TestPaymentComponent","test_payment_component","",""
"","0","[WEB] Sign up with invalid data. Case: 'state' length = max - 1","tests.web.component.auth","2026-06-01","skipped","2026-06-01","TestSignUpWeb","test_signup_component","",""
"","1183","[WEB Component] Products Carousel should show previous image when scroll left","tests.web.component.carousel","2026-06-01","passed","2026-06-01","TestProductCarousel","test_product_carousel","",""
"","0","[API] Create user should return 400_BAD_REQUEST when send create user request with invalid data. Case: 'state' is absent","tests.api.user","2026-06-01","skipped","2026-06-01","TestCreateUserApi","test_create_user","",""
"","1881","[WEB Component] Brand filter should have expected screenshot","tests.web.component.filter","2026-06-01","passed","2026-06-01","TestBrandFilter","test_brand_filter","",""
"","0","[API] Create user should return 400_BAD_REQUEST when send create user request with invalid data. Case: 'birth_year' is absent","tests.api.user","2026-06-01","skipped","2026-06-01","TestCreateUserApi","test_create_user","",""
"","109","[API] Create user should return 200_OK when send create user request with valid data. Case: 'mobile_number' length = max - 1","tests.api.user","2026-06-01","passed","2026-06-01","TestCreateUserApi","test_create_user","",""
"","0","[API] Update user should return 400_BAD_REQUEST when send update user request with invalid data. Case: 'email' is empty","tests.api.user","2026-06-01","skipped","2026-06-01","TestUpdateUserApi","test_update_user","",""
"","4414","[WEB Component] Search filter should return empty products catalog","tests.web.component.filter","2026-06-01","passed","2026-06-01","TestSearchFilter","test_search_filter","",""
"","1570","[WEB Component] Pay with valid card should show success status message. Case: valid: boundary valid number","tests.web.component.payment","2026-06-01","passed","2026-06-01","TestPaymentComponent","test_payment_component","",""
"","3510","[WEB] Sign up with valid data. Case: 'first_name' length = max","tests.web.component.auth","2026-06-01","passed","2026-06-01","TestSignUpWeb","test_signup_component","",""
"","3666","[WEB] Sign up with valid data. Case: 'company' length = max","tests.web.component.auth","2026-06-01","passed","2026-06-01","TestSignUpWeb","test_signup_component","",""
"","571","[WEB] Should add product review with valid data. Case: 'message' length = min + 1","tests.web.component.review","2026-06-01","passed","2026-06-01","TestReviewComponent","test_review_component","",""
"","0","[WEB Component] Pay with invalid card should show error message. Case: expiry month = 13","tests.web.component.payment","2026-06-01","skipped","2026-06-01","TestPaymentComponent","test_payment_component","",""
"","0","[API] Create user should return 400_BAD_REQUEST when send create user request with invalid data. Case: 'company' length = min - 1","tests.api.user","2026-06-01","skipped","2026-06-01","TestCreateUserApi","test_create_user","",""
"","1738","[WEB Component] Place order without authorization notification should have expected data and screenshot","tests.web.component.base","2026-06-01","passed","2026-06-01","TestNotificationComponent","test_notification_component","",""
"","410","[WEB] Should have expected screenshot when not send review","tests.web.component.review","2026-06-01","passed","2026-06-01","TestReviewComponent","test_review_component","",""
"","0","[API] Update user should return 400_BAD_REQUEST when send update user request with invalid data. Case: 'zipcode' is empty","tests.api.user","2026-06-01","skipped","2026-06-01","TestUpdateUserApi","test_update_user","",""
"","0","[API] Update user should return 400_BAD_REQUEST when send update user request with invalid data. Case: 'company' is empty","tests.api.user","2026-06-01","skipped","2026-06-01","TestUpdateUserApi","test_update_user","",""
"","560","[WEB Component] Should increase all products total price","tests.web.component.product","2026-06-01","passed","2026-06-01","TestProductItem","test_product_item","",""
"","0","[WEB] Should not add product review with invalid data. Case: 'message' length = max - 1","tests.web.component.review","2026-06-01","skipped","2026-06-01","TestReviewComponent","test_review_component","",""
"","0","[API] Create user should return 400_BAD_REQUEST when send create user request with invalid data. Case: 'first_name' is empty","tests.api.user","2026-06-01","skipped","2026-06-01","TestCreateUserApi","test_create_user","",""
"","121","[API] Create user should return 200_OK when send create user request with valid data. Case: 'city' length = min","tests.api.user","2026-06-01","passed","2026-06-01","TestCreateUserApi","test_create_user","",""
"","2719","[WEB Component] Image Carousel should show next image when scroll right","tests.web.component.carousel","2026-06-01","passed","2026-06-01","TestImageCarousel","test_image_carousel","",""
"","0","[WEB Component] Pay with invalid card should show error message. Case: expiry year is empty","tests.web.component.payment","2026-06-01","skipped","2026-06-01","TestPaymentComponent","test_payment_component","",""
"","0","[API] Create user should return 400_BAD_REQUEST when send create user request with invalid data. Case: 'email' contains text before username","tests.api.user","2026-06-01","skipped","2026-06-01","TestCreateUserApi","test_create_user","",""
"","1603","[WEB Component] Pay with valid card should show success status message. Case: valid: expiry month min","tests.web.component.payment","2026-06-01","passed","2026-06-01","TestPaymentComponent","test_payment_component","",""
"","0","[WEB Component] Pay with invalid card should show error message. Case: card number fails luhn check","tests.web.component.payment","2026-06-01","skipped","2026-06-01","TestPaymentComponent","test_payment_component","",""
"","0","[WEB] Should not add product review with invalid data. Case: 'email' contains text before username","tests.web.component.review","2026-06-01","skipped","2026-06-01","TestReviewComponent","test_review_component","",""
"","0","[WEB] Sign up with invalid data. Case: 'last_name' length = min","tests.web.component.auth","2026-06-01","skipped","2026-06-01","TestSignUpWeb","test_signup_component","",""
"","610","[WEB Component] Should navigate to main page by click on header logo","tests.web.component.base","2026-06-01","passed","2026-06-01","TestHeaderComponent","test_header_component","",""
"","101","[API] Get user should return 404_NOT_FOUND when send get user request and user not exists","tests.api.user","2026-06-01","passed","2026-06-01","TestGetUserApi","test_get_user","",""
"","141","[API] Create user should return 200_OK when send create user request with valid data. Case: 'address1' length = max - 1","tests.api.user","2026-06-01","passed","2026-06-01","TestCreateUserApi","test_create_user","",""
"","5512","[WEB Component] Place order without authorization notification proceed to checkout button should navigate to login page","tests.web.component.base","2026-06-01","passed","2026-06-01","TestNotificationComponent","test_notification_component","",""
"","4005","[WEB] Sign up with valid data. Case: 'name' length = min + 1","tests.web.component.auth","2026-06-01","passed","2026-06-01","TestSignUpWeb","test_signup_component","",""
"","1225","[API] Login should return 200_OK when send login request with valid data and contains csrf cookie","tests.api.auth","2026-06-01","passed","2026-06-01","TestAuthApi","test_auth","",""
"","692","[WEB Component] Should delete user name by click on 'Delete Account' button","tests.web.component.base","2026-06-01","passed","2026-06-01","TestHeaderComponent","test_header_component","",""
"","74","[WEB Component] Should visible user name when authorized","tests.web.component.base","2026-06-01","passed","2026-06-01","TestHeaderComponent","test_header_component","",""
"","4912","[WEB] Sign up with valid data. Case: 'last_name' length = max - 1","tests.web.component.auth","2026-06-01","passed","2026-06-01","TestSignUpWeb","test_signup_component","",""
"","0","[API] Update user should return 400_BAD_REQUEST when send update user request with invalid data. Case: 'email' contains username hieroglyphs instead of username","tests.api.user","2026-06-01","skipped","2026-06-01","TestUpdateUserApi","test_update_user","",""
"","9376","[WEB] Sign in with valid data","tests.web.component.auth","2026-06-01","passed","2026-06-01","TestLoginWeb","test_login_component","",""
"","3520","[WEB] Sign up with valid data. Case: 'mobile_number' length = min","tests.web.component.auth","2026-06-01","passed","2026-06-01","TestSignUpWeb","test_signup_component","",""
"","215","[API] Update user should return 200_OK when send update user request with valid data. Case: 'name' length = min","tests.api.user","2026-06-01","passed","2026-06-01","TestUpdateUserApi","test_update_user","",""
"","0","[WEB] Sign up with invalid data. Case: 'name' length = min + 1","tests.web.component.auth","2026-06-01","skipped","2026-06-01","TestSignUpWeb","test_signup_component","",""
"","3982","[WEB] Sign up with valid data. Case: 'birth_month' = 1","tests.web.component.auth","2026-06-01","passed","2026-06-01","TestSignUpWeb","test_signup_component","",""
"","3275","[WEB] Sign up with valid data. Case: 'address1' length = min","tests.web.component.auth","2026-06-01","passed","2026-06-01","TestSignUpWeb","test_signup_component","",""
"","3463","[WEB] Sign up with valid data. Case: 'city' length = max","tests.web.component.auth","2026-06-01","passed","2026-06-01","TestSignUpWeb","test_signup_component","",""
"","0","[API] Create user should return 400_BAD_REQUEST when send create user request with invalid data. Case: 'mobile_number' is absent","tests.api.user","2026-06-01","skipped","2026-06-01","TestCreateUserApi","test_create_user","",""
"","0","[API] Update user should return 400_BAD_REQUEST when send update user request with invalid data. Case: 'first_name' length = min - 1","tests.api.user","2026-06-01","skipped","2026-06-01","TestUpdateUserApi","test_update_user","",""
"","4125","[WEB] Sign up with valid data. Case: 'zipcode' length = max","tests.web.component.auth","2026-06-01","passed","2026-06-01","TestSignUpWeb","test_signup_component","",""
"","0","[API] Create user should return 400_BAD_REQUEST when send create user request with invalid data. Case: 'state' is empty","tests.api.user","2026-06-01","skipped","2026-06-01","TestCreateUserApi","test_create_user","",""
"","0","[WEB] Sign up with invalid data. Case: 'zipcode' length = max - 1","tests.web.component.auth","2026-06-01","skipped","2026-06-01","TestSignUpWeb","test_signup_component","",""
"","0","[API] Create user should return 400_BAD_REQUEST when send create user request with invalid data. Case: 'email' contains multiple '@' symbols","tests.api.user","2026-06-01","skipped","2026-06-01","TestCreateUserApi","test_create_user","",""
"","4112","[WEB] Sign up with valid data. Case: 'first_name' length = min","tests.web.component.auth","2026-06-01","passed","2026-06-01","TestSignUpWeb","test_signup_component","",""
"","0","[WEB Component] Pay with invalid card should show error message. Case: cvc all zeros","tests.web.component.payment","2026-06-01","skipped","2026-06-01","TestPaymentComponent","test_payment_component","",""
"","382","[WEB Component] Billing address has expected data","tests.web.component.address","2026-06-01","passed","2026-06-01","TestAddressComponent","test_address_component","",""
"","4302","[WEB] Sign up with valid data. Case: 'city' length = min","tests.web.component.auth","2026-06-01","passed","2026-06-01","TestSignUpWeb","test_signup_component","",""
"","490","[WEB Component] Should navigate to contact us page by click on 'Contact us' button","tests.web.component.base","2026-06-01","passed","2026-06-01","TestHeaderComponent","test_header_component","",""
"","108","[API] Create user should return 200_OK when send create user request with valid data. Case: 'birth_day' length = 31","tests.api.user","2026-06-01","passed","2026-06-01","TestCreateUserApi","test_create_user","",""
"","3862","[WEB] Sign up with valid data. Case: 'address2' length = min","tests.web.component.auth","2026-06-01","passed","2026-06-01","TestSignUpWeb","test_signup_component","",""
"","3279","[WEB] Sign up with valid data. Case: 'city' length = max - 1","tests.web.component.auth","2026-06-01","passed","2026-06-01","TestSignUpWeb","test_signup_component","",""
"","0","[API] Update user should return 400_BAD_REQUEST when send update user request with invalid data. Case: 'birth_month' is zero","tests.api.user","2026-06-01","skipped","2026-06-01","TestUpdateUserApi","test_update_user","",""
"","112","[API] Create user should return 200_OK when send create user request with valid data. Case: 'mobile_number' length = max","tests.api.user","2026-06-01","passed","2026-06-01","TestCreateUserApi","test_create_user","",""
"","114","[API] Create user should return 200_OK when send create user request with valid data. Case: 'birth_month' = 12","tests.api.user","2026-06-01","passed","2026-06-01","TestCreateUserApi","test_create_user","",""
"","382","[WEB Component] Delivery address has expected data","tests.web.component.address","2026-06-01","passed","2026-06-01","TestAddressComponent","test_address_component","",""
"","61","[WEB Component] Should have all products expected total price","tests.web.component.product","2026-06-01","passed","2026-06-01","TestProductItem","test_product_item","",""
"","0","[API] Update user should return 400_BAD_REQUEST when send update user request with invalid data. Case: 'state' length = min - 1","tests.api.user","2026-06-01","skipped","2026-06-01","TestUpdateUserApi","test_update_user","",""
"","208","[API] Update user should return 200_OK when send update user request with valid data. Case: 'mobile_number' length = min","tests.api.user","2026-06-01","passed","2026-06-01","TestUpdateUserApi","test_update_user","",""
"","0","[WEB] Should not add product review with invalid data. Case: 'email' not contains domain","tests.web.component.review","2026-06-01","skipped","2026-06-01","TestReviewComponent","test_review_component","",""
"","0","[API] Create user should return 400_BAD_REQUEST when send create user request with invalid data. Case: 'last_name' is absent","tests.api.user","2026-06-01","skipped","2026-06-01","TestCreateUserApi","test_create_user","",""
"","407","[WEB Component] Header has expected screenshot","tests.web.component.base","2026-06-01","passed","2026-06-01","TestHeaderComponent","test_header_component","",""
"","0","[WEB] Sign up with invalid data. Case: 'birth_month' = 12","tests.web.component.auth","2026-06-01","skipped","2026-06-01","TestSignUpWeb","test_signup_component","",""
"","0","[WEB Component] Pay with invalid card should show error message. Case: expiry month one digit","tests.web.component.payment","2026-06-01","skipped","2026-06-01","TestPaymentComponent","test_payment_component","",""
"","3227","[WEB] Sign up with valid data. Case: 'state' length = min + 1","tests.web.component.auth","2026-06-01","passed","2026-06-01","TestSignUpWeb","test_signup_component","",""
"","1147","[WEB Component] Products Carousel should first products when scroll right on last image","tests.web.component.carousel","2026-06-01","passed","2026-06-01","TestProductCarousel","test_product_carousel","",""
"","0","[WEB Component] Pay with invalid card should show error message. Case: name length = max + 1","tests.web.component.payment","2026-06-01","skipped","2026-06-01","TestPaymentComponent","test_payment_component","",""
"","120","[API] Create user should return 200_OK when send create user request with valid data. Case: 'state' length = max - 1","tests.api.user","2026-06-01","passed","2026-06-01","TestCreateUserApi","test_create_user","",""
"","0","[API] Update user should return 400_BAD_REQUEST when send update user request with invalid data. Case: 'birth_year' is negative","tests.api.user","2026-06-01","skipped","2026-06-01","TestUpdateUserApi","test_update_user","",""
"","3543","[WEB] Sign up with valid data. Case: 'state' length = max - 1","tests.web.component.auth","2026-06-01","passed","2026-06-01","TestSignUpWeb","test_signup_component","",""
"","0","[WEB] Sign up with invalid data. Case: 'state' length = max","tests.web.component.auth","2026-06-01","skipped","2026-06-01","TestSignUpWeb","test_signup_component","",""
"","0","[WEB] Should not add product review with invalid data. Case: 'email' contains invalid top level domain web","tests.web.component.review","2026-06-01","skipped","2026-06-01","TestReviewComponent","test_review_component","",""
"","0","[API] Update user should return 400_BAD_REQUEST when send update user request with invalid data. Case: 'name' length = max + 1","tests.api.user","2026-06-01","skipped","2026-06-01","TestUpdateUserApi","test_update_user","",""
"","3094","[WEB] Sign up with valid data. Case: 'company' length = min + 1","tests.web.component.auth","2026-06-01","passed","2026-06-01","TestSignUpWeb","test_signup_component","",""
"","0","[WEB] Sign up with invalid data. Case: 'address1' length = max - 1","tests.web.component.auth","2026-06-01","skipped","2026-06-01","TestSignUpWeb","test_signup_component","",""
"","8030","Purchase products with sign up before checkout","tests.web.e2e","2026-06-01","passed","2026-06-01","TestPlaceOrder","test_place_order","",""
"","0","[WEB] Should not add product review with invalid data. Case: 'email' not contains '@' symbol","tests.web.component.review","2026-06-01","skipped","2026-06-01","TestReviewComponent","test_review_component","",""
"","0","[WEB] Sign up with invalid data. Case: 'address2' length = max - 1","tests.web.component.auth","2026-06-01","skipped","2026-06-01","TestSignUpWeb","test_signup_component","",""
"","0","[WEB Component] Pay with invalid card should show error message. Case: name contains emoji","tests.web.component.payment","2026-06-01","skipped","2026-06-01","TestPaymentComponent","test_payment_component","",""
"","1917","[WEB Component] Pay with valid card should show success status message. Case: valid: name min length","tests.web.component.payment","2026-06-01","passed","2026-06-01","TestPaymentComponent","test_payment_component","",""
"","0","[WEB] Sign up with invalid data. Case: 'city' length = max - 1","tests.web.component.auth","2026-06-01","skipped","2026-06-01","TestSignUpWeb","test_signup_component","",""
"","0","[API] Update user should return 400_BAD_REQUEST when send update user request with invalid data. Case: 'name' is absent","tests.api.user","2026-06-01","skipped","2026-06-01","TestUpdateUserApi","test_update_user","",""
"","0","[WEB Component] Pay with invalid card should show error message. Case: name length = min - 1","tests.web.component.payment","2026-06-01","skipped","2026-06-01","TestPaymentComponent","test_payment_component","",""
"","0","[API] Create user should return 400_BAD_REQUEST when send create user request with invalid data. Case: 'name' length = max + 1","tests.api.user","2026-06-01","skipped","2026-06-01","TestCreateUserApi","test_create_user","",""
"","0","[WEB] Sign up with invalid data. Case: 'address2' length = min + 1","tests.web.component.auth","2026-06-01","skipped","2026-06-01","TestSignUpWeb","test_signup_component","",""
"","0","[WEB Component] Pay with invalid card should show error message. Case: card number is empty","tests.web.component.payment","2026-06-01","skipped","2026-06-01","TestPaymentComponent","test_payment_component","",""
"","0","[API] Create user should return 400_BAD_REQUEST when send create user request with invalid data. Case: 'mobile_number' is empty","tests.api.user","2026-06-01","skipped","2026-06-01","TestCreateUserApi","test_create_user","",""
"","0","[WEB] Sign up with invalid data. Case: 'name' length = max","tests.web.component.auth","2026-06-01","skipped","2026-06-01","TestSignUpWeb","test_signup_component","",""
"","0","[API] Update user should return 400_BAD_REQUEST when send update user request with invalid data. Case: 'email' not contains '@' symbol","tests.api.user","2026-06-01","skipped","2026-06-01","TestUpdateUserApi","test_update_user","",""
"","0","[API] Create user should return 400_BAD_REQUEST when send create user request with invalid data. Case: 'city' is absent","tests.api.user","2026-06-01","skipped","2026-06-01","TestCreateUserApi","test_create_user","",""
"","230","[API] Update user should return 200_OK when send update user request with valid data. Case: 'city' length = min + 1","tests.api.user","2026-06-01","passed","2026-06-01","TestUpdateUserApi","test_update_user","",""
"","0","[API] Create user should return 400_BAD_REQUEST when send create user request with invalid data. Case: 'city' length = max + 1","tests.api.user","2026-06-01","skipped","2026-06-01","TestCreateUserApi","test_create_user","",""
"","0","[WEB Component] Pay with invalid card should show error message. Case: expiry year contains letters","tests.web.component.payment","2026-06-01","skipped","2026-06-01","TestPaymentComponent","test_payment_component","",""
"","4506","[WEB] Sign up with valid data. Case: 'state' length = max","tests.web.component.auth","2026-06-01","passed","2026-06-01","TestSignUpWeb","test_signup_component","",""
"","0","[API] Create user should return 400_BAD_REQUEST when send create user request with invalid data. Case: 'city' is empty","tests.api.user","2026-06-01","skipped","2026-06-01","TestCreateUserApi","test_create_user","",""
"","0","[WEB] Sign up with invalid data. Case: 'mobile_number' length = min + 1","tests.web.component.auth","2026-06-01","skipped","2026-06-01","TestSignUpWeb","test_signup_component","",""
"","114","[API] Create user should return 200_OK when send create user request with valid data. Case: 'address2' length = min","tests.api.user","2026-06-01","passed","2026-06-01","TestCreateUserApi","test_create_user","",""
"","0","[API] Update user should return 400_BAD_REQUEST when send update user request with invalid data. Case: 'last_name' is empty","tests.api.user","2026-06-01","skipped","2026-06-01","TestUpdateUserApi","test_update_user","",""
"","241","[API] Create user should return 200_OK when send create user request with valid data. Case: 'first_name' length = max - 1","tests.api.user","2026-06-01","passed","2026-06-01","TestCreateUserApi","test_create_user","",""
"","0","[WEB Component] Pay with invalid card should show error message. Case: name contains leading spaces","tests.web.component.payment","2026-06-01","skipped","2026-06-01","TestPaymentComponent","test_payment_component","",""
"","3547","[WEB] Sign up with valid data. Case: 'state' length = min","tests.web.component.auth","2026-06-01","passed","2026-06-01","TestSignUpWeb","test_signup_component","",""
"","0","[API] Update user should return 400_BAD_REQUEST when send update user request with invalid data. Case: 'last_name' length = min - 1","tests.api.user","2026-06-01","skipped","2026-06-01","TestUpdateUserApi","test_update_user","",""
"","0","[API] Update user should return 400_BAD_REQUEST when send update user request with invalid data. Case: 'first_name' is absent","tests.api.user","2026-06-01","skipped","2026-06-01","TestUpdateUserApi","test_update_user","",""
"","0","[WEB Component] Pay with invalid card should show error message. Case: card number contains spaces","tests.web.component.payment","2026-06-01","skipped","2026-06-01","TestPaymentComponent","test_payment_component","",""
"","4479","[WEB Component] Can download invoice multiple times","tests.web.component.payment","2026-06-01","passed","2026-06-01","TestPaymentComponent","test_invoice_file","",""
"","135","[API] Create user should return 200_OK when send create user request with valid data. Case: 'company' length = max - 1","tests.api.user","2026-06-01","passed","2026-06-01","TestCreateUserApi","test_create_user","",""
"","0","[WEB] Sign up with invalid data. Case: 'company' length = min","tests.web.component.auth","2026-06-01","skipped","2026-06-01","TestSignUpWeb","test_signup_component","",""
"","211","[API] Update user should return 200_OK when send update user request with valid data. Case: 'first_name' length = max","tests.api.user","2026-06-01","passed","2026-06-01","TestUpdateUserApi","test_update_user","",""
"","0","[API] Create user should return 400_BAD_REQUEST when send create user request with invalid data. Case: 'mobile_number' has invalid format","tests.api.user","2026-06-01","skipped","2026-06-01","TestCreateUserApi","test_create_user","",""
"","911","[WEB Component] Subscription component should have expected screenshot","tests.web.component.base","2026-06-01","passed","2026-06-01","TestSubscriptionComponent","test_subscription_component","",""
"","1671","[WEB] Should add product review with valid data. Case: 'message' length = max - 1","tests.web.component.review","2026-06-01","passed","2026-06-01","TestReviewComponent","test_review_component","",""
"","0","[API] Update user should return 400_BAD_REQUEST when send update user request with invalid data. Case: 'address2' length = min - 1","tests.api.user","2026-06-01","skipped","2026-06-01","TestUpdateUserApi","test_update_user","",""
"","0","[WEB] Should not add product review with invalid data. Case: 'message' length = max","tests.web.component.review","2026-06-01","skipped","2026-06-01","TestReviewComponent","test_review_component","",""
"","276","[API] Update user should return 200_OK when send update user request with valid data. Case: 'city' length = max - 1","tests.api.user","2026-06-01","passed","2026-06-01","TestUpdateUserApi","test_update_user","",""
"","0","[WEB Component] Pay with invalid card should show error message. Case: card number only spaces","tests.web.component.payment","2026-06-01","skipped","2026-06-01","TestPaymentComponent","test_payment_component","",""
"","0","[API] Update user should return 400_BAD_REQUEST when send update user request with invalid data. Case: 'email' contains text after domain","tests.api.user","2026-06-01","skipped","2026-06-01","TestUpdateUserApi","test_update_user","",""
"","0","[API] Update user should return 400_BAD_REQUEST when send update user request with invalid data. Case: 'email' contains text before username","tests.api.user","2026-06-01","skipped","2026-06-01","TestUpdateUserApi","test_update_user","",""
"","219","Should return user not found when user password invalid","tests.api.user","2026-06-01","passed","2026-06-01","TestVerifyLoginApi","test_verify_login","",""
"","2258","[WEB Component] Products Carousel should show next products when scroll right","tests.web.component.carousel","2026-06-01","passed","2026-06-01","TestProductCarousel","test_product_carousel","",""
"","228","[API] Create user should return 200_OK when send create user request with valid data. Case: 'last_name' length = max - 1","tests.api.user","2026-06-01","passed","2026-06-01","TestCreateUserApi","test_create_user","",""
"","1314","[WEB Component] Product details should have expected data","tests.web.component.product","2026-06-01","passed","2026-06-01","TestProductCard","test_product_details_component","",""
"","3276","[WEB] Sign up with valid data. Case: 'birth_year' = 10000","tests.web.component.auth","2026-06-01","passed","2026-06-01","TestSignUpWeb","test_signup_component","",""
"","0","[API] Create user should return 400_BAD_REQUEST when send create user request with invalid data. Case: 'mobile_number' length = min - 1","tests.api.user","2026-06-01","skipped","2026-06-01","TestCreateUserApi","test_create_user","",""
"","0","[WEB] Sign up with invalid data. Case: 'birth_day' length = 31","tests.web.component.auth","2026-06-01","skipped","2026-06-01","TestSignUpWeb","test_signup_component","",""
"","0","[WEB] Sign up with invalid data. Case: 'first_name' length = min","tests.web.component.auth","2026-06-01","skipped","2026-06-01","TestSignUpWeb","test_signup_component","",""
"","1596","[WEB Component] Pay with valid card should show success status message. Case: valid name contains multiple spaces","tests.web.component.payment","2026-06-01","passed","2026-06-01","TestPaymentComponent","test_payment_component","",""
"","98","Get brands should return 200_OK when send get brands request","tests.api.brand","2026-06-01","passed","2026-06-01","TestBrandApi","test_brand","",""
"","0","[WEB] Should not add product review with invalid data. Case: 'email' contains username hieroglyphs instead of username","tests.web.component.review","2026-06-01","skipped","2026-06-01","TestReviewComponent","test_review_component","",""
"","195","[API] Update user should return 200_OK when send update user request with valid data. Case: 'company' length = min + 1","tests.api.user","2026-06-01","passed","2026-06-01","TestUpdateUserApi","test_update_user","",""
"","175","[API] Create user should return 200_OK when send create user request with valid data. Case: 'address2' length = max","tests.api.user","2026-06-01","passed","2026-06-01","TestCreateUserApi","test_create_user","",""
"","2270","[WEB Component] Image Carousel should show previous image when scroll left","tests.web.component.carousel","2026-06-01","passed","2026-06-01","TestImageCarousel","test_image_carousel","",""
"","1205","[WEB Component] Image Carousel should show last image when scroll left on first image","tests.web.component.carousel","2026-06-01","passed","2026-06-01","TestImageCarousel","test_image_carousel","",""
"","0","[API] Update user should return 400_BAD_REQUEST when send update user request with invalid data. Case: 'email' contains '.' before dog symbol","tests.api.user","2026-06-01","skipped","2026-06-01","TestUpdateUserApi","test_update_user","",""
"","0","[WEB] Sign up with invalid data. Case: 'mobile_number' length = min","tests.web.component.auth","2026-06-01","skipped","2026-06-01","TestSignUpWeb","test_signup_component","",""
"","0","[API] Create user should return 400_BAD_REQUEST when send create user request with invalid data. Case: 'email' contains only special symbols","tests.api.user","2026-06-01","skipped","2026-06-01","TestCreateUserApi","test_create_user","",""
"","0","[API] Create user should return 400_BAD_REQUEST when send create user request with invalid data. Case: 'name' is empty","tests.api.user","2026-06-01","skipped","2026-06-01","TestCreateUserApi","test_create_user","",""
"","616","[WEB] Should add product review with valid data. Case: 'email' domain name length = 2","tests.web.component.review","2026-06-01","passed","2026-06-01","TestReviewComponent","test_review_component","",""
"","0","[WEB] Should not add product review with invalid data. Case: 'message' length = min","tests.web.component.review","2026-06-01","skipped","2026-06-01","TestReviewComponent","test_review_component","",""
"","130","[API] Create user should return 200_OK when send create user request with valid data. Case: 'state' length = max","tests.api.user","2026-06-01","passed","2026-06-01","TestCreateUserApi","test_create_user","",""
"","0","[API] Create user should return 400_BAD_REQUEST when send create user request with invalid data. Case: 'name' length = min - 1","tests.api.user","2026-06-01","skipped","2026-06-01","TestCreateUserApi","test_create_user","",""
"","1","[WEB Component] Pay with invalid card should show error message. Case: cvc only spaces","tests.web.component.payment","2026-06-01","skipped","2026-06-01","TestPaymentComponent","test_payment_component","",""
"","0","[WEB Component] Pay with invalid card should show error message. Case: card number contains special characters","tests.web.component.payment","2026-06-01","skipped","2026-06-01","TestPaymentComponent","test_payment_component","",""
"","178","[API] Create user should return 200_OK when send create user request with valid data. Case: 'city' length = max","tests.api.user","2026-06-01","passed","2026-06-01","TestCreateUserApi","test_create_user","",""
"","0","[API] Update user should return 400_BAD_REQUEST when send update user request with invalid data. Case: 'address2' length = max + 1","tests.api.user","2026-06-01","skipped","2026-06-01","TestUpdateUserApi","test_update_user","",""
"","0","[API] Create user should return 400_BAD_REQUEST when send create user request with invalid data. Case: 'email' contains invalid top level domain web","tests.api.user","2026-06-01","skipped","2026-06-01","TestCreateUserApi","test_create_user","",""
"","108","[API] Create user should return 200_OK when send create user request with valid data. Case: 'city' length = min + 1","tests.api.user","2026-06-01","passed","2026-06-01","TestCreateUserApi","test_create_user","",""
"","0","[WEB Component] Pay with invalid card should show error message. Case: cvc too long","tests.web.component.payment","2026-06-01","skipped","2026-06-01","TestPaymentComponent","test_payment_component","",""
"","0","[API] Create user should return 400_BAD_REQUEST when send create user request with invalid data. Case: 'zipcode' length = min - 1","tests.api.user","2026-06-01","skipped","2026-06-01","TestCreateUserApi","test_create_user","",""
"","0","[API] Update user should return 400_BAD_REQUEST when send update user request with invalid data. Case: 'state' is absent","tests.api.user","2026-06-01","skipped","2026-06-01","TestUpdateUserApi","test_update_user","",""
"","0","[API] Update user should return 400_BAD_REQUEST when send update user request with invalid data. Case: 'zipcode' has invalid format","tests.api.user","2026-06-01","skipped","2026-06-01","TestUpdateUserApi","test_update_user","",""
"","0","[WEB Component] Pay with invalid card should show error message. Case: name is empty","tests.web.component.payment","2026-06-01","skipped","2026-06-01","TestPaymentComponent","test_payment_component","",""
"","0","[WEB Component] Pay with invalid card should show error message. Case: card number too long","tests.web.component.payment","2026-06-01","skipped","2026-06-01","TestPaymentComponent","test_payment_component","",""
"","661","[WEB] Sign in with invalid credentials. Case: {case_title}","tests.web.component.auth","2026-06-01","passed","2026-06-01","TestLoginWeb","test_login_component","",""
"","536","[WEB] Should add product review with valid data. Case: 'email' has not exists email service","tests.web.component.review","2026-06-01","passed","2026-06-01","TestReviewComponent","test_review_component","",""
"","1589","[WEB] Should add product review with valid data. Case: 'message' length = max","tests.web.component.review","2026-06-01","passed","2026-06-01","TestReviewComponent","test_review_component","",""
"","0","[API] Create user should return 400_BAD_REQUEST when send create user request with invalid data. Case: 'company' length = max + 1","tests.api.user","2026-06-01","skipped","2026-06-01","TestCreateUserApi","test_create_user","",""
"","2308","[WEB Component] Image Carousel should show first image when scroll right on last image","tests.web.component.carousel","2026-06-01","passed","2026-06-01","TestImageCarousel","test_image_carousel","",""
"","1155","[WEB Component] Category filter should have expected screenshot when fully expanded","tests.web.component.filter","2026-06-01","passed","2026-06-01","TestCategoryFilter","test_category_filter","",""
"","0","[WEB Component] Pay with invalid card should show error message. Case: expiry month only spaces","tests.web.component.payment","2026-06-01","skipped","2026-06-01","TestPaymentComponent","test_payment_component","",""
"","0","[API] Update user should return 400_BAD_REQUEST when send update user request with invalid data. Case: 'birth_month' is absent","tests.api.user","2026-06-01","skipped","2026-06-01","TestUpdateUserApi","test_update_user","",""
"","433","[API] Update user should return 200_OK when send update user request with valid data. Case: 'address1' length = max - 1","tests.api.user","2026-06-01","passed","2026-06-01","TestUpdateUserApi","test_update_user","",""
"","0","[API] Update user should return 400_BAD_REQUEST when send update user request with invalid data. Case: 'address1' length = max + 1","tests.api.user","2026-06-01","skipped","2026-06-01","TestUpdateUserApi","test_update_user","",""
"","0","[WEB Component] Pay with invalid card should show error message. Case: name only spaces","tests.web.component.payment","2026-06-01","skipped","2026-06-01","TestPaymentComponent","test_payment_component","",""
"","3114","[WEB] Sign up with valid data. Case: 'last_name' length = max","tests.web.component.auth","2026-06-01","passed","2026-06-01","TestSignUpWeb","test_signup_component","",""
"","0","[WEB] Sign up with invalid data. Case: 'city' length = min + 1","tests.web.component.auth","2026-06-01","skipped","2026-06-01","TestSignUpWeb","test_signup_component","",""
"","212","[API] Update user should return 200_OK when send update user request with valid data. Case: 'address1' length = max","tests.api.user","2026-06-01","passed","2026-06-01","TestUpdateUserApi","test_update_user","",""
"","154","[API] Create user should return 200_OK when send create user request with valid data. Case: 'birth_month' = 1","tests.api.user","2026-06-01","passed","2026-06-01","TestCreateUserApi","test_create_user","",""
"","0","[WEB Component] Pay with invalid card should show error message. Case: name contains digits","tests.web.component.payment","2026-06-01","skipped","2026-06-01","TestPaymentComponent","test_payment_component","",""
"","123","[API] Create user should return 200_OK when send create user request with valid data. Case: 'address2' length = min + 1","tests.api.user","2026-06-01","passed","2026-06-01","TestCreateUserApi","test_create_user","",""
"","0","[WEB] Sign up with invalid data. Case: 'mobile_number' length = max","tests.web.component.auth","2026-06-01","skipped","2026-06-01","TestSignUpWeb","test_signup_component","",""
"","0","[WEB] Sign up with invalid data. Case: 'birth_year' = 10000","tests.web.component.auth","2026-06-01","skipped","2026-06-01","TestSignUpWeb","test_signup_component","",""
"","197","[API] Create user should return 200_OK when send create user request with valid data. Case: 'last_name' length = max","tests.api.user","2026-06-01","passed","2026-06-01","TestCreateUserApi","test_create_user","",""
"","222","[API] Update user should return 200_OK when send update user request with valid data. Case: 'last_name' length = min + 1","tests.api.user","2026-06-01","passed","2026-06-01","TestUpdateUserApi","test_update_user","",""
"","0","[API] Create user should return 400_BAD_REQUEST when send create user request with invalid data. Case: 'address1' length = min - 1","tests.api.user","2026-06-01","skipped","2026-06-01","TestCreateUserApi","test_create_user","",""
"","0","[WEB] Sign up with invalid data. Case: 'city' length = min","tests.web.component.auth","2026-06-01","skipped","2026-06-01","TestSignUpWeb","test_signup_component","",""
"","0","[WEB] Sign up with invalid data. Case: 'zipcode' length = min","tests.web.component.auth","2026-06-01","skipped","2026-06-01","TestSignUpWeb","test_signup_component","",""
"","662","[API] Update user should return 200_OK when send update user request with valid data. Case: 'zipcode' length = max","tests.api.user","2026-06-01","passed","2026-06-01","TestUpdateUserApi","test_update_user","",""
"","454","[API] Create user should return 200_OK when send create user request with valid data. Case: 'mobile_number' length = min","tests.api.user","2026-06-01","passed","2026-06-01","TestCreateUserApi","test_create_user","",""
"","0","[API] Create user should return 400_BAD_REQUEST when send create user request with invalid data. Case: 'birth_month' is zero","tests.api.user","2026-06-01","skipped","2026-06-01","TestCreateUserApi","test_create_user","",""
"","287","[WEB Component] Product item should navigate to product page when click on item title","tests.web.component.product","2026-06-01","passed","2026-06-01","TestProductItem","test_product_item","",""
"","0","[API] Update user should return 400_BAD_REQUEST when send update user request with invalid data. Case: 'city' is empty","tests.api.user","2026-06-01","skipped","2026-06-01","TestUpdateUserApi","test_update_user","",""
"","401","[WEB Component] Header has expected screenshot when authorized","tests.web.component.base","2026-06-01","passed","2026-06-01","TestHeaderComponent","test_header_component","",""
"","1579","[WEB Component] Search filter should return all products when filter by empty query","tests.web.component.filter","2026-06-01","passed","2026-06-01","TestSearchFilter","test_search_filter","",""
"","2981","[WEB] Sign up with valid data. Case: 'address1' length = min + 1","tests.web.component.auth","2026-06-01","passed","2026-06-01","TestSignUpWeb","test_signup_component","",""
"","335","[API] Update user should return 200_OK when send update user request with valid data. Case: 'address1' length = min","tests.api.user","2026-06-01","passed","2026-06-01","TestUpdateUserApi","test_update_user","",""
"","2946","[WEB] Sign up with valid data. Case: 'birth_day' length = 31","tests.web.component.auth","2026-06-01","passed","2026-06-01","TestSignUpWeb","test_signup_component","",""
"","347","[WEB Component] Should remove product from cart","tests.web.component.product","2026-06-01","passed","2026-06-01","TestProductItem","test_product_item","",""
"","3661","[WEB] Sign up with valid data. Case: 'first_name' length = min + 1","tests.web.component.auth","2026-06-01","passed","2026-06-01","TestSignUpWeb","test_signup_component","",""
"","154","[API] Create user should return 200_OK when send create user request with valid data. Case: 'address1' length = min","tests.api.user","2026-06-01","passed","2026-06-01","TestCreateUserApi","test_create_user","",""
"","0","[API] Create user should return 400_BAD_REQUEST when send create user request with invalid data. Case: 'zipcode' has invalid format","tests.api.user","2026-06-01","skipped","2026-06-01","TestCreateUserApi","test_create_user","",""
"","0","[API] Create user should return 400_BAD_REQUEST when send create user request with invalid data. Case: 'address2' length = max + 1","tests.api.user","2026-06-01","skipped","2026-06-01","TestCreateUserApi","test_create_user","",""
"","0","[API] Update user should return 400_BAD_REQUEST when send update user request with invalid data. Case: 'mobile_number' has invalid format","tests.api.user","2026-06-01","skipped","2026-06-01","TestUpdateUserApi","test_update_user","",""
"","232","test_get_all_products","tests.api.product","2026-06-01","passed","2026-06-01","TestProductApi","test_product","",""
"","3166","[WEB] Sign up with valid data. Case: 'birth_day' = 1","tests.web.component.auth","2026-06-01","passed","2026-06-01","TestSignUpWeb","test_signup_component","",""
"","0","[API] Create user should return 400_BAD_REQUEST when send create user request with invalid data. Case: 'name' is absent","tests.api.user","2026-06-01","skipped","2026-06-01","TestCreateUserApi","test_create_user","",""
"","0","[API] Update user should return 400_BAD_REQUEST when send update user request with invalid data. Case: 'email' not contains username","tests.api.user","2026-06-01","skipped","2026-06-01","TestUpdateUserApi","test_update_user","",""
"","203","[API] Update user should return 200_OK when send update user request with valid data. Case: 'mobile_number' length = min + 1","tests.api.user","2026-06-01","passed","2026-06-01","TestUpdateUserApi","test_update_user","",""
"","0","[API] Update user should return 400_BAD_REQUEST when send update user request with invalid data. Case: 'zipcode' length = min - 1","tests.api.user","2026-06-01","skipped","2026-06-01","TestUpdateUserApi","test_update_user","",""
"","234","[API] Get user should return 200_OK when send get user request and user exists","tests.api.user","2026-06-01","passed","2026-06-01","TestGetUserApi","test_get_user","",""
"","2412","[WEB Component] Animated product card overlay should have expected data","tests.web.component.product","2026-06-01","passed","2026-06-01","TestAnimatedProductCard","test_animated_product_card_component","",""
"","0","[WEB Component] Pay with invalid card should show error message. Case: expiry month is empty","tests.web.component.payment","2026-06-01","skipped","2026-06-01","TestPaymentComponent","test_payment_component","",""
"","0","[API] Create user should return 400_BAD_REQUEST when send create user request with invalid data. Case: 'email' contains '.' before dog symbol","tests.api.user","2026-06-01","skipped","2026-06-01","TestCreateUserApi","test_create_user","",""
"","190","[API] Update user should return 200_OK when send update user request with valid data. Case: 'birth_year' = 1","tests.api.user","2026-06-01","passed","2026-06-01","TestUpdateUserApi","test_update_user","",""
"","0","[WEB] Sign up with invalid data. Case: 'address1' length = min","tests.web.component.auth","2026-06-01","skipped","2026-06-01","TestSignUpWeb","test_signup_component","",""
"","0","[API] Update user should return 400_BAD_REQUEST when send update user request with invalid data. Case: 'email' is word","tests.api.user","2026-06-01","skipped","2026-06-01","TestUpdateUserApi","test_update_user","",""
"","128","[API] Create user should return 200_OK when send create user request with valid data. Case: 'first_name' length = max","tests.api.user","2026-06-01","passed","2026-06-01","TestCreateUserApi","test_create_user","",""
"","0","[API] Update user should return 400_BAD_REQUEST when send update user request with invalid data. Case: 'birth_day' is negative","tests.api.user","2026-06-01","skipped","2026-06-01","TestUpdateUserApi","test_update_user","",""
"","0","[API] Update user should return 400_BAD_REQUEST when send update user request with invalid data. Case: 'first_name' is empty","tests.api.user","2026-06-01","skipped","2026-06-01","TestUpdateUserApi","test_update_user","",""
"","138","[API] Create user should return 200_OK when send create user request with valid data. Case: 'city' length = max - 1","tests.api.user","2026-06-01","passed","2026-06-01","TestCreateUserApi","test_create_user","",""
"","205","[API] Update user should return 200_OK when send update user request with valid data. Case: 'mobile_number' length = max - 1","tests.api.user","2026-06-01","passed","2026-06-01","TestUpdateUserApi","test_update_user","",""
"","0","[API] Update user should return 400_BAD_REQUEST when send update user request with invalid data. Case: 'name' is empty","tests.api.user","2026-06-01","skipped","2026-06-01","TestUpdateUserApi","test_update_user","",""
"","147","[API] Update user should return 404_BAD_REQUEST when send update user request with not existing email","tests.api.user","2026-06-01","passed","2026-06-01","TestUpdateUserApi","test_update_user","",""
"","0","[WEB] Sign up with invalid data. Case: 'name' length = max - 1","tests.web.component.auth","2026-06-01","skipped","2026-06-01","TestSignUpWeb","test_signup_component","",""
"","311","[WEB Component] Payment component should have expected screenshot","tests.web.component.payment","2026-06-01","passed","2026-06-01","TestPaymentComponent","test_payment_component","",""
"","0","[API] Create user should return 400_BAD_REQUEST when send create user request with invalid data. Case: 'last_name' length = min - 1","tests.api.user","2026-06-01","skipped","2026-06-01","TestCreateUserApi","test_create_user","",""
"","291","[API] Create user should return 200_OK when send create user request with valid data. Case: 'first_name' length = min + 1","tests.api.user","2026-06-01","passed","2026-06-01","TestCreateUserApi","test_create_user","",""
"","250","[API] Create user should return 200_OK when send create user request with valid data. Case: 'last_name' length = min","tests.api.user","2026-06-01","passed","2026-06-01","TestCreateUserApi","test_create_user","",""
"","199","[API] Update user should return 200_OK when send update user request with valid data. Case: 'birth_month' = 1","tests.api.user","2026-06-01","passed","2026-06-01","TestUpdateUserApi","test_update_user","",""
"","0","[WEB] Sign up with invalid data. Case: 'company' length = max","tests.web.component.auth","2026-06-01","skipped","2026-06-01","TestSignUpWeb","test_signup_component","",""
"","5231","[WEB] Sign up with valid data. Case: 'name' length = min","tests.web.component.auth","2026-06-01","passed","2026-06-01","TestSignUpWeb","test_signup_component","",""
"","0","[WEB Component] Pay with invalid card should show error message. Case: cvc too short","tests.web.component.payment","2026-06-01","skipped","2026-06-01","TestPaymentComponent","test_payment_component","",""
"","0","[WEB Component] Pay with invalid card should show error message. Case: card number contains letters","tests.web.component.payment","2026-06-01","skipped","2026-06-01","TestPaymentComponent","test_payment_component","",""
"","0","[WEB] Sign up with invalid data. Case: 'company' length = max - 1","tests.web.component.auth","2026-06-01","skipped","2026-06-01","TestSignUpWeb","test_signup_component","",""
"","0","[API] Create user should return 400_BAD_REQUEST when send create user request with invalid data. Case: 'email' contains mail server as ip and port","tests.api.user","2026-06-01","skipped","2026-06-01","TestCreateUserApi","test_create_user","",""
"","0","[API] Update user should return 400_BAD_REQUEST when send update user request with invalid data. Case: 'state' length = max + 1","tests.api.user","2026-06-01","skipped","2026-06-01","TestUpdateUserApi","test_update_user","",""
"","0","[WEB] Sign up with invalid data. Case: 'zipcode' length = max","tests.web.component.auth","2026-06-01","skipped","2026-06-01","TestSignUpWeb","test_signup_component","",""
"","992","[WEB Component] Search filter should filter products by query","tests.web.component.filter","2026-06-01","passed","2026-06-01","TestSearchFilter","test_search_filter","",""
"","0","[API] Create user should return 400_BAD_REQUEST when send create user request with invalid data. Case: 'email' is empty","tests.api.user","2026-06-01","skipped","2026-06-01","TestCreateUserApi","test_create_user","",""
"","0","[WEB] Should not add product review with invalid data. Case: 'email' contains multiple '@' symbols","tests.web.component.review","2026-06-01","skipped","2026-06-01","TestReviewComponent","test_review_component","",""
"","172","[API] Create user should return 200_OK when send create user request with valid data. Case: 'name' length = min","tests.api.user","2026-06-01","passed","2026-06-01","TestCreateUserApi","test_create_user","",""
"","0","[WEB Component] Pay with invalid card should show error message. Case: cvc contains special characters","tests.web.component.payment","2026-06-01","skipped","2026-06-01","TestPaymentComponent","test_payment_component","",""
"","118","[API] Create user should return 200_OK when send create user request with valid data. Case: 'last_name' length = min + 1","tests.api.user","2026-06-01","passed","2026-06-01","TestCreateUserApi","test_create_user","",""
"","0","[API] Create user should return 400_BAD_REQUEST when send create user request with invalid data. Case: 'email' is word","tests.api.user","2026-06-01","skipped","2026-06-01","TestCreateUserApi","test_create_user","",""
"","209","[API] Update user should return 200_OK when send update user request with valid data. Case: 'state' length = max","tests.api.user","2026-06-01","passed","2026-06-01","TestUpdateUserApi","test_update_user","",""
"","1516","[WEB Component] Should increase product item quantity","tests.web.component.product","2026-06-01","passed","2026-06-01","TestProductItem","test_product_item","",""
"","117","[API] Delete user should return 404_NOT_FOUND when send delete user request and user not exists","tests.api.user","2026-06-01","passed","2026-06-01","TestDeleteUserApi","test_delete_user","",""
"","0","[API] Update user should return 400_BAD_REQUEST when send update user request with invalid data. Case: 'email' contains '-' after '@'","tests.api.user","2026-06-01","skipped","2026-06-01","TestUpdateUserApi","test_update_user","",""
"","0","[WEB] Should not add product review with invalid data. Case: 'name' is absent","tests.web.component.review","2026-06-01","skipped","2026-06-01","TestReviewComponent","test_review_component","",""
"","3162","[WEB] Sign up with valid data. Case: 'company' length = max - 1","tests.web.component.auth","2026-06-01","passed","2026-06-01","TestSignUpWeb","test_signup_component","",""
"","3169","[WEB] Sign up with valid data. Case: 'company' length = min","tests.web.component.auth","2026-06-01","passed","2026-06-01","TestSignUpWeb","test_signup_component","",""
"","0","[WEB Component] Pay with invalid card should show error message. Case: expiry month contains letters","tests.web.component.payment","2026-06-01","skipped","2026-06-01","TestPaymentComponent","test_payment_component","",""
"","0","[API] Update user should return 400_BAD_REQUEST when send update user request with invalid data. Case: 'name' length = min - 1","tests.api.user","2026-06-01","skipped","2026-06-01","TestUpdateUserApi","test_update_user","",""
"","3209","[WEB] Sign up with valid data. Case: 'birth_month' = 12","tests.web.component.auth","2026-06-01","passed","2026-06-01","TestSignUpWeb","test_signup_component","",""
"","0","[WEB] Sign up with invalid data. Case: 'first_name' length = min + 1","tests.web.component.auth","2026-06-01","skipped","2026-06-01","TestSignUpWeb","test_signup_component","",""
"","0","[API] Update user should return 400_BAD_REQUEST when send update user request with invalid data. Case: 'address1' length = min - 1","tests.api.user","2026-06-01","skipped","2026-06-01","TestUpdateUserApi","test_update_user","",""
"","0","[API] Update user should return 400_BAD_REQUEST when send update user request with invalid data. Case: 'mobile_number' length = max + 1","tests.api.user","2026-06-01","skipped","2026-06-01","TestUpdateUserApi","test_update_user","",""
"","0","[WEB] Sign up with invalid data. Case: 'address2' length = min","tests.web.component.auth","2026-06-01","skipped","2026-06-01","TestSignUpWeb","test_signup_component","",""
"","3301","[WEB] Sign up with valid data. Case: 'first_name' length = max - 1","tests.web.component.auth","2026-06-01","passed","2026-06-01","TestSignUpWeb","test_signup_component","",""
"","248","[API] Update user should return 200_OK when send update user request with valid data. Case: 'mobile_number' length = max","tests.api.user","2026-06-01","passed","2026-06-01","TestUpdateUserApi","test_update_user","",""
"","0","[API] Create user should return 400_BAD_REQUEST when send create user request with invalid data. Case: 'first_name' length = min - 1","tests.api.user","2026-06-01","skipped","2026-06-01","TestCreateUserApi","test_create_user","",""
"","270","[API] Create user should return 200_OK when send create user request with valid data. Case: 'birth_year' = 1","tests.api.user","2026-06-01","passed","2026-06-01","TestCreateUserApi","test_create_user","",""
"","4487","[WEB] Sign up with valid data. Case: 'last_name' length = min + 1","tests.web.component.auth","2026-06-01","passed","2026-06-01","TestSignUpWeb","test_signup_component","",""
"","3626","[WEB] Sign up with valid data. Case: 'birth_year' = 1","tests.web.component.auth","2026-06-01","passed","2026-06-01","TestSignUpWeb","test_signup_component","",""
"","0","[API] Create user should return 400_BAD_REQUEST when send create user request with invalid data. Case: 'zipcode' is absent","tests.api.user","2026-06-01","skipped","2026-06-01","TestCreateUserApi","test_create_user","",""
"","200","[API] Update user should return 200_OK when send update user request with valid data. Case: 'company' length = max - 1","tests.api.user","2026-06-01","passed","2026-06-01","TestUpdateUserApi","test_update_user","",""
"","118","[API] Create user should return 200_OK when send create user request with valid data. Case: 'zipcode' length = max","tests.api.user","2026-06-01","passed","2026-06-01","TestCreateUserApi","test_create_user","",""
"","1006","[WEB Component] Should add product to cart when click on add to cart button multiple times","tests.web.component.product","2026-06-01","passed","2026-06-01","TestProductCard","test_product_details_component","",""
"","0","[API] Create user should return 400_BAD_REQUEST when send create user request with invalid data. Case: 'mobile_number' length = max + 1","tests.api.user","2026-06-01","skipped","2026-06-01","TestCreateUserApi","test_create_user","",""
"","0","[WEB] Sign up with invalid data. Case: 'birth_month' = 1","tests.web.component.auth","2026-06-01","skipped","2026-06-01","TestSignUpWeb","test_signup_component","",""
"","769","[WEB] Should have expected screenshot when send review","tests.web.component.review","2026-06-01","passed","2026-06-01","TestReviewComponent","test_review_component","",""
"","0","[WEB] Sign up with invalid data. Case: 'company' length = min + 1","tests.web.component.auth","2026-06-01","skipped","2026-06-01","TestSignUpWeb","test_signup_component","",""
"","261","[API] Update user should return 200_OK when send update user request with valid data. Case: 'zipcode' length = min","tests.api.user","2026-06-01","passed","2026-06-01","TestUpdateUserApi","test_update_user","",""
"","213","[API] Update user should return 200_OK when send update user request with valid data. Case: 'state' length = max - 1","tests.api.user","2026-06-01","passed","2026-06-01","TestUpdateUserApi","test_update_user","",""
"","0","[API] Create user should return 400_BAD_REQUEST when send create user request with invalid data. Case: 'address1' is absent","tests.api.user","2026-06-01","skipped","2026-06-01","TestCreateUserApi","test_create_user","",""
"","1857","[WEB Component] Invoice should have expected price","tests.web.component.payment","2026-06-01","passed","2026-06-01","TestPaymentComponent","test_invoice_file","",""
"","0","[API] Update user should return 400_BAD_REQUEST when send update user request with invalid data. Case: 'address2' is empty","tests.api.user","2026-06-01","skipped","2026-06-01","TestUpdateUserApi","test_update_user","",""
"","256","[API] Update user should return 200_OK when send update user request with valid data. Case: 'state' length = min","tests.api.user","2026-06-01","passed","2026-06-01","TestUpdateUserApi","test_update_user","",""
"","427","[API] Update user should return 200_OK when send update user request with valid data. Case: 'first_name' length = min + 1","tests.api.user","2026-06-01","passed","2026-06-01","TestUpdateUserApi","test_update_user","",""
"","0","[WEB Component] Pay with invalid card should show error message. Case: card number all zeros","tests.web.component.payment","2026-06-01","skipped","2026-06-01","TestPaymentComponent","test_payment_component","",""
"","1134","[WEB Component] Should not add negative products count to cart when click on add to cart button","tests.web.component.product","2026-06-01","passed","2026-06-01","TestProductCard","test_product_details_component","",""
"","1122","[WEB Component] Should open product page when click on view product button","tests.web.component.product","2026-06-01","passed","2026-06-01","TestAnimatedProductCard","test_animated_product_card_component","",""
"","232","[API] Update user should return 200_OK when send update user request with valid data. Case: 'name' length = max - 1","tests.api.user","2026-06-01","passed","2026-06-01","TestUpdateUserApi","test_update_user","",""
"","0","[WEB] Sign up with invalid data. Case: 'last_name' length = max - 1","tests.web.component.auth","2026-06-01","skipped","2026-06-01","TestSignUpWeb","test_signup_component","",""
"","0","[API] Update user should return 400_BAD_REQUEST when send update user request with invalid data. Case: 'birth_month' is invalid positive","tests.api.user","2026-06-01","skipped","2026-06-01","TestUpdateUserApi","test_update_user","",""
"","0","[API] Create user should return 400_BAD_REQUEST when send create user request with invalid data. Case: 'first_name' is absent","tests.api.user","2026-06-01","skipped","2026-06-01","TestCreateUserApi","test_create_user","",""
"","0","[API] Create user should return 400_BAD_REQUEST when send create user request with invalid data. Case: 'last_name' is empty","tests.api.user","2026-06-01","skipped","2026-06-01","TestCreateUserApi","test_create_user","",""
"","269","[API] Update user should return 200_OK when send update user request with valid data. Case: 'last_name' length = max - 1","tests.api.user","2026-06-01","passed","2026-06-01","TestUpdateUserApi","test_update_user","",""
"","0","[WEB] Sign up with invalid data. Case: 'zipcode' length = min + 1","tests.web.component.auth","2026-06-01","skipped","2026-06-01","TestSignUpWeb","test_signup_component","",""
"","1681","[WEB Component] Pay with valid card should show success status message. Case: valid: expiry month max","tests.web.component.payment","2026-06-01","passed","2026-06-01","TestPaymentComponent","test_payment_component","",""
"","107","[API] Create user should return 200_OK when send create user request with valid data. Case: 'company' length = min + 1","tests.api.user","2026-06-01","passed","2026-06-01","TestCreateUserApi","test_create_user","",""
"","4554","[WEB] Sign up with valid data. Case: 'zipcode' length = max - 1","tests.web.component.auth","2026-06-01","passed","2026-06-01","TestSignUpWeb","test_signup_component","",""
"","127","[API] Create user should return 200_OK when send create user request with valid data. Case: 'zipcode' length = max - 1","tests.api.user","2026-06-01","passed","2026-06-01","TestCreateUserApi","test_create_user","",""
"","0","[API] Update user should return 400_BAD_REQUEST when send update user request with invalid data. Case: 'company' length = min - 1","tests.api.user","2026-06-01","skipped","2026-06-01","TestUpdateUserApi","test_update_user","",""
"","1347","[WEB Component] Search filter should have expected screenshot","tests.web.component.filter","2026-06-01","passed","2026-06-01","TestSearchFilter","test_search_filter","",""
"","300","[API] Update user should return 200_OK when send update user request with valid data. Case: 'company' length = max","tests.api.user","2026-06-01","passed","2026-06-01","TestUpdateUserApi","test_update_user","",""
"","553","[WEB] Should add product review with valid data. Case: 'email' username contains '+'","tests.web.component.review","2026-06-01","passed","2026-06-01","TestReviewComponent","test_review_component","",""
"","491","[WEB] Should add product review with valid data. Case: 'message' length = min","tests.web.component.review","2026-06-01","passed","2026-06-01","TestReviewComponent","test_review_component","",""
"","0","[WEB] Should not add product review with invalid data. Case: 'email' contains '-' after '@'","tests.web.component.review","2026-06-01","skipped","2026-06-01","TestReviewComponent","test_review_component","",""
"","6264","Purchase products with login while checkout","tests.web.e2e","2026-06-01","passed","2026-06-01","TestPlaceOrder","test_place_order","",""
"","0","[WEB Component] Pay with invalid card should show error message. Case: expiry year in the past","tests.web.component.payment","2026-06-01","skipped","2026-06-01","TestPaymentComponent","test_payment_component","",""
"","0","[API] Create user should return 400_BAD_REQUEST when send create user request with invalid data. Case: 'address2' is empty","tests.api.user","2026-06-01","skipped","2026-06-01","TestCreateUserApi","test_create_user","",""
"","0","[WEB] Should not add product review with invalid data. Case: 'name' is empty","tests.web.component.review","2026-06-01","skipped","2026-06-01","TestReviewComponent","test_review_component","",""
"","0","[API] Create user should return 400_BAD_REQUEST when send create user request with invalid data. Case: 'birth_day' is zero","tests.api.user","2026-06-01","skipped","2026-06-01","TestCreateUserApi","test_create_user","",""
"","0","[API] Create user should return 400_BAD_REQUEST when send create user request with invalid data. Case: 'email' not contains domain","tests.api.user","2026-06-01","skipped","2026-06-01","TestCreateUserApi","test_create_user","",""
"","210","[API] Update user should return 200_OK when send update user request with valid data. Case: 'last_name' length = max","tests.api.user","2026-06-01","passed","2026-06-01","TestUpdateUserApi","test_update_user","",""
"","0","[WEB Component] Pay with invalid card should show error message. Case: cvc is empty","tests.web.component.payment","2026-06-01","skipped","2026-06-01","TestPaymentComponent","test_payment_component","",""
"","3012","[WEB] Sign up with valid data. Case: 'mobile_number' length = max","tests.web.component.auth","2026-06-01","passed","2026-06-01","TestSignUpWeb","test_signup_component","",""
"","0","[WEB] Should not add product review with invalid data. Case: 'email' is word","tests.web.component.review","2026-06-01","skipped","2026-06-01","TestReviewComponent","test_review_component","",""
"","4306","[WEB] Sign up with valid data. Case: 'city' length = min + 1","tests.web.component.auth","2026-06-01","passed","2026-06-01","TestSignUpWeb","test_signup_component","",""
"","248","[API] Update user should return 200_OK when send update user request with valid data. Case: 'address2' length = min + 1","tests.api.user","2026-06-01","passed","2026-06-01","TestUpdateUserApi","test_update_user","",""
"","0","[WEB Component] Pay with invalid card should show error message. Case: card number contains dashes","tests.web.component.payment","2026-06-01","skipped","2026-06-01","TestPaymentComponent","test_payment_component","",""
"","0","[API] Update user should return 400_BAD_REQUEST when send update user request with invalid data. Case: 'city' length = max + 1","tests.api.user","2026-06-01","skipped","2026-06-01","TestUpdateUserApi","test_update_user","",""
"","0","[API] Update user should return 400_BAD_REQUEST when send update user request with invalid data. Case: 'mobile_number' is absent","tests.api.user","2026-06-01","skipped","2026-06-01","TestUpdateUserApi","test_update_user","",""
"","361","[WEB Component] Should navigate to login page by click 'Signup / Login' button","tests.web.component.base","2026-06-01","passed","2026-06-01","TestHeaderComponent","test_header_component","",""
"","0","[WEB Component] Pay with invalid card should show error message. Case: expiry year too long","tests.web.component.payment","2026-06-01","skipped","2026-06-01","TestPaymentComponent","test_payment_component","",""
"","303","[API] Update user should return 200_OK when send update user request with valid data. Case: 'name' length = max","tests.api.user","2026-06-01","passed","2026-06-01","TestUpdateUserApi","test_update_user","",""
"","349","Should return user exists when user exists with email and password","tests.api.user","2026-06-01","passed","2026-06-01","TestVerifyLoginApi","test_verify_login","",""
"","0","[WEB] Sign up with invalid data. Case: 'first_name' length = max","tests.web.component.auth","2026-06-01","skipped","2026-06-01","TestSignUpWeb","test_signup_component","",""
"","2363","[WEB Component] Page scroller scroll page to top","tests.web.component.base","2026-06-01","passed","2026-06-01","TestPageScrollerComponent","test_page_scroller_component","",""
"","0","[API] Create user should return 400_BAD_REQUEST when send create user request with invalid data. Case: 'address1' is empty","tests.api.user","2026-06-01","skipped","2026-06-01","TestCreateUserApi","test_create_user","",""
"","715","[WEB] Should add product review with valid data. Case: 'email' username contains only underscore '-'","tests.web.component.review","2026-06-01","passed","2026-06-01","TestReviewComponent","test_review_component","",""
"","718","[WEB] Should add product review with valid data. Case: 'name' length = min + 1","tests.web.component.review","2026-06-01","passed","2026-06-01","TestReviewComponent","test_review_component","",""
"","219","[API] Update user should return 200_OK when send update user request with valid data. Case: 'zipcode' length = max - 1","tests.api.user","2026-06-01","passed","2026-06-01","TestUpdateUserApi","test_update_user","",""
"","874","[WEB Component] Should navigate to main page by click on header logo","tests.web.component.base","2026-06-01","passed","2026-06-01","TestHeaderComponent","test_header_component","",""
"","124","[API] Get csrf should return 200_OK when send get csrf request and contains csrf cookie","tests.api.auth","2026-06-01","passed","2026-06-01","TestAuthApi","test_auth","",""
"","268","[API] Update user should return 200_OK when send update user request with valid data. Case: 'city' length = min","tests.api.user","2026-06-01","passed","2026-06-01","TestUpdateUserApi","test_update_user","",""
"","0","[WEB] Sign up with invalid data. Case: 'address1' length = max","tests.web.component.auth","2026-06-01","skipped","2026-06-01","TestSignUpWeb","test_signup_component","",""
"","465","[WEB Component] Should decrease all products total price","tests.web.component.product","2026-06-01","passed","2026-06-01","TestProductItem","test_product_item","",""
"","0","[WEB] Sign up with invalid data. Case: 'last_name' length = min + 1","tests.web.component.auth","2026-06-01","skipped","2026-06-01","TestSignUpWeb","test_signup_component","",""
"","0","[API] Update user should return 400_BAD_REQUEST when send update user request with invalid data. Case: 'company' length = max + 1","tests.api.user","2026-06-01","skipped","2026-06-01","TestUpdateUserApi","test_update_user","",""
"","0","[API] Create user should return 400_BAD_REQUEST when send create user request with invalid data. Case: 'address1' length = max + 1","tests.api.user","2026-06-01","skipped","2026-06-01","TestCreateUserApi","test_create_user","",""
"","0","[API] Update user should return 400_BAD_REQUEST when send update user request with invalid data. Case: 'last_name' length = max + 1","tests.api.user","2026-06-01","skipped","2026-06-01","TestUpdateUserApi","test_update_user","",""
"","803","[WEB Component] Category filter should have expected screenshot when collapsed","tests.web.component.filter","2026-06-01","passed","2026-06-01","TestCategoryFilter","test_category_filter","",""
"","609","[WEB] Should add product review with valid data. Case: 'email' domain contains '-'","tests.web.component.review","2026-06-01","passed","2026-06-01","TestReviewComponent","test_review_component","",""
"","0","[WEB] Should not add product review with invalid data. Case: 'email' is empty","tests.web.component.review","2026-06-01","skipped","2026-06-01","TestReviewComponent","test_review_component","",""
"","113","[API] Create user should return 200_OK when send create user request with valid data. Case: 'zipcode' length = min","tests.api.user","2026-06-01","passed","2026-06-01","TestCreateUserApi","test_create_user","",""
"","0","[API] Create user should return 400_BAD_REQUEST when send create user request with invalid data. Case: 'birth_day' is invalid positive","tests.api.user","2026-06-01","skipped","2026-06-01","TestCreateUserApi","test_create_user","",""
"","0","[WEB Component] Pay with invalid card should show error message. Case: name contains non latin characters","tests.web.component.payment","2026-06-01","skipped","2026-06-01","TestPaymentComponent","test_payment_component","",""
"","197","[API] Update user should return 200_OK when send update user request with valid data. Case: 'name' length = min + 1","tests.api.user","2026-06-01","passed","2026-06-01","TestUpdateUserApi","test_update_user","",""
"","0","[WEB] Sign up with invalid data. Case: 'first_name' length = max - 1","tests.web.component.auth","2026-06-01","skipped","2026-06-01","TestSignUpWeb","test_signup_component","",""
"","204","[API] Update user should return 200_OK when send update user request with valid data. Case: 'first_name' length = max - 1","tests.api.user","2026-06-01","passed","2026-06-01","TestUpdateUserApi","test_update_user","",""
"","4210","[WEB] Sign up with valid data. Case: 'zipcode' length = min","tests.web.component.auth","2026-06-01","passed","2026-06-01","TestSignUpWeb","test_signup_component","",""
"","0","[WEB] Should not add product review with invalid data. Case: 'name' length = min - 1","tests.web.component.review","2026-06-01","skipped","2026-06-01","TestReviewComponent","test_review_component","",""
"","120","[API] Create user should return 200_OK when send create user request with valid data. Case: 'mobile_number' length = min + 1","tests.api.user","2026-06-01","passed","2026-06-01","TestCreateUserApi","test_create_user","",""
"","109","[API] Create user should return 200_OK when send create user request with valid data. Case: 'name' length = max","tests.api.user","2026-06-01","passed","2026-06-01","TestCreateUserApi","test_create_user","",""
"","119","[API] Create user should return 200_OK when send create user request with valid data. Case: 'name' length = min + 1","tests.api.user","2026-06-01","passed","2026-06-01","TestCreateUserApi","test_create_user","",""
"","560","[WEB] Should add product review with valid data. Case: 'email' username is numerical","tests.web.component.review","2026-06-01","passed","2026-06-01","TestReviewComponent","test_review_component","",""
"","0","[API] Update user should return 400_BAD_REQUEST when send update user request with invalid data. Case: 'email' contains only special symbols","tests.api.user","2026-06-01","skipped","2026-06-01","TestUpdateUserApi","test_update_user","",""
"","294","[WEB Component] Should add product to cart when click on add to cart button","tests.web.component.product","2026-06-01","passed","2026-06-01","TestAnimatedProductCard","test_animated_product_card_component","",""
"","0","[WEB] Should not add product review with invalid data. Case: 'message' length = min + 1","tests.web.component.review","2026-06-01","skipped","2026-06-01","TestReviewComponent","test_review_component","",""
"","0","[WEB] Should not add product review with invalid data. Case: 'email' contains only special symbols","tests.web.component.review","2026-06-01","skipped","2026-06-01","TestReviewComponent","test_review_component","",""
"","200","[API] Update user should return 200_OK when send update user request with valid data. Case: 'birth_day' = 1","tests.api.user","2026-06-01","passed","2026-06-01","TestUpdateUserApi","test_update_user","",""
"","2569","[WEB Component] Order placed page should have expected screenshot","tests.web.component.payment","2026-06-01","passed","2026-06-01","TestPaymentComponent","test_invoice_file","",""
"","0","[WEB] Sign up with invalid data. Case: 'address1' length = min + 1","tests.web.component.auth","2026-06-01","skipped","2026-06-01","TestSignUpWeb","test_signup_component","",""
"","0","[API] Update user should return 400_BAD_REQUEST when send update user request with invalid data. Case: 'birth_day' is absent","tests.api.user","2026-06-01","skipped","2026-06-01","TestUpdateUserApi","test_update_user","",""
"","276","[API] Update user should return 200_OK when send update user request with valid data. Case: 'first_name' length = min","tests.api.user","2026-06-01","passed","2026-06-01","TestUpdateUserApi","test_update_user","",""
"","454","[WEB Component] Pay with valid card should show success status message. Case: valid: common latin name","tests.web.component.payment","2026-06-01","passed","2026-06-01","TestPaymentComponent","test_payment_component","",""
"","0","[API] Create user should return 400_BAD_REQUEST when send create user request with invalid data. Case: 'state' length = min - 1","tests.api.user","2026-06-01","skipped","2026-06-01","TestCreateUserApi","test_create_user","",""
"","243","[API] Update user should return 200_OK when send update user request with valid data. Case: 'birth_day' length = 31","tests.api.user","2026-06-01","passed","2026-06-01","TestUpdateUserApi","test_update_user","",""
"","5845","[WEB] Sign up with valid data. Case: 'address2' length = max - 1","tests.web.component.auth","2026-06-01","passed","2026-06-01","TestSignUpWeb","test_signup_component","",""
"","128","[API] Create user should return 200_OK when send create user request with valid data. Case: 'company' length = max","tests.api.user","2026-06-01","passed","2026-06-01","TestCreateUserApi","test_create_user","",""
"","0","[API] Create user should return 400_BAD_REQUEST when send create user request with invalid data. Case: 'birth_month' is negative","tests.api.user","2026-06-01","skipped","2026-06-01","TestCreateUserApi","test_create_user","",""
"","0","[API] Create user should return 400_BAD_REQUEST when send create user request with invalid data. Case: 'email' not contains '@' symbol","tests.api.user","2026-06-01","skipped","2026-06-01","TestCreateUserApi","test_create_user","",""
"","238","[API] Update user should return 200_OK when send update user request with valid data. Case: 'address1' length = min + 1","tests.api.user","2026-06-01","passed","2026-06-01","TestUpdateUserApi","test_update_user","",""
"","0","[WEB] Sign up with invalid data. Case: 'mobile_number' length = max - 1","tests.web.component.auth","2026-06-01","skipped","2026-06-01","TestSignUpWeb","test_signup_component","",""
"","0","[WEB Component] Pay with invalid card should show error message. Case: name contains special characters","tests.web.component.payment","2026-06-01","skipped","2026-06-01","TestPaymentComponent","test_payment_component","",""
"","755","[WEB] Should add product review with valid data. Case: 'name' length = max","tests.web.component.review","2026-06-01","passed","2026-06-01","TestReviewComponent","test_review_component","",""
"","3243","[WEB] Sign up with valid data. Case: 'mobile_number' length = min + 1","tests.web.component.auth","2026-06-01","passed","2026-06-01","TestSignUpWeb","test_signup_component","",""
"","284","[API] Update user should return 200_OK when send update user request with valid data. Case: 'last_name' length = min","tests.api.user","2026-06-01","passed","2026-06-01","TestUpdateUserApi","test_update_user","",""
"","0","[WEB Component] Pay with invalid card should show error message. Case: card number too short","tests.web.component.payment","2026-06-01","skipped","2026-06-01","TestPaymentComponent","test_payment_component","",""
"","0","[API] Update user should return 400_BAD_REQUEST when send update user request with invalid data. Case: 'birth_year' is absent","tests.api.user","2026-06-01","skipped","2026-06-01","TestUpdateUserApi","test_update_user","",""
"","0","[API] Update user should return 400_BAD_REQUEST when send update user request with invalid data. Case: 'zipcode' length = max + 1","tests.api.user","2026-06-01","skipped","2026-06-01","TestUpdateUserApi","test_update_user","",""
"","521","[API] Update user should return 200_OK when send update user request with valid data. Case: 'address2' length = max","tests.api.user","2026-06-01","passed","2026-06-01","TestUpdateUserApi","test_update_user","",""
"","2340","[WEB Component] Product carousel should have expected product","tests.web.component.carousel","2026-06-01","failed","2026-06-01","TestProductCarousel","test_product_carousel","",""
"","0","[API] Update user should return 400_BAD_REQUEST when send update user request with invalid data. Case: 'state' is empty","tests.api.user","2026-06-01","skipped","2026-06-01","TestUpdateUserApi","test_update_user","",""
"","262","[API] Update user should return 200_OK when send update user request with valid data. Case: 'state' length = min + 1","tests.api.user","2026-06-01","passed","2026-06-01","TestUpdateUserApi","test_update_user","",""
"","596","[WEB] Should add product review with valid data. Case: 'email' username contains '-'","tests.web.component.review","2026-06-01","passed","2026-06-01","TestReviewComponent","test_review_component","",""
"","640","[WEB Component] Should navigate to cart page by click 'Cart' button","tests.web.component.base","2026-06-01","passed","2026-06-01","TestHeaderComponent","test_header_component","",""
"","0","[API] Update user should return 400_BAD_REQUEST when send update user request with invalid data. Case: 'address1' is absent","tests.api.user","2026-06-01","skipped","2026-06-01","TestUpdateUserApi","test_update_user","",""
"","2904","[WEB Component] Products Carousel should last products when scroll left on first slide","tests.web.component.carousel","2026-06-01","passed","2026-06-01","TestProductCarousel","test_product_carousel","",""
"","0","[WEB] Sign up with invalid data. Case: 'name' length = min","tests.web.component.auth","2026-06-01","skipped","2026-06-01","TestSignUpWeb","test_signup_component","",""
"","0","[API] Update user should return 400_BAD_REQUEST when send update user request with invalid data. Case: 'birth_year' is invalid positive","tests.api.user","2026-06-01","skipped","2026-06-01","TestUpdateUserApi","test_update_user","",""
"","0","[WEB Component] Pay with invalid card should show error message. Case: expiry year too short","tests.web.component.payment","2026-06-01","skipped","2026-06-01","TestPaymentComponent","test_payment_component","",""
"","0","[API] Create user should return 400_BAD_REQUEST when send create user request with invalid data. Case: 'zipcode' length = max + 1","tests.api.user","2026-06-01","skipped","2026-06-01","TestCreateUserApi","test_create_user","",""
"","0","[API] Update user should return 400_BAD_REQUEST when send update user request with invalid data. Case: 'first_name' length = max + 1","tests.api.user","2026-06-01","skipped","2026-06-01","TestUpdateUserApi","test_update_user","",""
"","0","[API] Create user should return 400_BAD_REQUEST when send create user request with invalid data. Case: 'email' contains text after domain","tests.api.user","2026-06-01","skipped","2026-06-01","TestCreateUserApi","test_create_user","",""
"","1130","[WEB Component] Product item should have expected data","tests.web.component.product","2026-06-01","passed","2026-06-01","TestProductItem","test_product_item","",""
"","0","[WEB Component] Should not subscribe with invalid email","tests.web.component.base","2026-06-01","skipped","2026-06-01","TestSubscriptionComponent","test_subscription_component","",""
"","133","[API] Create user should return 200_OK when send create user request with valid data. Case: 'birth_year' = 10000","tests.api.user","2026-06-01","passed","2026-06-01","TestCreateUserApi","test_create_user","",""
"","15041","[API] Create user should return 200_OK when send create user request with valid data. Case: 'address2' length = max - 1","tests.api.user","2026-06-01","broken","2026-06-01","TestCreateUserApi","test_create_user","",""
"","0","[WEB Component] Pay with invalid card should show error message. Case: expiry month = 00","tests.web.component.payment","2026-06-01","skipped","2026-06-01","TestPaymentComponent","test_payment_component","",""
"","0","[WEB] Should not add product review with invalid data. Case: 'email' contains domain with one letter","tests.web.component.review","2026-06-01","skipped","2026-06-01","TestReviewComponent","test_review_component","",""
"","0","[WEB Component] Pay with invalid card should show error message. Case: name contains newline","tests.web.component.payment","2026-06-01","skipped","2026-06-01","TestPaymentComponent","test_payment_component","",""
"","0","[API] Create user should return 400_BAD_REQUEST when send create user request with invalid data. Case: 'first_name' length = max + 1","tests.api.user","2026-06-01","skipped","2026-06-01","TestCreateUserApi","test_create_user","",""
"","580","[WEB] Should add product review with valid data. Case: 'name' length = max - 1","tests.web.component.review","2026-06-01","passed","2026-06-01","TestReviewComponent","test_review_component","",""
"","0","[WEB Component] Pay with invalid card should show error message. Case: expiry year only spaces","tests.web.component.payment","2026-06-01","skipped","2026-06-01","TestPaymentComponent","test_payment_component","",""
"","2248","[WEB Component] Should navigate to products page by click 'Products' button","tests.web.component.base","2026-06-01","passed","2026-06-01","TestHeaderComponent","test_header_component","",""
"","232","[API] Create user should return 200_OK when send create user request with valid data. Case: 'address1' length = max","tests.api.user","2026-06-01","passed","2026-06-01","TestCreateUserApi","test_create_user","",""
"","122","[API] Create user should return 200_OK when send create user request with valid data. Case: 'zipcode' length = min + 1","tests.api.user","2026-06-01","passed","2026-06-01","TestCreateUserApi","test_create_user","",""
"","0","[API] Update user should return 400_BAD_REQUEST when send update user request with invalid data. Case: 'birth_month' is negative","tests.api.user","2026-06-01","skipped","2026-06-01","TestUpdateUserApi","test_update_user","",""
"","195","[API] Update user should return 200_OK when send update user request with valid data. Case: 'birth_year' = 10000","tests.api.user","2026-06-01","passed","2026-06-01","TestUpdateUserApi","test_update_user","",""
"","3489","[WEB] Sign up with valid data. Case: 'name' length = max","tests.web.component.auth","2026-06-01","passed","2026-06-01","TestSignUpWeb","test_signup_component","",""
"","0","[API] Update user should return 400_BAD_REQUEST when send update user request with invalid data. Case: 'city' length = min - 1","tests.api.user","2026-06-01","skipped","2026-06-01","TestUpdateUserApi","test_update_user","",""
"","0","[API] Update user should return 400_BAD_REQUEST when send update user request with invalid data. Case: 'birth_year' is zero","tests.api.user","2026-06-01","skipped","2026-06-01","TestUpdateUserApi","test_update_user","",""
"","0","[API] Create user should return 400_BAD_REQUEST when send create user request with invalid data. Case: 'birth_day' is negative","tests.api.user","2026-06-01","skipped","2026-06-01","TestCreateUserApi","test_create_user","",""
"","489","[WEB Component] Animated product card should have expected data","tests.web.component.product","2026-06-01","passed","2026-06-01","TestAnimatedProductCard","test_animated_product_card_component","",""
"","0","[API] Create user should return 400_BAD_REQUEST when send create user request with invalid data. Case: 'address2' length = min - 1","tests.api.user","2026-06-01","skipped","2026-06-01","TestCreateUserApi","test_create_user","",""
"","10058","[WEB Component] Category filter group should be collapsed after expand another group","tests.web.component.filter","2026-06-01","failed","2026-06-01","TestCategoryFilter","test_category_filter","",""
"","1020","[WEB Component] Add product to cart from product carousel","tests.web.component.carousel","2026-06-01","passed","2026-06-01","TestProductCarousel","test_product_carousel","",""
"","3432","[WEB] Sign up with valid data. Case: 'address1' length = max - 1","tests.web.component.auth","2026-06-01","passed","2026-06-01","TestSignUpWeb","test_signup_component","",""
"","7276","Purchase products with login before checkout","tests.web.e2e","2026-06-01","failed","2026-06-01","TestPlaceOrder","test_place_order","",""
"","0","[WEB] Sign up with invalid data. Case: 'last_name' length = max","tests.web.component.auth","2026-06-01","skipped","2026-06-01","TestSignUpWeb","test_signup_component","",""
"","770","[API] Update user should return 200_OK when send update user request with valid data. Case: 'address2' length = min","tests.api.user","2026-06-01","passed","2026-06-01","TestUpdateUserApi","test_update_user","",""
"","430","[WEB Component] Pay with valid card should show success status message. Case: valid: future year","tests.web.component.payment","2026-06-01","passed","2026-06-01","TestPaymentComponent","test_payment_component","",""
"","138","[API] Create user should return 200_OK when send create user request with valid data. Case: 'company' length = min","tests.api.user","2026-06-01","passed","2026-06-01","TestCreateUserApi","test_create_user","",""
"","384","[API] Update user should return 200_OK when send update user request with valid data. Case: 'address2' length = max - 1","tests.api.user","2026-06-01","passed","2026-06-01","TestUpdateUserApi","test_update_user","",""
"","158","[API] Create user should return 200_OK when send create user request with valid data. Case: 'first_name' length = min","tests.api.user","2026-06-01","passed","2026-06-01","TestCreateUserApi","test_create_user","",""
"","287","test_search_products_returns_empty_array","tests.api.product","2026-06-01","passed","2026-06-01","TestProductApi","test_product","",""
"","0","[WEB] Should not add product review with invalid data. Case: 'email' contains mail server as ip and port","tests.web.component.review","2026-06-01","skipped","2026-06-01","TestReviewComponent","test_review_component","",""
"","0","[API] Update user should return 400_BAD_REQUEST when send update user request with invalid data. Case: 'email' contains multiple '@' symbols","tests.api.user","2026-06-01","skipped","2026-06-01","TestUpdateUserApi","test_update_user","",""
"","0","[WEB Component] Pay with invalid card should show error message. Case: name contains trailing spaces","tests.web.component.payment","2026-06-01","skipped","2026-06-01","TestPaymentComponent","test_payment_component","",""
"","0","[API] Update user should return 400_BAD_REQUEST when send update user request with invalid data. Case: 'zipcode' is absent","tests.api.user","2026-06-01","skipped","2026-06-01","TestUpdateUserApi","test_update_user","",""
"","0","[API] Update user should return 400_BAD_REQUEST when send update user request with invalid data. Case: 'birth_day' is zero","tests.api.user","2026-06-01","skipped","2026-06-01","TestUpdateUserApi","test_update_user","",""
"","0","[API] Update user should return 400_BAD_REQUEST when send update user request with invalid data. Case: 'city' is absent","tests.api.user","2026-06-01","skipped","2026-06-01","TestUpdateUserApi","test_update_user","",""
"","0","[API] Create user should return 400_BAD_REQUEST when send create user request with invalid data. Case: 'birth_year' is negative","tests.api.user","2026-06-01","skipped","2026-06-01","TestCreateUserApi","test_create_user","",""
"","0","[WEB] Sign up with invalid data. Case: 'birth_year' = 1","tests.web.component.auth","2026-06-01","skipped","2026-06-01","TestSignUpWeb","test_signup_component","",""
"","0","[API] Update user should return 400_BAD_REQUEST when send update user request with invalid data. Case: 'birth_day' is invalid positive","tests.api.user","2026-06-01","skipped","2026-06-01","TestUpdateUserApi","test_update_user","",""
"","0","[API] Create user should return 400_BAD_REQUEST when send create user request with invalid data. Case: 'zipcode' is empty","tests.api.user","2026-06-01","skipped","2026-06-01","TestCreateUserApi","test_create_user","",""
"","181","[API] Create user should return 400_BAD_REQUEST when send create user request with existing email","tests.api.user","2026-06-01","passed","2026-06-01","TestCreateUserApi","test_create_user","",""
"","0","[API] Create user should return 400_BAD_REQUEST when send create user request with invalid data. Case: 'birth_month' is invalid positive","tests.api.user","2026-06-01","skipped","2026-06-01","TestCreateUserApi","test_create_user","",""
"","2904","[WEB] Sign up with valid data. Case: 'zipcode' length = min + 1","tests.web.component.auth","2026-06-01","passed","2026-06-01","TestSignUpWeb","test_signup_component","",""
"","0","[WEB] Sign up with invalid data. Case: 'address2' length = max","tests.web.component.auth","2026-06-01","skipped","2026-06-01","TestSignUpWeb","test_signup_component","",""
"","0","[WEB] Sign up with invalid data. Case: 'state' length = min + 1","tests.web.component.auth","2026-06-01","skipped","2026-06-01","TestSignUpWeb","test_signup_component","",""
"","0","[API] Create user should return 400_BAD_REQUEST when send create user request with invalid data. Case: 'birth_day' is absent","tests.api.user","2026-06-01","skipped","2026-06-01","TestCreateUserApi","test_create_user","",""
"","0","[API] Create user should return 400_BAD_REQUEST when send create user request with invalid data. Case: 'email' contains '-' after '@'","tests.api.user","2026-06-01","skipped","2026-06-01","TestCreateUserApi","test_create_user","",""
"","0","[API] Create user should return 400_BAD_REQUEST when send create user request with invalid data. Case: 'birth_month' is absent","tests.api.user","2026-06-01","skipped","2026-06-01","TestCreateUserApi","test_create_user","",""
"","266","[API] Get products should return 200_OK and contains expected product title","tests.api.product","2026-06-01","passed","2026-06-01","TestProductApi","test_product","",""
"","0","[API] Create user should return 400_BAD_REQUEST when send create user request with invalid data. Case: 'state' length = max + 1","tests.api.user","2026-06-01","skipped","2026-06-01","TestCreateUserApi","test_create_user","",""
"","0","[WEB] Should not add product review with invalid data. Case: 'email' contains '.' before dog symbol","tests.web.component.review","2026-06-01","skipped","2026-06-01","TestReviewComponent","test_review_component","",""
"","264","[API] Update user should return 200_OK when send update user request with valid data. Case: 'city' length = max","tests.api.user","2026-06-01","passed","2026-06-01","TestUpdateUserApi","test_update_user","",""
"","0","[API] Update user should return 400_BAD_REQUEST when send update user request with invalid data. Case: 'email' contains invalid top level domain web","tests.api.user","2026-06-01","skipped","2026-06-01","TestUpdateUserApi","test_update_user","",""
"","928","[WEB Component] Should add product to cart when click on add to cart button","tests.web.component.product","2026-06-01","passed","2026-06-01","TestProductCard","test_product_details_component","",""
"","5026","[WEB] Sign up with valid data. Case: 'address2' length = min + 1","tests.web.component.auth","2026-06-01","passed","2026-06-01","TestSignUpWeb","test_signup_component","",""
"","1012","[WEB Component] Brand filter should filters products by brand","tests.web.component.filter","2026-06-01","passed","2026-06-01","TestBrandFilter","test_brand_filter","",""
"","0","[API] Update user should return 400_BAD_REQUEST when send update user request with invalid data. Case: 'email' contains mail server as ip and port","tests.api.user","2026-06-01","skipped","2026-06-01","TestUpdateUserApi","test_update_user","",""
"","0","[WEB] Sign up with invalid data. Case: 'city' length = max","tests.web.component.auth","2026-06-01","skipped","2026-06-01","TestSignUpWeb","test_signup_component","",""
"","118","[API] Create user should return 200_OK when send create user request with valid data. Case: 'address1' length = min + 1","tests.api.user","2026-06-01","passed","2026-06-01","TestCreateUserApi","test_create_user","",""
"","0","[API] Create user should return 400_BAD_REQUEST when send create user request with invalid data. Case: 'email' contains username hieroglyphs instead of username","tests.api.user","2026-06-01","skipped","2026-06-01","TestCreateUserApi","test_create_user","",""
"","0","[API] Update user should return 400_BAD_REQUEST when send update user request with invalid data. Case: 'email' not contains domain","tests.api.user","2026-06-01","skipped","2026-06-01","TestUpdateUserApi","test_update_user","",""
"","287","[API] Create user should return 200_OK when send create user request with valid data. Case: 'state' length = min + 1","tests.api.user","2026-06-01","passed","2026-06-01","TestCreateUserApi","test_create_user","",""
"","442","[API] Update user should return 200_OK when send update user request with valid data. Case: 'zipcode' length = min + 1","tests.api.user","2026-06-01","passed","2026-06-01","TestUpdateUserApi","test_update_user","",""
"","610","[WEB] Should add product review with valid data. Case: 'email' domain length = 2","tests.web.component.review","2026-06-01","passed","2026-06-01","TestReviewComponent","test_review_component","",""
"","495","[WEB Component] Add product notification should be closed when click on close button","tests.web.component.base","2026-06-01","passed","2026-06-01","TestNotificationComponent","test_notification_component","",""
"","9573","Purchase products with sign up while checkout","tests.web.e2e","2026-06-01","passed","2026-06-01","TestPlaceOrder","test_place_order","",""
"","433","[WEB Component] Pay with valid card should show success status message. Case: valid: cvc typical","tests.web.component.payment","2026-06-01","passed","2026-06-01","TestPaymentComponent","test_payment_component","",""
"","0","[WEB] Should not add product review with invalid data. Case: 'email' contains text after domain","tests.web.component.review","2026-06-01","skipped","2026-06-01","TestReviewComponent","test_review_component","",""
"","110","[API] Create user should return 200_OK when send create user request with valid data. Case: 'name' length = max - 1","tests.api.user","2026-06-01","passed","2026-06-01","TestCreateUserApi","test_create_user","",""
"","985","[WEB Component] Should have expected success status message after sending contact info","tests.web.component.base","2026-06-01","passed","2026-06-01","TestSubscriptionComponent","test_subscription_component","",""
"","0","[WEB] Should not add product review with invalid data. Case: 'email' not contains username","tests.web.component.review","2026-06-01","skipped","2026-06-01","TestReviewComponent","test_review_component","",""
"","1868","[WEB Component] Should add product to cart when click on add to cart button","tests.web.component.product","2026-06-01","passed","2026-06-01","TestProductCard","test_product_card_component","",""
"","0","[API] Create user should return 400_BAD_REQUEST when send create user request with invalid data. Case: 'email' contains domain with one letter","tests.api.user","2026-06-01","skipped","2026-06-01","TestCreateUserApi","test_create_user","",""
"","0","[API] Update user should return 400_BAD_REQUEST when send update user request with invalid data. Case: 'address1' is empty","tests.api.user","2026-06-01","skipped","2026-06-01","TestUpdateUserApi","test_update_user","",""
"","153","[API] Delete user should return 200_OK when send delete user request and user exists","tests.api.user","2026-06-01","passed","2026-06-01","TestDeleteUserApi","test_delete_user","",""
"","0","[WEB] Should not add product review with invalid data. Case: 'name' length = max + 1","tests.web.component.review","2026-06-01","skipped","2026-06-01","TestReviewComponent","test_review_component","",""
"","3484","[WEB] Sign up with valid data. Case: 'address2' length = max","tests.web.component.auth","2026-06-01","passed","2026-06-01","TestSignUpWeb","test_signup_component","",""
"","0","[API] Create user should return 400_BAD_REQUEST when send create user request with invalid data. Case: 'birth_year' is zero","tests.api.user","2026-06-01","skipped","2026-06-01","TestCreateUserApi","test_create_user","",""
"","0","[API] Create user should return 400_BAD_REQUEST when send create user request with invalid data. Case: 'city' length = min - 1","tests.api.user","2026-06-01","skipped","2026-06-01","TestCreateUserApi","test_create_user","",""
"","1613","[WEB Component] Pay with valid card should show success status message. Case: valid: 16 digits number","tests.web.component.payment","2026-06-01","passed","2026-06-01","TestPaymentComponent","test_payment_component","",""
"","0","[API] Update user should return 400_BAD_REQUEST when send update user request with invalid data. Case: 'last_name' is absent","tests.api.user","2026-06-01","skipped","2026-06-01","TestUpdateUserApi","test_update_user","",""
"","3653","[WEB] Sign up with valid data. Case: 'name' length = max - 1","tests.web.component.auth","2026-06-01","passed","2026-06-01","TestSignUpWeb","test_signup_component","",""
"","0","[WEB] Sign up with invalid data. Case: 'state' length = min","tests.web.component.auth","2026-06-01","skipped","2026-06-01","TestSignUpWeb","test_signup_component","",""
"","0","[API] Update user should return 400_BAD_REQUEST when send update user request with invalid data. Case: 'mobile_number' is empty","tests.api.user","2026-06-01","skipped","2026-06-01","TestUpdateUserApi","test_update_user","",""
"","3110","[WEB] Sign up with valid data. Case: 'mobile_number' length = max - 1","tests.web.component.auth","2026-06-01","passed","2026-06-01","TestSignUpWeb","test_signup_component","",""
"","0","[API] Update user should return 400_BAD_REQUEST when send update user request with invalid data. Case: 'email' contains domain with one letter","tests.api.user","2026-06-01","skipped","2026-06-01","TestUpdateUserApi","test_update_user","",""
"","5466","[WEB Component] Category filter group should be collapsed after collapse expanded group","tests.web.component.filter","2026-06-01","passed","2026-06-01","TestCategoryFilter","test_category_filter","",""
"","0","[WEB] Sign up with invalid data. Case: 'birth_day' = 1","tests.web.component.auth","2026-06-01","skipped","2026-06-01","TestSignUpWeb","test_signup_component","",""
"","207","[API] Update user should return 200_OK when send update user request with valid data. Case: 'company' length = min","tests.api.user","2026-06-01","passed","2026-06-01","TestUpdateUserApi","test_update_user","",""
"","0","[API] Create user should return 400_BAD_REQUEST when send create user request with invalid data. Case: 'last_name' length = max + 1","tests.api.user","2026-06-01","skipped","2026-06-01","TestCreateUserApi","test_create_user","",""
"","132","[API] Create user should return 200_OK when send create user request with valid data. Case: 'state' length = min","tests.api.user","2026-06-01","passed","2026-06-01","TestCreateUserApi","test_create_user","",""
"","0","[API] Create user should return 400_BAD_REQUEST when send create user request with invalid data. Case: 'email' not contains username","tests.api.user","2026-06-01","skipped","2026-06-01","TestCreateUserApi","test_create_user","",""
"","3638","[WEB] Sign up with valid data. Case: 'address1' length = max","tests.web.component.auth","2026-06-01","passed","2026-06-01","TestSignUpWeb","test_signup_component","",""
"","0","[API] Create user should return 400_BAD_REQUEST when send create user request with invalid data. Case: 'birth_year' is invalid positive","tests.api.user","2026-06-01","skipped","2026-06-01","TestCreateUserApi","test_create_user","",""
"","167","[API] Create user should return 200_OK when send create user request with valid data. Case: 'birth_day' = 1","tests.api.user","2026-06-01","passed","2026-06-01","TestCreateUserApi","test_create_user","",""
"","1570","[WEB Component] Should add product to cart when click on add to cart button from overlay","tests.web.component.product","2026-06-01","passed","2026-06-01","TestAnimatedProductCard","test_animated_product_card_component","",""
"","5541","[WEB Component] Category filter should have expected screenshot when group expanded","tests.web.component.filter","2026-06-01","passed","2026-06-01","TestCategoryFilter","test_category_filter","",""
"","813","[WEB Component] Add product notification should have expected data and screenshot","tests.web.component.base","2026-06-01","passed","2026-06-01","TestNotificationComponent","test_notification_component","",""
"","0","[WEB Component] Pay with invalid card should show error message. Case: cvc contains letters","tests.web.component.payment","2026-06-01","skipped","2026-06-01","TestPaymentComponent","test_payment_component","",""
"","0","[API] Create user should return 400_BAD_REQUEST when send create user request with invalid data. Case: 'company' is empty","tests.api.user","2026-06-01","skipped","2026-06-01","TestCreateUserApi","test_create_user","",""
"","576","[WEB Component] Should subscribe with valid email","tests.web.component.base","2026-06-01","passed","2026-06-01","TestSubscriptionComponent","test_subscription_component","",""
"","502","[WEB] Should add product review with valid data. Case: 'email' contains subdomain","tests.web.component.review","2026-06-01","passed","2026-06-01","TestReviewComponent","test_review_component","",""
"","928","[WEB] Should add product review with valid data. Case: 'name' length = min","tests.web.component.review","2026-06-01","passed","2026-06-01","TestReviewComponent","test_review_component","",""
"","4900","[WEB] Sign up with valid data. Case: 'last_name' length = min","tests.web.component.auth","2026-06-01","passed","2026-06-01","TestSignUpWeb","test_signup_component","",""
"","185","[API] Update user should return 200_OK when send update user request with valid data. Case: 'birth_month' = 12","tests.api.user","2026-06-01","passed","2026-06-01","TestUpdateUserApi","test_update_user","",""
