"DESCRIPTION","DURATION IN MS","NAME","PARENT SUITE","START TIME","STATUS","STOP TIME","SUB SUITE","SUITE","TEST CLASS","TEST METHOD"
"","0","[API] Create user should return 400_BAD_REQUEST when send create user request with invalid data. Case: 'birth_day' is zero","tests.api.user","2026-10-05","skipped","2026-10-05","TestCreateUserApi","test_create_user","",""
"","355","[API] Update user should return 200_OK when send update user request with valid data. Case: 'address1' length = min","tests.api.user","2026-10-05","passed","2026-10-05","TestUpdateUserApi","test_update_user","",""
"","510","[WEB] Should add product review with valid data. Case: 'email' username contains '.'","tests.web.component.review","2026-10-05","passed","2026-10-05","TestReviewComponent","test_review_component","",""
"","297","[API] Update user should return 200_OK when send update user request with valid data. Case: 'birth_day' length = 31","tests.api.user","2026-10-05","passed","2026-10-05","TestUpdateUserApi","test_update_user","",""
"","14055","Purchase products with sign up while checkout","tests.web.e2e","2026-10-05","passed","2026-10-05","TestPlaceOrder","test_place_order","",""
"","0","[API] Update user should return 400_BAD_REQUEST when send update user request with invalid data. Case: 'first_name' is empty","tests.api.user","2026-10-05","skipped","2026-10-05","TestUpdateUserApi","test_update_user","",""
"","0","[API] Create user should return 400_BAD_REQUEST when send create user request with invalid data. Case: 'company' length = max + 1","tests.api.user","2026-10-05","skipped","2026-10-05","TestCreateUserApi","test_create_user","",""
"","1378","[WEB Component] Products Carousel should first products when scroll right on last image","tests.web.component.carousel","2026-10-05","passed","2026-10-05","TestProductCarousel","test_product_carousel","",""
"","428","[API] Create user should return 200_OK when send create user request with valid data. Case: 'birth_day' = 1","tests.api.user","2026-10-05","passed","2026-10-05","TestCreateUserApi","test_create_user","",""
"","437","[API] Create user should return 200_OK when send create user request with valid data. Case: 'address1' length = min + 1","tests.api.user","2026-10-05","passed","2026-10-05","TestCreateUserApi","test_create_user","",""
"","0","[WEB Component] Pay with invalid card should show error message. Case: name contains emoji","tests.web.component.payment","2026-10-05","skipped","2026-10-05","TestPaymentComponent","test_payment_component","",""
"","0","[API] Create user should return 400_BAD_REQUEST when send create user request with invalid data. Case: 'birth_year' is absent","tests.api.user","2026-10-05","skipped","2026-10-05","TestCreateUserApi","test_create_user","",""
"","0","[API] Update user should return 400_BAD_REQUEST when send update user request with invalid data. Case: 'birth_month' is negative","tests.api.user","2026-10-05","skipped","2026-10-05","TestUpdateUserApi","test_update_user","",""
"","0","[API] Update user should return 400_BAD_REQUEST when send update user request with invalid data. Case: 'zipcode' is empty","tests.api.user","2026-10-05","skipped","2026-10-05","TestUpdateUserApi","test_update_user","",""
"","0","[API] Create user should return 400_BAD_REQUEST when send create user request with invalid data. Case: 'birth_day' is absent","tests.api.user","2026-10-05","skipped","2026-10-05","TestCreateUserApi","test_create_user","",""
"","0","[WEB] Should not add product review with invalid data. Case: 'message' length = max","tests.web.component.review","2026-10-05","skipped","2026-10-05","TestReviewComponent","test_review_component","",""
"","632","[WEB Component] Header has expected screenshot when authorized","tests.web.component.base","2026-10-05","passed","2026-10-05","TestHeaderComponent","test_header_component","",""
"","4751","[WEB] Sign up with valid data. Case: 'city' length = max","tests.web.component.auth","2026-10-05","passed","2026-10-05","TestSignUpWeb","test_signup_component","",""
"","4737","[WEB] Sign up with valid data. Case: 'city' length = max - 1","tests.web.component.auth","2026-10-05","passed","2026-10-05","TestSignUpWeb","test_signup_component","",""
"","0","[WEB] Sign up with invalid data. Case: 'last_name' length = max - 1","tests.web.component.auth","2026-10-05","skipped","2026-10-05","TestSignUpWeb","test_signup_component","",""
"","3262","[WEB Component] Pay with valid card should show success status message. Case: valid: name max length","tests.web.component.payment","2026-10-05","passed","2026-10-05","TestPaymentComponent","test_payment_component","",""
"","0","[WEB] Sign up with invalid data. Case: 'city' length = max","tests.web.component.auth","2026-10-05","skipped","2026-10-05","TestSignUpWeb","test_signup_component","",""
"","0","[WEB] Should not add product review with invalid data. Case: 'email' contains mail server as ip and port","tests.web.component.review","2026-10-05","skipped","2026-10-05","TestReviewComponent","test_review_component","",""
"","357","[WEB Component] Product item should navigate to product page when click on item title","tests.web.component.product","2026-10-05","passed","2026-10-05","TestProductItem","test_product_item","",""
"","0","[API] Update user should return 400_BAD_REQUEST when send update user request with invalid data. Case: 'email' contains text before username","tests.api.user","2026-10-05","skipped","2026-10-05","TestUpdateUserApi","test_update_user","",""
"","0","[WEB Component] Pay with invalid card should show error message. Case: expiry month one digit","tests.web.component.payment","2026-10-05","skipped","2026-10-05","TestPaymentComponent","test_payment_component","",""
"","2570","[WEB Component] Product carousel should have expected product","tests.web.component.carousel","2026-10-05","failed","2026-10-05","TestProductCarousel","test_product_carousel","",""
"","0","[API] Create user should return 400_BAD_REQUEST when send create user request with invalid data. Case: 'first_name' is absent","tests.api.user","2026-10-05","skipped","2026-10-05","TestCreateUserApi","test_create_user","",""
"","5192","[WEB] Sign up with valid data. Case: 'state' length = max - 1","tests.web.component.auth","2026-10-05","passed","2026-10-05","TestSignUpWeb","test_signup_component","",""
"","3104","[WEB Component] Should add product to cart when click on add to cart button multiple times","tests.web.component.product","2026-10-05","passed","2026-10-05","TestProductCard","test_product_details_component","",""
"","0","[API] Create user should return 400_BAD_REQUEST when send create user request with invalid data. Case: 'email' contains multiple '@' symbols","tests.api.user","2026-10-05","skipped","2026-10-05","TestCreateUserApi","test_create_user","",""
"","0","[API] Create user should return 400_BAD_REQUEST when send create user request with invalid data. Case: 'name' length = min - 1","tests.api.user","2026-10-05","skipped","2026-10-05","TestCreateUserApi","test_create_user","",""
"","682","[WEB Component] Should navigate to main page by click on header logo","tests.web.component.base","2026-10-05","passed","2026-10-05","TestHeaderComponent","test_header_component","",""
"","0","[API] Create user should return 400_BAD_REQUEST when send create user request with invalid data. Case: 'zipcode' has invalid format","tests.api.user","2026-10-05","skipped","2026-10-05","TestCreateUserApi","test_create_user","",""
"","0","[API] Update user should return 400_BAD_REQUEST when send update user request with invalid data. Case: 'last_name' length = min - 1","tests.api.user","2026-10-05","skipped","2026-10-05","TestUpdateUserApi","test_update_user","",""
"","2314","[WEB Component] Image Carousel should show next image when scroll right","tests.web.component.carousel","2026-10-05","passed","2026-10-05","TestImageCarousel","test_image_carousel","",""
"","0","[WEB Component] Pay with invalid card should show error message. Case: name contains trailing spaces","tests.web.component.payment","2026-10-05","skipped","2026-10-05","TestPaymentComponent","test_payment_component","",""
"","473","[API] Create user should return 200_OK when send create user request with valid data. Case: 'last_name' length = max","tests.api.user","2026-10-05","passed","2026-10-05","TestCreateUserApi","test_create_user","",""
"","4366","[WEB] Sign up with valid data. Case: 'name' length = max","tests.web.component.auth","2026-10-05","passed","2026-10-05","TestSignUpWeb","test_signup_component","",""
"","0","[WEB] Sign up with invalid data. Case: 'name' length = min","tests.web.component.auth","2026-10-05","skipped","2026-10-05","TestSignUpWeb","test_signup_component","",""
"","254","[API] Update user should return 200_OK when send update user request with valid data. Case: 'address1' length = min + 1","tests.api.user","2026-10-05","passed","2026-10-05","TestUpdateUserApi","test_update_user","",""
"","807","[WEB] Should add product review with valid data. Case: 'email' username contains '-'","tests.web.component.review","2026-10-05","passed","2026-10-05","TestReviewComponent","test_review_component","",""
"","0","[API] Create user should return 400_BAD_REQUEST when send create user request with invalid data. Case: 'email' is word","tests.api.user","2026-10-05","skipped","2026-10-05","TestCreateUserApi","test_create_user","",""
"","364","[API] Update user should return 200_OK when send update user request with valid data. Case: 'zipcode' length = max","tests.api.user","2026-10-05","passed","2026-10-05","TestUpdateUserApi","test_update_user","",""
"","0","[API] Update user should return 400_BAD_REQUEST when send update user request with invalid data. Case: 'first_name' length = min - 1","tests.api.user","2026-10-05","skipped","2026-10-05","TestUpdateUserApi","test_update_user","",""
"","3977","[WEB Component] Order placed page should have expected screenshot","tests.web.component.payment","2026-10-05","passed","2026-10-05","TestPaymentComponent","test_invoice_file","",""
"","0","[API] Update user should return 400_BAD_REQUEST when send update user request with invalid data. Case: 'birth_year' is zero","tests.api.user","2026-10-05","skipped","2026-10-05","TestUpdateUserApi","test_update_user","",""
"","0","[WEB Component] Pay with invalid card should show error message. Case: expiry month only spaces","tests.web.component.payment","2026-10-05","skipped","2026-10-05","TestPaymentComponent","test_payment_component","",""
"","0","[API] Create user should return 400_BAD_REQUEST when send create user request with invalid data. Case: 'email' not contains domain","tests.api.user","2026-10-05","skipped","2026-10-05","TestCreateUserApi","test_create_user","",""
"","0","[WEB] Should not add product review with invalid data. Case: 'email' is empty","tests.web.component.review","2026-10-05","skipped","2026-10-05","TestReviewComponent","test_review_component","",""
"","0","[WEB] Should not add product review with invalid data. Case: 'name' length = min - 1","tests.web.component.review","2026-10-05","skipped","2026-10-05","TestReviewComponent","test_review_component","",""
"","0","[API] Update user should return 400_BAD_REQUEST when send update user request with invalid data. Case: 'address1' length = max + 1","tests.api.user","2026-10-05","skipped","2026-10-05","TestUpdateUserApi","test_update_user","",""
"","0","[API] Update user should return 400_BAD_REQUEST when send update user request with invalid data. Case: 'birth_day' is negative","tests.api.user","2026-10-05","skipped","2026-10-05","TestUpdateUserApi","test_update_user","",""
"","639","[API] Create user should return 200_OK when send create user request with valid data. Case: 'name' length = min + 1","tests.api.user","2026-10-05","passed","2026-10-05","TestCreateUserApi","test_create_user","",""
"","5320","[WEB] Sign up with valid data. Case: 'mobile_number' length = min + 1","tests.web.component.auth","2026-10-05","passed","2026-10-05","TestSignUpWeb","test_signup_component","",""
"","0","[WEB Component] Pay with invalid card should show error message. Case: card number fails luhn check","tests.web.component.payment","2026-10-05","skipped","2026-10-05","TestPaymentComponent","test_payment_component","",""
"","3696","[WEB] Sign up with valid data. Case: 'first_name' length = min","tests.web.component.auth","2026-10-05","passed","2026-10-05","TestSignUpWeb","test_signup_component","",""
"","0","[WEB] Should not add product review with invalid data. Case: 'email' contains text before username","tests.web.component.review","2026-10-05","skipped","2026-10-05","TestReviewComponent","test_review_component","",""
"","2640","[WEB Component] Image Carousel should show first image when scroll right on last image","tests.web.component.carousel","2026-10-05","passed","2026-10-05","TestImageCarousel","test_image_carousel","",""
"","3093","[WEB Component] Should add product to cart when click on add to cart button","tests.web.component.product","2026-10-05","passed","2026-10-05","TestProductCard","test_product_card_component","",""
"","0","[API] Update user should return 400_BAD_REQUEST when send update user request with invalid data. Case: 'email' is word","tests.api.user","2026-10-05","skipped","2026-10-05","TestUpdateUserApi","test_update_user","",""
"","500","[API] Create user should return 400_BAD_REQUEST when send create user request with existing email","tests.api.user","2026-10-05","passed","2026-10-05","TestCreateUserApi","test_create_user","",""
"","0","[API] Create user should return 400_BAD_REQUEST when send create user request with invalid data. Case: 'zipcode' is absent","tests.api.user","2026-10-05","skipped","2026-10-05","TestCreateUserApi","test_create_user","",""
"","0","[WEB] Should not add product review with invalid data. Case: 'name' length = max + 1","tests.web.component.review","2026-10-05","skipped","2026-10-05","TestReviewComponent","test_review_component","",""
"","1926","[WEB Component] Add product notification should have expected data and screenshot","tests.web.component.base","2026-10-05","passed","2026-10-05","TestNotificationComponent","test_notification_component","",""
"","0","[API] Create user should return 400_BAD_REQUEST when send create user request with invalid data. Case: 'company' length = min - 1","tests.api.user","2026-10-05","skipped","2026-10-05","TestCreateUserApi","test_create_user","",""
"","282","[API] Update user should return 200_OK when send update user request with valid data. Case: 'birth_year' = 10000","tests.api.user","2026-10-05","passed","2026-10-05","TestUpdateUserApi","test_update_user","",""
"","981","[WEB] Should add product review with valid data. Case: 'email' domain name length = 2","tests.web.component.review","2026-10-05","passed","2026-10-05","TestReviewComponent","test_review_component","",""
"","537","[API] Create user should return 200_OK when send create user request with valid data. Case: 'first_name' length = max - 1","tests.api.user","2026-10-05","passed","2026-10-05","TestCreateUserApi","test_create_user","",""
"","0","[WEB Component] Pay with invalid card should show error message. Case: name contains leading spaces","tests.web.component.payment","2026-10-05","skipped","2026-10-05","TestPaymentComponent","test_payment_component","",""
"","0","[API] Create user should return 400_BAD_REQUEST when send create user request with invalid data. Case: 'birth_year' is zero","tests.api.user","2026-10-05","skipped","2026-10-05","TestCreateUserApi","test_create_user","",""
"","0","[WEB] Sign up with invalid data. Case: 'birth_day' = 1","tests.web.component.auth","2026-10-05","skipped","2026-10-05","TestSignUpWeb","test_signup_component","",""
"","0","[WEB Component] Pay with invalid card should show error message. Case: card number contains spaces","tests.web.component.payment","2026-10-05","skipped","2026-10-05","TestPaymentComponent","test_payment_component","",""
"","360","[API] Update user should return 200_OK when send update user request with valid data. Case: 'address2' length = min","tests.api.user","2026-10-05","passed","2026-10-05","TestUpdateUserApi","test_update_user","",""
"","0","[API] Create user should return 400_BAD_REQUEST when send create user request with invalid data. Case: 'city' length = max + 1","tests.api.user","2026-10-05","skipped","2026-10-05","TestCreateUserApi","test_create_user","",""
"","388","[API] Update user should return 200_OK when send update user request with valid data. Case: 'birth_month' = 1","tests.api.user","2026-10-05","passed","2026-10-05","TestUpdateUserApi","test_update_user","",""
"","776","[WEB Component] Add product notification should be closed when click on close button","tests.web.component.base","2026-10-05","passed","2026-10-05","TestNotificationComponent","test_notification_component","",""
"","0","[WEB] Should not add product review with invalid data. Case: 'email' contains domain with one letter","tests.web.component.review","2026-10-05","skipped","2026-10-05","TestReviewComponent","test_review_component","",""
"","702","[WEB] Sign in with invalid credentials. Case: {case_title}","tests.web.component.auth","2026-10-05","passed","2026-10-05","TestLoginWeb","test_login_component","",""
"","0","[API] Create user should return 400_BAD_REQUEST when send create user request with invalid data. Case: 'address1' length = max + 1","tests.api.user","2026-10-05","skipped","2026-10-05","TestCreateUserApi","test_create_user","",""
"","0","[WEB] Sign up with invalid data. Case: 'address1' length = min","tests.web.component.auth","2026-10-05","skipped","2026-10-05","TestSignUpWeb","test_signup_component","",""
"","0","[WEB Component] Should not subscribe with invalid email","tests.web.component.base","2026-10-05","skipped","2026-10-05","TestSubscriptionComponent","test_subscription_component","",""
"","0","[API] Update user should return 400_BAD_REQUEST when send update user request with invalid data. Case: 'email' contains invalid top level domain web","tests.api.user","2026-10-05","skipped","2026-10-05","TestUpdateUserApi","test_update_user","",""
"","0","[WEB Component] Pay with invalid card should show error message. Case: name length = min - 1","tests.web.component.payment","2026-10-05","skipped","2026-10-05","TestPaymentComponent","test_payment_component","",""
"","0","[API] Create user should return 400_BAD_REQUEST when send create user request with invalid data. Case: 'last_name' is empty","tests.api.user","2026-10-05","skipped","2026-10-05","TestCreateUserApi","test_create_user","",""
"","0","[API] Create user should return 400_BAD_REQUEST when send create user request with invalid data. Case: 'city' is absent","tests.api.user","2026-10-05","skipped","2026-10-05","TestCreateUserApi","test_create_user","",""
"","2614","[WEB Component] Products Carousel should show next products when scroll right","tests.web.component.carousel","2026-10-05","passed","2026-10-05","TestProductCarousel","test_product_carousel","",""
"","4288","[WEB] Sign up with valid data. Case: 'zipcode' length = min","tests.web.component.auth","2026-10-05","passed","2026-10-05","TestSignUpWeb","test_signup_component","",""
"","0","[WEB Component] Pay with invalid card should show error message. Case: expiry year only spaces","tests.web.component.payment","2026-10-05","skipped","2026-10-05","TestPaymentComponent","test_payment_component","",""
"","0","[WEB Component] Pay with invalid card should show error message. Case: name length = max + 1","tests.web.component.payment","2026-10-05","skipped","2026-10-05","TestPaymentComponent","test_payment_component","",""
"","0","[API] Update user should return 400_BAD_REQUEST when send update user request with invalid data. Case: 'mobile_number' length = max + 1","tests.api.user","2026-10-05","skipped","2026-10-05","TestUpdateUserApi","test_update_user","",""
"","172","[API] Create user should return 200_OK when send create user request with valid data. Case: 'mobile_number' length = max","tests.api.user","2026-10-05","passed","2026-10-05","TestCreateUserApi","test_create_user","",""
"","316","[WEB Component] Subscription component should have expected screenshot","tests.web.component.base","2026-10-05","failed","2026-10-05","TestSubscriptionComponent","test_subscription_component","",""
"","0","[WEB] Sign up with invalid data. Case: 'state' length = min + 1","tests.web.component.auth","2026-10-05","skipped","2026-10-05","TestSignUpWeb","test_signup_component","",""
"","0","[WEB] Sign up with invalid data. Case: 'zipcode' length = max","tests.web.component.auth","2026-10-05","skipped","2026-10-05","TestSignUpWeb","test_signup_component","",""
"","0","[API] Create user should return 400_BAD_REQUEST when send create user request with invalid data. Case: 'first_name' length = min - 1","tests.api.user","2026-10-05","skipped","2026-10-05","TestCreateUserApi","test_create_user","",""
"","991","[WEB Component] Should navigate to main page by click on header logo","tests.web.component.base","2026-10-05","passed","2026-10-05","TestHeaderComponent","test_header_component","",""
"","496","[API] Update user should return 200_OK when send update user request with valid data. Case: 'first_name' length = min","tests.api.user","2026-10-05","passed","2026-10-05","TestUpdateUserApi","test_update_user","",""
"","6249","[WEB Component] Category filter should have expected screenshot when group expanded","tests.web.component.filter","2026-10-05","failed","2026-10-05","TestCategoryFilter","test_category_filter","",""
"","374","[API] Update user should return 200_OK when send update user request with valid data. Case: 'mobile_number' length = min + 1","tests.api.user","2026-10-05","passed","2026-10-05","TestUpdateUserApi","test_update_user","",""
"","0","[API] Create user should return 400_BAD_REQUEST when send create user request with invalid data. Case: 'address1' is empty","tests.api.user","2026-10-05","skipped","2026-10-05","TestCreateUserApi","test_create_user","",""
"","591","[API] Update user should return 200_OK when send update user request with valid data. Case: 'address2' length = min + 1","tests.api.user","2026-10-05","passed","2026-10-05","TestUpdateUserApi","test_update_user","",""
"","0","[WEB] Sign up with invalid data. Case: 'city' length = max - 1","tests.web.component.auth","2026-10-05","skipped","2026-10-05","TestSignUpWeb","test_signup_component","",""
"","6026","[WEB] Sign up with valid data. Case: 'birth_day' = 1","tests.web.component.auth","2026-10-05","passed","2026-10-05","TestSignUpWeb","test_signup_component","",""
"","0","[API] Create user should return 400_BAD_REQUEST when send create user request with invalid data. Case: 'name' is absent","tests.api.user","2026-10-05","skipped","2026-10-05","TestCreateUserApi","test_create_user","",""
"","643","[WEB] Should add product review with valid data. Case: 'email' domain length = 2","tests.web.component.review","2026-10-05","passed","2026-10-05","TestReviewComponent","test_review_component","",""
"","0","[API] Update user should return 400_BAD_REQUEST when send update user request with invalid data. Case: 'email' contains multiple '@' symbols","tests.api.user","2026-10-05","skipped","2026-10-05","TestUpdateUserApi","test_update_user","",""
"","2014","[WEB Component] Pay with valid card should show success status message. Case: valid: name min length","tests.web.component.payment","2026-10-05","passed","2026-10-05","TestPaymentComponent","test_payment_component","",""
"","0","[WEB] Sign up with invalid data. Case: 'first_name' length = min","tests.web.component.auth","2026-10-05","skipped","2026-10-05","TestSignUpWeb","test_signup_component","",""
"","0","[WEB] Sign up with invalid data. Case: 'birth_year' = 1","tests.web.component.auth","2026-10-05","skipped","2026-10-05","TestSignUpWeb","test_signup_component","",""
"","1731","[WEB] Should add product review with valid data. Case: 'message' length = max","tests.web.component.review","2026-10-05","passed","2026-10-05","TestReviewComponent","test_review_component","",""
"","4211","[WEB] Sign up with valid data. Case: 'birth_month' = 1","tests.web.component.auth","2026-10-05","passed","2026-10-05","TestSignUpWeb","test_signup_component","",""
"","0","[API] Update user should return 400_BAD_REQUEST when send update user request with invalid data. Case: 'birth_month' is invalid positive","tests.api.user","2026-10-05","skipped","2026-10-05","TestUpdateUserApi","test_update_user","",""
"","0","[API] Create user should return 400_BAD_REQUEST when send create user request with invalid data. Case: 'email' not contains '@' symbol","tests.api.user","2026-10-05","skipped","2026-10-05","TestCreateUserApi","test_create_user","",""
"","418","[API] Get csrf should return 200_OK when send get csrf request and contains csrf cookie","tests.api.auth","2026-10-05","passed","2026-10-05","TestAuthApi","test_auth","",""
"","0","[WEB Component] Pay with invalid card should show error message. Case: card number all zeros","tests.web.component.payment","2026-10-05","skipped","2026-10-05","TestPaymentComponent","test_payment_component","",""
"","251","[API] Create user should return 200_OK when send create user request with valid data. Case: 'name' length = max - 1","tests.api.user","2026-10-05","passed","2026-10-05","TestCreateUserApi","test_create_user","",""
"","0","[WEB] Sign up with invalid data. Case: 'state' length = max","tests.web.component.auth","2026-10-05","skipped","2026-10-05","TestSignUpWeb","test_signup_component","",""
"","0","[WEB Component] Pay with invalid card should show error message. Case: expiry month contains letters","tests.web.component.payment","2026-10-05","skipped","2026-10-05","TestPaymentComponent","test_payment_component","",""
"","0","[WEB] Sign up with invalid data. Case: 'name' length = max - 1","tests.web.component.auth","2026-10-05","skipped","2026-10-05","TestSignUpWeb","test_signup_component","",""
"","0","[API] Update user should return 400_BAD_REQUEST when send update user request with invalid data. Case: 'email' not contains domain","tests.api.user","2026-10-05","skipped","2026-10-05","TestUpdateUserApi","test_update_user","",""
"","246","[API] Create user should return 200_OK when send create user request with valid data. Case: 'mobile_number' length = min + 1","tests.api.user","2026-10-05","passed","2026-10-05","TestCreateUserApi","test_create_user","",""
"","943","[WEB Component] Should have expected success status message after sending contact info","tests.web.component.base","2026-10-05","passed","2026-10-05","TestSubscriptionComponent","test_subscription_component","",""
"","548","[API] Create user should return 200_OK when send create user request with valid data. Case: 'company' length = min + 1","tests.api.user","2026-10-05","passed","2026-10-05","TestCreateUserApi","test_create_user","",""
"","764","[WEB] Should add product review with valid data. Case: 'email' has not exists email service","tests.web.component.review","2026-10-05","passed","2026-10-05","TestReviewComponent","test_review_component","",""
"","0","[API] Create user should return 400_BAD_REQUEST when send create user request with invalid data. Case: 'email' is empty","tests.api.user","2026-10-05","skipped","2026-10-05","TestCreateUserApi","test_create_user","",""
"","0","[WEB] Sign up with invalid data. Case: 'address2' length = max","tests.web.component.auth","2026-10-05","skipped","2026-10-05","TestSignUpWeb","test_signup_component","",""
"","51","[WEB Component] Should visible user name when authorized","tests.web.component.base","2026-10-05","passed","2026-10-05","TestHeaderComponent","test_header_component","",""
"","223","[API] Create user should return 200_OK when send create user request with valid data. Case: 'state' length = min + 1","tests.api.user","2026-10-05","passed","2026-10-05","TestCreateUserApi","test_create_user","",""
"","298","[API] Update user should return 200_OK when send update user request with valid data. Case: 'mobile_number' length = max","tests.api.user","2026-10-05","passed","2026-10-05","TestUpdateUserApi","test_update_user","",""
"","715","[WEB] Should add product review with valid data. Case: 'name' length = max","tests.web.component.review","2026-10-05","passed","2026-10-05","TestReviewComponent","test_review_component","",""
"","0","[API] Update user should return 400_BAD_REQUEST when send update user request with invalid data. Case: 'last_name' length = max + 1","tests.api.user","2026-10-05","skipped","2026-10-05","TestUpdateUserApi","test_update_user","",""
"","297","[API] Update user should return 200_OK when send update user request with valid data. Case: 'city' length = min + 1","tests.api.user","2026-10-05","passed","2026-10-05","TestUpdateUserApi","test_update_user","",""
"","0","[API] Create user should return 400_BAD_REQUEST when send create user request with invalid data. Case: 'last_name' length = max + 1","tests.api.user","2026-10-05","skipped","2026-10-05","TestCreateUserApi","test_create_user","",""
"","6261","[WEB] Sign up with valid data. Case: 'company' length = min","tests.web.component.auth","2026-10-05","passed","2026-10-05","TestSignUpWeb","test_signup_component","",""
"","5241","[WEB] Sign up with valid data. Case: 'address2' length = max","tests.web.component.auth","2026-10-05","passed","2026-10-05","TestSignUpWeb","test_signup_component","",""
"","12166","Purchase products with login before checkout","tests.web.e2e","2026-10-05","passed","2026-10-05","TestPlaceOrder","test_place_order","",""
"","506","[API] Get user should return 404_NOT_FOUND when send get user request and user not exists","tests.api.user","2026-10-05","passed","2026-10-05","TestGetUserApi","test_get_user","",""
"","0","[API] Create user should return 400_BAD_REQUEST when send create user request with invalid data. Case: 'birth_month' is negative","tests.api.user","2026-10-05","skipped","2026-10-05","TestCreateUserApi","test_create_user","",""
"","7071","[WEB Component] Can download invoice multiple times","tests.web.component.payment","2026-10-05","passed","2026-10-05","TestPaymentComponent","test_invoice_file","",""
"","260","[API] Update user should return 200_OK when send update user request with valid data. Case: 'name' length = max - 1","tests.api.user","2026-10-05","passed","2026-10-05","TestUpdateUserApi","test_update_user","",""
"","0","[WEB] Should not add product review with invalid data. Case: 'email' contains multiple '@' symbols","tests.web.component.review","2026-10-05","skipped","2026-10-05","TestReviewComponent","test_review_component","",""
"","0","[API] Update user should return 400_BAD_REQUEST when send update user request with invalid data. Case: 'address2' is empty","tests.api.user","2026-10-05","skipped","2026-10-05","TestUpdateUserApi","test_update_user","",""
"","0","[API] Create user should return 400_BAD_REQUEST when send create user request with invalid data. Case: 'birth_day' is negative","tests.api.user","2026-10-05","skipped","2026-10-05","TestCreateUserApi","test_create_user","",""
"","0","[WEB Component] Pay with invalid card should show error message. Case: cvc only spaces","tests.web.component.payment","2026-10-05","skipped","2026-10-05","TestPaymentComponent","test_payment_component","",""
"","431","[API] Update user should return 200_OK when send update user request with valid data. Case: 'last_name' length = min","tests.api.user","2026-10-05","passed","2026-10-05","TestUpdateUserApi","test_update_user","",""
"","0","[API] Update user should return 400_BAD_REQUEST when send update user request with invalid data. Case: 'last_name' is absent","tests.api.user","2026-10-05","skipped","2026-10-05","TestUpdateUserApi","test_update_user","",""
"","0","[WEB] Should not add product review with invalid data. Case: 'name' is empty","tests.web.component.review","2026-10-05","skipped","2026-10-05","TestReviewComponent","test_review_component","",""
"","6405","[WEB] Sign up with valid data. Case: 'first_name' length = max","tests.web.component.auth","2026-10-05","passed","2026-10-05","TestSignUpWeb","test_signup_component","",""
"","0","[API] Update user should return 400_BAD_REQUEST when send update user request with invalid data. Case: 'birth_month' is zero","tests.api.user","2026-10-05","skipped","2026-10-05","TestUpdateUserApi","test_update_user","",""
"","0","[API] Update user should return 400_BAD_REQUEST when send update user request with invalid data. Case: 'birth_day' is absent","tests.api.user","2026-10-05","skipped","2026-10-05","TestUpdateUserApi","test_update_user","",""
"","0","[WEB Component] Pay with invalid card should show error message. Case: expiry year in the past","tests.web.component.payment","2026-10-05","skipped","2026-10-05","TestPaymentComponent","test_payment_component","",""
"","7104","[WEB] Sign up with valid data. Case: 'city' length = min","tests.web.component.auth","2026-10-05","passed","2026-10-05","TestSignUpWeb","test_signup_component","",""
"","0","[WEB] Sign up with invalid data. Case: 'mobile_number' length = min","tests.web.component.auth","2026-10-05","skipped","2026-10-05","TestSignUpWeb","test_signup_component","",""
"","6022","[WEB] Sign up with valid data. Case: 'city' length = min + 1","tests.web.component.auth","2026-10-05","passed","2026-10-05","TestSignUpWeb","test_signup_component","",""
"","554","[API] Create user should return 200_OK when send create user request with valid data. Case: 'birth_day' length = 31","tests.api.user","2026-10-05","passed","2026-10-05","TestCreateUserApi","test_create_user","",""
"","388","[API] Update user should return 200_OK when send update user request with valid data. Case: 'zipcode' length = min + 1","tests.api.user","2026-10-05","passed","2026-10-05","TestUpdateUserApi","test_update_user","",""
"","0","[API] Update user should return 400_BAD_REQUEST when send update user request with invalid data. Case: 'mobile_number' length = min - 1","tests.api.user","2026-10-05","skipped","2026-10-05","TestUpdateUserApi","test_update_user","",""
"","417","[WEB] Should add product review with valid data. Case: 'message' length = min","tests.web.component.review","2026-10-05","passed","2026-10-05","TestReviewComponent","test_review_component","",""
"","263","[API] Create user should return 200_OK when send create user request with valid data. Case: 'address2' length = max - 1","tests.api.user","2026-10-05","passed","2026-10-05","TestCreateUserApi","test_create_user","",""
"","0","[API] Update user should return 400_BAD_REQUEST when send update user request with invalid data. Case: 'email' contains domain with one letter","tests.api.user","2026-10-05","skipped","2026-10-05","TestUpdateUserApi","test_update_user","",""
"","0","[API] Create user should return 400_BAD_REQUEST when send create user request with invalid data. Case: 'address2' length = max + 1","tests.api.user","2026-10-05","skipped","2026-10-05","TestCreateUserApi","test_create_user","",""
"","0","[WEB] Sign up with invalid data. Case: 'mobile_number' length = max - 1","tests.web.component.auth","2026-10-05","skipped","2026-10-05","TestSignUpWeb","test_signup_component","",""
"","0","[API] Update user should return 400_BAD_REQUEST when send update user request with invalid data. Case: 'address2' length = min - 1","tests.api.user","2026-10-05","skipped","2026-10-05","TestUpdateUserApi","test_update_user","",""
"","334","[API] Delete user should return 404_NOT_FOUND when send delete user request and user not exists","tests.api.user","2026-10-05","passed","2026-10-05","TestDeleteUserApi","test_delete_user","",""
"","0","[API] Update user should return 400_BAD_REQUEST when send update user request with invalid data. Case: 'email' contains only special symbols","tests.api.user","2026-10-05","skipped","2026-10-05","TestUpdateUserApi","test_update_user","",""
"","5907","[WEB] Sign up with valid data. Case: 'name' length = max - 1","tests.web.component.auth","2026-10-05","passed","2026-10-05","TestSignUpWeb","test_signup_component","",""
"","288","[API] Update user should return 200_OK when send update user request with valid data. Case: 'last_name' length = max - 1","tests.api.user","2026-10-05","passed","2026-10-05","TestUpdateUserApi","test_update_user","",""
"","513","[API] Update user should return 200_OK when send update user request with valid data. Case: 'address1' length = max - 1","tests.api.user","2026-10-05","passed","2026-10-05","TestUpdateUserApi","test_update_user","",""
"","0","[WEB] Sign up with invalid data. Case: 'last_name' length = min","tests.web.component.auth","2026-10-05","skipped","2026-10-05","TestSignUpWeb","test_signup_component","",""
"","676","[WEB Component] Should delete user name by click on 'Delete Account' button","tests.web.component.base","2026-10-05","passed","2026-10-05","TestHeaderComponent","test_header_component","",""
"","0","[API] Create user should return 400_BAD_REQUEST when send create user request with invalid data. Case: 'mobile_number' length = min - 1","tests.api.user","2026-10-05","skipped","2026-10-05","TestCreateUserApi","test_create_user","",""
"","762","Should return user not found when user password invalid","tests.api.user","2026-10-05","passed","2026-10-05","TestVerifyLoginApi","test_verify_login","",""
"","0","[API] Update user should return 400_BAD_REQUEST when send update user request with invalid data. Case: 'birth_month' is absent","tests.api.user","2026-10-05","skipped","2026-10-05","TestUpdateUserApi","test_update_user","",""
"","634","[WEB Component] Should remove product from cart","tests.web.component.product","2026-10-05","passed","2026-10-05","TestProductItem","test_product_item","",""
"","0","[WEB] Should not add product review with invalid data. Case: 'email' is word","tests.web.component.review","2026-10-05","skipped","2026-10-05","TestReviewComponent","test_review_component","",""
"","0","[API] Update user should return 400_BAD_REQUEST when send update user request with invalid data. Case: 'email' contains username hieroglyphs instead of username","tests.api.user","2026-10-05","skipped","2026-10-05","TestUpdateUserApi","test_update_user","",""
"","5623","[WEB] Sign up with valid data. Case: 'state' length = min + 1","tests.web.component.auth","2026-10-05","passed","2026-10-05","TestSignUpWeb","test_signup_component","",""
"","0","[WEB] Sign up with invalid data. Case: 'address1' length = max","tests.web.component.auth","2026-10-05","skipped","2026-10-05","TestSignUpWeb","test_signup_component","",""
"","0","[API] Create user should return 400_BAD_REQUEST when send create user request with invalid data. Case: 'name' length = max + 1","tests.api.user","2026-10-05","skipped","2026-10-05","TestCreateUserApi","test_create_user","",""
"","487","[WEB] Should add product review with valid data. Case: 'name' length = max - 1","tests.web.component.review","2026-10-05","passed","2026-10-05","TestReviewComponent","test_review_component","",""
"","0","[WEB Component] Pay with invalid card should show error message. Case: name contains special characters","tests.web.component.payment","2026-10-05","skipped","2026-10-05","TestPaymentComponent","test_payment_component","",""
"","0","[API] Create user should return 400_BAD_REQUEST when send create user request with invalid data. Case: 'mobile_number' is absent","tests.api.user","2026-10-05","skipped","2026-10-05","TestCreateUserApi","test_create_user","",""
"","238","[API] Create user should return 200_OK when send create user request with valid data. Case: 'birth_year' = 10000","tests.api.user","2026-10-05","passed","2026-10-05","TestCreateUserApi","test_create_user","",""
"","0","[API] Update user should return 400_BAD_REQUEST when send update user request with invalid data. Case: 'address1' length = min - 1","tests.api.user","2026-10-05","skipped","2026-10-05","TestUpdateUserApi","test_update_user","",""
"","541","[API] Update user should return 200_OK when send update user request with valid data. Case: 'company' length = max - 1","tests.api.user","2026-10-05","passed","2026-10-05","TestUpdateUserApi","test_update_user","",""
"","0","[API] Update user should return 400_BAD_REQUEST when send update user request with invalid data. Case: 'state' length = max + 1","tests.api.user","2026-10-05","skipped","2026-10-05","TestUpdateUserApi","test_update_user","",""
"","1249","[WEB Component] Image Carousel should show last image when scroll left on first image","tests.web.component.carousel","2026-10-05","passed","2026-10-05","TestImageCarousel","test_image_carousel","",""
"","400","[API] Create user should return 200_OK when send create user request with valid data. Case: 'state' length = max - 1","tests.api.user","2026-10-05","passed","2026-10-05","TestCreateUserApi","test_create_user","",""
"","327","[WEB] Should have expected screenshot when not send review","tests.web.component.review","2026-10-05","passed","2026-10-05","TestReviewComponent","test_review_component","",""
"","440","[API] Update user should return 200_OK when send update user request with valid data. Case: 'birth_year' = 1","tests.api.user","2026-10-05","passed","2026-10-05","TestUpdateUserApi","test_update_user","",""
"","2614","[WEB Component] Should increase product item quantity","tests.web.component.product","2026-10-05","passed","2026-10-05","TestProductItem","test_product_item","",""
"","0","[WEB Component] Pay with invalid card should show error message. Case: expiry month = 00","tests.web.component.payment","2026-10-05","skipped","2026-10-05","TestPaymentComponent","test_payment_component","",""
"","0","[WEB] Should not add product review with invalid data. Case: 'email' contains '-' after '@'","tests.web.component.review","2026-10-05","skipped","2026-10-05","TestReviewComponent","test_review_component","",""
"","549","[API] Update user should return 200_OK when send update user request with valid data. Case: 'address2' length = max - 1","tests.api.user","2026-10-05","passed","2026-10-05","TestUpdateUserApi","test_update_user","",""
"","0","[WEB] Should not add product review with invalid data. Case: 'name' is absent","tests.web.component.review","2026-10-05","skipped","2026-10-05","TestReviewComponent","test_review_component","",""
"","0","[API] Update user should return 400_BAD_REQUEST when send update user request with invalid data. Case: 'last_name' is empty","tests.api.user","2026-10-05","skipped","2026-10-05","TestUpdateUserApi","test_update_user","",""
"","497","[WEB Component] Pay with valid card should show success status message. Case: valid: cvc typical","tests.web.component.payment","2026-10-05","passed","2026-10-05","TestPaymentComponent","test_payment_component","",""
"","0","[API] Create user should return 400_BAD_REQUEST when send create user request with invalid data. Case: 'email' contains text before username","tests.api.user","2026-10-05","skipped","2026-10-05","TestCreateUserApi","test_create_user","",""
"","536","[API] Create user should return 200_OK when send create user request with valid data. Case: 'state' length = min","tests.api.user","2026-10-05","passed","2026-10-05","TestCreateUserApi","test_create_user","",""
"","0","[WEB] Sign up with invalid data. Case: 'address2' length = min","tests.web.component.auth","2026-10-05","skipped","2026-10-05","TestSignUpWeb","test_signup_component","",""
"","0","[WEB Component] Pay with invalid card should show error message. Case: card number contains special characters","tests.web.component.payment","2026-10-05","skipped","2026-10-05","TestPaymentComponent","test_payment_component","",""
"","450","[API] Update user should return 200_OK when send update user request with valid data. Case: 'birth_day' = 1","tests.api.user","2026-10-05","passed","2026-10-05","TestUpdateUserApi","test_update_user","",""
"","0","[WEB] Sign up with invalid data. Case: 'zipcode' length = max - 1","tests.web.component.auth","2026-10-05","skipped","2026-10-05","TestSignUpWeb","test_signup_component","",""
"","0","[WEB] Should not add product review with invalid data. Case: 'email' contains only special symbols","tests.web.component.review","2026-10-05","skipped","2026-10-05","TestReviewComponent","test_review_component","",""
"","0","[WEB] Sign up with invalid data. Case: 'zipcode' length = min","tests.web.component.auth","2026-10-05","skipped","2026-10-05","TestSignUpWeb","test_signup_component","",""
"","630","[WEB] Should add product review with valid data. Case: 'name' length = min","tests.web.component.review","2026-10-05","passed","2026-10-05","TestReviewComponent","test_review_component","",""
"","230","[API] Create user should return 200_OK when send create user request with valid data. Case: 'last_name' length = max - 1","tests.api.user","2026-10-05","passed","2026-10-05","TestCreateUserApi","test_create_user","",""
"","199","[API] Get user should return 200_OK when send get user request and user exists","tests.api.user","2026-10-05","passed","2026-10-05","TestGetUserApi","test_get_user","",""
"","782","[WEB] Should add product review with valid data. Case: 'email' domain contains '-'","tests.web.component.review","2026-10-05","passed","2026-10-05","TestReviewComponent","test_review_component","",""
"","592","[WEB Component] Should add product to cart when click on add to cart button","tests.web.component.product","2026-10-05","passed","2026-10-05","TestAnimatedProductCard","test_animated_product_card_component","",""
"","0","[WEB] Sign up with invalid data. Case: 'birth_month' = 12","tests.web.component.auth","2026-10-05","skipped","2026-10-05","TestSignUpWeb","test_signup_component","",""
"","5903","[WEB] Sign up with valid data. Case: 'company' length = max","tests.web.component.auth","2026-10-05","passed","2026-10-05","TestSignUpWeb","test_signup_component","",""
"","444","[API] Update user should return 200_OK when send update user request with valid data. Case: 'city' length = max - 1","tests.api.user","2026-10-05","passed","2026-10-05","TestUpdateUserApi","test_update_user","",""
"","0","[WEB Component] Pay with invalid card should show error message. Case: cvc contains special characters","tests.web.component.payment","2026-10-05","skipped","2026-10-05","TestPaymentComponent","test_payment_component","",""
"","472","[API] Update user should return 200_OK when send update user request with valid data. Case: 'company' length = max","tests.api.user","2026-10-05","passed","2026-10-05","TestUpdateUserApi","test_update_user","",""
"","0","[API] Update user should return 400_BAD_REQUEST when send update user request with invalid data. Case: 'address1' is empty","tests.api.user","2026-10-05","skipped","2026-10-05","TestUpdateUserApi","test_update_user","",""
"","0","[WEB Component] Pay with invalid card should show error message. Case: cvc too short","tests.web.component.payment","2026-10-05","skipped","2026-10-05","TestPaymentComponent","test_payment_component","",""
"","4966","[WEB] Sign up with valid data. Case: 'last_name' length = max - 1","tests.web.component.auth","2026-10-05","passed","2026-10-05","TestSignUpWeb","test_signup_component","",""
"","2932","[WEB Component] Should not add negative products count to cart when click on add to cart button","tests.web.component.product","2026-10-05","passed","2026-10-05","TestProductCard","test_product_details_component","",""
"","0","[API] Create user should return 400_BAD_REQUEST when send create user request with invalid data. Case: 'first_name' is empty","tests.api.user","2026-10-05","skipped","2026-10-05","TestCreateUserApi","test_create_user","",""
"","312","[API] Update user should return 200_OK when send update user request with valid data. Case: 'state' length = max","tests.api.user","2026-10-05","passed","2026-10-05","TestUpdateUserApi","test_update_user","",""
"","0","[API] Update user should return 400_BAD_REQUEST when send update user request with invalid data. Case: 'mobile_number' is absent","tests.api.user","2026-10-05","skipped","2026-10-05","TestUpdateUserApi","test_update_user","",""
"","4903","[WEB] Sign up with valid data. Case: 'address2' length = min","tests.web.component.auth","2026-10-05","passed","2026-10-05","TestSignUpWeb","test_signup_component","",""
"","0","[API] Create user should return 400_BAD_REQUEST when send create user request with invalid data. Case: 'birth_month' is absent","tests.api.user","2026-10-05","skipped","2026-10-05","TestCreateUserApi","test_create_user","",""
"","0","[WEB] Should not add product review with invalid data. Case: 'email' not contains domain","tests.web.component.review","2026-10-05","skipped","2026-10-05","TestReviewComponent","test_review_component","",""
"","0","[WEB] Should not add product review with invalid data. Case: 'message' length = min","tests.web.component.review","2026-10-05","skipped","2026-10-05","TestReviewComponent","test_review_component","",""
"","548","[API] Update user should return 200_OK when send update user request with valid data. Case: 'zipcode' length = min","tests.api.user","2026-10-05","passed","2026-10-05","TestUpdateUserApi","test_update_user","",""
"","0","[WEB] Sign up with invalid data. Case: 'state' length = max - 1","tests.web.component.auth","2026-10-05","skipped","2026-10-05","TestSignUpWeb","test_signup_component","",""
"","607","[API] Delete user should return 200_OK when send delete user request and user exists","tests.api.user","2026-10-05","passed","2026-10-05","TestDeleteUserApi","test_delete_user","",""
"","3890","[WEB] Sign up with valid data. Case: 'first_name' length = max - 1","tests.web.component.auth","2026-10-05","passed","2026-10-05","TestSignUpWeb","test_signup_component","",""
"","0","[API] Update user should return 400_BAD_REQUEST when send update user request with invalid data. Case: 'city' is absent","tests.api.user","2026-10-05","skipped","2026-10-05","TestUpdateUserApi","test_update_user","",""
"","0","[WEB] Should not add product review with invalid data. Case: 'email' not contains '@' symbol","tests.web.component.review","2026-10-05","skipped","2026-10-05","TestReviewComponent","test_review_component","",""
"","437","[API] Create user should return 200_OK when send create user request with valid data. Case: 'first_name' length = min + 1","tests.api.user","2026-10-05","passed","2026-10-05","TestCreateUserApi","test_create_user","",""
"","0","[API] Update user should return 400_BAD_REQUEST when send update user request with invalid data. Case: 'zipcode' is absent","tests.api.user","2026-10-05","skipped","2026-10-05","TestUpdateUserApi","test_update_user","",""
"","0","[WEB Component] Product item should have expected data","tests.web.component.product","2026-10-05","broken","2026-10-05","TestProductItem","test_product_item","",""
"","1653","[WEB Component] Products Carousel should show previous image when scroll left","tests.web.component.carousel","2026-10-05","passed","2026-10-05","TestProductCarousel","test_product_carousel","",""
"","0","[API] Update user should return 400_BAD_REQUEST when send update user request with invalid data. Case: 'mobile_number' is empty","tests.api.user","2026-10-05","skipped","2026-10-05","TestUpdateUserApi","test_update_user","",""
"","0","[API] Update user should return 400_BAD_REQUEST when send update user request with invalid data. Case: 'email' contains mail server as ip and port","tests.api.user","2026-10-05","skipped","2026-10-05","TestUpdateUserApi","test_update_user","",""
"","0","[API] Create user should return 400_BAD_REQUEST when send create user request with invalid data. Case: 'last_name' is absent","tests.api.user","2026-10-05","skipped","2026-10-05","TestCreateUserApi","test_create_user","",""
"","0","[API] Create user should return 400_BAD_REQUEST when send create user request with invalid data. Case: 'mobile_number' length = max + 1","tests.api.user","2026-10-05","skipped","2026-10-05","TestCreateUserApi","test_create_user","",""
"","7261","[WEB] Sign up with valid data. Case: 'company' length = min + 1","tests.web.component.auth","2026-10-05","passed","2026-10-05","TestSignUpWeb","test_signup_component","",""
"","0","[API] Create user should return 400_BAD_REQUEST when send create user request with invalid data. Case: 'birth_month' is zero","tests.api.user","2026-10-05","skipped","2026-10-05","TestCreateUserApi","test_create_user","",""
"","5958","[WEB] Sign up with valid data. Case: 'state' length = max","tests.web.component.auth","2026-10-05","passed","2026-10-05","TestSignUpWeb","test_signup_component","",""
"","550","[API] Update user should return 200_OK when send update user request with valid data. Case: 'first_name' length = min + 1","tests.api.user","2026-10-05","passed","2026-10-05","TestUpdateUserApi","test_update_user","",""
"","247","[API] Create user should return 200_OK when send create user request with valid data. Case: 'mobile_number' length = min","tests.api.user","2026-10-05","passed","2026-10-05","TestCreateUserApi","test_create_user","",""
"","4799","[WEB] Sign up with valid data. Case: 'address1' length = min + 1","tests.web.component.auth","2026-10-05","passed","2026-10-05","TestSignUpWeb","test_signup_component","",""
"","0","[API] Update user should return 400_BAD_REQUEST when send update user request with invalid data. Case: 'state' is empty","tests.api.user","2026-10-05","skipped","2026-10-05","TestUpdateUserApi","test_update_user","",""
"","0","[API] Update user should return 400_BAD_REQUEST when send update user request with invalid data. Case: 'address1' is absent","tests.api.user","2026-10-05","skipped","2026-10-05","TestUpdateUserApi","test_update_user","",""
"","0","[API] Create user should return 400_BAD_REQUEST when send create user request with invalid data. Case: 'mobile_number' is empty","tests.api.user","2026-10-05","skipped","2026-10-05","TestCreateUserApi","test_create_user","",""
"","0","[WEB Component] Pay with invalid card should show error message. Case: expiry year too short","tests.web.component.payment","2026-10-05","skipped","2026-10-05","TestPaymentComponent","test_payment_component","",""
"","1407","[WEB Component] Page scroller scroll page to top","tests.web.component.base","2026-10-05","passed","2026-10-05","TestPageScrollerComponent","test_page_scroller_component","",""
"","0","[API] Update user should return 400_BAD_REQUEST when send update user request with invalid data. Case: 'city' length = min - 1","tests.api.user","2026-10-05","skipped","2026-10-05","TestUpdateUserApi","test_update_user","",""
"","455","[WEB Component] Animated product card should have expected data","tests.web.component.product","2026-10-05","failed","2026-10-05","TestAnimatedProductCard","test_animated_product_card_component","",""
"","0","[WEB Component] Pay with invalid card should show error message. Case: cvc is empty","tests.web.component.payment","2026-10-05","skipped","2026-10-05","TestPaymentComponent","test_payment_component","",""
"","234","[API] Create user should return 200_OK when send create user request with valid data. Case: 'last_name' length = min","tests.api.user","2026-10-05","passed","2026-10-05","TestCreateUserApi","test_create_user","",""
"","0","[WEB] Should not add product review with invalid data. Case: 'email' contains '.' before dog symbol","tests.web.component.review","2026-10-05","skipped","2026-10-05","TestReviewComponent","test_review_component","",""
"","0","[WEB] Sign up with invalid data. Case: 'company' length = max","tests.web.component.auth","2026-10-05","skipped","2026-10-05","TestSignUpWeb","test_signup_component","",""
"","512","[WEB] Should add product review with valid data. Case: 'email' contains subdomain","tests.web.component.review","2026-10-05","passed","2026-10-05","TestReviewComponent","test_review_component","",""
"","2036","[WEB Component] Brand filter should have expected screenshot","tests.web.component.filter","2026-10-05","passed","2026-10-05","TestBrandFilter","test_brand_filter","",""
"","394","Should return user exists when user exists with email and password","tests.api.user","2026-10-05","passed","2026-10-05","TestVerifyLoginApi","test_verify_login","",""
"","360","[API] Update user should return 200_OK when send update user request with valid data. Case: 'first_name' length = max - 1","tests.api.user","2026-10-05","passed","2026-10-05","TestUpdateUserApi","test_update_user","",""
"","262","[API] Update user should return 200_OK when send update user request with valid data. Case: 'address1' length = max","tests.api.user","2026-10-05","passed","2026-10-05","TestUpdateUserApi","test_update_user","",""
"","4774","[WEB Component] Add product to cart from product carousel","tests.web.component.carousel","2026-10-05","failed","2026-10-05","TestProductCarousel","test_product_carousel","",""
"","0","[API] Update user should return 400_BAD_REQUEST when send update user request with invalid data. Case: 'birth_day' is zero","tests.api.user","2026-10-05","skipped","2026-10-05","TestUpdateUserApi","test_update_user","",""
"","0","[API] Create user should return 400_BAD_REQUEST when send create user request with invalid data. Case: 'birth_year' is invalid positive","tests.api.user","2026-10-05","skipped","2026-10-05","TestCreateUserApi","test_create_user","",""
"","0","[API] Update user should return 400_BAD_REQUEST when send update user request with invalid data. Case: 'zipcode' has invalid format","tests.api.user","2026-10-05","skipped","2026-10-05","TestUpdateUserApi","test_update_user","",""
"","0","[WEB] Should not add product review with invalid data. Case: 'email' contains username hieroglyphs instead of username","tests.web.component.review","2026-10-05","skipped","2026-10-05","TestReviewComponent","test_review_component","",""
"","6291","[WEB] Sign up with valid data. Case: 'birth_year' = 10000","tests.web.component.auth","2026-10-05","passed","2026-10-05","TestSignUpWeb","test_signup_component","",""
"","0","[API] Create user should return 400_BAD_REQUEST when send create user request with invalid data. Case: 'city' length = min - 1","tests.api.user","2026-10-05","skipped","2026-10-05","TestCreateUserApi","test_create_user","",""
"","0","[WEB] Sign up with invalid data. Case: 'last_name' length = max","tests.web.component.auth","2026-10-05","skipped","2026-10-05","TestSignUpWeb","test_signup_component","",""
"","0","[API] Create user should return 400_BAD_REQUEST when send create user request with invalid data. Case: 'birth_month' is invalid positive","tests.api.user","2026-10-05","skipped","2026-10-05","TestCreateUserApi","test_create_user","",""
"","224","[API] Create user should return 200_OK when send create user request with valid data. Case: 'address2' length = min","tests.api.user","2026-10-05","passed","2026-10-05","TestCreateUserApi","test_create_user","",""
"","689","[WEB] Should add product review with valid data. Case: 'email' username is numerical","tests.web.component.review","2026-10-05","passed","2026-10-05","TestReviewComponent","test_review_component","",""
"","0","[WEB] Sign up with invalid data. Case: 'company' length = min + 1","tests.web.component.auth","2026-10-05","skipped","2026-10-05","TestSignUpWeb","test_signup_component","",""
"","1726","[API] Login should return 200_OK when send login request with valid data and contains csrf cookie","tests.api.auth","2026-10-05","passed","2026-10-05","TestAuthApi","test_auth","",""
"","5060","[WEB] Sign up with valid data. Case: 'zipcode' length = max - 1","tests.web.component.auth","2026-10-05","passed","2026-10-05","TestSignUpWeb","test_signup_component","",""
"","2453","[WEB Component] Pay with valid card should show success status message. Case: valid: future year","tests.web.component.payment","2026-10-05","passed","2026-10-05","TestPaymentComponent","test_payment_component","",""
"","235","[API] Create user should return 200_OK when send create user request with valid data. Case: 'zipcode' length = max","tests.api.user","2026-10-05","passed","2026-10-05","TestCreateUserApi","test_create_user","",""
"","0","[WEB Component] Pay with invalid card should show error message. Case: expiry month = 13","tests.web.component.payment","2026-10-05","skipped","2026-10-05","TestPaymentComponent","test_payment_component","",""
"","0","[WEB] Sign up with invalid data. Case: 'birth_month' = 1","tests.web.component.auth","2026-10-05","skipped","2026-10-05","TestSignUpWeb","test_signup_component","",""
"","4577","[WEB Component] Invoice should have expected price","tests.web.component.payment","2026-10-05","passed","2026-10-05","TestPaymentComponent","test_invoice_file","",""
"","531","[API] Create user should return 200_OK when send create user request with valid data. Case: 'zipcode' length = max - 1","tests.api.user","2026-10-05","passed","2026-10-05","TestCreateUserApi","test_create_user","",""
"","0","[API] Update user should return 400_BAD_REQUEST when send update user request with invalid data. Case: 'email' is empty","tests.api.user","2026-10-05","skipped","2026-10-05","TestUpdateUserApi","test_update_user","",""
"","642","[WEB Component] Product card should have expected data","tests.web.component.product","2026-10-05","failed","2026-10-05","TestProductCard","test_product_card_component","",""
"","0","[WEB Component] Pay with invalid card should show error message. Case: name is empty","tests.web.component.payment","2026-10-05","skipped","2026-10-05","TestPaymentComponent","test_payment_component","",""
"","510","test_search_products_returns_empty_array","tests.api.product","2026-10-05","passed","2026-10-05","TestProductApi","test_product","",""
"","0","[API] Create user should return 400_BAD_REQUEST when send create user request with invalid data. Case: 'birth_year' is negative","tests.api.user","2026-10-05","skipped","2026-10-05","TestCreateUserApi","test_create_user","",""
"","0","[WEB] Sign up with invalid data. Case: 'city' length = min","tests.web.component.auth","2026-10-05","skipped","2026-10-05","TestSignUpWeb","test_signup_component","",""
"","5524","[WEB] Sign up with valid data. Case: 'company' length = max - 1","tests.web.component.auth","2026-10-05","passed","2026-10-05","TestSignUpWeb","test_signup_component","",""
"","0","[WEB] Should not add product review with invalid data. Case: 'email' contains invalid top level domain web","tests.web.component.review","2026-10-05","skipped","2026-10-05","TestReviewComponent","test_review_component","",""
"","2469","[WEB Component] Animated product card overlay should have expected data","tests.web.component.product","2026-10-05","passed","2026-10-05","TestAnimatedProductCard","test_animated_product_card_component","",""
"","0","[API] Create user should return 400_BAD_REQUEST when send create user request with invalid data. Case: 'zipcode' is empty","tests.api.user","2026-10-05","skipped","2026-10-05","TestCreateUserApi","test_create_user","",""
"","0","[WEB] Sign up with invalid data. Case: 'last_name' length = min + 1","tests.web.component.auth","2026-10-05","skipped","2026-10-05","TestSignUpWeb","test_signup_component","",""
"","4083","[WEB] Sign up with valid data. Case: 'first_name' length = min + 1","tests.web.component.auth","2026-10-05","passed","2026-10-05","TestSignUpWeb","test_signup_component","",""
"","341","[API] Create user should return 200_OK when send create user request with valid data. Case: 'birth_month' = 1","tests.api.user","2026-10-05","passed","2026-10-05","TestCreateUserApi","test_create_user","",""
"","0","[WEB Component] Pay with invalid card should show error message. Case: card number too short","tests.web.component.payment","2026-10-05","skipped","2026-10-05","TestPaymentComponent","test_payment_component","",""
"","0","[API] Create user should return 400_BAD_REQUEST when send create user request with invalid data. Case: 'email' contains username hieroglyphs instead of username","tests.api.user","2026-10-05","skipped","2026-10-05","TestCreateUserApi","test_create_user","",""
"","1342","[WEB Component] Should add product to cart when click on add to cart button from overlay","tests.web.component.product","2026-10-05","passed","2026-10-05","TestAnimatedProductCard","test_animated_product_card_component","",""
"","735","[API] Create user should return 200_OK when send create user request with valid data. Case: 'city' length = max","tests.api.user","2026-10-05","passed","2026-10-05","TestCreateUserApi","test_create_user","",""
"","0","[WEB Component] Pay with invalid card should show error message. Case: expiry year is empty","tests.web.component.payment","2026-10-05","skipped","2026-10-05","TestPaymentComponent","test_payment_component","",""
"","0","[WEB Component] Pay with invalid card should show error message. Case: expiry month is empty","tests.web.component.payment","2026-10-05","skipped","2026-10-05","TestPaymentComponent","test_payment_component","",""
"","462","[API] Create user should return 200_OK when send create user request with valid data. Case: 'zipcode' length = min + 1","tests.api.user","2026-10-05","passed","2026-10-05","TestCreateUserApi","test_create_user","",""
"","676","[API] Update user should return 200_OK when send update user request with valid data. Case: 'first_name' length = max","tests.api.user","2026-10-05","passed","2026-10-05","TestUpdateUserApi","test_update_user","",""
"","282","[API] Update user should return 200_OK when send update user request with valid data. Case: 'mobile_number' length = max - 1","tests.api.user","2026-10-05","passed","2026-10-05","TestUpdateUserApi","test_update_user","",""
"","9936","[WEB] Sign in with valid data","tests.web.component.auth","2026-10-05","passed","2026-10-05","TestLoginWeb","test_login_component","",""
"","349","[API] Create user should return 200_OK when send create user request with valid data. Case: 'last_name' length = min + 1","tests.api.user","2026-10-05","passed","2026-10-05","TestCreateUserApi","test_create_user","",""
"","0","[API] Create user should return 400_BAD_REQUEST when send create user request with invalid data. Case: 'email' contains domain with one letter","tests.api.user","2026-10-05","skipped","2026-10-05","TestCreateUserApi","test_create_user","",""
"","389","[API] Update user should return 200_OK when send update user request with valid data. Case: 'name' length = max","tests.api.user","2026-10-05","passed","2026-10-05","TestUpdateUserApi","test_update_user","",""
"","0","[WEB] Sign up with invalid data. Case: 'first_name' length = max","tests.web.component.auth","2026-10-05","skipped","2026-10-05","TestSignUpWeb","test_signup_component","",""
"","68","[WEB Component] Should have all products expected total price","tests.web.component.product","2026-10-05","passed","2026-10-05","TestProductItem","test_product_item","",""
"","0","[API] Update user should return 400_BAD_REQUEST when send update user request with invalid data. Case: 'state' is absent","tests.api.user","2026-10-05","skipped","2026-10-05","TestUpdateUserApi","test_update_user","",""
"","553","[API] Create user should return 200_OK when send create user request with valid data. Case: 'city' length = min","tests.api.user","2026-10-05","passed","2026-10-05","TestCreateUserApi","test_create_user","",""
"","1787","[WEB Component] Place order without authorization notification should have expected data and screenshot","tests.web.component.base","2026-10-05","passed","2026-10-05","TestNotificationComponent","test_notification_component","",""
"","311","[API] Update user should return 404_BAD_REQUEST when send update user request with not existing email","tests.api.user","2026-10-05","passed","2026-10-05","TestUpdateUserApi","test_update_user","",""
"","0","[API] Update user should return 400_BAD_REQUEST when send update user request with invalid data. Case: 'mobile_number' has invalid format","tests.api.user","2026-10-05","skipped","2026-10-05","TestUpdateUserApi","test_update_user","",""
"","0","[API] Update user should return 400_BAD_REQUEST when send update user request with invalid data. Case: 'state' length = min - 1","tests.api.user","2026-10-05","skipped","2026-10-05","TestUpdateUserApi","test_update_user","",""
"","308","[API] Update user should return 200_OK when send update user request with valid data. Case: 'company' length = min + 1","tests.api.user","2026-10-05","passed","2026-10-05","TestUpdateUserApi","test_update_user","",""
"","0","[API] Create user should return 400_BAD_REQUEST when send create user request with invalid data. Case: 'name' is empty","tests.api.user","2026-10-05","skipped","2026-10-05","TestCreateUserApi","test_create_user","",""
"","452","[API] Create user should return 200_OK when send create user request with valid data. Case: 'name' length = min","tests.api.user","2026-10-05","passed","2026-10-05","TestCreateUserApi","test_create_user","",""
"","296","[API] Update user should return 200_OK when send update user request with valid data. Case: 'last_name' length = max","tests.api.user","2026-10-05","passed","2026-10-05","TestUpdateUserApi","test_update_user","",""
"","881","[WEB Component] Should open product page when click on view product button","tests.web.component.product","2026-10-05","passed","2026-10-05","TestAnimatedProductCard","test_animated_product_card_component","",""
"","605","[API] Update user should return 200_OK when send update user request with valid data. Case: 'mobile_number' length = min","tests.api.user","2026-10-05","passed","2026-10-05","TestUpdateUserApi","test_update_user","",""
"","646","[API] Update user should return 200_OK when send update user request with valid data. Case: 'name' length = min","tests.api.user","2026-10-05","passed","2026-10-05","TestUpdateUserApi","test_update_user","",""
"","2690","[WEB Component] Pay with valid card should show success status message. Case: valid: 16 digits number","tests.web.component.payment","2026-10-05","passed","2026-10-05","TestPaymentComponent","test_payment_component","",""
"","0","[WEB] Sign up with invalid data. Case: 'zipcode' length = min + 1","tests.web.component.auth","2026-10-05","skipped","2026-10-05","TestSignUpWeb","test_signup_component","",""
"","0","[API] Update user should return 400_BAD_REQUEST when send update user request with invalid data. Case: 'name' length = min - 1","tests.api.user","2026-10-05","skipped","2026-10-05","TestUpdateUserApi","test_update_user","",""
"","5794","[WEB] Sign up with valid data. Case: 'address2' length = max - 1","tests.web.component.auth","2026-10-05","passed","2026-10-05","TestSignUpWeb","test_signup_component","",""
"","0","[API] Create user should return 400_BAD_REQUEST when send create user request with invalid data. Case: 'address1' is absent","tests.api.user","2026-10-05","skipped","2026-10-05","TestCreateUserApi","test_create_user","",""
"","351","[API] Create user should return 200_OK when send create user request with valid data. Case: 'company' length = max","tests.api.user","2026-10-05","passed","2026-10-05","TestCreateUserApi","test_create_user","",""
"","1753","[WEB Component] Should increase all products total price","tests.web.component.product","2026-10-05","passed","2026-10-05","TestProductItem","test_product_item","",""
"","6325","[WEB Component] Place order without authorization notification proceed to checkout button should navigate to login page","tests.web.component.base","2026-10-05","passed","2026-10-05","TestNotificationComponent","test_notification_component","",""
"","389","[WEB Component] Billing address has expected data","tests.web.component.address","2026-10-05","passed","2026-10-05","TestAddressComponent","test_address_component","",""
"","536","[API] Update user should return 200_OK when send update user request with valid data. Case: 'company' length = min","tests.api.user","2026-10-05","passed","2026-10-05","TestUpdateUserApi","test_update_user","",""
"","1126","[WEB Component] Should navigate to products page by click 'Products' button","tests.web.component.base","2026-10-05","passed","2026-10-05","TestHeaderComponent","test_header_component","",""
"","251","[API] Create user should return 200_OK when send create user request with valid data. Case: 'birth_year' = 1","tests.api.user","2026-10-05","passed","2026-10-05","TestCreateUserApi","test_create_user","",""
"","245","[API] Create user should return 200_OK when send create user request with valid data. Case: 'address1' length = min","tests.api.user","2026-10-05","passed","2026-10-05","TestCreateUserApi","test_create_user","",""
"","2732","[WEB Component] Pay with valid card should show success status message. Case: valid: common latin name","tests.web.component.payment","2026-10-05","passed","2026-10-05","TestPaymentComponent","test_payment_component","",""
"","0","[API] Create user should return 400_BAD_REQUEST when send create user request with invalid data. Case: 'address2' length = min - 1","tests.api.user","2026-10-05","skipped","2026-10-05","TestCreateUserApi","test_create_user","",""
"","0","[API] Update user should return 400_BAD_REQUEST when send update user request with invalid data. Case: 'birth_year' is absent","tests.api.user","2026-10-05","skipped","2026-10-05","TestUpdateUserApi","test_update_user","",""
"","614","[API] Update user should return 200_OK when send update user request with valid data. Case: 'last_name' length = min + 1","tests.api.user","2026-10-05","passed","2026-10-05","TestUpdateUserApi","test_update_user","",""
"","0","[WEB Component] Pay with invalid card should show error message. Case: card number only spaces","tests.web.component.payment","2026-10-05","skipped","2026-10-05","TestPaymentComponent","test_payment_component","",""
"","538","[API] Create user should return 200_OK when send create user request with valid data. Case: 'first_name' length = min","tests.api.user","2026-10-05","passed","2026-10-05","TestCreateUserApi","test_create_user","",""
"","2203","[WEB Component] Product details should have expected data","tests.web.component.product","2026-10-05","failed","2026-10-05","TestProductCard","test_product_details_component","",""
"","0","[WEB Component] Pay with invalid card should show error message. Case: card number too long","tests.web.component.payment","2026-10-05","skipped","2026-10-05","TestPaymentComponent","test_payment_component","",""
"","5322","[WEB] Sign up with valid data. Case: 'mobile_number' length = min","tests.web.component.auth","2026-10-05","passed","2026-10-05","TestSignUpWeb","test_signup_component","",""
"","0","[WEB] Sign up with invalid data. Case: 'address2' length = min + 1","tests.web.component.auth","2026-10-05","skipped","2026-10-05","TestSignUpWeb","test_signup_component","",""
"","0","[API] Update user should return 400_BAD_REQUEST when send update user request with invalid data. Case: 'first_name' is absent","tests.api.user","2026-10-05","skipped","2026-10-05","TestUpdateUserApi","test_update_user","",""
"","0","[API] Update user should return 400_BAD_REQUEST when send update user request with invalid data. Case: 'city' is empty","tests.api.user","2026-10-05","skipped","2026-10-05","TestUpdateUserApi","test_update_user","",""
"","430","[API] Create user should return 200_OK when send create user request with valid data. Case: 'address2' length = max","tests.api.user","2026-10-05","passed","2026-10-05","TestCreateUserApi","test_create_user","",""
"","0","[WEB] Sign up with invalid data. Case: 'company' length = max - 1","tests.web.component.auth","2026-10-05","skipped","2026-10-05","TestSignUpWeb","test_signup_component","",""
"","769","[WEB Component] Should decrease all products total price","tests.web.component.product","2026-10-05","passed","2026-10-05","TestProductItem","test_product_item","",""
"","0","[WEB] Sign up with invalid data. Case: 'state' length = min","tests.web.component.auth","2026-10-05","skipped","2026-10-05","TestSignUpWeb","test_signup_component","",""
"","249","[API] Create user should return 200_OK when send create user request with valid data. Case: 'company' length = min","tests.api.user","2026-10-05","passed","2026-10-05","TestCreateUserApi","test_create_user","",""
"","423","[API] Create user should return 200_OK when send create user request with valid data. Case: 'mobile_number' length = max - 1","tests.api.user","2026-10-05","passed","2026-10-05","TestCreateUserApi","test_create_user","",""
"","0","[WEB] Sign up with invalid data. Case: 'city' length = min + 1","tests.web.component.auth","2026-10-05","skipped","2026-10-05","TestSignUpWeb","test_signup_component","",""
"","370","[WEB Component] Delivery address has expected data","tests.web.component.address","2026-10-05","passed","2026-10-05","TestAddressComponent","test_address_component","",""
"","2480","[WEB Component] Image Carousel should show previous image when scroll left","tests.web.component.carousel","2026-10-05","passed","2026-10-05","TestImageCarousel","test_image_carousel","",""
"","3021","[WEB Component] Pay with valid card should show success status message. Case: valid: expiry month min","tests.web.component.payment","2026-10-05","passed","2026-10-05","TestPaymentComponent","test_payment_component","",""
"","5772","[WEB] Sign up with valid data. Case: 'mobile_number' length = max - 1","tests.web.component.auth","2026-10-05","passed","2026-10-05","TestSignUpWeb","test_signup_component","",""
"","0","[WEB] Sign up with invalid data. Case: 'mobile_number' length = max","tests.web.component.auth","2026-10-05","skipped","2026-10-05","TestSignUpWeb","test_signup_component","",""
"","4850","[WEB] Sign up with valid data. Case: 'address1' length = max","tests.web.component.auth","2026-10-05","passed","2026-10-05","TestSignUpWeb","test_signup_component","",""
"","0","[WEB] Sign up with invalid data. Case: 'name' length = min + 1","tests.web.component.auth","2026-10-05","skipped","2026-10-05","TestSignUpWeb","test_signup_component","",""
"","388","[API] Create user should return 200_OK when send create user request with valid data. Case: 'address1' length = max","tests.api.user","2026-10-05","passed","2026-10-05","TestCreateUserApi","test_create_user","",""
"","572","[API] Update user should return 200_OK when send update user request with valid data. Case: 'state' length = max - 1","tests.api.user","2026-10-05","passed","2026-10-05","TestUpdateUserApi","test_update_user","",""
"","0","[API] Create user should return 400_BAD_REQUEST when send create user request with invalid data. Case: 'email' contains invalid top level domain web","tests.api.user","2026-10-05","skipped","2026-10-05","TestCreateUserApi","test_create_user","",""
"","0","[WEB] Sign up with invalid data. Case: 'address2' length = max - 1","tests.web.component.auth","2026-10-05","skipped","2026-10-05","TestSignUpWeb","test_signup_component","",""
"","902","[API] Update user should return 200_OK when send update user request with valid data. Case: 'name' length = min + 1","tests.api.user","2026-10-05","passed","2026-10-05","TestUpdateUserApi","test_update_user","",""
"","0","[API] Update user should return 400_BAD_REQUEST when send update user request with invalid data. Case: 'name' is empty","tests.api.user","2026-10-05","skipped","2026-10-05","TestUpdateUserApi","test_update_user","",""
"","0","[API] Update user should return 400_BAD_REQUEST when send update user request with invalid data. Case: 'birth_year' is negative","tests.api.user","2026-10-05","skipped","2026-10-05","TestUpdateUserApi","test_update_user","",""
"","0","[API] Update user should return 400_BAD_REQUEST when send update user request with invalid data. Case: 'birth_year' is invalid positive","tests.api.user","2026-10-05","skipped","2026-10-05","TestUpdateUserApi","test_update_user","",""
"","0","[WEB Component] Pay with invalid card should show error message. Case: expiry year contains letters","tests.web.component.payment","2026-10-05","skipped","2026-10-05","TestPaymentComponent","test_payment_component","",""
"","2928","[WEB Component] Search filter should return all products when filter by empty query","tests.web.component.filter","2026-10-05","passed","2026-10-05","TestSearchFilter","test_search_filter","",""
"","0","[WEB Component] Pay with invalid card should show error message. Case: cvc all zeros","tests.web.component.payment","2026-10-05","skipped","2026-10-05","TestPaymentComponent","test_payment_component","",""
"","702","[WEB Component] Should navigate to login page by click 'Signup / Login' button","tests.web.component.base","2026-10-05","passed","2026-10-05","TestHeaderComponent","test_header_component","",""
"","327","[API] Update user should return 200_OK when send update user request with valid data. Case: 'zipcode' length = max - 1","tests.api.user","2026-10-05","passed","2026-10-05","TestUpdateUserApi","test_update_user","",""
"","485","[API] Create user should return 200_OK when send create user request with valid data. Case: 'state' length = max","tests.api.user","2026-10-05","passed","2026-10-05","TestCreateUserApi","test_create_user","",""
"","536","[WEB] Should add product review with valid data. Case: 'email' username contains '+'","tests.web.component.review","2026-10-05","passed","2026-10-05","TestReviewComponent","test_review_component","",""
"","442","[API] Create user should return 200_OK when send create user request with valid data. Case: 'address1' length = max - 1","tests.api.user","2026-10-05","passed","2026-10-05","TestCreateUserApi","test_create_user","",""
"","0","[API] Update user should return 400_BAD_REQUEST when send update user request with invalid data. Case: 'zipcode' length = max + 1","tests.api.user","2026-10-05","skipped","2026-10-05","TestUpdateUserApi","test_update_user","",""
"","0","[API] Create user should return 400_BAD_REQUEST when send create user request with invalid data. Case: 'birth_day' is invalid positive","tests.api.user","2026-10-05","skipped","2026-10-05","TestCreateUserApi","test_create_user","",""
"","637","[API] Update user should return 200_OK when send update user request with valid data. Case: 'address2' length = max","tests.api.user","2026-10-05","passed","2026-10-05","TestUpdateUserApi","test_update_user","",""
"","4737","[WEB Component] Search filter should return empty products catalog","tests.web.component.filter","2026-10-05","passed","2026-10-05","TestSearchFilter","test_search_filter","",""
"","0","[API] Update user should return 400_BAD_REQUEST when send update user request with invalid data. Case: 'birth_day' is invalid positive","tests.api.user","2026-10-05","skipped","2026-10-05","TestUpdateUserApi","test_update_user","",""
"","0","[WEB Component] Pay with invalid card should show error message. Case: name contains newline","tests.web.component.payment","2026-10-05","skipped","2026-10-05","TestPaymentComponent","test_payment_component","",""
"","697","[WEB Component] Should navigate to contact us page by click on 'Contact us' button","tests.web.component.base","2026-10-05","passed","2026-10-05","TestHeaderComponent","test_header_component","",""
"","4571","[WEB] Sign up with valid data. Case: 'zipcode' length = max","tests.web.component.auth","2026-10-05","passed","2026-10-05","TestSignUpWeb","test_signup_component","",""
"","0","[API] Create user should return 400_BAD_REQUEST when send create user request with invalid data. Case: 'address1' length = min - 1","tests.api.user","2026-10-05","skipped","2026-10-05","TestCreateUserApi","test_create_user","",""
"","5970","[WEB] Sign up with valid data. Case: 'birth_year' = 1","tests.web.component.auth","2026-10-05","passed","2026-10-05","TestSignUpWeb","test_signup_component","",""
"","0","[WEB] Should not add product review with invalid data. Case: 'message' length = min + 1","tests.web.component.review","2026-10-05","skipped","2026-10-05","TestReviewComponent","test_review_component","",""
"","0","[WEB Component] Pay with invalid card should show error message. Case: expiry year too long","tests.web.component.payment","2026-10-05","skipped","2026-10-05","TestPaymentComponent","test_payment_component","",""
"","670","[API] Create user should return 200_OK when send create user request with valid data. Case: 'city' length = min + 1","tests.api.user","2026-10-05","passed","2026-10-05","TestCreateUserApi","test_create_user","",""
"","687","[WEB] Should add product review with valid data. Case: 'email' username contains only underscore '-'","tests.web.component.review","2026-10-05","passed","2026-10-05","TestReviewComponent","test_review_component","",""
"","0","[WEB] Sign up with invalid data. Case: 'birth_day' length = 31","tests.web.component.auth","2026-10-05","skipped","2026-10-05","TestSignUpWeb","test_signup_component","",""
"","0","[WEB] Sign up with invalid data. Case: 'first_name' length = min + 1","tests.web.component.auth","2026-10-05","skipped","2026-10-05","TestSignUpWeb","test_signup_component","",""
"","0","[WEB Component] Pay with invalid card should show error message. Case: name contains non latin characters","tests.web.component.payment","2026-10-05","skipped","2026-10-05","TestPaymentComponent","test_payment_component","",""
"","866","[WEB] Should have expected screenshot when send review","tests.web.component.review","2026-10-05","passed","2026-10-05","TestReviewComponent","test_review_component","",""
"","2110","[WEB Component] Pay with valid card should show success status message. Case: valid: expiry month max","tests.web.component.payment","2026-10-05","passed","2026-10-05","TestPaymentComponent","test_payment_component","",""
"","6092","[WEB] Sign up with valid data. Case: 'name' length = min + 1","tests.web.component.auth","2026-10-05","passed","2026-10-05","TestSignUpWeb","test_signup_component","",""
"","0","[WEB] Should not add product review with invalid data. Case: 'email' not contains username","tests.web.component.review","2026-10-05","skipped","2026-10-05","TestReviewComponent","test_review_component","",""
"","2468","[WEB Component] Brand filter should filters products by brand","tests.web.component.filter","2026-10-05","passed","2026-10-05","TestBrandFilter","test_brand_filter","",""
"","0","[API] Update user should return 400_BAD_REQUEST when send update user request with invalid data. Case: 'email' not contains '@' symbol","tests.api.user","2026-10-05","skipped","2026-10-05","TestUpdateUserApi","test_update_user","",""
"","0","[WEB] Sign up with invalid data. Case: 'mobile_number' length = min + 1","tests.web.component.auth","2026-10-05","skipped","2026-10-05","TestSignUpWeb","test_signup_component","",""
"","0","[API] Create user should return 400_BAD_REQUEST when send create user request with invalid data. Case: 'state' is empty","tests.api.user","2026-10-05","skipped","2026-10-05","TestCreateUserApi","test_create_user","",""
"","462","[WEB] Should add product review with valid data. Case: 'name' length = min + 1","tests.web.component.review","2026-10-05","passed","2026-10-05","TestReviewComponent","test_review_component","",""
"","247","[API] Update user should return 200_OK when send update user request with valid data. Case: 'state' length = min","tests.api.user","2026-10-05","passed","2026-10-05","TestUpdateUserApi","test_update_user","",""
"","0","[API] Create user should return 400_BAD_REQUEST when send create user request with invalid data. Case: 'zipcode' length = min - 1","tests.api.user","2026-10-05","skipped","2026-10-05","TestCreateUserApi","test_create_user","",""
"","4635","[WEB] Sign up with valid data. Case: 'last_name' length = max","tests.web.component.auth","2026-10-05","passed","2026-10-05","TestSignUpWeb","test_signup_component","",""
"","3855","[WEB Component] Products Carousel should last products when scroll left on first slide","tests.web.component.carousel","2026-10-05","passed","2026-10-05","TestProductCarousel","test_product_carousel","",""
"","427","[API] Create user should return 200_OK when send create user request with valid data. Case: 'city' length = max - 1","tests.api.user","2026-10-05","passed","2026-10-05","TestCreateUserApi","test_create_user","",""
"","0","[WEB] Sign up with invalid data. Case: 'birth_year' = 10000","tests.web.component.auth","2026-10-05","skipped","2026-10-05","TestSignUpWeb","test_signup_component","",""
"","3074","[WEB Component] Pay with valid card should show success status message. Case: valid name contains multiple spaces","tests.web.component.payment","2026-10-05","passed","2026-10-05","TestPaymentComponent","test_payment_component","",""
"","0","[API] Create user should return 400_BAD_REQUEST when send create user request with invalid data. Case: 'email' contains mail server as ip and port","tests.api.user","2026-10-05","skipped","2026-10-05","TestCreateUserApi","test_create_user","",""
"","6061","[WEB] Sign up with valid data. Case: 'last_name' length = min","tests.web.component.auth","2026-10-05","passed","2026-10-05","TestSignUpWeb","test_signup_component","",""
"","4956","[WEB] Sign up with valid data. Case: 'name' length = min","tests.web.component.auth","2026-10-05","passed","2026-10-05","TestSignUpWeb","test_signup_component","",""
"","1710","[WEB Component] Should navigate to cart page by click 'Cart' button","tests.web.component.base","2026-10-05","passed","2026-10-05","TestHeaderComponent","test_header_component","",""
"","12371","Purchase products with sign up before checkout","tests.web.e2e","2026-10-05","passed","2026-10-05","TestPlaceOrder","test_place_order","",""
"","733","[API] Get products should return 200_OK and contains expected product title","tests.api.product","2026-10-05","passed","2026-10-05","TestProductApi","test_product","",""
"","0","[API] Create user should return 400_BAD_REQUEST when send create user request with invalid data. Case: 'email' contains text after domain","tests.api.user","2026-10-05","skipped","2026-10-05","TestCreateUserApi","test_create_user","",""
"","1335","[WEB Component] Search filter should have expected screenshot","tests.web.component.filter","2026-10-05","passed","2026-10-05","TestSearchFilter","test_search_filter","",""
"","5268","[WEB] Sign up with valid data. Case: 'birth_month' = 12","tests.web.component.auth","2026-10-05","passed","2026-10-05","TestSignUpWeb","test_signup_component","",""
"","0","[WEB Component] Pay with invalid card should show error message. Case: cvc contains letters","tests.web.component.payment","2026-10-05","skipped","2026-10-05","TestPaymentComponent","test_payment_component","",""
"","0","[WEB Component] Pay with invalid card should show error message. Case: cvc too long","tests.web.component.payment","2026-10-05","skipped","2026-10-05","TestPaymentComponent","test_payment_component","",""
"","0","[API] Create user should return 400_BAD_REQUEST when send create user request with invalid data. Case: 'city' is empty","tests.api.user","2026-10-05","skipped","2026-10-05","TestCreateUserApi","test_create_user","",""
"","0","[API] Update user should return 400_BAD_REQUEST when send update user request with invalid data. Case: 'email' not contains username","tests.api.user","2026-10-05","skipped","2026-10-05","TestUpdateUserApi","test_update_user","",""
"","0","[API] Create user should return 400_BAD_REQUEST when send create user request with invalid data. Case: 'zipcode' length = max + 1","tests.api.user","2026-10-05","skipped","2026-10-05","TestCreateUserApi","test_create_user","",""
"","0","[API] Create user should return 400_BAD_REQUEST when send create user request with invalid data. Case: 'email' contains '.' before dog symbol","tests.api.user","2026-10-05","skipped","2026-10-05","TestCreateUserApi","test_create_user","",""
"","0","[WEB] Sign up with invalid data. Case: 'address1' length = max - 1","tests.web.component.auth","2026-10-05","skipped","2026-10-05","TestSignUpWeb","test_signup_component","",""
"","565","[API] Create user should return 200_OK when send create user request with valid data. Case: 'name' length = max","tests.api.user","2026-10-05","passed","2026-10-05","TestCreateUserApi","test_create_user","",""
"","0","[API] Update user should return 400_BAD_REQUEST when send update user request with invalid data. Case: 'email' contains text after domain","tests.api.user","2026-10-05","skipped","2026-10-05","TestUpdateUserApi","test_update_user","",""
"","5570","[WEB] Sign up with valid data. Case: 'address2' length = min + 1","tests.web.component.auth","2026-10-05","passed","2026-10-05","TestSignUpWeb","test_signup_component","",""
"","272","[API] Create user should return 200_OK when send create user request with valid data. Case: 'company' length = max - 1","tests.api.user","2026-10-05","passed","2026-10-05","TestCreateUserApi","test_create_user","",""
"","0","[API] Create user should return 400_BAD_REQUEST when send create user request with invalid data. Case: 'email' contains '-' after '@'","tests.api.user","2026-10-05","skipped","2026-10-05","TestCreateUserApi","test_create_user","",""
"","0","[API] Create user should return 400_BAD_REQUEST when send create user request with invalid data. Case: 'email' not contains username","tests.api.user","2026-10-05","skipped","2026-10-05","TestCreateUserApi","test_create_user","",""
"","247","[API] Create user should return 200_OK when send create user request with valid data. Case: 'zipcode' length = min","tests.api.user","2026-10-05","passed","2026-10-05","TestCreateUserApi","test_create_user","",""
"","815","[WEB Component] Should subscribe with valid email","tests.web.component.base","2026-10-05","passed","2026-10-05","TestSubscriptionComponent","test_subscription_component","",""
"","0","[WEB] Sign up with invalid data. Case: 'first_name' length = max - 1","tests.web.component.auth","2026-10-05","skipped","2026-10-05","TestSignUpWeb","test_signup_component","",""
"","0","[API] Update user should return 400_BAD_REQUEST when send update user request with invalid data. Case: 'name' is absent","tests.api.user","2026-10-05","skipped","2026-10-05","TestUpdateUserApi","test_update_user","",""
"","0","[API] Update user should return 400_BAD_REQUEST when send update user request with invalid data. Case: 'name' length = max + 1","tests.api.user","2026-10-05","skipped","2026-10-05","TestUpdateUserApi","test_update_user","",""
"","181","[API] Create user should return 200_OK when send create user request with valid data. Case: 'first_name' length = max","tests.api.user","2026-10-05","passed","2026-10-05","TestCreateUserApi","test_create_user","",""
"","0","[API] Create user should return 400_BAD_REQUEST when send create user request with invalid data. Case: 'mobile_number' has invalid format","tests.api.user","2026-10-05","skipped","2026-10-05","TestCreateUserApi","test_create_user","",""
"","604","[API] Update user should return 200_OK when send update user request with valid data. Case: 'city' length = max","tests.api.user","2026-10-05","passed","2026-10-05","TestUpdateUserApi","test_update_user","",""
"","0","[API] Create user should return 400_BAD_REQUEST when send create user request with invalid data. Case: 'state' length = min - 1","tests.api.user","2026-10-05","skipped","2026-10-05","TestCreateUserApi","test_create_user","",""
"","10157","Purchase products with login while checkout","tests.web.e2e","2026-10-05","passed","2026-10-05","TestPlaceOrder","test_place_order","",""
"","0","[API] Create user should return 400_BAD_REQUEST when send create user request with invalid data. Case: 'address2' is empty","tests.api.user","2026-10-05","skipped","2026-10-05","TestCreateUserApi","test_create_user","",""
"","1717","[WEB Component] Search filter should filter products by query","tests.web.component.filter","2026-10-05","passed","2026-10-05","TestSearchFilter","test_search_filter","",""
"","0","[WEB] Sign up with invalid data. Case: 'name' length = max","tests.web.component.auth","2026-10-05","skipped","2026-10-05","TestSignUpWeb","test_signup_component","",""
"","0","[API] Update user should return 400_BAD_REQUEST when send update user request with invalid data. Case: 'email' contains '.' before dog symbol","tests.api.user","2026-10-05","skipped","2026-10-05","TestUpdateUserApi","test_update_user","",""
"","0","[API] Update user should return 400_BAD_REQUEST when send update user request with invalid data. Case: 'first_name' length = max + 1","tests.api.user","2026-10-05","skipped","2026-10-05","TestUpdateUserApi","test_update_user","",""
"","0","[API] Update user should return 400_BAD_REQUEST when send update user request with invalid data. Case: 'email' contains '-' after '@'","tests.api.user","2026-10-05","skipped","2026-10-05","TestUpdateUserApi","test_update_user","",""
"","434","[API] Create user should return 200_OK when send create user request with valid data. Case: 'address2' length = min + 1","tests.api.user","2026-10-05","passed","2026-10-05","TestCreateUserApi","test_create_user","",""
"","0","[API] Create user should return 400_BAD_REQUEST when send create user request with invalid data. Case: 'last_name' length = min - 1","tests.api.user","2026-10-05","skipped","2026-10-05","TestCreateUserApi","test_create_user","",""
"","5081","[WEB] Sign up with valid data. Case: 'birth_day' length = 31","tests.web.component.auth","2026-10-05","passed","2026-10-05","TestSignUpWeb","test_signup_component","",""
"","368","[API] Update user should return 200_OK when send update user request with valid data. Case: 'birth_month' = 12","tests.api.user","2026-10-05","passed","2026-10-05","TestUpdateUserApi","test_update_user","",""
"","0","[WEB Component] Pay with invalid card should show error message. Case: card number is empty","tests.web.component.payment","2026-10-05","skipped","2026-10-05","TestPaymentComponent","test_payment_component","",""
"","6413","[WEB] Sign up with valid data. Case: 'last_name' length = min + 1","tests.web.component.auth","2026-10-05","passed","2026-10-05","TestSignUpWeb","test_signup_component","",""
"","511","[WEB Component] Pay with valid card should show success status message. Case: valid: boundary valid number","tests.web.component.payment","2026-10-05","passed","2026-10-05","TestPaymentComponent","test_payment_component","",""
"","0","[API] Update user should return 400_BAD_REQUEST when send update user request with invalid data. Case: 'zipcode' length = min - 1","tests.api.user","2026-10-05","skipped","2026-10-05","TestUpdateUserApi","test_update_user","",""
"","0","[API] Update user should return 400_BAD_REQUEST when send update user request with invalid data. Case: 'company' length = min - 1","tests.api.user","2026-10-05","skipped","2026-10-05","TestUpdateUserApi","test_update_user","",""
"","5028","[WEB] Sign up with valid data. Case: 'state' length = min","tests.web.component.auth","2026-10-05","passed","2026-10-05","TestSignUpWeb","test_signup_component","",""
"","0","[WEB Component] Pay with invalid card should show error message. Case: name contains digits","tests.web.component.payment","2026-10-05","skipped","2026-10-05","TestPaymentComponent","test_payment_component","",""
"","5297","[WEB] Sign up with valid data. Case: 'mobile_number' length = max","tests.web.component.auth","2026-10-05","passed","2026-10-05","TestSignUpWeb","test_signup_component","",""
"","0","[API] Update user should return 400_BAD_REQUEST when send update user request with invalid data. Case: 'address2' length = max + 1","tests.api.user","2026-10-05","skipped","2026-10-05","TestUpdateUserApi","test_update_user","",""
"","10565","[WEB Component] Category filter group should be collapsed after expand another group","tests.web.component.filter","2026-10-05","passed","2026-10-05","TestCategoryFilter","test_category_filter","",""
"","418","[WEB Component] Header has expected screenshot","tests.web.component.base","2026-10-05","passed","2026-10-05","TestHeaderComponent","test_header_component","",""
"","322","[WEB Component] Payment component should have expected screenshot","tests.web.component.payment","2026-10-05","passed","2026-10-05","TestPaymentComponent","test_payment_component","",""
"","446","[WEB] Should add product review with valid data. Case: 'message' length = min + 1","tests.web.component.review","2026-10-05","passed","2026-10-05","TestReviewComponent","test_review_component","",""
"","5679","[WEB] Sign up with valid data. Case: 'zipcode' length = min + 1","tests.web.component.auth","2026-10-05","passed","2026-10-05","TestSignUpWeb","test_signup_component","",""
"","0","[WEB] Sign up with invalid data. Case: 'address1' length = min + 1","tests.web.component.auth","2026-10-05","skipped","2026-10-05","TestSignUpWeb","test_signup_component","",""
"","0","[API] Create user should return 400_BAD_REQUEST when send create user request with invalid data. Case: 'state' is absent","tests.api.user","2026-10-05","skipped","2026-10-05","TestCreateUserApi","test_create_user","",""
"","0","[WEB Component] Pay with invalid card should show error message. Case: name only spaces","tests.web.component.payment","2026-10-05","skipped","2026-10-05","TestPaymentComponent","test_payment_component","",""
"","0","[WEB Component] Pay with invalid card should show error message. Case: card number contains letters","tests.web.component.payment","2026-10-05","skipped","2026-10-05","TestPaymentComponent","test_payment_component","",""
"","0","[API] Create user should return 400_BAD_REQUEST when send create user request with invalid data. Case: 'company' is empty","tests.api.user","2026-10-05","skipped","2026-10-05","TestCreateUserApi","test_create_user","",""
"","0","[API] Update user should return 400_BAD_REQUEST when send update user request with invalid data. Case: 'company' is empty","tests.api.user","2026-10-05","skipped","2026-10-05","TestUpdateUserApi","test_update_user","",""
"","1934","[WEB] Should add product review with valid data. Case: 'message' length = max - 1","tests.web.component.review","2026-10-05","passed","2026-10-05","TestReviewComponent","test_review_component","",""
"","316","[API] Create user should return 200_OK when send create user request with valid data. Case: 'birth_month' = 12","tests.api.user","2026-10-05","passed","2026-10-05","TestCreateUserApi","test_create_user","",""
"","0","[WEB Component] Pay with invalid card should show error message. Case: card number contains dashes","tests.web.component.payment","2026-10-05","skipped","2026-10-05","TestPaymentComponent","test_payment_component","",""
"","5744","[WEB] Sign up with valid data. Case: 'address1' length = min","tests.web.component.auth","2026-10-05","passed","2026-10-05","TestSignUpWeb","test_signup_component","",""
"","951","[API] Update user should return 200_OK when send update user request with valid data. Case: 'state' length = min + 1","tests.api.user","2026-10-05","passed","2026-10-05","TestUpdateUserApi","test_update_user","",""
"","0","[API] Update user should return 400_BAD_REQUEST when send update user request with invalid data. Case: 'city' length = max + 1","tests.api.user","2026-10-05","skipped","2026-10-05","TestUpdateUserApi","test_update_user","",""
"","0","[WEB] Should not add product review with invalid data. Case: 'message' length = max - 1","tests.web.component.review","2026-10-05","skipped","2026-10-05","TestReviewComponent","test_review_component","",""
"","0","[API] Create user should return 400_BAD_REQUEST when send create user request with invalid data. Case: 'state' length = max + 1","tests.api.user","2026-10-05","skipped","2026-10-05","TestCreateUserApi","test_create_user","",""
"","308","[API] Update user should return 200_OK when send update user request with valid data. Case: 'city' length = min","tests.api.user","2026-10-05","passed","2026-10-05","TestUpdateUserApi","test_update_user","",""
"","0","[WEB] Sign up with invalid data. Case: 'company' length = min","tests.web.component.auth","2026-10-05","skipped","2026-10-05","TestSignUpWeb","test_signup_component","",""
"","0","[API] Update user should return 400_BAD_REQUEST when send update user request with invalid data. Case: 'company' length = max + 1","tests.api.user","2026-10-05","skipped","2026-10-05","TestUpdateUserApi","test_update_user","",""
"","1273","[WEB Component] Should add product to cart when click on add to cart button","tests.web.component.product","2026-10-05","passed","2026-10-05","TestProductCard","test_product_details_component","",""
"","451","Get brands should return 200_OK when send get brands request","tests.api.brand","2026-10-05","passed","2026-10-05","TestBrandApi","test_brand","",""
"","1695","[WEB Component] Category filter should have expected screenshot when collapsed","tests.web.component.filter","2026-10-05","passed","2026-10-05","TestCategoryFilter","test_category_filter","",""
"","6318","[WEB Component] Category filter group should be collapsed after collapse expanded group","tests.web.component.filter","2026-10-05","passed","2026-10-05","TestCategoryFilter","test_category_filter","",""
"","0","[API] Create user should return 400_BAD_REQUEST when send create user request with invalid data. Case: 'email' contains only special symbols","tests.api.user","2026-10-05","skipped","2026-10-05","TestCreateUserApi","test_create_user","",""
"","3933","[WEB Component] Category filter should have expected screenshot when fully expanded","tests.web.component.filter","2026-10-05","passed","2026-10-05","TestCategoryFilter","test_category_filter","",""
"","0","[WEB] Should not add product review with invalid data. Case: 'email' contains text after domain","tests.web.component.review","2026-10-05","skipped","2026-10-05","TestReviewComponent","test_review_component","",""
"","931","test_get_all_products","tests.api.product","2026-10-05","passed","2026-10-05","TestProductApi","test_product","",""
"","5127","[WEB] Sign up with valid data. Case: 'address1' length = max - 1","tests.web.component.auth","2026-10-05","passed","2026-10-05","TestSignUpWeb","test_signup_component","",""
"","0","[API] Create user should return 400_BAD_REQUEST when send create user request with invalid data. Case: 'first_name' length = max + 1","tests.api.user","2026-10-05","skipped","2026-10-05","TestCreateUserApi","test_create_user","",""
