"DESCRIPTION","DURATION IN MS","NAME","PARENT SUITE","START TIME","STATUS","STOP TIME","SUB SUITE","SUITE","TEST CLASS","TEST METHOD"
"","323","[API] Update user should return 200_OK when send update user request with valid data. Case: 'birth_month' = 12","tests.api.user","Mon Apr 13 06:33:26 UTC 2026","passed","Mon Apr 13 06:33:26 UTC 2026","TestUpdateUserApi","test_update_user","",""
"","0","[API] Create user should return 400_BAD_REQUEST when send create user request with invalid data. Case: 'email' contains invalid top level domain web","tests.api.user","Mon Apr 13 06:32:59 UTC 2026","skipped","Mon Apr 13 06:32:59 UTC 2026","TestCreateUserApi","test_create_user","",""
"","1309","[WEB Component] Search filter should filter products by query","tests.web.component.filter","Mon Apr 13 06:39:16 UTC 2026","passed","Mon Apr 13 06:39:17 UTC 2026","TestSearchFilter","test_search_filter","",""
"","0","[API] Create user should return 400_BAD_REQUEST when send create user request with invalid data. Case: 'email' contains only special symbols","tests.api.user","Mon Apr 13 06:32:59 UTC 2026","skipped","Mon Apr 13 06:32:59 UTC 2026","TestCreateUserApi","test_create_user","",""
"","139","[API] Create user should return 200_OK when send create user request with valid data. Case: 'address1' length = min + 1","tests.api.user","Mon Apr 13 06:33:21 UTC 2026","passed","Mon Apr 13 06:33:21 UTC 2026","TestCreateUserApi","test_create_user","",""
"","0","[API] Update user should return 400_BAD_REQUEST when send update user request with invalid data. Case: 'zipcode' is absent","tests.api.user","Mon Apr 13 06:33:42 UTC 2026","skipped","Mon Apr 13 06:33:42 UTC 2026","TestUpdateUserApi","test_update_user","",""
"","0","[WEB] Sign up with invalid data. Case: 'address2' length = min + 1","tests.web.component.auth","Mon Apr 13 06:34:16 UTC 2026","skipped","Mon Apr 13 06:34:16 UTC 2026","TestSignUpWeb","test_signup_component","",""
"","155","[API] Get user should return 200_OK when send get user request and user exists","tests.api.user","Mon Apr 13 06:33:02 UTC 2026","passed","Mon Apr 13 06:33:02 UTC 2026","TestGetUserApi","test_get_user","",""
"","0","[API] Update user should return 400_BAD_REQUEST when send update user request with invalid data. Case: 'address1' length = max + 1","tests.api.user","Mon Apr 13 06:33:42 UTC 2026","skipped","Mon Apr 13 06:33:42 UTC 2026","TestUpdateUserApi","test_update_user","",""
"","655","[WEB] Should add product review with valid data. Case: 'name' length = max - 1","tests.web.component.review","Mon Apr 13 06:49:59 UTC 2026","passed","Mon Apr 13 06:50:00 UTC 2026","TestReviewComponent","test_review_component","",""
"","1266","[WEB] Should add product review with valid data. Case: 'email' domain name length = 2","tests.web.component.review","Mon Apr 13 06:53:10 UTC 2026","passed","Mon Apr 13 06:53:11 UTC 2026","TestReviewComponent","test_review_component","",""
"","0","[API] Update user should return 400_BAD_REQUEST when send update user request with invalid data. Case: 'birth_year' is zero","tests.api.user","Mon Apr 13 06:33:42 UTC 2026","skipped","Mon Apr 13 06:33:42 UTC 2026","TestUpdateUserApi","test_update_user","",""
"","0","[API] Create user should return 400_BAD_REQUEST when send create user request with invalid data. Case: 'email' contains text after domain","tests.api.user","Mon Apr 13 06:32:59 UTC 2026","skipped","Mon Apr 13 06:32:59 UTC 2026","TestCreateUserApi","test_create_user","",""
"","0","[API] Update user should return 400_BAD_REQUEST when send update user request with invalid data. Case: 'address1' is absent","tests.api.user","Mon Apr 13 06:33:42 UTC 2026","skipped","Mon Apr 13 06:33:42 UTC 2026","TestUpdateUserApi","test_update_user","",""
"","348","[WEB Component] Product item should navigate to product page when click on item title","tests.web.component.product","Mon Apr 13 06:47:06 UTC 2026","passed","Mon Apr 13 06:47:07 UTC 2026","TestProductItem","test_product_item","",""
"","398","[API] Delete user should return 200_OK when send delete user request and user exists","tests.api.user","Mon Apr 13 06:33:00 UTC 2026","passed","Mon Apr 13 06:33:01 UTC 2026","TestDeleteUserApi","test_delete_user","",""
"","0","[API] Update user should return 400_BAD_REQUEST when send update user request with invalid data. Case: 'mobile_number' length = min - 1","tests.api.user","Mon Apr 13 06:33:42 UTC 2026","skipped","Mon Apr 13 06:33:42 UTC 2026","TestUpdateUserApi","test_update_user","",""
"","0","[WEB Component] Pay with invalid card should show error message. Case: cvc only spaces","tests.web.component.payment","Mon Apr 13 06:44:27 UTC 2026","skipped","Mon Apr 13 06:44:27 UTC 2026","TestPaymentComponent","test_payment_component","",""
"","0","[WEB Component] Pay with invalid card should show error message. Case: card number contains special characters","tests.web.component.payment","Mon Apr 13 06:44:27 UTC 2026","skipped","Mon Apr 13 06:44:27 UTC 2026","TestPaymentComponent","test_payment_component","",""
"","0","[WEB Component] Pay with invalid card should show error message. Case: name contains newline","tests.web.component.payment","Mon Apr 13 06:44:27 UTC 2026","skipped","Mon Apr 13 06:44:27 UTC 2026","TestPaymentComponent","test_payment_component","",""
"","482","[API] Update user should return 200_OK when send update user request with valid data. Case: 'name' length = max","tests.api.user","Mon Apr 13 06:33:06 UTC 2026","passed","Mon Apr 13 06:33:06 UTC 2026","TestUpdateUserApi","test_update_user","",""
"","3494","[WEB] Sign up with valid data. Case: 'address2' length = min","tests.web.component.auth","Mon Apr 13 06:49:08 UTC 2026","passed","Mon Apr 13 06:49:12 UTC 2026","TestSignUpWeb","test_signup_component","",""
"","0","[WEB Component] Pay with invalid card should show error message. Case: cvc too short","tests.web.component.payment","Mon Apr 13 06:44:27 UTC 2026","skipped","Mon Apr 13 06:44:27 UTC 2026","TestPaymentComponent","test_payment_component","",""
"","9894","Purchase products with sign up before checkout","tests.web.e2e","Mon Apr 13 06:52:45 UTC 2026","passed","Mon Apr 13 06:52:55 UTC 2026","TestPlaceOrder","test_place_order","",""
"","0","[API] Create user should return 400_BAD_REQUEST when send create user request with invalid data. Case: 'first_name' is absent","tests.api.user","Mon Apr 13 06:33:29 UTC 2026","skipped","Mon Apr 13 06:33:29 UTC 2026","TestCreateUserApi","test_create_user","",""
"","0","[WEB] Sign up with invalid data. Case: 'mobile_number' length = min + 1","tests.web.component.auth","Mon Apr 13 06:34:16 UTC 2026","skipped","Mon Apr 13 06:34:16 UTC 2026","TestSignUpWeb","test_signup_component","",""
"","0","[WEB Component] Pay with invalid card should show error message. Case: expiry month one digit","tests.web.component.payment","Mon Apr 13 06:44:27 UTC 2026","skipped","Mon Apr 13 06:44:27 UTC 2026","TestPaymentComponent","test_payment_component","",""
"","0","[WEB] Sign up with invalid data. Case: 'address1' length = min","tests.web.component.auth","Mon Apr 13 06:34:16 UTC 2026","skipped","Mon Apr 13 06:34:16 UTC 2026","TestSignUpWeb","test_signup_component","",""
"","0","[API] Create user should return 400_BAD_REQUEST when send create user request with invalid data. Case: 'name' length = max + 1","tests.api.user","Mon Apr 13 06:33:29 UTC 2026","skipped","Mon Apr 13 06:33:29 UTC 2026","TestCreateUserApi","test_create_user","",""
"","0","[WEB Component] Pay with invalid card should show error message. Case: expiry month is empty","tests.web.component.payment","Mon Apr 13 06:44:27 UTC 2026","skipped","Mon Apr 13 06:44:27 UTC 2026","TestPaymentComponent","test_payment_component","",""
"","2064","[WEB Component] Pay with valid card should show success status message. Case: valid: common latin name","tests.web.component.payment","Mon Apr 13 06:41:49 UTC 2026","passed","Mon Apr 13 06:41:52 UTC 2026","TestPaymentComponent","test_payment_component","",""
"","0","[WEB] Should not add product review with invalid data. Case: 'email' contains username hieroglyphs instead of username","tests.web.component.review","Mon Apr 13 06:52:26 UTC 2026","skipped","Mon Apr 13 06:52:26 UTC 2026","TestReviewComponent","test_review_component","",""
"","130","[API] Create user should return 400_BAD_REQUEST when send create user request with existing email","tests.api.user","Mon Apr 13 06:32:59 UTC 2026","passed","Mon Apr 13 06:32:59 UTC 2026","TestCreateUserApi","test_create_user","",""
"","0","[WEB] Should not add product review with invalid data. Case: 'email' contains invalid top level domain web","tests.web.component.review","Mon Apr 13 06:52:26 UTC 2026","skipped","Mon Apr 13 06:52:26 UTC 2026","TestReviewComponent","test_review_component","",""
"","1783","[WEB Component] Pay with valid card should show success status message. Case: valid: boundary valid number","tests.web.component.payment","Mon Apr 13 06:42:55 UTC 2026","passed","Mon Apr 13 06:42:57 UTC 2026","TestPaymentComponent","test_payment_component","",""
"","342","Get brands should return 200_OK when send get brands request","tests.api.brand","Mon Apr 13 06:33:00 UTC 2026","passed","Mon Apr 13 06:33:00 UTC 2026","TestBrandApi","test_brand","",""
"","0","[API] Update user should return 400_BAD_REQUEST when send update user request with invalid data. Case: 'state' length = max + 1","tests.api.user","Mon Apr 13 06:33:42 UTC 2026","skipped","Mon Apr 13 06:33:42 UTC 2026","TestUpdateUserApi","test_update_user","",""
"","302","[API] Update user should return 200_OK when send update user request with valid data. Case: 'mobile_number' length = min + 1","tests.api.user","Mon Apr 13 06:33:17 UTC 2026","passed","Mon Apr 13 06:33:18 UTC 2026","TestUpdateUserApi","test_update_user","",""
"","335","[API] Update user should return 200_OK when send update user request with valid data. Case: 'address1' length = max - 1","tests.api.user","Mon Apr 13 06:33:32 UTC 2026","passed","Mon Apr 13 06:33:32 UTC 2026","TestUpdateUserApi","test_update_user","",""
"","5866","Purchase products with login while checkout","tests.web.e2e","Mon Apr 13 06:54:12 UTC 2026","passed","Mon Apr 13 06:54:18 UTC 2026","TestPlaceOrder","test_place_order","",""
"","141","[API] Create user should return 200_OK when send create user request with valid data. Case: 'address2' length = min + 1","tests.api.user","Mon Apr 13 06:33:24 UTC 2026","passed","Mon Apr 13 06:33:24 UTC 2026","TestCreateUserApi","test_create_user","",""
"","1788","[WEB Component] Pay with valid card should show success status message. Case: valid: future year","tests.web.component.payment","Mon Apr 13 06:44:25 UTC 2026","passed","Mon Apr 13 06:44:27 UTC 2026","TestPaymentComponent","test_payment_component","",""
"","410","[API] Create user should return 200_OK when send create user request with valid data. Case: 'name' length = min","tests.api.user","Mon Apr 13 06:33:01 UTC 2026","passed","Mon Apr 13 06:33:02 UTC 2026","TestCreateUserApi","test_create_user","",""
"","0","[API] Create user should return 400_BAD_REQUEST when send create user request with invalid data. Case: 'state' length = max + 1","tests.api.user","Mon Apr 13 06:32:59 UTC 2026","skipped","Mon Apr 13 06:32:59 UTC 2026","TestCreateUserApi","test_create_user","",""
"","0","[WEB Component] Pay with invalid card should show error message. Case: cvc is empty","tests.web.component.payment","Mon Apr 13 06:44:27 UTC 2026","skipped","Mon Apr 13 06:44:27 UTC 2026","TestPaymentComponent","test_payment_component","",""
"","896","[WEB Component] Category filter should have expected screenshot when collapsed","tests.web.component.filter","Mon Apr 13 06:57:16 UTC 2026","passed","Mon Apr 13 06:57:17 UTC 2026","TestCategoryFilter","test_category_filter","",""
"","266","[API] Update user should return 200_OK when send update user request with valid data. Case: 'city' length = max","tests.api.user","Mon Apr 13 06:33:41 UTC 2026","passed","Mon Apr 13 06:33:41 UTC 2026","TestUpdateUserApi","test_update_user","",""
"","864","[WEB Component] Should have expected success status message after sending contact info","tests.web.component.base","Mon Apr 13 06:37:59 UTC 2026","passed","Mon Apr 13 06:38:00 UTC 2026","TestSubscriptionComponent","test_subscription_component","",""
"","0","[API] Create user should return 400_BAD_REQUEST when send create user request with invalid data. Case: 'email' is empty","tests.api.user","Mon Apr 13 06:32:59 UTC 2026","skipped","Mon Apr 13 06:32:59 UTC 2026","TestCreateUserApi","test_create_user","",""
"","0","[WEB] Sign up with invalid data. Case: 'address2' length = max - 1","tests.web.component.auth","Mon Apr 13 06:34:16 UTC 2026","skipped","Mon Apr 13 06:34:16 UTC 2026","TestSignUpWeb","test_signup_component","",""
"","0","[API] Update user should return 400_BAD_REQUEST when send update user request with invalid data. Case: 'email' contains mail server as ip and port","tests.api.user","Mon Apr 13 06:33:42 UTC 2026","skipped","Mon Apr 13 06:33:42 UTC 2026","TestUpdateUserApi","test_update_user","",""
"","2357","[WEB Component] Products Carousel should show next products when scroll right","tests.web.component.carousel","Mon Apr 13 06:56:34 UTC 2026","passed","Mon Apr 13 06:56:37 UTC 2026","TestProductCarousel","test_product_carousel","",""
"","0","[API] Create user should return 400_BAD_REQUEST when send create user request with invalid data. Case: 'first_name' is empty","tests.api.user","Mon Apr 13 06:32:59 UTC 2026","skipped","Mon Apr 13 06:32:59 UTC 2026","TestCreateUserApi","test_create_user","",""
"","0","[API] Update user should return 400_BAD_REQUEST when send update user request with invalid data. Case: 'email' not contains username","tests.api.user","Mon Apr 13 06:33:42 UTC 2026","skipped","Mon Apr 13 06:33:42 UTC 2026","TestUpdateUserApi","test_update_user","",""
"","493","[WEB Component] Pay with valid card should show success status message. Case: valid: expiry month max","tests.web.component.payment","Mon Apr 13 06:44:01 UTC 2026","passed","Mon Apr 13 06:44:02 UTC 2026","TestPaymentComponent","test_payment_component","",""
"","386","[API] Create user should return 200_OK when send create user request with valid data. Case: 'zipcode' length = max - 1","tests.api.user","Mon Apr 13 06:33:28 UTC 2026","passed","Mon Apr 13 06:33:28 UTC 2026","TestCreateUserApi","test_create_user","",""
"","197","[API] Create user should return 200_OK when send create user request with valid data. Case: 'city' length = min","tests.api.user","Mon Apr 13 06:33:18 UTC 2026","passed","Mon Apr 13 06:33:18 UTC 2026","TestCreateUserApi","test_create_user","",""
"","0","[WEB] Sign up with invalid data. Case: 'city' length = max - 1","tests.web.component.auth","Mon Apr 13 06:34:16 UTC 2026","skipped","Mon Apr 13 06:34:16 UTC 2026","TestSignUpWeb","test_signup_component","",""
"","0","[WEB] Sign up with invalid data. Case: 'last_name' length = max - 1","tests.web.component.auth","Mon Apr 13 06:34:16 UTC 2026","skipped","Mon Apr 13 06:34:16 UTC 2026","TestSignUpWeb","test_signup_component","",""
"","3482","[WEB] Sign up with valid data. Case: 'name' length = min","tests.web.component.auth","Mon Apr 13 06:34:40 UTC 2026","passed","Mon Apr 13 06:34:44 UTC 2026","TestSignUpWeb","test_signup_component","",""
"","0","[API] Update user should return 400_BAD_REQUEST when send update user request with invalid data. Case: 'last_name' is absent","tests.api.user","Mon Apr 13 06:33:42 UTC 2026","skipped","Mon Apr 13 06:33:42 UTC 2026","TestUpdateUserApi","test_update_user","",""
"","0","[API] Create user should return 400_BAD_REQUEST when send create user request with invalid data. Case: 'birth_day' is invalid positive","tests.api.user","Mon Apr 13 06:32:59 UTC 2026","skipped","Mon Apr 13 06:32:59 UTC 2026","TestCreateUserApi","test_create_user","",""
"","0","[API] Update user should return 400_BAD_REQUEST when send update user request with invalid data. Case: 'email' contains text after domain","tests.api.user","Mon Apr 13 06:33:42 UTC 2026","skipped","Mon Apr 13 06:33:42 UTC 2026","TestUpdateUserApi","test_update_user","",""
"","0","[WEB] Sign up with invalid data. Case: 'first_name' length = max - 1","tests.web.component.auth","Mon Apr 13 06:34:16 UTC 2026","skipped","Mon Apr 13 06:34:16 UTC 2026","TestSignUpWeb","test_signup_component","",""
"","284","[API] Update user should return 200_OK when send update user request with valid data. Case: 'state' length = max","tests.api.user","Mon Apr 13 06:33:37 UTC 2026","passed","Mon Apr 13 06:33:37 UTC 2026","TestUpdateUserApi","test_update_user","",""
"","0","[API] Create user should return 400_BAD_REQUEST when send create user request with invalid data. Case: 'email' not contains username","tests.api.user","Mon Apr 13 06:32:59 UTC 2026","skipped","Mon Apr 13 06:32:59 UTC 2026","TestCreateUserApi","test_create_user","",""
"","1299","[WEB Component] Should add product to cart when click on add to cart button from overlay","tests.web.component.product","Mon Apr 13 06:45:04 UTC 2026","passed","Mon Apr 13 06:45:05 UTC 2026","TestAnimatedProductCard","test_animated_product_card_component","",""
"","0","[WEB] Should not add product review with invalid data. Case: 'message' length = min","tests.web.component.review","Mon Apr 13 06:52:26 UTC 2026","skipped","Mon Apr 13 06:52:26 UTC 2026","TestReviewComponent","test_review_component","",""
"","556","[WEB Component] Should decrease all products total price","tests.web.component.product","Mon Apr 13 06:49:00 UTC 2026","passed","Mon Apr 13 06:49:01 UTC 2026","TestProductItem","test_product_item","",""
"","0","[API] Update user should return 400_BAD_REQUEST when send update user request with invalid data. Case: 'address2' length = max + 1","tests.api.user","Mon Apr 13 06:33:42 UTC 2026","skipped","Mon Apr 13 06:33:42 UTC 2026","TestUpdateUserApi","test_update_user","",""
"","366","[API] Update user should return 200_OK when send update user request with valid data. Case: 'mobile_number' length = min","tests.api.user","Mon Apr 13 06:33:16 UTC 2026","passed","Mon Apr 13 06:33:17 UTC 2026","TestUpdateUserApi","test_update_user","",""
"","0","[WEB] Sign up with invalid data. Case: 'state' length = max - 1","tests.web.component.auth","Mon Apr 13 06:34:16 UTC 2026","skipped","Mon Apr 13 06:34:16 UTC 2026","TestSignUpWeb","test_signup_component","",""
"","745","[WEB] Should add product review with valid data. Case: 'name' length = min","tests.web.component.review","Mon Apr 13 06:49:19 UTC 2026","passed","Mon Apr 13 06:49:20 UTC 2026","TestReviewComponent","test_review_component","",""
"","507","[API] Update user should return 200_OK when send update user request with valid data. Case: 'zipcode' length = min + 1","tests.api.user","Mon Apr 13 06:33:39 UTC 2026","passed","Mon Apr 13 06:33:40 UTC 2026","TestUpdateUserApi","test_update_user","",""
"","0","[WEB] Should not add product review with invalid data. Case: 'name' is empty","tests.web.component.review","Mon Apr 13 06:52:26 UTC 2026","skipped","Mon Apr 13 06:52:26 UTC 2026","TestReviewComponent","test_review_component","",""
"","230","[API] Update user should return 200_OK when send update user request with valid data. Case: 'zipcode' length = min","tests.api.user","Mon Apr 13 06:33:38 UTC 2026","passed","Mon Apr 13 06:33:38 UTC 2026","TestUpdateUserApi","test_update_user","",""
"","4331","[WEB] Sign up with valid data. Case: 'mobile_number' length = max - 1","tests.web.component.auth","Mon Apr 13 06:39:59 UTC 2026","passed","Mon Apr 13 06:40:03 UTC 2026","TestSignUpWeb","test_signup_component","",""
"","4755","[WEB] Sign up with valid data. Case: 'mobile_number' length = min","tests.web.component.auth","Mon Apr 13 06:39:12 UTC 2026","passed","Mon Apr 13 06:39:17 UTC 2026","TestSignUpWeb","test_signup_component","",""
"","232","[API] Create user should return 200_OK when send create user request with valid data. Case: 'name' length = max","tests.api.user","Mon Apr 13 06:33:03 UTC 2026","passed","Mon Apr 13 06:33:03 UTC 2026","TestCreateUserApi","test_create_user","",""
"","336","[WEB] Should have expected screenshot when not send review","tests.web.component.review","Mon Apr 13 06:59:27 UTC 2026","passed","Mon Apr 13 06:59:27 UTC 2026","TestReviewComponent","test_review_component","",""
"","501","[WEB Component] Pay with valid card should show success status message. Case: valid name contains multiple spaces","tests.web.component.payment","Mon Apr 13 06:42:12 UTC 2026","passed","Mon Apr 13 06:42:12 UTC 2026","TestPaymentComponent","test_payment_component","",""
"","0","[WEB] Should not add product review with invalid data. Case: 'email' contains only special symbols","tests.web.component.review","Mon Apr 13 06:52:26 UTC 2026","skipped","Mon Apr 13 06:52:26 UTC 2026","TestReviewComponent","test_review_component","",""
"","3571","[WEB] Sign up with valid data. Case: 'state' length = min","tests.web.component.auth","Mon Apr 13 06:44:33 UTC 2026","passed","Mon Apr 13 06:44:37 UTC 2026","TestSignUpWeb","test_signup_component","",""
"","0","[WEB] Sign up with invalid data. Case: 'zipcode' length = min + 1","tests.web.component.auth","Mon Apr 13 06:34:16 UTC 2026","skipped","Mon Apr 13 06:34:16 UTC 2026","TestSignUpWeb","test_signup_component","",""
"","241","[API] Update user should return 200_OK when send update user request with valid data. Case: 'address1' length = min + 1","tests.api.user","Mon Apr 13 06:33:31 UTC 2026","passed","Mon Apr 13 06:33:31 UTC 2026","TestUpdateUserApi","test_update_user","",""
"","3493","[WEB] Sign up with valid data. Case: 'state' length = min + 1","tests.web.component.auth","Mon Apr 13 06:44:56 UTC 2026","passed","Mon Apr 13 06:44:59 UTC 2026","TestSignUpWeb","test_signup_component","",""
"","279","[API] Update user should return 200_OK when send update user request with valid data. Case: 'city' length = min","tests.api.user","Mon Apr 13 06:33:38 UTC 2026","passed","Mon Apr 13 06:33:38 UTC 2026","TestUpdateUserApi","test_update_user","",""
"","0","[API] Create user should return 400_BAD_REQUEST when send create user request with invalid data. Case: 'address2' length = max + 1","tests.api.user","Mon Apr 13 06:32:59 UTC 2026","skipped","Mon Apr 13 06:32:59 UTC 2026","TestCreateUserApi","test_create_user","",""
"","793","[WEB] Should add product review with valid data. Case: 'name' length = max","tests.web.component.review","Mon Apr 13 06:50:21 UTC 2026","passed","Mon Apr 13 06:50:21 UTC 2026","TestReviewComponent","test_review_component","",""
"","0","[API] Create user should return 400_BAD_REQUEST when send create user request with invalid data. Case: 'mobile_number' is empty","tests.api.user","Mon Apr 13 06:32:59 UTC 2026","skipped","Mon Apr 13 06:32:59 UTC 2026","TestCreateUserApi","test_create_user","",""
"","638","[WEB] Should add product review with valid data. Case: 'email' username contains only underscore '-'","tests.web.component.review","Mon Apr 13 06:52:28 UTC 2026","passed","Mon Apr 13 06:52:29 UTC 2026","TestReviewComponent","test_review_component","",""
"","0","[API] Update user should return 400_BAD_REQUEST when send update user request with invalid data. Case: 'city' length = min - 1","tests.api.user","Mon Apr 13 06:33:42 UTC 2026","skipped","Mon Apr 13 06:33:42 UTC 2026","TestUpdateUserApi","test_update_user","",""
"","0","[WEB] Sign up with invalid data. Case: 'birth_day' = 1","tests.web.component.auth","Mon Apr 13 06:34:16 UTC 2026","skipped","Mon Apr 13 06:34:16 UTC 2026","TestSignUpWeb","test_signup_component","",""
"","4575","[WEB] Sign up with valid data. Case: 'state' length = max - 1","tests.web.component.auth","Mon Apr 13 06:45:18 UTC 2026","passed","Mon Apr 13 06:45:23 UTC 2026","TestSignUpWeb","test_signup_component","",""
"","395","[API] Create user should return 200_OK when send create user request with valid data. Case: 'last_name' length = max - 1","tests.api.user","Mon Apr 13 06:33:06 UTC 2026","passed","Mon Apr 13 06:33:07 UTC 2026","TestCreateUserApi","test_create_user","",""
"","383","[API] Create user should return 200_OK when send create user request with valid data. Case: 'birth_month' = 12","tests.api.user","Mon Apr 13 06:33:11 UTC 2026","passed","Mon Apr 13 06:33:11 UTC 2026","TestCreateUserApi","test_create_user","",""
"","305","[API] Update user should return 200_OK when send update user request with valid data. Case: 'first_name' length = max - 1","tests.api.user","Mon Apr 13 06:33:09 UTC 2026","passed","Mon Apr 13 06:33:09 UTC 2026","TestUpdateUserApi","test_update_user","",""
"","0","[WEB Component] Pay with invalid card should show error message. Case: expiry month contains letters","tests.web.component.payment","Mon Apr 13 06:44:27 UTC 2026","skipped","Mon Apr 13 06:44:27 UTC 2026","TestPaymentComponent","test_payment_component","",""
"","0","[API] Create user should return 400_BAD_REQUEST when send create user request with invalid data. Case: 'city' length = min - 1","tests.api.user","Mon Apr 13 06:32:59 UTC 2026","skipped","Mon Apr 13 06:32:59 UTC 2026","TestCreateUserApi","test_create_user","",""
"","43","[WEB Component] Should have all products expected total price","tests.web.component.product","Mon Apr 13 06:48:16 UTC 2026","passed","Mon Apr 13 06:48:16 UTC 2026","TestProductItem","test_product_item","",""
"","609","[WEB Component] Should navigate to login page by click 'Signup / Login' button","tests.web.component.base","Mon Apr 13 06:35:53 UTC 2026","passed","Mon Apr 13 06:35:54 UTC 2026","TestHeaderComponent","test_header_component","",""
"","0","[API] Create user should return 400_BAD_REQUEST when send create user request with invalid data. Case: 'address1' length = min - 1","tests.api.user","Mon Apr 13 06:32:59 UTC 2026","skipped","Mon Apr 13 06:32:59 UTC 2026","TestCreateUserApi","test_create_user","",""
"","0","[API] Update user should return 400_BAD_REQUEST when send update user request with invalid data. Case: 'birth_day' is negative","tests.api.user","Mon Apr 13 06:33:42 UTC 2026","skipped","Mon Apr 13 06:33:42 UTC 2026","TestUpdateUserApi","test_update_user","",""
"","0","[WEB] Should not add product review with invalid data. Case: 'email' contains mail server as ip and port","tests.web.component.review","Mon Apr 13 06:52:26 UTC 2026","skipped","Mon Apr 13 06:52:26 UTC 2026","TestReviewComponent","test_review_component","",""
"","0","[WEB] Sign up with invalid data. Case: 'first_name' length = min + 1","tests.web.component.auth","Mon Apr 13 06:34:16 UTC 2026","skipped","Mon Apr 13 06:34:16 UTC 2026","TestSignUpWeb","test_signup_component","",""
"","0","[API] Create user should return 400_BAD_REQUEST when send create user request with invalid data. Case: 'city' is absent","tests.api.user","Mon Apr 13 06:32:59 UTC 2026","skipped","Mon Apr 13 06:32:59 UTC 2026","TestCreateUserApi","test_create_user","",""
"","0","[WEB Component] Pay with invalid card should show error message. Case: cvc contains special characters","tests.web.component.payment","Mon Apr 13 06:44:27 UTC 2026","skipped","Mon Apr 13 06:44:27 UTC 2026","TestPaymentComponent","test_payment_component","",""
"","0","[API] Create user should return 400_BAD_REQUEST when send create user request with invalid data. Case: 'address1' is absent","tests.api.user","Mon Apr 13 06:32:59 UTC 2026","skipped","Mon Apr 13 06:32:59 UTC 2026","TestCreateUserApi","test_create_user","",""
"","164","[API] Create user should return 200_OK when send create user request with valid data. Case: 'birth_day' length = 31","tests.api.user","Mon Apr 13 06:33:10 UTC 2026","passed","Mon Apr 13 06:33:10 UTC 2026","TestCreateUserApi","test_create_user","",""
"","334","[API] Update user should return 200_OK when send update user request with valid data. Case: 'address2' length = max - 1","tests.api.user","Mon Apr 13 06:33:36 UTC 2026","passed","Mon Apr 13 06:33:37 UTC 2026","TestUpdateUserApi","test_update_user","",""
"","0","[API] Update user should return 400_BAD_REQUEST when send update user request with invalid data. Case: 'company' length = min - 1","tests.api.user","Mon Apr 13 06:33:42 UTC 2026","skipped","Mon Apr 13 06:33:42 UTC 2026","TestUpdateUserApi","test_update_user","",""
"","0","[API] Create user should return 400_BAD_REQUEST when send create user request with invalid data. Case: 'company' is empty","tests.api.user","Mon Apr 13 06:32:59 UTC 2026","skipped","Mon Apr 13 06:32:59 UTC 2026","TestCreateUserApi","test_create_user","",""
"","0","[API] Update user should return 400_BAD_REQUEST when send update user request with invalid data. Case: 'email' contains invalid top level domain web","tests.api.user","Mon Apr 13 06:33:42 UTC 2026","skipped","Mon Apr 13 06:33:42 UTC 2026","TestUpdateUserApi","test_update_user","",""
"","0","[WEB Component] Pay with invalid card should show error message. Case: name length = min - 1","tests.web.component.payment","Mon Apr 13 06:44:27 UTC 2026","skipped","Mon Apr 13 06:44:27 UTC 2026","TestPaymentComponent","test_payment_component","",""
"","0","[API] Update user should return 400_BAD_REQUEST when send update user request with invalid data. Case: 'first_name' length = max + 1","tests.api.user","Mon Apr 13 06:33:42 UTC 2026","skipped","Mon Apr 13 06:33:42 UTC 2026","TestUpdateUserApi","test_update_user","",""
"","334","[WEB Component] Delivery address has expected data","tests.web.component.address","Mon Apr 13 06:55:06 UTC 2026","passed","Mon Apr 13 06:55:06 UTC 2026","TestAddressComponent","test_address_component","",""
"","2856","[WEB Component] Order placed page should have expected screenshot","tests.web.component.payment","Mon Apr 13 06:58:33 UTC 2026","passed","Mon Apr 13 06:58:35 UTC 2026","TestPaymentComponent","test_invoice_file","",""
"","533","[WEB Component] Pay with valid card should show success status message. Case: valid: expiry month min","tests.web.component.payment","Mon Apr 13 06:43:39 UTC 2026","passed","Mon Apr 13 06:43:39 UTC 2026","TestPaymentComponent","test_payment_component","",""
"","218","[API] Create user should return 200_OK when send create user request with valid data. Case: 'birth_year' = 10000","tests.api.user","Mon Apr 13 06:33:12 UTC 2026","passed","Mon Apr 13 06:33:12 UTC 2026","TestCreateUserApi","test_create_user","",""
"","0","[WEB Component] Pay with invalid card should show error message. Case: expiry year contains letters","tests.web.component.payment","Mon Apr 13 06:44:28 UTC 2026","skipped","Mon Apr 13 06:44:28 UTC 2026","TestPaymentComponent","test_payment_component","",""
"","502","[WEB] Should add product review with valid data. Case: 'email' username contains '-'","tests.web.component.review","Mon Apr 13 06:51:29 UTC 2026","passed","Mon Apr 13 06:51:29 UTC 2026","TestReviewComponent","test_review_component","",""
"","0","[WEB] Sign up with invalid data. Case: 'state' length = min","tests.web.component.auth","Mon Apr 13 06:34:16 UTC 2026","skipped","Mon Apr 13 06:34:16 UTC 2026","TestSignUpWeb","test_signup_component","",""
"","3496","[WEB] Sign up with valid data. Case: 'company' length = min","tests.web.component.auth","Mon Apr 13 06:43:03 UTC 2026","passed","Mon Apr 13 06:43:06 UTC 2026","TestSignUpWeb","test_signup_component","",""
"","1428","[WEB Component] Search filter should have expected screenshot","tests.web.component.filter","Mon Apr 13 06:58:05 UTC 2026","passed","Mon Apr 13 06:58:07 UTC 2026","TestSearchFilter","test_search_filter","",""
"","0","[WEB Component] Pay with invalid card should show error message. Case: name length = max + 1","tests.web.component.payment","Mon Apr 13 06:44:27 UTC 2026","skipped","Mon Apr 13 06:44:27 UTC 2026","TestPaymentComponent","test_payment_component","",""
"","511","[WEB Component] Billing address has expected data","tests.web.component.address","Mon Apr 13 06:54:43 UTC 2026","passed","Mon Apr 13 06:54:43 UTC 2026","TestAddressComponent","test_address_component","",""
"","237","[API] Update user should return 200_OK when send update user request with valid data. Case: 'last_name' length = min","tests.api.user","Mon Apr 13 06:33:11 UTC 2026","passed","Mon Apr 13 06:33:11 UTC 2026","TestUpdateUserApi","test_update_user","",""
"","0","[API] Update user should return 400_BAD_REQUEST when send update user request with invalid data. Case: 'birth_year' is invalid positive","tests.api.user","Mon Apr 13 06:33:42 UTC 2026","skipped","Mon Apr 13 06:33:42 UTC 2026","TestUpdateUserApi","test_update_user","",""
"","213","[WEB Component] Should visible user name when authorized","tests.web.component.base","Mon Apr 13 06:36:15 UTC 2026","passed","Mon Apr 13 06:36:15 UTC 2026","TestHeaderComponent","test_header_component","",""
"","0","[WEB] Should not add product review with invalid data. Case: 'name' is absent","tests.web.component.review","Mon Apr 13 06:52:26 UTC 2026","skipped","Mon Apr 13 06:52:26 UTC 2026","TestReviewComponent","test_review_component","",""
"","5666","[WEB Component] Category filter group should be collapsed after collapse expanded group","tests.web.component.filter","Mon Apr 13 06:57:50 UTC 2026","passed","Mon Apr 13 06:57:56 UTC 2026","TestCategoryFilter","test_category_filter","",""
"","0","[API] Update user should return 400_BAD_REQUEST when send update user request with invalid data. Case: 'email' contains username hieroglyphs instead of username","tests.api.user","Mon Apr 13 06:33:42 UTC 2026","skipped","Mon Apr 13 06:33:42 UTC 2026","TestUpdateUserApi","test_update_user","",""
"","341","[API] Update user should return 200_OK when send update user request with valid data. Case: 'company' length = max - 1","tests.api.user","Mon Apr 13 06:33:32 UTC 2026","passed","Mon Apr 13 06:33:32 UTC 2026","TestUpdateUserApi","test_update_user","",""
"","3454","[WEB] Sign up with valid data. Case: 'first_name' length = min + 1","tests.web.component.auth","Mon Apr 13 06:36:38 UTC 2026","passed","Mon Apr 13 06:36:42 UTC 2026","TestSignUpWeb","test_signup_component","",""
"","753","[WEB Component] Should add product to cart when click on add to cart button","tests.web.component.product","Mon Apr 13 06:45:45 UTC 2026","passed","Mon Apr 13 06:45:46 UTC 2026","TestProductCard","test_product_card_component","",""
"","1792","[WEB Component] Page scroller scroll page to top","tests.web.component.base","Mon Apr 13 06:55:21 UTC 2026","failed","Mon Apr 13 06:55:23 UTC 2026","TestPageScrollerComponent","test_page_scroller_component","",""
"","0","[WEB] Should not add product review with invalid data. Case: 'email' contains domain with one letter","tests.web.component.review","Mon Apr 13 06:52:26 UTC 2026","skipped","Mon Apr 13 06:52:26 UTC 2026","TestReviewComponent","test_review_component","",""
"","0","[API] Update user should return 400_BAD_REQUEST when send update user request with invalid data. Case: 'email' is word","tests.api.user","Mon Apr 13 06:33:42 UTC 2026","skipped","Mon Apr 13 06:33:42 UTC 2026","TestUpdateUserApi","test_update_user","",""
"","2994","[WEB Component] Image Carousel should show previous image when scroll left","tests.web.component.carousel","Mon Apr 13 06:56:08 UTC 2026","passed","Mon Apr 13 06:56:11 UTC 2026","TestImageCarousel","test_image_carousel","",""
"","215","[API] Create user should return 200_OK when send create user request with valid data. Case: 'state' length = max","tests.api.user","Mon Apr 13 06:33:17 UTC 2026","passed","Mon Apr 13 06:33:18 UTC 2026","TestCreateUserApi","test_create_user","",""
"","639","[API] Update user should return 200_OK when send update user request with valid data. Case: 'last_name' length = max","tests.api.user","Mon Apr 13 06:33:15 UTC 2026","passed","Mon Apr 13 06:33:16 UTC 2026","TestUpdateUserApi","test_update_user","",""
"","270","[API] Update user should return 200_OK when send update user request with valid data. Case: 'address2' length = min + 1","tests.api.user","Mon Apr 13 06:33:35 UTC 2026","passed","Mon Apr 13 06:33:36 UTC 2026","TestUpdateUserApi","test_update_user","",""
"","326","[API] Update user should return 200_OK when send update user request with valid data. Case: 'birth_year' = 10000","tests.api.user","Mon Apr 13 06:33:28 UTC 2026","passed","Mon Apr 13 06:33:28 UTC 2026","TestUpdateUserApi","test_update_user","",""
"","284","[API] Update user should return 200_OK when send update user request with valid data. Case: 'mobile_number' length = max","tests.api.user","Mon Apr 13 06:33:19 UTC 2026","passed","Mon Apr 13 06:33:19 UTC 2026","TestUpdateUserApi","test_update_user","",""
"","0","[API] Create user should return 400_BAD_REQUEST when send create user request with invalid data. Case: 'birth_year' is absent","tests.api.user","Mon Apr 13 06:32:59 UTC 2026","skipped","Mon Apr 13 06:32:59 UTC 2026","TestCreateUserApi","test_create_user","",""
"","424","[API] Create user should return 200_OK when send create user request with valid data. Case: 'address1' length = min","tests.api.user","Mon Apr 13 06:33:21 UTC 2026","passed","Mon Apr 13 06:33:21 UTC 2026","TestCreateUserApi","test_create_user","",""
"","0","[API] Update user should return 400_BAD_REQUEST when send update user request with invalid data. Case: 'company' length = max + 1","tests.api.user","Mon Apr 13 06:33:42 UTC 2026","skipped","Mon Apr 13 06:33:42 UTC 2026","TestUpdateUserApi","test_update_user","",""
"","150","[API] Create user should return 200_OK when send create user request with valid data. Case: 'mobile_number' length = min","tests.api.user","Mon Apr 13 06:33:08 UTC 2026","passed","Mon Apr 13 06:33:08 UTC 2026","TestCreateUserApi","test_create_user","",""
"","0","[API] Update user should return 400_BAD_REQUEST when send update user request with invalid data. Case: 'name' length = min - 1","tests.api.user","Mon Apr 13 06:33:42 UTC 2026","skipped","Mon Apr 13 06:33:42 UTC 2026","TestUpdateUserApi","test_update_user","",""
"","187","Should return user exists when user exists with email and password","tests.api.user","Mon Apr 13 06:33:42 UTC 2026","passed","Mon Apr 13 06:33:42 UTC 2026","TestVerifyLoginApi","test_verify_login","",""
"","2474","[WEB Component] Search filter should return all products when filter by empty query","tests.web.component.filter","Mon Apr 13 06:39:38 UTC 2026","passed","Mon Apr 13 06:39:40 UTC 2026","TestSearchFilter","test_search_filter","",""
"","4894","[WEB] Sign up with valid data. Case: 'name' length = max","tests.web.component.auth","Mon Apr 13 06:35:50 UTC 2026","passed","Mon Apr 13 06:35:55 UTC 2026","TestSignUpWeb","test_signup_component","",""
"","728","[WEB] Should add product review with valid data. Case: 'email' has not exists email service","tests.web.component.review","Mon Apr 13 06:50:42 UTC 2026","passed","Mon Apr 13 06:50:43 UTC 2026","TestReviewComponent","test_review_component","",""
"","1120","[WEB Component] Product item should have expected data","tests.web.component.product","Mon Apr 13 06:59:21 UTC 2026","failed","Mon Apr 13 06:59:23 UTC 2026","TestProductItem","test_product_item","",""
"","0","[WEB Component] Pay with invalid card should show error message. Case: card number contains spaces","tests.web.component.payment","Mon Apr 13 06:44:27 UTC 2026","skipped","Mon Apr 13 06:44:27 UTC 2026","TestPaymentComponent","test_payment_component","",""
"","2461","[WEB Component] Animated product card overlay should have expected data","tests.web.component.product","Mon Apr 13 06:58:55 UTC 2026","passed","Mon Apr 13 06:58:57 UTC 2026","TestAnimatedProductCard","test_animated_product_card_component","",""
"","2597","[WEB Component] Image Carousel should show next image when scroll right","tests.web.component.carousel","Mon Apr 13 06:56:29 UTC 2026","passed","Mon Apr 13 06:56:32 UTC 2026","TestImageCarousel","test_image_carousel","",""
"","0","[WEB] Should not add product review with invalid data. Case: 'email' not contains '@' symbol","tests.web.component.review","Mon Apr 13 06:52:26 UTC 2026","skipped","Mon Apr 13 06:52:26 UTC 2026","TestReviewComponent","test_review_component","",""
"","0","[WEB] Sign up with invalid data. Case: 'mobile_number' length = min","tests.web.component.auth","Mon Apr 13 06:34:16 UTC 2026","skipped","Mon Apr 13 06:34:16 UTC 2026","TestSignUpWeb","test_signup_component","",""
"","0","[API] Update user should return 400_BAD_REQUEST when send update user request with invalid data. Case: 'email' contains '-' after '@'","tests.api.user","Mon Apr 13 06:33:42 UTC 2026","skipped","Mon Apr 13 06:33:42 UTC 2026","TestUpdateUserApi","test_update_user","",""
"","274","[API] Update user should return 200_OK when send update user request with valid data. Case: 'birth_month' = 1","tests.api.user","Mon Apr 13 06:33:25 UTC 2026","passed","Mon Apr 13 06:33:25 UTC 2026","TestUpdateUserApi","test_update_user","",""
"","1372","[WEB Component] Add product to cart from product carousel","tests.web.component.carousel","Mon Apr 13 06:57:30 UTC 2026","passed","Mon Apr 13 06:57:31 UTC 2026","TestProductCarousel","test_product_carousel","",""
"","165","[API] Create user should return 200_OK when send create user request with valid data. Case: 'address2' length = max - 1","tests.api.user","Mon Apr 13 06:33:25 UTC 2026","passed","Mon Apr 13 06:33:26 UTC 2026","TestCreateUserApi","test_create_user","",""
"","0","[API] Create user should return 400_BAD_REQUEST when send create user request with invalid data. Case: 'birth_year' is invalid positive","tests.api.user","Mon Apr 13 06:32:59 UTC 2026","skipped","Mon Apr 13 06:32:59 UTC 2026","TestCreateUserApi","test_create_user","",""
"","0","[API] Update user should return 400_BAD_REQUEST when send update user request with invalid data. Case: 'email' contains only special symbols","tests.api.user","Mon Apr 13 06:33:42 UTC 2026","skipped","Mon Apr 13 06:33:42 UTC 2026","TestUpdateUserApi","test_update_user","",""
"","0","[WEB Component] Pay with invalid card should show error message. Case: name contains leading spaces","tests.web.component.payment","Mon Apr 13 06:44:27 UTC 2026","skipped","Mon Apr 13 06:44:27 UTC 2026","TestPaymentComponent","test_payment_component","",""
"","0","[WEB Component] Pay with invalid card should show error message. Case: expiry year only spaces","tests.web.component.payment","Mon Apr 13 06:44:28 UTC 2026","skipped","Mon Apr 13 06:44:28 UTC 2026","TestPaymentComponent","test_payment_component","",""
"","925","[WEB Component] Add product notification should be closed when click on close button","tests.web.component.base","Mon Apr 13 06:37:15 UTC 2026","passed","Mon Apr 13 06:37:16 UTC 2026","TestNotificationComponent","test_notification_component","",""
"","3522","[WEB] Sign up with valid data. Case: 'first_name' length = max - 1","tests.web.component.auth","Mon Apr 13 06:37:02 UTC 2026","passed","Mon Apr 13 06:37:06 UTC 2026","TestSignUpWeb","test_signup_component","",""
"","492","[API] Update user should return 200_OK when send update user request with valid data. Case: 'address2' length = min","tests.api.user","Mon Apr 13 06:33:34 UTC 2026","passed","Mon Apr 13 06:33:34 UTC 2026","TestUpdateUserApi","test_update_user","",""
"","0","[API] Create user should return 400_BAD_REQUEST when send create user request with invalid data. Case: 'mobile_number' length = min - 1","tests.api.user","Mon Apr 13 06:32:59 UTC 2026","skipped","Mon Apr 13 06:32:59 UTC 2026","TestCreateUserApi","test_create_user","",""
"","685","[WEB Component] Should navigate to cart page by click 'Cart' button","tests.web.component.base","Mon Apr 13 06:35:33 UTC 2026","passed","Mon Apr 13 06:35:33 UTC 2026","TestHeaderComponent","test_header_component","",""
"","182","[API] Create user should return 200_OK when send create user request with valid data. Case: 'mobile_number' length = min + 1","tests.api.user","Mon Apr 13 06:33:08 UTC 2026","passed","Mon Apr 13 06:33:08 UTC 2026","TestCreateUserApi","test_create_user","",""
"","0","[API] Update user should return 400_BAD_REQUEST when send update user request with invalid data. Case: 'email' is empty","tests.api.user","Mon Apr 13 06:33:42 UTC 2026","skipped","Mon Apr 13 06:33:42 UTC 2026","TestUpdateUserApi","test_update_user","",""
"","0","[API] Create user should return 400_BAD_REQUEST when send create user request with invalid data. Case: 'mobile_number' has invalid format","tests.api.user","Mon Apr 13 06:32:59 UTC 2026","skipped","Mon Apr 13 06:32:59 UTC 2026","TestCreateUserApi","test_create_user","",""
"","3409","[WEB] Sign up with valid data. Case: 'city' length = max - 1","tests.web.component.auth","Mon Apr 13 06:46:53 UTC 2026","passed","Mon Apr 13 06:46:57 UTC 2026","TestSignUpWeb","test_signup_component","",""
"","0","[API] Update user should return 400_BAD_REQUEST when send update user request with invalid data. Case: 'name' is absent","tests.api.user","Mon Apr 13 06:33:42 UTC 2026","skipped","Mon Apr 13 06:33:42 UTC 2026","TestUpdateUserApi","test_update_user","",""
"","0","[WEB Component] Pay with invalid card should show error message. Case: expiry month = 13","tests.web.component.payment","Mon Apr 13 06:44:27 UTC 2026","skipped","Mon Apr 13 06:44:27 UTC 2026","TestPaymentComponent","test_payment_component","",""
"","3429","[WEB] Sign up with valid data. Case: 'birth_day' = 1","tests.web.component.auth","Mon Apr 13 06:40:46 UTC 2026","passed","Mon Apr 13 06:40:49 UTC 2026","TestSignUpWeb","test_signup_component","",""
"","0","[API] Update user should return 400_BAD_REQUEST when send update user request with invalid data. Case: 'birth_year' is absent","tests.api.user","Mon Apr 13 06:33:42 UTC 2026","skipped","Mon Apr 13 06:33:42 UTC 2026","TestUpdateUserApi","test_update_user","",""
"","192","[API] Create user should return 200_OK when send create user request with valid data. Case: 'first_name' length = min + 1","tests.api.user","Mon Apr 13 06:33:04 UTC 2026","passed","Mon Apr 13 06:33:04 UTC 2026","TestCreateUserApi","test_create_user","",""
"","0","[API] Create user should return 400_BAD_REQUEST when send create user request with invalid data. Case: 'email' not contains '@' symbol","tests.api.user","Mon Apr 13 06:32:59 UTC 2026","skipped","Mon Apr 13 06:32:59 UTC 2026","TestCreateUserApi","test_create_user","",""
"","932","[WEB] Should add product review with valid data. Case: 'email' contains subdomain","tests.web.component.review","Mon Apr 13 06:51:02 UTC 2026","passed","Mon Apr 13 06:51:03 UTC 2026","TestReviewComponent","test_review_component","",""
"","913","[WEB Component] Should add product to cart when click on add to cart button","tests.web.component.product","Mon Apr 13 06:46:25 UTC 2026","passed","Mon Apr 13 06:46:26 UTC 2026","TestProductCard","test_product_details_component","",""
"","0","[WEB] Sign up with invalid data. Case: 'name' length = max","tests.web.component.auth","Mon Apr 13 06:34:16 UTC 2026","skipped","Mon Apr 13 06:34:16 UTC 2026","TestSignUpWeb","test_signup_component","",""
"","0","[API] Update user should return 400_BAD_REQUEST when send update user request with invalid data. Case: 'email' contains multiple '@' symbols","tests.api.user","Mon Apr 13 06:33:42 UTC 2026","skipped","Mon Apr 13 06:33:42 UTC 2026","TestUpdateUserApi","test_update_user","",""
"","8063","Purchase products with sign up while checkout","tests.web.e2e","Mon Apr 13 06:53:16 UTC 2026","passed","Mon Apr 13 06:53:24 UTC 2026","TestPlaceOrder","test_place_order","",""
"","3586","[WEB] Sign up with valid data. Case: 'city' length = min","tests.web.component.auth","Mon Apr 13 06:46:07 UTC 2026","passed","Mon Apr 13 06:46:11 UTC 2026","TestSignUpWeb","test_signup_component","",""
"","0","[WEB] Should not add product review with invalid data. Case: 'email' is word","tests.web.component.review","Mon Apr 13 06:52:26 UTC 2026","skipped","Mon Apr 13 06:52:26 UTC 2026","TestReviewComponent","test_review_component","",""
"","665","[WEB Component] Should increase all products total price","tests.web.component.product","Mon Apr 13 06:48:38 UTC 2026","passed","Mon Apr 13 06:48:38 UTC 2026","TestProductItem","test_product_item","",""
"","665","[WEB Component] Should open product page when click on view product button","tests.web.component.product","Mon Apr 13 06:45:24 UTC 2026","passed","Mon Apr 13 06:45:25 UTC 2026","TestAnimatedProductCard","test_animated_product_card_component","",""
"","0","[API] Create user should return 400_BAD_REQUEST when send create user request with invalid data. Case: 'name' length = min - 1","tests.api.user","Mon Apr 13 06:33:29 UTC 2026","skipped","Mon Apr 13 06:33:29 UTC 2026","TestCreateUserApi","test_create_user","",""
"","536","[WEB Component] Pay with valid card should show success status message. Case: valid: cvc typical","tests.web.component.payment","Mon Apr 13 06:43:17 UTC 2026","passed","Mon Apr 13 06:43:18 UTC 2026","TestPaymentComponent","test_payment_component","",""
"","3590","[WEB] Sign up with valid data. Case: 'company' length = max - 1","tests.web.component.auth","Mon Apr 13 06:43:48 UTC 2026","passed","Mon Apr 13 06:43:52 UTC 2026","TestSignUpWeb","test_signup_component","",""
"","3625","[WEB] Sign up with valid data. Case: 'address1' length = max","tests.web.component.auth","Mon Apr 13 06:48:45 UTC 2026","passed","Mon Apr 13 06:48:49 UTC 2026","TestSignUpWeb","test_signup_component","",""
"","0","[WEB] Sign up with invalid data. Case: 'birth_month' = 12","tests.web.component.auth","Mon Apr 13 06:34:16 UTC 2026","skipped","Mon Apr 13 06:34:16 UTC 2026","TestSignUpWeb","test_signup_component","",""
"","0","[API] Update user should return 400_BAD_REQUEST when send update user request with invalid data. Case: 'birth_month' is zero","tests.api.user","Mon Apr 13 06:33:42 UTC 2026","skipped","Mon Apr 13 06:33:42 UTC 2026","TestUpdateUserApi","test_update_user","",""
"","795","[WEB] Should have expected screenshot when send review","tests.web.component.review","Mon Apr 13 06:59:31 UTC 2026","passed","Mon Apr 13 06:59:32 UTC 2026","TestReviewComponent","test_review_component","",""
"","1525","[WEB Component] Products Carousel should show previous image when scroll left","tests.web.component.carousel","Mon Apr 13 06:56:14 UTC 2026","passed","Mon Apr 13 06:56:16 UTC 2026","TestProductCarousel","test_product_carousel","",""
"","0","[WEB] Should not add product review with invalid data. Case: 'message' length = max","tests.web.component.review","Mon Apr 13 06:52:26 UTC 2026","skipped","Mon Apr 13 06:52:26 UTC 2026","TestReviewComponent","test_review_component","",""
"","0","[API] Update user should return 400_BAD_REQUEST when send update user request with invalid data. Case: 'birth_month' is negative","tests.api.user","Mon Apr 13 06:33:42 UTC 2026","skipped","Mon Apr 13 06:33:42 UTC 2026","TestUpdateUserApi","test_update_user","",""
"","226","[API] Create user should return 200_OK when send create user request with valid data. Case: 'mobile_number' length = max","tests.api.user","Mon Apr 13 06:33:09 UTC 2026","passed","Mon Apr 13 06:33:09 UTC 2026","TestCreateUserApi","test_create_user","",""
"","4260","[WEB Component] Invoice should have expected price","tests.web.component.payment","Mon Apr 13 06:40:15 UTC 2026","passed","Mon Apr 13 06:40:20 UTC 2026","TestPaymentComponent","test_invoice_file","",""
"","0","[API] Update user should return 400_BAD_REQUEST when send update user request with invalid data. Case: 'email' not contains domain","tests.api.user","Mon Apr 13 06:33:42 UTC 2026","skipped","Mon Apr 13 06:33:42 UTC 2026","TestUpdateUserApi","test_update_user","",""
"","0","[API] Update user should return 400_BAD_REQUEST when send update user request with invalid data. Case: 'email' contains text before username","tests.api.user","Mon Apr 13 06:33:42 UTC 2026","skipped","Mon Apr 13 06:33:42 UTC 2026","TestUpdateUserApi","test_update_user","",""
"","0","[WEB] Sign up with invalid data. Case: 'zipcode' length = min","tests.web.component.auth","Mon Apr 13 06:34:16 UTC 2026","skipped","Mon Apr 13 06:34:16 UTC 2026","TestSignUpWeb","test_signup_component","",""
"","0","[API] Update user should return 400_BAD_REQUEST when send update user request with invalid data. Case: 'address1' is empty","tests.api.user","Mon Apr 13 06:33:42 UTC 2026","skipped","Mon Apr 13 06:33:42 UTC 2026","TestUpdateUserApi","test_update_user","",""
"","5761","[WEB] Sign up with valid data. Case: 'zipcode' length = max - 1","tests.web.component.auth","Mon Apr 13 06:33:46 UTC 2026","passed","Mon Apr 13 06:33:52 UTC 2026","TestSignUpWeb","test_signup_component","",""
"","0","[WEB Component] Pay with invalid card should show error message. Case: name contains non latin characters","tests.web.component.payment","Mon Apr 13 06:44:27 UTC 2026","skipped","Mon Apr 13 06:44:27 UTC 2026","TestPaymentComponent","test_payment_component","",""
"","1091","[API] Create user should return 200_OK when send create user request with valid data. Case: 'address2' length = min","tests.api.user","Mon Apr 13 06:33:23 UTC 2026","passed","Mon Apr 13 06:33:24 UTC 2026","TestCreateUserApi","test_create_user","",""
"","1807","[WEB] Should add product review with valid data. Case: 'message' length = max - 1","tests.web.component.review","Mon Apr 13 06:52:02 UTC 2026","passed","Mon Apr 13 06:52:04 UTC 2026","TestReviewComponent","test_review_component","",""
"","439","[API] Create user should return 200_OK when send create user request with valid data. Case: 'city' length = min + 1","tests.api.user","Mon Apr 13 06:33:18 UTC 2026","passed","Mon Apr 13 06:33:19 UTC 2026","TestCreateUserApi","test_create_user","",""
"","0","[WEB] Sign up with invalid data. Case: 'company' length = max","tests.web.component.auth","Mon Apr 13 06:34:16 UTC 2026","skipped","Mon Apr 13 06:34:16 UTC 2026","TestSignUpWeb","test_signup_component","",""
"","0","[API] Update user should return 400_BAD_REQUEST when send update user request with invalid data. Case: 'first_name' length = min - 1","tests.api.user","Mon Apr 13 06:33:42 UTC 2026","skipped","Mon Apr 13 06:33:42 UTC 2026","TestUpdateUserApi","test_update_user","",""
"","650","[API] Create user should return 200_OK when send create user request with valid data. Case: 'address2' length = max","tests.api.user","Mon Apr 13 06:33:26 UTC 2026","passed","Mon Apr 13 06:33:26 UTC 2026","TestCreateUserApi","test_create_user","",""
"","0","[WEB] Sign up with invalid data. Case: 'last_name' length = min","tests.web.component.auth","Mon Apr 13 06:34:16 UTC 2026","skipped","Mon Apr 13 06:34:16 UTC 2026","TestSignUpWeb","test_signup_component","",""
"","0","[WEB] Sign up with invalid data. Case: 'first_name' length = max","tests.web.component.auth","Mon Apr 13 06:34:16 UTC 2026","skipped","Mon Apr 13 06:34:16 UTC 2026","TestSignUpWeb","test_signup_component","",""
"","311","[API] Update user should return 200_OK when send update user request with valid data. Case: 'company' length = min","tests.api.user","Mon Apr 13 06:33:29 UTC 2026","passed","Mon Apr 13 06:33:29 UTC 2026","TestUpdateUserApi","test_update_user","",""
"","0","[WEB] Sign up with invalid data. Case: 'zipcode' length = max","tests.web.component.auth","Mon Apr 13 06:34:16 UTC 2026","skipped","Mon Apr 13 06:34:16 UTC 2026","TestSignUpWeb","test_signup_component","",""
"","1538","[WEB Component] Add product notification should have expected data and screenshot","tests.web.component.base","Mon Apr 13 06:54:39 UTC 2026","passed","Mon Apr 13 06:54:41 UTC 2026","TestNotificationComponent","test_notification_component","",""
"","0","[WEB] Sign up with invalid data. Case: 'city' length = min + 1","tests.web.component.auth","Mon Apr 13 06:34:16 UTC 2026","skipped","Mon Apr 13 06:34:16 UTC 2026","TestSignUpWeb","test_signup_component","",""
"","0","[API] Update user should return 400_BAD_REQUEST when send update user request with invalid data. Case: 'birth_day' is absent","tests.api.user","Mon Apr 13 06:33:42 UTC 2026","skipped","Mon Apr 13 06:33:42 UTC 2026","TestUpdateUserApi","test_update_user","",""
"","422","[WEB Component] Should delete user name by click on 'Delete Account' button","tests.web.component.base","Mon Apr 13 06:36:36 UTC 2026","passed","Mon Apr 13 06:36:37 UTC 2026","TestHeaderComponent","test_header_component","",""
"","0","[API] Create user should return 400_BAD_REQUEST when send create user request with invalid data. Case: 'last_name' is absent","tests.api.user","Mon Apr 13 06:32:59 UTC 2026","skipped","Mon Apr 13 06:32:59 UTC 2026","TestCreateUserApi","test_create_user","",""
"","0","[API] Create user should return 400_BAD_REQUEST when send create user request with invalid data. Case: 'email' contains '-' after '@'","tests.api.user","Mon Apr 13 06:32:59 UTC 2026","skipped","Mon Apr 13 06:32:59 UTC 2026","TestCreateUserApi","test_create_user","",""
"","165","[API] Create user should return 200_OK when send create user request with valid data. Case: 'birth_day' = 1","tests.api.user","Mon Apr 13 06:33:09 UTC 2026","passed","Mon Apr 13 06:33:09 UTC 2026","TestCreateUserApi","test_create_user","",""
"","164","[API] Create user should return 200_OK when send create user request with valid data. Case: 'zipcode' length = max","tests.api.user","Mon Apr 13 06:33:29 UTC 2026","passed","Mon Apr 13 06:33:29 UTC 2026","TestCreateUserApi","test_create_user","",""
"","0","[API] Create user should return 400_BAD_REQUEST when send create user request with invalid data. Case: 'email' is word","tests.api.user","Mon Apr 13 06:32:59 UTC 2026","skipped","Mon Apr 13 06:32:59 UTC 2026","TestCreateUserApi","test_create_user","",""
"","0","[API] Create user should return 400_BAD_REQUEST when send create user request with invalid data. Case: 'birth_month' is absent","tests.api.user","Mon Apr 13 06:32:59 UTC 2026","skipped","Mon Apr 13 06:32:59 UTC 2026","TestCreateUserApi","test_create_user","",""
"","0","[WEB] Sign up with invalid data. Case: 'zipcode' length = max - 1","tests.web.component.auth","Mon Apr 13 06:34:16 UTC 2026","skipped","Mon Apr 13 06:34:16 UTC 2026","TestSignUpWeb","test_signup_component","",""
"","1072","[WEB Component] Should not add negative products count to cart when click on add to cart button","tests.web.component.product","Mon Apr 13 06:46:44 UTC 2026","passed","Mon Apr 13 06:46:45 UTC 2026","TestProductCard","test_product_details_component","",""
"","3592","[WEB] Sign up with valid data. Case: 'birth_month' = 12","tests.web.component.auth","Mon Apr 13 06:41:54 UTC 2026","passed","Mon Apr 13 06:41:58 UTC 2026","TestSignUpWeb","test_signup_component","",""
"","0","[API] Create user should return 400_BAD_REQUEST when send create user request with invalid data. Case: 'email' not contains domain","tests.api.user","Mon Apr 13 06:32:59 UTC 2026","skipped","Mon Apr 13 06:32:59 UTC 2026","TestCreateUserApi","test_create_user","",""
"","165","[API] Create user should return 200_OK when send create user request with valid data. Case: 'name' length = max - 1","tests.api.user","Mon Apr 13 06:33:02 UTC 2026","passed","Mon Apr 13 06:33:02 UTC 2026","TestCreateUserApi","test_create_user","",""
"","179","[API] Delete user should return 404_NOT_FOUND when send delete user request and user not exists","tests.api.user","Mon Apr 13 06:33:01 UTC 2026","passed","Mon Apr 13 06:33:01 UTC 2026","TestDeleteUserApi","test_delete_user","",""
"","0","[WEB Component] Pay with invalid card should show error message. Case: name contains digits","tests.web.component.payment","Mon Apr 13 06:44:27 UTC 2026","skipped","Mon Apr 13 06:44:27 UTC 2026","TestPaymentComponent","test_payment_component","",""
"","3482","[WEB] Sign up with valid data. Case: 'company' length = max","tests.web.component.auth","Mon Apr 13 06:44:11 UTC 2026","passed","Mon Apr 13 06:44:14 UTC 2026","TestSignUpWeb","test_signup_component","",""
"","1187","[WEB Component] Products Carousel should first products when scroll right on last image","tests.web.component.carousel","Mon Apr 13 06:57:10 UTC 2026","passed","Mon Apr 13 06:57:11 UTC 2026","TestProductCarousel","test_product_carousel","",""
"","185","[API] Create user should return 200_OK when send create user request with valid data. Case: 'state' length = min","tests.api.user","Mon Apr 13 06:33:16 UTC 2026","passed","Mon Apr 13 06:33:16 UTC 2026","TestCreateUserApi","test_create_user","",""
"","594","[WEB] Should add product review with valid data. Case: 'email' domain contains '-'","tests.web.component.review","Mon Apr 13 06:52:08 UTC 2026","passed","Mon Apr 13 06:52:09 UTC 2026","TestReviewComponent","test_review_component","",""
"","4483","[WEB] Sign up with valid data. Case: 'name' length = min + 1","tests.web.component.auth","Mon Apr 13 06:35:03 UTC 2026","passed","Mon Apr 13 06:35:07 UTC 2026","TestSignUpWeb","test_signup_component","",""
"","0","[WEB] Sign up with invalid data. Case: 'last_name' length = min + 1","tests.web.component.auth","Mon Apr 13 06:34:16 UTC 2026","skipped","Mon Apr 13 06:34:16 UTC 2026","TestSignUpWeb","test_signup_component","",""
"","0","[API] Create user should return 400_BAD_REQUEST when send create user request with invalid data. Case: 'state' is empty","tests.api.user","Mon Apr 13 06:32:59 UTC 2026","skipped","Mon Apr 13 06:32:59 UTC 2026","TestCreateUserApi","test_create_user","",""
"","644","[WEB] Should add product review with valid data. Case: 'email' username contains '.'","tests.web.component.review","Mon Apr 13 06:51:22 UTC 2026","passed","Mon Apr 13 06:51:23 UTC 2026","TestReviewComponent","test_review_component","",""
"","4425","[WEB] Sign up with valid data. Case: 'zipcode' length = max","tests.web.component.auth","Mon Apr 13 06:34:11 UTC 2026","passed","Mon Apr 13 06:34:15 UTC 2026","TestSignUpWeb","test_signup_component","",""
"","973","[WEB] Should add product review with valid data. Case: 'email' domain length = 2","tests.web.component.review","Mon Apr 13 06:52:50 UTC 2026","passed","Mon Apr 13 06:52:51 UTC 2026","TestReviewComponent","test_review_component","",""
"","3714","[WEB] Sign up with valid data. Case: 'last_name' length = min + 1","tests.web.component.auth","Mon Apr 13 06:38:11 UTC 2026","passed","Mon Apr 13 06:38:15 UTC 2026","TestSignUpWeb","test_signup_component","",""
"","0","[API] Update user should return 400_BAD_REQUEST when send update user request with invalid data. Case: 'state' length = min - 1","tests.api.user","Mon Apr 13 06:33:42 UTC 2026","skipped","Mon Apr 13 06:33:42 UTC 2026","TestUpdateUserApi","test_update_user","",""
"","158","[API] Create user should return 200_OK when send create user request with valid data. Case: 'address1' length = max - 1","tests.api.user","Mon Apr 13 06:33:21 UTC 2026","passed","Mon Apr 13 06:33:22 UTC 2026","TestCreateUserApi","test_create_user","",""
"","216","[API] Update user should return 200_OK when send update user request with valid data. Case: 'address2' length = max","tests.api.user","Mon Apr 13 06:33:37 UTC 2026","passed","Mon Apr 13 06:33:37 UTC 2026","TestUpdateUserApi","test_update_user","",""
"","334","[API] Get user should return 404_NOT_FOUND when send get user request and user not exists","tests.api.user","Mon Apr 13 06:33:02 UTC 2026","passed","Mon Apr 13 06:33:02 UTC 2026","TestGetUserApi","test_get_user","",""
"","0","[API] Create user should return 400_BAD_REQUEST when send create user request with invalid data. Case: 'name' is empty","tests.api.user","Mon Apr 13 06:33:29 UTC 2026","skipped","Mon Apr 13 06:33:29 UTC 2026","TestCreateUserApi","test_create_user","",""
"","0","[API] Update user should return 400_BAD_REQUEST when send update user request with invalid data. Case: 'address2' length = min - 1","tests.api.user","Mon Apr 13 06:33:42 UTC 2026","skipped","Mon Apr 13 06:33:42 UTC 2026","TestUpdateUserApi","test_update_user","",""
"","425","[API] Create user should return 200_OK when send create user request with valid data. Case: 'first_name' length = min","tests.api.user","Mon Apr 13 06:33:03 UTC 2026","passed","Mon Apr 13 06:33:03 UTC 2026","TestCreateUserApi","test_create_user","",""
"","729","[WEB Component] Animated product card should have expected data","tests.web.component.product","Mon Apr 13 06:58:52 UTC 2026","passed","Mon Apr 13 06:58:53 UTC 2026","TestAnimatedProductCard","test_animated_product_card_component","",""
"","3560","[WEB] Sign up with valid data. Case: 'address1' length = max - 1","tests.web.component.auth","Mon Apr 13 06:48:23 UTC 2026","passed","Mon Apr 13 06:48:26 UTC 2026","TestSignUpWeb","test_signup_component","",""
"","0","[API] Update user should return 400_BAD_REQUEST when send update user request with invalid data. Case: 'state' is absent","tests.api.user","Mon Apr 13 06:33:42 UTC 2026","skipped","Mon Apr 13 06:33:42 UTC 2026","TestUpdateUserApi","test_update_user","",""
"","216","test_get_all_products","tests.api.product","Mon Apr 13 06:33:00 UTC 2026","passed","Mon Apr 13 06:33:00 UTC 2026","TestProductApi","test_product","",""
"","169","[API] Update user should return 404_BAD_REQUEST when send update user request with not existing email","tests.api.user","Mon Apr 13 06:33:42 UTC 2026","passed","Mon Apr 13 06:33:42 UTC 2026","TestUpdateUserApi","test_update_user","",""
"","357","[WEB Component] Subscription component should have expected screenshot","tests.web.component.base","Mon Apr 13 06:55:45 UTC 2026","failed","Mon Apr 13 06:55:45 UTC 2026","TestSubscriptionComponent","test_subscription_component","",""
"","0","[API] Update user should return 400_BAD_REQUEST when send update user request with invalid data. Case: 'mobile_number' has invalid format","tests.api.user","Mon Apr 13 06:33:42 UTC 2026","skipped","Mon Apr 13 06:33:42 UTC 2026","TestUpdateUserApi","test_update_user","",""
"","264","[API] Update user should return 200_OK when send update user request with valid data. Case: 'mobile_number' length = max - 1","tests.api.user","Mon Apr 13 06:33:18 UTC 2026","passed","Mon Apr 13 06:33:19 UTC 2026","TestUpdateUserApi","test_update_user","",""
"","0","[API] Create user should return 400_BAD_REQUEST when send create user request with invalid data. Case: 'address1' length = max + 1","tests.api.user","Mon Apr 13 06:32:59 UTC 2026","skipped","Mon Apr 13 06:32:59 UTC 2026","TestCreateUserApi","test_create_user","",""
"","237","[API] Update user should return 200_OK when send update user request with valid data. Case: 'last_name' length = min + 1","tests.api.user","Mon Apr 13 06:33:12 UTC 2026","passed","Mon Apr 13 06:33:12 UTC 2026","TestUpdateUserApi","test_update_user","",""
"","347","[API] Update user should return 200_OK when send update user request with valid data. Case: 'first_name' length = max","tests.api.user","Mon Apr 13 06:33:10 UTC 2026","passed","Mon Apr 13 06:33:10 UTC 2026","TestUpdateUserApi","test_update_user","",""
"","0","[API] Update user should return 400_BAD_REQUEST when send update user request with invalid data. Case: 'mobile_number' length = max + 1","tests.api.user","Mon Apr 13 06:33:42 UTC 2026","skipped","Mon Apr 13 06:33:42 UTC 2026","TestUpdateUserApi","test_update_user","",""
"","0","[API] Create user should return 400_BAD_REQUEST when send create user request with invalid data. Case: 'mobile_number' length = max + 1","tests.api.user","Mon Apr 13 06:32:59 UTC 2026","skipped","Mon Apr 13 06:32:59 UTC 2026","TestCreateUserApi","test_create_user","",""
"","170","[API] Create user should return 200_OK when send create user request with valid data. Case: 'company' length = min + 1","tests.api.user","Mon Apr 13 06:33:15 UTC 2026","passed","Mon Apr 13 06:33:15 UTC 2026","TestCreateUserApi","test_create_user","",""
"","0","[API] Update user should return 400_BAD_REQUEST when send update user request with invalid data. Case: 'birth_month' is invalid positive","tests.api.user","Mon Apr 13 06:33:42 UTC 2026","skipped","Mon Apr 13 06:33:42 UTC 2026","TestUpdateUserApi","test_update_user","",""
"","5431","[WEB Component] Place order without authorization notification proceed to checkout button should navigate to login page","tests.web.component.base","Mon Apr 13 06:37:35 UTC 2026","passed","Mon Apr 13 06:37:40 UTC 2026","TestNotificationComponent","test_notification_component","",""
"","0","[API] Create user should return 400_BAD_REQUEST when send create user request with invalid data. Case: 'birth_day' is negative","tests.api.user","Mon Apr 13 06:32:59 UTC 2026","skipped","Mon Apr 13 06:32:59 UTC 2026","TestCreateUserApi","test_create_user","",""
"","0","[WEB] Sign up with invalid data. Case: 'last_name' length = max","tests.web.component.auth","Mon Apr 13 06:34:16 UTC 2026","skipped","Mon Apr 13 06:34:16 UTC 2026","TestSignUpWeb","test_signup_component","",""
"","553","[API] Login should return 200_OK when send login request with valid data and contains csrf cookie","tests.api.auth","Mon Apr 13 06:32:59 UTC 2026","passed","Mon Apr 13 06:32:59 UTC 2026","TestAuthApi","test_auth","",""
"","0","[WEB] Should not add product review with invalid data. Case: 'email' not contains username","tests.web.component.review","Mon Apr 13 06:52:26 UTC 2026","skipped","Mon Apr 13 06:52:26 UTC 2026","TestReviewComponent","test_review_component","",""
"","0","[WEB] Sign up with invalid data. Case: 'city' length = min","tests.web.component.auth","Mon Apr 13 06:34:16 UTC 2026","skipped","Mon Apr 13 06:34:16 UTC 2026","TestSignUpWeb","test_signup_component","",""
"","150","[API] Create user should return 200_OK when send create user request with valid data. Case: 'zipcode' length = min","tests.api.user","Mon Apr 13 06:33:27 UTC 2026","passed","Mon Apr 13 06:33:27 UTC 2026","TestCreateUserApi","test_create_user","",""
"","635","[API] Update user should return 200_OK when send update user request with valid data. Case: 'birth_day' length = 31","tests.api.user","Mon Apr 13 06:33:23 UTC 2026","passed","Mon Apr 13 06:33:24 UTC 2026","TestUpdateUserApi","test_update_user","",""
"","446","[API] Update user should return 200_OK when send update user request with valid data. Case: 'birth_year' = 1","tests.api.user","Mon Apr 13 06:33:27 UTC 2026","passed","Mon Apr 13 06:33:27 UTC 2026","TestUpdateUserApi","test_update_user","",""
"","3444","[WEB] Sign up with valid data. Case: 'city' length = min + 1","tests.web.component.auth","Mon Apr 13 06:46:31 UTC 2026","passed","Mon Apr 13 06:46:34 UTC 2026","TestSignUpWeb","test_signup_component","",""
"","0","[WEB] Should not add product review with invalid data. Case: 'email' contains multiple '@' symbols","tests.web.component.review","Mon Apr 13 06:52:26 UTC 2026","skipped","Mon Apr 13 06:52:26 UTC 2026","TestReviewComponent","test_review_component","",""
"","163","Should return user not found when user password invalid","tests.api.user","Mon Apr 13 06:33:43 UTC 2026","passed","Mon Apr 13 06:33:43 UTC 2026","TestVerifyLoginApi","test_verify_login","",""
"","446","[WEB Component] Should navigate to main page by click on header logo","tests.web.component.base","Mon Apr 13 06:34:53 UTC 2026","passed","Mon Apr 13 06:34:54 UTC 2026","TestHeaderComponent","test_header_component","",""
"","6343","[WEB Component] Can download invoice multiple times","tests.web.component.payment","Mon Apr 13 06:40:38 UTC 2026","passed","Mon Apr 13 06:40:45 UTC 2026","TestPaymentComponent","test_invoice_file","",""
"","0","[API] Create user should return 400_BAD_REQUEST when send create user request with invalid data. Case: 'birth_year' is zero","tests.api.user","Mon Apr 13 06:32:59 UTC 2026","skipped","Mon Apr 13 06:32:59 UTC 2026","TestCreateUserApi","test_create_user","",""
"","0","[WEB Component] Pay with invalid card should show error message. Case: name only spaces","tests.web.component.payment","Mon Apr 13 06:44:27 UTC 2026","skipped","Mon Apr 13 06:44:27 UTC 2026","TestPaymentComponent","test_payment_component","",""
"","0","[API] Create user should return 400_BAD_REQUEST when send create user request with invalid data. Case: 'company' length = max + 1","tests.api.user","Mon Apr 13 06:32:59 UTC 2026","skipped","Mon Apr 13 06:32:59 UTC 2026","TestCreateUserApi","test_create_user","",""
"","210","[API] Create user should return 200_OK when send create user request with valid data. Case: 'name' length = min + 1","tests.api.user","Mon Apr 13 06:33:02 UTC 2026","passed","Mon Apr 13 06:33:02 UTC 2026","TestCreateUserApi","test_create_user","",""
"","503","[WEB] Should add product review with valid data. Case: 'message' length = min","tests.web.component.review","Mon Apr 13 06:53:30 UTC 2026","passed","Mon Apr 13 06:53:31 UTC 2026","TestReviewComponent","test_review_component","",""
"","0","[WEB Component] Pay with invalid card should show error message. Case: card number all zeros","tests.web.component.payment","Mon Apr 13 06:44:27 UTC 2026","skipped","Mon Apr 13 06:44:27 UTC 2026","TestPaymentComponent","test_payment_component","",""
"","539","[WEB] Should add product review with valid data. Case: 'email' username contains '+'","tests.web.component.review","Mon Apr 13 06:51:42 UTC 2026","passed","Mon Apr 13 06:51:43 UTC 2026","TestReviewComponent","test_review_component","",""
"","4466","[WEB] Sign up with valid data. Case: 'address2' length = max - 1","tests.web.component.auth","Mon Apr 13 06:49:53 UTC 2026","passed","Mon Apr 13 06:49:57 UTC 2026","TestSignUpWeb","test_signup_component","",""
"","0","[WEB] Sign up with invalid data. Case: 'address2' length = max","tests.web.component.auth","Mon Apr 13 06:34:16 UTC 2026","skipped","Mon Apr 13 06:34:16 UTC 2026","TestSignUpWeb","test_signup_component","",""
"","1431","[WEB Component] Image Carousel should show last image when scroll left on first image","tests.web.component.carousel","Mon Apr 13 06:56:50 UTC 2026","passed","Mon Apr 13 06:56:52 UTC 2026","TestImageCarousel","test_image_carousel","",""
"","0","[API] Update user should return 400_BAD_REQUEST when send update user request with invalid data. Case: 'zipcode' length = max + 1","tests.api.user","Mon Apr 13 06:33:42 UTC 2026","skipped","Mon Apr 13 06:33:42 UTC 2026","TestUpdateUserApi","test_update_user","",""
"","381","[API] Update user should return 200_OK when send update user request with valid data. Case: 'name' length = max - 1","tests.api.user","Mon Apr 13 06:33:05 UTC 2026","passed","Mon Apr 13 06:33:05 UTC 2026","TestUpdateUserApi","test_update_user","",""
"","0","[WEB] Sign up with invalid data. Case: 'birth_month' = 1","tests.web.component.auth","Mon Apr 13 06:34:16 UTC 2026","skipped","Mon Apr 13 06:34:16 UTC 2026","TestSignUpWeb","test_signup_component","",""
"","1898","[WEB Component] Product card should have expected data","tests.web.component.product","Mon Apr 13 06:59:12 UTC 2026","skipped","Mon Apr 13 06:59:14 UTC 2026","TestProductCard","test_product_card_component","",""
"","3478","[WEB] Sign up with valid data. Case: 'birth_day' length = 31","tests.web.component.auth","Mon Apr 13 06:41:08 UTC 2026","passed","Mon Apr 13 06:41:12 UTC 2026","TestSignUpWeb","test_signup_component","",""
"","419","[WEB Component] Should add product to cart when click on add to cart button","tests.web.component.product","Mon Apr 13 06:44:45 UTC 2026","passed","Mon Apr 13 06:44:45 UTC 2026","TestAnimatedProductCard","test_animated_product_card_component","",""
"","400","[WEB Component] Header has expected screenshot","tests.web.component.base","Mon Apr 13 06:55:26 UTC 2026","passed","Mon Apr 13 06:55:26 UTC 2026","TestHeaderComponent","test_header_component","",""
"","220","[API] Create user should return 200_OK when send create user request with valid data. Case: 'company' length = max","tests.api.user","Mon Apr 13 06:33:16 UTC 2026","passed","Mon Apr 13 06:33:16 UTC 2026","TestCreateUserApi","test_create_user","",""
"","0","[API] Update user should return 400_BAD_REQUEST when send update user request with invalid data. Case: 'address1' length = min - 1","tests.api.user","Mon Apr 13 06:33:42 UTC 2026","skipped","Mon Apr 13 06:33:42 UTC 2026","TestUpdateUserApi","test_update_user","",""
"","299","[API] Update user should return 200_OK when send update user request with valid data. Case: 'state' length = max - 1","tests.api.user","Mon Apr 13 06:33:36 UTC 2026","passed","Mon Apr 13 06:33:37 UTC 2026","TestUpdateUserApi","test_update_user","",""
"","0","[API] Create user should return 400_BAD_REQUEST when send create user request with invalid data. Case: 'name' is absent","tests.api.user","Mon Apr 13 06:33:29 UTC 2026","skipped","Mon Apr 13 06:33:29 UTC 2026","TestCreateUserApi","test_create_user","",""
"","3604","[WEB] Sign up with valid data. Case: 'birth_month' = 1","tests.web.component.auth","Mon Apr 13 06:41:31 UTC 2026","passed","Mon Apr 13 06:41:35 UTC 2026","TestSignUpWeb","test_signup_component","",""
"","0","[API] Update user should return 400_BAD_REQUEST when send update user request with invalid data. Case: 'address2' is empty","tests.api.user","Mon Apr 13 06:33:42 UTC 2026","skipped","Mon Apr 13 06:33:42 UTC 2026","TestUpdateUserApi","test_update_user","",""
"","4990","[WEB] Sign up with valid data. Case: 'address2' length = max","tests.web.component.auth","Mon Apr 13 06:50:17 UTC 2026","passed","Mon Apr 13 06:50:22 UTC 2026","TestSignUpWeb","test_signup_component","",""
"","0","[API] Create user should return 400_BAD_REQUEST when send create user request with invalid data. Case: 'email' contains multiple '@' symbols","tests.api.user","Mon Apr 13 06:32:59 UTC 2026","skipped","Mon Apr 13 06:32:59 UTC 2026","TestCreateUserApi","test_create_user","",""
"","0","[WEB Component] Pay with invalid card should show error message. Case: name contains emoji","tests.web.component.payment","Mon Apr 13 06:44:27 UTC 2026","skipped","Mon Apr 13 06:44:27 UTC 2026","TestPaymentComponent","test_payment_component","",""
"","956","[API] Create user should return 200_OK when send create user request with valid data. Case: 'city' length = max","tests.api.user","Mon Apr 13 06:33:19 UTC 2026","passed","Mon Apr 13 06:33:20 UTC 2026","TestCreateUserApi","test_create_user","",""
"","2192","[WEB Component] Product carousel should have expected product","tests.web.component.carousel","Mon Apr 13 06:38:19 UTC 2026","failed","Mon Apr 13 06:38:21 UTC 2026","TestProductCarousel","test_product_carousel","",""
"","0","[WEB] Should not add product review with invalid data. Case: 'email' is empty","tests.web.component.review","Mon Apr 13 06:52:26 UTC 2026","skipped","Mon Apr 13 06:52:26 UTC 2026","TestReviewComponent","test_review_component","",""
"","668","[WEB] Should add product review with valid data. Case: 'email' username is numerical","tests.web.component.review","Mon Apr 13 06:51:48 UTC 2026","passed","Mon Apr 13 06:51:49 UTC 2026","TestReviewComponent","test_review_component","",""
"","0","[WEB Component] Pay with invalid card should show error message. Case: name contains special characters","tests.web.component.payment","Mon Apr 13 06:44:27 UTC 2026","skipped","Mon Apr 13 06:44:27 UTC 2026","TestPaymentComponent","test_payment_component","",""
"","0","[API] Create user should return 400_BAD_REQUEST when send create user request with invalid data. Case: 'last_name' length = min - 1","tests.api.user","Mon Apr 13 06:32:59 UTC 2026","skipped","Mon Apr 13 06:32:59 UTC 2026","TestCreateUserApi","test_create_user","",""
"","0","[WEB Component] Pay with invalid card should show error message. Case: expiry year too short","tests.web.component.payment","Mon Apr 13 06:44:28 UTC 2026","skipped","Mon Apr 13 06:44:28 UTC 2026","TestPaymentComponent","test_payment_component","",""
"","0","[WEB] Should not add product review with invalid data. Case: 'message' length = max - 1","tests.web.component.review","Mon Apr 13 06:52:26 UTC 2026","skipped","Mon Apr 13 06:52:26 UTC 2026","TestReviewComponent","test_review_component","",""
"","0","[WEB Component] Pay with invalid card should show error message. Case: expiry month = 00","tests.web.component.payment","Mon Apr 13 06:44:27 UTC 2026","skipped","Mon Apr 13 06:44:27 UTC 2026","TestPaymentComponent","test_payment_component","",""
"","0","[WEB] Sign up with invalid data. Case: 'company' length = min","tests.web.component.auth","Mon Apr 13 06:34:16 UTC 2026","skipped","Mon Apr 13 06:34:16 UTC 2026","TestSignUpWeb","test_signup_component","",""
"","3335","[WEB] Sign up with valid data. Case: 'address1' length = min","tests.web.component.auth","Mon Apr 13 06:47:38 UTC 2026","passed","Mon Apr 13 06:47:41 UTC 2026","TestSignUpWeb","test_signup_component","",""
"","0","[WEB Component] Pay with invalid card should show error message. Case: card number too short","tests.web.component.payment","Mon Apr 13 06:44:27 UTC 2026","skipped","Mon Apr 13 06:44:27 UTC 2026","TestPaymentComponent","test_payment_component","",""
"","0","[API] Create user should return 400_BAD_REQUEST when send create user request with invalid data. Case: 'zipcode' length = max + 1","tests.api.user","Mon Apr 13 06:32:59 UTC 2026","skipped","Mon Apr 13 06:32:59 UTC 2026","TestCreateUserApi","test_create_user","",""
"","0","[WEB Component] Pay with invalid card should show error message. Case: expiry year is empty","tests.web.component.payment","Mon Apr 13 06:44:28 UTC 2026","skipped","Mon Apr 13 06:44:28 UTC 2026","TestPaymentComponent","test_payment_component","",""
"","3554","[WEB] Sign up with valid data. Case: 'zipcode' length = min","tests.web.component.auth","Mon Apr 13 06:50:43 UTC 2026","passed","Mon Apr 13 06:50:46 UTC 2026","TestSignUpWeb","test_signup_component","",""
"","0","[WEB Component] Pay with invalid card should show error message. Case: name is empty","tests.web.component.payment","Mon Apr 13 06:44:27 UTC 2026","skipped","Mon Apr 13 06:44:27 UTC 2026","TestPaymentComponent","test_payment_component","",""
"","10888","[WEB Component] Category filter group should be collapsed after expand another group","tests.web.component.filter","Mon Apr 13 06:58:14 UTC 2026","failed","Mon Apr 13 06:58:25 UTC 2026","TestCategoryFilter","test_category_filter","",""
"","0","[WEB Component] Pay with invalid card should show error message. Case: expiry year in the past","tests.web.component.payment","Mon Apr 13 06:44:28 UTC 2026","skipped","Mon Apr 13 06:44:28 UTC 2026","TestPaymentComponent","test_payment_component","",""
"","0","[WEB Component] Pay with invalid card should show error message. Case: cvc too long","tests.web.component.payment","Mon Apr 13 06:44:27 UTC 2026","skipped","Mon Apr 13 06:44:27 UTC 2026","TestPaymentComponent","test_payment_component","",""
"","0","[WEB Component] Pay with invalid card should show error message. Case: card number fails luhn check","tests.web.component.payment","Mon Apr 13 06:44:27 UTC 2026","skipped","Mon Apr 13 06:44:27 UTC 2026","TestPaymentComponent","test_payment_component","",""
"","0","[API] Update user should return 400_BAD_REQUEST when send update user request with invalid data. Case: 'email' not contains '@' symbol","tests.api.user","Mon Apr 13 06:33:42 UTC 2026","skipped","Mon Apr 13 06:33:42 UTC 2026","TestUpdateUserApi","test_update_user","",""
"","0","[API] Create user should return 400_BAD_REQUEST when send create user request with invalid data. Case: 'address2' length = min - 1","tests.api.user","Mon Apr 13 06:32:59 UTC 2026","skipped","Mon Apr 13 06:32:59 UTC 2026","TestCreateUserApi","test_create_user","",""
"","0","[API] Create user should return 400_BAD_REQUEST when send create user request with invalid data. Case: 'city' is empty","tests.api.user","Mon Apr 13 06:32:59 UTC 2026","skipped","Mon Apr 13 06:32:59 UTC 2026","TestCreateUserApi","test_create_user","",""
"","908","[WEB Component] Should navigate to products page by click 'Products' button","tests.web.component.base","Mon Apr 13 06:35:13 UTC 2026","passed","Mon Apr 13 06:35:13 UTC 2026","TestHeaderComponent","test_header_component","",""
"","0","[API] Update user should return 400_BAD_REQUEST when send update user request with invalid data. Case: 'zipcode' length = min - 1","tests.api.user","Mon Apr 13 06:33:42 UTC 2026","skipped","Mon Apr 13 06:33:42 UTC 2026","TestUpdateUserApi","test_update_user","",""
"","507","[WEB] Should add product review with valid data. Case: 'message' length = min + 1","tests.web.component.review","Mon Apr 13 06:53:51 UTC 2026","passed","Mon Apr 13 06:53:52 UTC 2026","TestReviewComponent","test_review_component","",""
"","0","[API] Update user should return 400_BAD_REQUEST when send update user request with invalid data. Case: 'last_name' length = min - 1","tests.api.user","Mon Apr 13 06:33:42 UTC 2026","skipped","Mon Apr 13 06:33:42 UTC 2026","TestUpdateUserApi","test_update_user","",""
"","0","[API] Create user should return 400_BAD_REQUEST when send create user request with invalid data. Case: 'birth_day' is zero","tests.api.user","Mon Apr 13 06:32:59 UTC 2026","skipped","Mon Apr 13 06:32:59 UTC 2026","TestCreateUserApi","test_create_user","",""
"","0","[WEB] Sign up with invalid data. Case: 'birth_year' = 10000","tests.web.component.auth","Mon Apr 13 06:34:16 UTC 2026","skipped","Mon Apr 13 06:34:16 UTC 2026","TestSignUpWeb","test_signup_component","",""
"","0","[API] Create user should return 400_BAD_REQUEST when send create user request with invalid data. Case: 'address2' is empty","tests.api.user","Mon Apr 13 06:32:59 UTC 2026","skipped","Mon Apr 13 06:32:59 UTC 2026","TestCreateUserApi","test_create_user","",""
"","0","[API] Update user should return 400_BAD_REQUEST when send update user request with invalid data. Case: 'birth_month' is absent","tests.api.user","Mon Apr 13 06:33:42 UTC 2026","skipped","Mon Apr 13 06:33:42 UTC 2026","TestUpdateUserApi","test_update_user","",""
"","440","[API] Get products should return 200_OK and contains expected product title","tests.api.product","Mon Apr 13 06:33:00 UTC 2026","passed","Mon Apr 13 06:33:01 UTC 2026","TestProductApi","test_product","",""
"","0","[API] Create user should return 400_BAD_REQUEST when send create user request with invalid data. Case: 'address1' is empty","tests.api.user","Mon Apr 13 06:32:59 UTC 2026","skipped","Mon Apr 13 06:32:59 UTC 2026","TestCreateUserApi","test_create_user","",""
"","4328","[WEB] Sign up with valid data. Case: 'name' length = max - 1","tests.web.component.auth","Mon Apr 13 06:35:26 UTC 2026","passed","Mon Apr 13 06:35:31 UTC 2026","TestSignUpWeb","test_signup_component","",""
"","308","[API] Update user should return 200_OK when send update user request with valid data. Case: 'name' length = min","tests.api.user","Mon Apr 13 06:33:03 UTC 2026","passed","Mon Apr 13 06:33:03 UTC 2026","TestUpdateUserApi","test_update_user","",""
"","0","[WEB Component] Pay with invalid card should show error message. Case: card number only spaces","tests.web.component.payment","Mon Apr 13 06:44:27 UTC 2026","skipped","Mon Apr 13 06:44:27 UTC 2026","TestPaymentComponent","test_payment_component","",""
"","0","[WEB Component] Pay with invalid card should show error message. Case: expiry month only spaces","tests.web.component.payment","Mon Apr 13 06:44:27 UTC 2026","skipped","Mon Apr 13 06:44:27 UTC 2026","TestPaymentComponent","test_payment_component","",""
"","0","[API] Create user should return 400_BAD_REQUEST when send create user request with invalid data. Case: 'zipcode' has invalid format","tests.api.user","Mon Apr 13 06:32:59 UTC 2026","skipped","Mon Apr 13 06:32:59 UTC 2026","TestCreateUserApi","test_create_user","",""
"","0","[WEB] Sign up with invalid data. Case: 'address1' length = max - 1","tests.web.component.auth","Mon Apr 13 06:34:16 UTC 2026","skipped","Mon Apr 13 06:34:16 UTC 2026","TestSignUpWeb","test_signup_component","",""
"","527","[API] Update user should return 200_OK when send update user request with valid data. Case: 'zipcode' length = max","tests.api.user","Mon Apr 13 06:33:41 UTC 2026","passed","Mon Apr 13 06:33:42 UTC 2026","TestUpdateUserApi","test_update_user","",""
"","149","[API] Create user should return 200_OK when send create user request with valid data. Case: 'company' length = max - 1","tests.api.user","Mon Apr 13 06:33:15 UTC 2026","passed","Mon Apr 13 06:33:15 UTC 2026","TestCreateUserApi","test_create_user","",""
"","0","[WEB Component] Pay with invalid card should show error message. Case: cvc contains letters","tests.web.component.payment","Mon Apr 13 06:44:27 UTC 2026","skipped","Mon Apr 13 06:44:27 UTC 2026","TestPaymentComponent","test_payment_component","",""
"","0","[API] Create user should return 400_BAD_REQUEST when send create user request with invalid data. Case: 'email' contains username hieroglyphs instead of username","tests.api.user","Mon Apr 13 06:32:59 UTC 2026","skipped","Mon Apr 13 06:32:59 UTC 2026","TestCreateUserApi","test_create_user","",""
"","0","[API] Update user should return 400_BAD_REQUEST when send update user request with invalid data. Case: 'zipcode' is empty","tests.api.user","Mon Apr 13 06:33:42 UTC 2026","skipped","Mon Apr 13 06:33:42 UTC 2026","TestUpdateUserApi","test_update_user","",""
"","0","[API] Update user should return 400_BAD_REQUEST when send update user request with invalid data. Case: 'first_name' is empty","tests.api.user","Mon Apr 13 06:33:42 UTC 2026","skipped","Mon Apr 13 06:33:42 UTC 2026","TestUpdateUserApi","test_update_user","",""
"","4811","[WEB Component] Search filter should return empty products catalog","tests.web.component.filter","Mon Apr 13 06:39:52 UTC 2026","passed","Mon Apr 13 06:39:57 UTC 2026","TestSearchFilter","test_search_filter","",""
"","0","[API] Create user should return 400_BAD_REQUEST when send create user request with invalid data. Case: 'last_name' length = max + 1","tests.api.user","Mon Apr 13 06:32:59 UTC 2026","skipped","Mon Apr 13 06:32:59 UTC 2026","TestCreateUserApi","test_create_user","",""
"","457","[API] Update user should return 200_OK when send update user request with valid data. Case: 'zipcode' length = max - 1","tests.api.user","Mon Apr 13 06:33:40 UTC 2026","passed","Mon Apr 13 06:33:41 UTC 2026","TestUpdateUserApi","test_update_user","",""
"","0","[WEB] Should not add product review with invalid data. Case: 'email' contains text before username","tests.web.component.review","Mon Apr 13 06:52:26 UTC 2026","skipped","Mon Apr 13 06:52:26 UTC 2026","TestReviewComponent","test_review_component","",""
"","0","[API] Create user should return 400_BAD_REQUEST when send create user request with invalid data. Case: 'zipcode' length = min - 1","tests.api.user","Mon Apr 13 06:32:59 UTC 2026","skipped","Mon Apr 13 06:32:59 UTC 2026","TestCreateUserApi","test_create_user","",""
"","1888","[WEB Component] Pay with valid card should show success status message. Case: valid: 16 digits number","tests.web.component.payment","Mon Apr 13 06:42:34 UTC 2026","passed","Mon Apr 13 06:42:36 UTC 2026","TestPaymentComponent","test_payment_component","",""
"","3823","[WEB] Sign up with valid data. Case: 'mobile_number' length = max","tests.web.component.auth","Mon Apr 13 06:40:23 UTC 2026","passed","Mon Apr 13 06:40:27 UTC 2026","TestSignUpWeb","test_signup_component","",""
"","316","[API] Update user should return 200_OK when send update user request with valid data. Case: 'city' length = max - 1","tests.api.user","Mon Apr 13 06:33:40 UTC 2026","passed","Mon Apr 13 06:33:41 UTC 2026","TestUpdateUserApi","test_update_user","",""
"","5805","[WEB Component] Category filter should have expected screenshot when group expanded","tests.web.component.filter","Mon Apr 13 06:57:36 UTC 2026","failed","Mon Apr 13 06:57:41 UTC 2026","TestCategoryFilter","test_category_filter","",""
"","4545","[WEB] Sign up with valid data. Case: 'state' length = max","tests.web.component.auth","Mon Apr 13 06:45:43 UTC 2026","passed","Mon Apr 13 06:45:47 UTC 2026","TestSignUpWeb","test_signup_component","",""
"","0","[WEB Component] Pay with invalid card should show error message. Case: name contains trailing spaces","tests.web.component.payment","Mon Apr 13 06:44:27 UTC 2026","skipped","Mon Apr 13 06:44:27 UTC 2026","TestPaymentComponent","test_payment_component","",""
"","0","[WEB Component] Pay with invalid card should show error message. Case: card number too long","tests.web.component.payment","Mon Apr 13 06:44:27 UTC 2026","skipped","Mon Apr 13 06:44:27 UTC 2026","TestPaymentComponent","test_payment_component","",""
"","0","[API] Update user should return 400_BAD_REQUEST when send update user request with invalid data. Case: 'city' is absent","tests.api.user","Mon Apr 13 06:33:42 UTC 2026","skipped","Mon Apr 13 06:33:42 UTC 2026","TestUpdateUserApi","test_update_user","",""
"","0","[API] Create user should return 400_BAD_REQUEST when send create user request with invalid data. Case: 'birth_month' is negative","tests.api.user","Mon Apr 13 06:32:59 UTC 2026","skipped","Mon Apr 13 06:32:59 UTC 2026","TestCreateUserApi","test_create_user","",""
"","660","[WEB] Should add product review with valid data. Case: 'name' length = min + 1","tests.web.component.review","Mon Apr 13 06:49:39 UTC 2026","passed","Mon Apr 13 06:49:40 UTC 2026","TestReviewComponent","test_review_component","",""
"","937","[WEB Component] Should subscribe with valid email","tests.web.component.base","Mon Apr 13 06:55:49 UTC 2026","passed","Mon Apr 13 06:55:50 UTC 2026","TestSubscriptionComponent","test_subscription_component","",""
"","0","[WEB] Sign up with invalid data. Case: 'address1' length = max","tests.web.component.auth","Mon Apr 13 06:34:16 UTC 2026","skipped","Mon Apr 13 06:34:16 UTC 2026","TestSignUpWeb","test_signup_component","",""
"","0","[API] Update user should return 400_BAD_REQUEST when send update user request with invalid data. Case: 'email' contains domain with one letter","tests.api.user","Mon Apr 13 06:33:42 UTC 2026","skipped","Mon Apr 13 06:33:42 UTC 2026","TestUpdateUserApi","test_update_user","",""
"","0","[WEB Component] Pay with invalid card should show error message. Case: cvc all zeros","tests.web.component.payment","Mon Apr 13 06:44:27 UTC 2026","skipped","Mon Apr 13 06:44:27 UTC 2026","TestPaymentComponent","test_payment_component","",""
"","419","[API] Create user should return 200_OK when send create user request with valid data. Case: 'address1' length = max","tests.api.user","Mon Apr 13 06:33:22 UTC 2026","passed","Mon Apr 13 06:33:22 UTC 2026","TestCreateUserApi","test_create_user","",""
"","271","[API] Update user should return 200_OK when send update user request with valid data. Case: 'first_name' length = min + 1","tests.api.user","Mon Apr 13 06:33:08 UTC 2026","passed","Mon Apr 13 06:33:09 UTC 2026","TestUpdateUserApi","test_update_user","",""
"","0","[WEB Component] Pay with invalid card should show error message. Case: card number is empty","tests.web.component.payment","Mon Apr 13 06:44:27 UTC 2026","skipped","Mon Apr 13 06:44:27 UTC 2026","TestPaymentComponent","test_payment_component","",""
"","0","[WEB Component] Pay with invalid card should show error message. Case: expiry year too long","tests.web.component.payment","Mon Apr 13 06:44:28 UTC 2026","skipped","Mon Apr 13 06:44:28 UTC 2026","TestPaymentComponent","test_payment_component","",""
"","514","[WEB Component] Should navigate to contact us page by click on 'Contact us' button","tests.web.component.base","Mon Apr 13 06:36:55 UTC 2026","passed","Mon Apr 13 06:36:56 UTC 2026","TestHeaderComponent","test_header_component","",""
"","4058","[WEB] Sign up with valid data. Case: 'birth_year' = 1","tests.web.component.auth","Mon Apr 13 06:42:17 UTC 2026","passed","Mon Apr 13 06:42:21 UTC 2026","TestSignUpWeb","test_signup_component","",""
"","0","[WEB] Should not add product review with invalid data. Case: 'name' length = min - 1","tests.web.component.review","Mon Apr 13 06:52:26 UTC 2026","skipped","Mon Apr 13 06:52:26 UTC 2026","TestReviewComponent","test_review_component","",""
"","8119","Purchase products with login before checkout","tests.web.e2e","Mon Apr 13 06:53:44 UTC 2026","passed","Mon Apr 13 06:53:52 UTC 2026","TestPlaceOrder","test_place_order","",""
"","417","[API] Create user should return 200_OK when send create user request with valid data. Case: 'first_name' length = max","tests.api.user","Mon Apr 13 06:33:05 UTC 2026","passed","Mon Apr 13 06:33:05 UTC 2026","TestCreateUserApi","test_create_user","",""
"","0","[WEB] Sign up with invalid data. Case: 'name' length = min","tests.web.component.auth","Mon Apr 13 06:34:16 UTC 2026","skipped","Mon Apr 13 06:34:16 UTC 2026","TestSignUpWeb","test_signup_component","",""
"","348","test_search_products_returns_empty_array","tests.api.product","Mon Apr 13 06:33:01 UTC 2026","passed","Mon Apr 13 06:33:01 UTC 2026","TestProductApi","test_product","",""
"","0","[API] Create user should return 400_BAD_REQUEST when send create user request with invalid data. Case: 'birth_day' is absent","tests.api.user","Mon Apr 13 06:32:59 UTC 2026","skipped","Mon Apr 13 06:32:59 UTC 2026","TestCreateUserApi","test_create_user","",""
"","498","[WEB Component] Pay with valid card should show success status message. Case: valid: name min length","tests.web.component.payment","Mon Apr 13 06:41:04 UTC 2026","passed","Mon Apr 13 06:41:04 UTC 2026","TestPaymentComponent","test_payment_component","",""
"","4114","[WEB] Sign up with valid data. Case: 'first_name' length = min","tests.web.component.auth","Mon Apr 13 06:36:15 UTC 2026","passed","Mon Apr 13 06:36:19 UTC 2026","TestSignUpWeb","test_signup_component","",""
"","0","[API] Update user should return 400_BAD_REQUEST when send update user request with invalid data. Case: 'birth_day' is invalid positive","tests.api.user","Mon Apr 13 06:33:42 UTC 2026","skipped","Mon Apr 13 06:33:42 UTC 2026","TestUpdateUserApi","test_update_user","",""
"","0","[WEB] Should not add product review with invalid data. Case: 'message' length = min + 1","tests.web.component.review","Mon Apr 13 06:52:26 UTC 2026","skipped","Mon Apr 13 06:52:26 UTC 2026","TestReviewComponent","test_review_component","",""
"","0","[WEB Component] Pay with invalid card should show error message. Case: card number contains letters","tests.web.component.payment","Mon Apr 13 06:44:27 UTC 2026","skipped","Mon Apr 13 06:44:27 UTC 2026","TestPaymentComponent","test_payment_component","",""
"","208","[API] Create user should return 200_OK when send create user request with valid data. Case: 'mobile_number' length = max - 1","tests.api.user","Mon Apr 13 06:33:08 UTC 2026","passed","Mon Apr 13 06:33:09 UTC 2026","TestCreateUserApi","test_create_user","",""
"","0","[WEB] Sign up with invalid data. Case: 'name' length = max - 1","tests.web.component.auth","Mon Apr 13 06:34:16 UTC 2026","skipped","Mon Apr 13 06:34:16 UTC 2026","TestSignUpWeb","test_signup_component","",""
"","0","[API] Update user should return 200_OK when send update user request with valid data. Case: 'birth_day' = 1","tests.api.user","Mon Apr 13 06:33:19 UTC 2026","broken","Mon Apr 13 06:33:19 UTC 2026","TestUpdateUserApi","test_update_user","",""
"","0","[API] Update user should return 400_BAD_REQUEST when send update user request with invalid data. Case: 'company' is empty","tests.api.user","Mon Apr 13 06:33:42 UTC 2026","skipped","Mon Apr 13 06:33:42 UTC 2026","TestUpdateUserApi","test_update_user","",""
"","0","[API] Update user should return 400_BAD_REQUEST when send update user request with invalid data. Case: 'birth_day' is zero","tests.api.user","Mon Apr 13 06:33:42 UTC 2026","skipped","Mon Apr 13 06:33:42 UTC 2026","TestUpdateUserApi","test_update_user","",""
"","0","[WEB] Sign up with invalid data. Case: 'state' length = max","tests.web.component.auth","Mon Apr 13 06:34:16 UTC 2026","skipped","Mon Apr 13 06:34:16 UTC 2026","TestSignUpWeb","test_signup_component","",""
"","0","[WEB] Sign up with invalid data. Case: 'state' length = min + 1","tests.web.component.auth","Mon Apr 13 06:34:16 UTC 2026","skipped","Mon Apr 13 06:34:16 UTC 2026","TestSignUpWeb","test_signup_component","",""
"","207","[API] Create user should return 200_OK when send create user request with valid data. Case: 'first_name' length = max - 1","tests.api.user","Mon Apr 13 06:33:04 UTC 2026","passed","Mon Apr 13 06:33:04 UTC 2026","TestCreateUserApi","test_create_user","",""
"","0","[WEB] Sign up with invalid data. Case: 'mobile_number' length = max - 1","tests.web.component.auth","Mon Apr 13 06:34:16 UTC 2026","skipped","Mon Apr 13 06:34:16 UTC 2026","TestSignUpWeb","test_signup_component","",""
"","520","[WEB] Sign in with invalid credentials. Case: {case_title}","tests.web.component.auth","Mon Apr 13 06:34:19 UTC 2026","passed","Mon Apr 13 06:34:19 UTC 2026","TestLoginWeb","test_login_component","",""
"","0","[WEB] Sign up with invalid data. Case: 'address2' length = min","tests.web.component.auth","Mon Apr 13 06:34:16 UTC 2026","skipped","Mon Apr 13 06:34:16 UTC 2026","TestSignUpWeb","test_signup_component","",""
"","3729","[WEB] Sign up with valid data. Case: 'company' length = min + 1","tests.web.component.auth","Mon Apr 13 06:43:26 UTC 2026","passed","Mon Apr 13 06:43:29 UTC 2026","TestSignUpWeb","test_signup_component","",""
"","490","[WEB Component] Header has expected screenshot when authorized","tests.web.component.base","Mon Apr 13 06:55:31 UTC 2026","passed","Mon Apr 13 06:55:31 UTC 2026","TestHeaderComponent","test_header_component","",""
"","0","[WEB] Should not add product review with invalid data. Case: 'email' contains text after domain","tests.web.component.review","Mon Apr 13 06:52:26 UTC 2026","skipped","Mon Apr 13 06:52:26 UTC 2026","TestReviewComponent","test_review_component","",""
"","154","[API] Create user should return 200_OK when send create user request with valid data. Case: 'state' length = min + 1","tests.api.user","Mon Apr 13 06:33:17 UTC 2026","passed","Mon Apr 13 06:33:17 UTC 2026","TestCreateUserApi","test_create_user","",""
"","766","[WEB Component] Should navigate to main page by click on header logo","tests.web.component.base","Mon Apr 13 06:34:34 UTC 2026","passed","Mon Apr 13 06:34:35 UTC 2026","TestHeaderComponent","test_header_component","",""
"","0","[API] Update user should return 400_BAD_REQUEST when send update user request with invalid data. Case: 'city' is empty","tests.api.user","Mon Apr 13 06:33:42 UTC 2026","skipped","Mon Apr 13 06:33:42 UTC 2026","TestUpdateUserApi","test_update_user","",""
"","3424","[WEB] Sign up with valid data. Case: 'birth_year' = 10000","tests.web.component.auth","Mon Apr 13 06:42:40 UTC 2026","passed","Mon Apr 13 06:42:43 UTC 2026","TestSignUpWeb","test_signup_component","",""
"","0","[API] Create user should return 400_BAD_REQUEST when send create user request with invalid data. Case: 'birth_year' is negative","tests.api.user","Mon Apr 13 06:32:59 UTC 2026","skipped","Mon Apr 13 06:32:59 UTC 2026","TestCreateUserApi","test_create_user","",""
"","0","[WEB Component] Should not subscribe with invalid email","tests.web.component.base","Mon Apr 13 06:55:50 UTC 2026","skipped","Mon Apr 13 06:55:50 UTC 2026","TestSubscriptionComponent","test_subscription_component","",""
"","3388","[WEB] Sign up with valid data. Case: 'address1' length = min + 1","tests.web.component.auth","Mon Apr 13 06:48:00 UTC 2026","passed","Mon Apr 13 06:48:04 UTC 2026","TestSignUpWeb","test_signup_component","",""
"","0","[WEB Component] Pay with invalid card should show error message. Case: card number contains dashes","tests.web.component.payment","Mon Apr 13 06:44:27 UTC 2026","skipped","Mon Apr 13 06:44:27 UTC 2026","TestPaymentComponent","test_payment_component","",""
"","2456","[WEB] Should add product review with valid data. Case: 'message' length = max","tests.web.component.review","Mon Apr 13 06:52:23 UTC 2026","passed","Mon Apr 13 06:52:26 UTC 2026","TestReviewComponent","test_review_component","",""
"","0","[API] Update user should return 400_BAD_REQUEST when send update user request with invalid data. Case: 'name' length = max + 1","tests.api.user","Mon Apr 13 06:33:42 UTC 2026","skipped","Mon Apr 13 06:33:42 UTC 2026","TestUpdateUserApi","test_update_user","",""
"","0","[WEB] Sign up with invalid data. Case: 'first_name' length = min","tests.web.component.auth","Mon Apr 13 06:34:16 UTC 2026","skipped","Mon Apr 13 06:34:16 UTC 2026","TestSignUpWeb","test_signup_component","",""
"","0","[WEB] Sign up with invalid data. Case: 'birth_year' = 1","tests.web.component.auth","Mon Apr 13 06:34:16 UTC 2026","skipped","Mon Apr 13 06:34:16 UTC 2026","TestSignUpWeb","test_signup_component","",""
"","0","[API] Update user should return 400_BAD_REQUEST when send update user request with invalid data. Case: 'birth_year' is negative","tests.api.user","Mon Apr 13 06:33:42 UTC 2026","skipped","Mon Apr 13 06:33:42 UTC 2026","TestUpdateUserApi","test_update_user","",""
"","210","[API] Create user should return 200_OK when send create user request with valid data. Case: 'last_name' length = min","tests.api.user","Mon Apr 13 06:33:05 UTC 2026","passed","Mon Apr 13 06:33:06 UTC 2026","TestCreateUserApi","test_create_user","",""
"","0","[API] Create user should return 400_BAD_REQUEST when send create user request with invalid data. Case: 'email' contains '.' before dog symbol","tests.api.user","Mon Apr 13 06:32:59 UTC 2026","skipped","Mon Apr 13 06:32:59 UTC 2026","TestCreateUserApi","test_create_user","",""
"","0","[API] Create user should return 400_BAD_REQUEST when send create user request with invalid data. Case: 'state' length = min - 1","tests.api.user","Mon Apr 13 06:32:59 UTC 2026","skipped","Mon Apr 13 06:32:59 UTC 2026","TestCreateUserApi","test_create_user","",""
"","2416","[WEB Component] Products Carousel should last products when scroll left on first slide","tests.web.component.carousel","Mon Apr 13 06:56:55 UTC 2026","passed","Mon Apr 13 06:56:58 UTC 2026","TestProductCarousel","test_product_carousel","",""
"","0","[WEB] Sign up with invalid data. Case: 'address1' length = min + 1","tests.web.component.auth","Mon Apr 13 06:34:16 UTC 2026","skipped","Mon Apr 13 06:34:16 UTC 2026","TestSignUpWeb","test_signup_component","",""
"","0","[API] Create user should return 400_BAD_REQUEST when send create user request with invalid data. Case: 'mobile_number' is absent","tests.api.user","Mon Apr 13 06:32:59 UTC 2026","skipped","Mon Apr 13 06:32:59 UTC 2026","TestCreateUserApi","test_create_user","",""
"","953","[WEB Component] Brand filter should have expected screenshot","tests.web.component.filter","Mon Apr 13 06:57:45 UTC 2026","passed","Mon Apr 13 06:57:46 UTC 2026","TestBrandFilter","test_brand_filter","",""
"","405","[WEB Component] Should remove product from cart","tests.web.component.product","Mon Apr 13 06:47:53 UTC 2026","passed","Mon Apr 13 06:47:53 UTC 2026","TestProductItem","test_product_item","",""
"","9843","[WEB] Sign in with valid data","tests.web.component.auth","Mon Apr 13 06:33:49 UTC 2026","passed","Mon Apr 13 06:33:59 UTC 2026","TestLoginWeb","test_login_component","",""
"","0","[API] Update user should return 400_BAD_REQUEST when send update user request with invalid data. Case: 'last_name' is empty","tests.api.user","Mon Apr 13 06:33:42 UTC 2026","skipped","Mon Apr 13 06:33:42 UTC 2026","TestUpdateUserApi","test_update_user","",""
"","4685","[WEB] Sign up with valid data. Case: 'last_name' length = max","tests.web.component.auth","Mon Apr 13 06:38:48 UTC 2026","passed","Mon Apr 13 06:38:53 UTC 2026","TestSignUpWeb","test_signup_component","",""
"","3699","[WEB] Sign up with valid data. Case: 'zipcode' length = min + 1","tests.web.component.auth","Mon Apr 13 06:51:06 UTC 2026","passed","Mon Apr 13 06:51:09 UTC 2026","TestSignUpWeb","test_signup_component","",""
"","0","[API] Update user should return 400_BAD_REQUEST when send update user request with invalid data. Case: 'city' length = max + 1","tests.api.user","Mon Apr 13 06:33:42 UTC 2026","skipped","Mon Apr 13 06:33:42 UTC 2026","TestUpdateUserApi","test_update_user","",""
"","0","[WEB] Should not add product review with invalid data. Case: 'email' contains '-' after '@'","tests.web.component.review","Mon Apr 13 06:52:26 UTC 2026","skipped","Mon Apr 13 06:52:26 UTC 2026","TestReviewComponent","test_review_component","",""
"","0","[API] Create user should return 400_BAD_REQUEST when send create user request with invalid data. Case: 'email' contains mail server as ip and port","tests.api.user","Mon Apr 13 06:32:59 UTC 2026","skipped","Mon Apr 13 06:32:59 UTC 2026","TestCreateUserApi","test_create_user","",""
"","0","[API] Create user should return 400_BAD_REQUEST when send create user request with invalid data. Case: 'company' length = min - 1","tests.api.user","Mon Apr 13 06:32:59 UTC 2026","skipped","Mon Apr 13 06:32:59 UTC 2026","TestCreateUserApi","test_create_user","",""
"","385","[API] Update user should return 200_OK when send update user request with valid data. Case: 'city' length = min + 1","tests.api.user","Mon Apr 13 06:33:39 UTC 2026","passed","Mon Apr 13 06:33:39 UTC 2026","TestUpdateUserApi","test_update_user","",""
"","0","[WEB Component] Payment component should have expected screenshot","tests.web.component.payment","Mon Apr 13 06:58:29 UTC 2026","failed","Mon Apr 13 06:58:29 UTC 2026","TestPaymentComponent","test_payment_component","",""
"","0","[API] Update user should return 400_BAD_REQUEST when send update user request with invalid data. Case: 'zipcode' has invalid format","tests.api.user","Mon Apr 13 06:33:42 UTC 2026","skipped","Mon Apr 13 06:33:42 UTC 2026","TestUpdateUserApi","test_update_user","",""
"","0","[WEB] Sign up with invalid data. Case: 'city' length = max","tests.web.component.auth","Mon Apr 13 06:34:16 UTC 2026","skipped","Mon Apr 13 06:34:16 UTC 2026","TestSignUpWeb","test_signup_component","",""
"","0","[API] Create user should return 400_BAD_REQUEST when send create user request with invalid data. Case: 'city' length = max + 1","tests.api.user","Mon Apr 13 06:32:59 UTC 2026","skipped","Mon Apr 13 06:32:59 UTC 2026","TestCreateUserApi","test_create_user","",""
"","352","[API] Update user should return 200_OK when send update user request with valid data. Case: 'address1' length = max","tests.api.user","Mon Apr 13 06:33:33 UTC 2026","passed","Mon Apr 13 06:33:33 UTC 2026","TestUpdateUserApi","test_update_user","",""
"","0","[API] Create user should return 400_BAD_REQUEST when send create user request with invalid data. Case: 'zipcode' is absent","tests.api.user","Mon Apr 13 06:32:59 UTC 2026","skipped","Mon Apr 13 06:32:59 UTC 2026","TestCreateUserApi","test_create_user","",""
"","1482","[WEB Component] Should add product to cart when click on add to cart button multiple times","tests.web.component.product","Mon Apr 13 06:46:05 UTC 2026","passed","Mon Apr 13 06:46:06 UTC 2026","TestProductCard","test_product_details_component","",""
"","431","[API] Update user should return 200_OK when send update user request with valid data. Case: 'state' length = min","tests.api.user","Mon Apr 13 06:33:34 UTC 2026","passed","Mon Apr 13 06:33:35 UTC 2026","TestUpdateUserApi","test_update_user","",""
"","0","[API] Create user should return 400_BAD_REQUEST when send create user request with invalid data. Case: 'birth_month' is zero","tests.api.user","Mon Apr 13 06:32:59 UTC 2026","skipped","Mon Apr 13 06:32:59 UTC 2026","TestCreateUserApi","test_create_user","",""
"","0","[API] Create user should return 400_BAD_REQUEST when send create user request with invalid data. Case: 'first_name' length = max + 1","tests.api.user","Mon Apr 13 06:32:59 UTC 2026","skipped","Mon Apr 13 06:32:59 UTC 2026","TestCreateUserApi","test_create_user","",""
"","4375","[WEB] Sign up with valid data. Case: 'last_name' length = min","tests.web.component.auth","Mon Apr 13 06:37:48 UTC 2026","passed","Mon Apr 13 06:37:52 UTC 2026","TestSignUpWeb","test_signup_component","",""
"","565","[API] Update user should return 200_OK when send update user request with valid data. Case: 'first_name' length = min","tests.api.user","Mon Apr 13 06:33:07 UTC 2026","passed","Mon Apr 13 06:33:07 UTC 2026","TestUpdateUserApi","test_update_user","",""
"","194","[API] Create user should return 200_OK when send create user request with valid data. Case: 'state' length = max - 1","tests.api.user","Mon Apr 13 06:33:17 UTC 2026","passed","Mon Apr 13 06:33:17 UTC 2026","TestCreateUserApi","test_create_user","",""
"","0","[API] Update user should return 400_BAD_REQUEST when send update user request with invalid data. Case: 'mobile_number' is absent","tests.api.user","Mon Apr 13 06:33:42 UTC 2026","skipped","Mon Apr 13 06:33:42 UTC 2026","TestUpdateUserApi","test_update_user","",""
"","177","[API] Create user should return 200_OK when send create user request with valid data. Case: 'birth_month' = 1","tests.api.user","Mon Apr 13 06:33:10 UTC 2026","passed","Mon Apr 13 06:33:10 UTC 2026","TestCreateUserApi","test_create_user","",""
"","3538","[WEB] Sign up with valid data. Case: 'city' length = max","tests.web.component.auth","Mon Apr 13 06:47:16 UTC 2026","passed","Mon Apr 13 06:47:19 UTC 2026","TestSignUpWeb","test_signup_component","",""
"","0","[API] Create user should return 400_BAD_REQUEST when send create user request with invalid data. Case: 'email' contains domain with one letter","tests.api.user","Mon Apr 13 06:32:59 UTC 2026","skipped","Mon Apr 13 06:32:59 UTC 2026","TestCreateUserApi","test_create_user","",""
"","1425","[WEB Component] Brand filter should filters products by brand","tests.web.component.filter","Mon Apr 13 06:38:33 UTC 2026","passed","Mon Apr 13 06:38:35 UTC 2026","TestBrandFilter","test_brand_filter","",""
"","384","[API] Create user should return 200_OK when send create user request with valid data. Case: 'last_name' length = min + 1","tests.api.user","Mon Apr 13 06:33:06 UTC 2026","passed","Mon Apr 13 06:33:06 UTC 2026","TestCreateUserApi","test_create_user","",""
"","10247","[WEB] Sign up with valid data. Case: 'mobile_number' length = min + 1","tests.web.component.auth","Mon Apr 13 06:39:37 UTC 2026","failed","Mon Apr 13 06:39:48 UTC 2026","TestSignUpWeb","test_signup_component","",""
"","0","[WEB] Should not add product review with invalid data. Case: 'email' not contains domain","tests.web.component.review","Mon Apr 13 06:52:26 UTC 2026","skipped","Mon Apr 13 06:52:26 UTC 2026","TestReviewComponent","test_review_component","",""
"","0","[API] Update user should return 400_BAD_REQUEST when send update user request with invalid data. Case: 'name' is empty","tests.api.user","Mon Apr 13 06:33:42 UTC 2026","skipped","Mon Apr 13 06:33:42 UTC 2026","TestUpdateUserApi","test_update_user","",""
"","147","[API] Create user should return 200_OK when send create user request with valid data. Case: 'city' length = max - 1","tests.api.user","Mon Apr 13 06:33:19 UTC 2026","passed","Mon Apr 13 06:33:19 UTC 2026","TestCreateUserApi","test_create_user","",""
"","1942","[WEB Component] Product details should have expected data","tests.web.component.product","Mon Apr 13 06:59:17 UTC 2026","failed","Mon Apr 13 06:59:19 UTC 2026","TestProductCard","test_product_details_component","",""
"","0","[API] Update user should return 400_BAD_REQUEST when send update user request with invalid data. Case: 'last_name' length = max + 1","tests.api.user","Mon Apr 13 06:33:42 UTC 2026","skipped","Mon Apr 13 06:33:42 UTC 2026","TestUpdateUserApi","test_update_user","",""
"","272","[API] Update user should return 200_OK when send update user request with valid data. Case: 'address1' length = min","tests.api.user","Mon Apr 13 06:33:29 UTC 2026","passed","Mon Apr 13 06:33:30 UTC 2026","TestUpdateUserApi","test_update_user","",""
"","1993","[WEB Component] Pay with valid card should show success status message. Case: valid: name max length","tests.web.component.payment","Mon Apr 13 06:41:28 UTC 2026","passed","Mon Apr 13 06:41:30 UTC 2026","TestPaymentComponent","test_payment_component","",""
"","2437","[WEB Component] Image Carousel should show first image when scroll right on last image","tests.web.component.carousel","Mon Apr 13 06:55:53 UTC 2026","passed","Mon Apr 13 06:55:55 UTC 2026","TestImageCarousel","test_image_carousel","",""
"","534","[API] Create user should return 200_OK when send create user request with valid data. Case: 'birth_year' = 1","tests.api.user","Mon Apr 13 06:33:11 UTC 2026","passed","Mon Apr 13 06:33:12 UTC 2026","TestCreateUserApi","test_create_user","",""
"","1923","[WEB Component] Should increase product item quantity","tests.web.component.product","Mon Apr 13 06:47:29 UTC 2026","passed","Mon Apr 13 06:47:31 UTC 2026","TestProductItem","test_product_item","",""
"","467","[API] Update user should return 200_OK when send update user request with valid data. Case: 'last_name' length = max - 1","tests.api.user","Mon Apr 13 06:33:14 UTC 2026","passed","Mon Apr 13 06:33:15 UTC 2026","TestUpdateUserApi","test_update_user","",""
"","4466","[WEB] Sign up with valid data. Case: 'first_name' length = max","tests.web.component.auth","Mon Apr 13 06:37:24 UTC 2026","passed","Mon Apr 13 06:37:29 UTC 2026","TestSignUpWeb","test_signup_component","",""
"","0","[API] Create user should return 400_BAD_REQUEST when send create user request with invalid data. Case: 'zipcode' is empty","tests.api.user","Mon Apr 13 06:32:59 UTC 2026","skipped","Mon Apr 13 06:32:59 UTC 2026","TestCreateUserApi","test_create_user","",""
"","220","[API] Create user should return 200_OK when send create user request with valid data. Case: 'last_name' length = max","tests.api.user","Mon Apr 13 06:33:07 UTC 2026","passed","Mon Apr 13 06:33:07 UTC 2026","TestCreateUserApi","test_create_user","",""
"","0","[API] Create user should return 400_BAD_REQUEST when send create user request with invalid data. Case: 'last_name' is empty","tests.api.user","Mon Apr 13 06:32:59 UTC 2026","skipped","Mon Apr 13 06:32:59 UTC 2026","TestCreateUserApi","test_create_user","",""
"","289","[API] Update user should return 200_OK when send update user request with valid data. Case: 'name' length = min + 1","tests.api.user","Mon Apr 13 06:33:03 UTC 2026","passed","Mon Apr 13 06:33:04 UTC 2026","TestUpdateUserApi","test_update_user","",""
"","0","[WEB] Sign up with invalid data. Case: 'company' length = max - 1","tests.web.component.auth","Mon Apr 13 06:34:16 UTC 2026","skipped","Mon Apr 13 06:34:16 UTC 2026","TestSignUpWeb","test_signup_component","",""
"","0","[WEB] Sign up with invalid data. Case: 'mobile_number' length = max","tests.web.component.auth","Mon Apr 13 06:34:16 UTC 2026","skipped","Mon Apr 13 06:34:16 UTC 2026","TestSignUpWeb","test_signup_component","",""
"","0","[API] Update user should return 200_OK when send update user request with valid data. Case: 'company' length = min + 1","tests.api.user","Mon Apr 13 06:33:29 UTC 2026","broken","Mon Apr 13 06:33:29 UTC 2026","TestUpdateUserApi","test_update_user","",""
"","0","[API] Create user should return 400_BAD_REQUEST when send create user request with invalid data. Case: 'state' is absent","tests.api.user","Mon Apr 13 06:32:59 UTC 2026","skipped","Mon Apr 13 06:32:59 UTC 2026","TestCreateUserApi","test_create_user","",""
"","0","[API] Update user should return 400_BAD_REQUEST when send update user request with invalid data. Case: 'mobile_number' is empty","tests.api.user","Mon Apr 13 06:33:42 UTC 2026","skipped","Mon Apr 13 06:33:42 UTC 2026","TestUpdateUserApi","test_update_user","",""
"","0","[API] Update user should return 400_BAD_REQUEST when send update user request with invalid data. Case: 'first_name' is absent","tests.api.user","Mon Apr 13 06:33:42 UTC 2026","skipped","Mon Apr 13 06:33:42 UTC 2026","TestUpdateUserApi","test_update_user","",""
"","0","[WEB] Should not add product review with invalid data. Case: 'name' length = max + 1","tests.web.component.review","Mon Apr 13 06:52:26 UTC 2026","skipped","Mon Apr 13 06:52:26 UTC 2026","TestReviewComponent","test_review_component","",""
"","0","[WEB] Should not add product review with invalid data. Case: 'email' contains '.' before dog symbol","tests.web.component.review","Mon Apr 13 06:52:26 UTC 2026","skipped","Mon Apr 13 06:52:26 UTC 2026","TestReviewComponent","test_review_component","",""
"","0","[WEB] Sign up with invalid data. Case: 'birth_day' length = 31","tests.web.component.auth","Mon Apr 13 06:34:16 UTC 2026","skipped","Mon Apr 13 06:34:16 UTC 2026","TestSignUpWeb","test_signup_component","",""
"","99","[API] Get csrf should return 200_OK when send get csrf request and contains csrf cookie","tests.api.auth","Mon Apr 13 06:32:59 UTC 2026","passed","Mon Apr 13 06:32:59 UTC 2026","TestAuthApi","test_auth","",""
"","0","[API] Create user should return 400_BAD_REQUEST when send create user request with invalid data. Case: 'first_name' length = min - 1","tests.api.user","Mon Apr 13 06:32:59 UTC 2026","skipped","Mon Apr 13 06:32:59 UTC 2026","TestCreateUserApi","test_create_user","",""
"","3390","[WEB] Sign up with valid data. Case: 'address2' length = min + 1","tests.web.component.auth","Mon Apr 13 06:49:31 UTC 2026","passed","Mon Apr 13 06:49:34 UTC 2026","TestSignUpWeb","test_signup_component","",""
"","463","[API] Update user should return 200_OK when send update user request with valid data. Case: 'state' length = min + 1","tests.api.user","Mon Apr 13 06:33:35 UTC 2026","passed","Mon Apr 13 06:33:36 UTC 2026","TestUpdateUserApi","test_update_user","",""
"","436","[API] Update user should return 200_OK when send update user request with valid data. Case: 'company' length = max","tests.api.user","Mon Apr 13 06:33:33 UTC 2026","passed","Mon Apr 13 06:33:34 UTC 2026","TestUpdateUserApi","test_update_user","",""
"","0","[API] Update user should return 400_BAD_REQUEST when send update user request with invalid data. Case: 'state' is empty","tests.api.user","Mon Apr 13 06:33:42 UTC 2026","skipped","Mon Apr 13 06:33:42 UTC 2026","TestUpdateUserApi","test_update_user","",""
"","2027","[API] Create user should return 200_OK when send create user request with valid data. Case: 'company' length = min","tests.api.user","Mon Apr 13 06:33:12 UTC 2026","passed","Mon Apr 13 06:33:14 UTC 2026","TestCreateUserApi","test_create_user","",""
"","3427","[WEB] Sign up with valid data. Case: 'last_name' length = max - 1","tests.web.component.auth","Mon Apr 13 06:38:26 UTC 2026","passed","Mon Apr 13 06:38:29 UTC 2026","TestSignUpWeb","test_signup_component","",""
"","829","[API] Create user should return 200_OK when send create user request with valid data. Case: 'zipcode' length = min + 1","tests.api.user","Mon Apr 13 06:33:27 UTC 2026","passed","Mon Apr 13 06:33:28 UTC 2026","TestCreateUserApi","test_create_user","",""
"","1890","[WEB Component] Place order without authorization notification should have expected data and screenshot","tests.web.component.base","Mon Apr 13 06:55:00 UTC 2026","passed","Mon Apr 13 06:55:02 UTC 2026","TestNotificationComponent","test_notification_component","",""
"","0","[API] Create user should return 400_BAD_REQUEST when send create user request with invalid data. Case: 'email' contains text before username","tests.api.user","Mon Apr 13 06:32:59 UTC 2026","skipped","Mon Apr 13 06:32:59 UTC 2026","TestCreateUserApi","test_create_user","",""
"","0","[WEB] Sign up with invalid data. Case: 'company' length = min + 1","tests.web.component.auth","Mon Apr 13 06:34:16 UTC 2026","skipped","Mon Apr 13 06:34:16 UTC 2026","TestSignUpWeb","test_signup_component","",""
"","0","[WEB] Sign up with invalid data. Case: 'name' length = min + 1","tests.web.component.auth","Mon Apr 13 06:34:16 UTC 2026","skipped","Mon Apr 13 06:34:16 UTC 2026","TestSignUpWeb","test_signup_component","",""
"","0","[API] Create user should return 400_BAD_REQUEST when send create user request with invalid data. Case: 'birth_month' is invalid positive","tests.api.user","Mon Apr 13 06:32:59 UTC 2026","skipped","Mon Apr 13 06:32:59 UTC 2026","TestCreateUserApi","test_create_user","",""
"","1534","[WEB Component] Category filter should have expected screenshot when fully expanded","tests.web.component.filter","Mon Apr 13 06:38:54 UTC 2026","passed","Mon Apr 13 06:38:55 UTC 2026","TestCategoryFilter","test_category_filter","",""
"","0","[API] Update user should return 400_BAD_REQUEST when send update user request with invalid data. Case: 'email' contains '.' before dog symbol","tests.api.user","Mon Apr 13 06:33:42 UTC 2026","skipped","Mon Apr 13 06:33:42 UTC 2026","TestUpdateUserApi","test_update_user","",""
